timestamp_unix,t_in,t_ext,rh,pwm,door,ctrl_mode,phase,session_id,scenario,t_pred,err,integral,kp,ki,kd
1778940593,30.76,29.34,66.20,60,1,tinyml,,,,30.760,0.000,0.000,0.000,0.000,0.000
1778940634,30.91,29.41,65.20,60,1,tinyml,,,,30.910,0.000,0.000,0.000,0.000,0.000
1778940639,31.00,29.41,65.00,60,1,tinyml,,,,31.000,0.000,0.000,0.000,0.000,0.000
1778940644,31.09,29.44,64.80,60,1,tinyml,,,,31.090,0.000,0.000,0.000,0.000,0.000
1778940649,31.18,29.43,64.50,60,1,tinyml,,,,31.180,0.000,0.000,0.000,0.000,0.000
1778940654,31.30,29.44,64.30,60,1,tinyml,,,,31.300,0.000,0.000,0.000,0.000,0.000
1778940659,31.46,29.44,63.90,60,1,tinyml,,,,31.460,0.000,0.000,0.000,0.000,0.000
1778940664,31.61,29.44,63.50,60,1,tinyml,,,,31.610,0.000,0.000,0.000,0.000,0.000
1778940669,31.79,29.47,63.10,60,1,tinyml,,,,31.790,0.000,0.000,0.000,0.000,0.000
1778940674,31.97,29.46,62.70,60,1,tinyml,,,,31.970,0.000,0.000,0.000,0.000,0.000
1778940679,32.16,29.47,62.30,60,1,tinyml,,,,32.160,0.000,0.000,0.000,0.000,0.000
1778940684,32.34,29.47,61.90,60,1,tinyml,,,,32.340,0.000,0.000,0.000,0.000,0.000
1778940689,32.55,29.49,61.40,60,1,tinyml,,,,32.550,0.000,0.000,0.000,0.000,0.000
1778940694,32.74,29.49,60.90,60,1,tinyml,,,,32.740,0.000,0.000,0.000,0.000,0.000
1778940699,32.99,29.49,60.40,60,1,tinyml,,,,32.990,0.000,0.000,0.000,0.000,0.000
1778940704,33.16,29.47,60.00,60,1,tinyml,,,,33.160,0.000,0.000,0.000,0.000,0.000
1778940709,33.43,29.46,59.50,60,1,tinyml,,,,33.430,0.000,0.000,0.000,0.000,0.000
1778940714,33.63,29.46,59.00,60,1,tinyml,,,,33.630,0.000,0.000,0.000,0.000,0.000
1778940719,33.84,29.46,58.50,60,1,tinyml,,,,33.840,0.000,0.000,0.000,0.000,0.000
1778940724,34.02,29.44,58.00,60,1,tinyml,,,,34.020,0.000,0.000,0.000,0.000,0.000
1778940729,34.23,29.47,57.60,60,1,tinyml,,,,34.230,0.000,0.000,0.000,0.000,0.000
1778940734,34.45,29.44,57.20,60,1,tinyml,,,,34.450,0.000,0.000,0.000,0.000,0.000
1778940739,34.64,29.46,56.80,60,1,tinyml,,,,34.640,0.000,0.000,0.000,0.000,0.000
1778940744,34.87,29.43,56.40,60,1,tinyml,,,,34.870,0.000,0.000,0.000,0.000,0.000
1778940749,35.04,29.44,56.00,60,1,tinyml,,,,35.040,0.000,0.000,0.000,0.000,0.000
1778940754,35.22,29.44,55.70,60,1,tinyml,,,,35.220,0.000,0.000,0.000,0.000,0.000
1778940759,35.36,29.44,55.40,60,1,tinyml,,,,35.360,0.000,0.000,0.000,0.000,0.000
1778940764,35.52,29.43,55.10,60,1,tinyml,,,,35.520,0.000,0.000,0.000,0.000,0.000
1778940769,35.67,29.44,54.80,60,1,tinyml,,,,35.670,0.000,0.000,0.000,0.000,0.000
1778940774,35.86,29.43,54.50,60,1,tinyml,,,,35.860,0.000,0.000,0.000,0.000,0.000
1778940779,36.04,29.43,54.20,60,1,tinyml,,,,36.040,0.000,0.000,0.000,0.000,0.000
1778940784,36.17,29.43,53.90,60,1,tinyml,,,,36.170,0.000,0.000,0.000,0.000,0.000
1778940789,36.34,29.44,53.60,59,1,tinyml,,,,36.340,0.000,0.000,0.000,0.000,0.000
1778940794,36.46,29.44,53.30,55,1,tinyml,,,,36.460,0.000,0.000,0.000,0.000,0.000
1778940799,36.63,29.43,53.00,49,1,tinyml,,,,36.630,0.000,0.000,0.000,0.000,0.000
1778940804,36.76,29.44,52.70,44,1,tinyml,,,,36.760,0.000,0.000,0.000,0.000,0.000
1778940809,36.92,29.41,52.50,38,1,tinyml,,,,36.920,0.000,0.000,0.000,0.000,0.000
1778940814,37.04,29.44,52.20,34,1,tinyml,,,,37.040,0.000,0.000,0.000,0.000,0.000
1778940819,37.14,29.43,52.00,30,1,tinyml,,,,37.140,0.000,0.000,0.000,0.000,0.000
1778940824,37.26,29.43,51.80,26,1,tinyml,,,,37.260,0.000,0.000,0.000,0.000,0.000
1778940829,37.33,29.41,51.60,24,1,tinyml,,,,37.330,0.000,0.000,0.000,0.000,0.000
1778940834,37.41,29.44,51.50,21,1,tinyml,,,,37.410,0.000,0.000,0.000,0.000,0.000
1778940839,37.47,29.41,51.30,19,1,tinyml,,,,37.470,0.000,0.000,0.000,0.000,0.000
1778940844,37.49,29.40,51.20,18,1,tinyml,,,,37.490,0.000,0.000,0.000,0.000,0.000
1778940849,37.54,29.43,51.20,16,1,tinyml,,,,37.540,0.000,0.000,0.000,0.000,0.000
1778940854,37.51,29.41,51.20,17,1,tinyml,,,,37.510,0.000,0.000,0.000,0.000,0.000
1778940859,37.51,29.41,51.20,17,1,tinyml,,,,37.510,0.000,0.000,0.000,0.000,0.000
1778940864,37.53,29.41,51.20,16,1,tinyml,,,,37.530,0.000,0.000,0.000,0.000,0.000
1778940869,37.42,29.40,51.20,20,1,tinyml,,,,37.420,0.000,0.000,0.000,0.000,0.000
1778940874,37.39,29.41,51.30,21,1,tinyml,,,,37.390,0.000,0.000,0.000,0.000,0.000
1778940879,37.33,29.43,51.40,24,1,tinyml,,,,37.330,0.000,0.000,0.000,0.000,0.000
1778940884,37.27,29.41,51.50,26,1,tinyml,,,,37.270,0.000,0.000,0.000,0.000,0.000
1778940889,37.21,29.40,51.60,28,1,tinyml,,,,37.210,0.000,0.000,0.000,0.000,0.000
1778940894,37.11,29.38,51.70,32,1,tinyml,,,,37.110,0.000,0.000,0.000,0.000,0.000
1778940899,37.06,29.41,51.90,33,1,tinyml,,,,37.060,0.000,0.000,0.000,0.000,0.000
1778940904,36.97,29.41,52.00,37,1,tinyml,,,,36.970,0.000,0.000,0.000,0.000,0.000
1778940909,36.90,29.38,52.20,13,1,tinyml,,,,37.624,0.000,0.000,0.000,0.000,0.000
1778940914,36.82,29.38,52.30,13,1,tinyml,,,,37.624,0.000,0.000,0.000,0.000,0.000
1778940919,36.78,29.38,52.50,8,1,tinyml,,,,37.754,0.000,0.000,0.000,0.000,0.000
1778940924,36.71,29.34,52.50,13,1,tinyml,,,,37.624,0.000,0.000,0.000,0.000,0.000
1778940929,36.62,29.35,52.60,22,1,tinyml,,,,37.362,0.000,0.000,0.000,0.000,0.000
1778940934,36.56,29.35,52.80,0,1,tinyml,,,,38.016,0.000,0.000,0.000,0.000,0.000
1778940939,36.51,29.35,53.00,0,1,tinyml,,,,38.016,0.000,0.000,0.000,0.000,0.000
1778940944,36.45,29.40,53.10,4,1,tinyml,,,,37.885,0.000,0.000,0.000,0.000,0.000
1778940949,36.37,29.35,53.20,0,1,tinyml,,,,38.016,0.000,0.000,0.000,0.000,0.000
1778940954,36.29,29.37,53.40,0,1,tinyml,,,,38.016,0.000,0.000,0.000,0.000,0.000
1778940959,36.23,29.37,53.50,4,1,tinyml,,,,37.885,0.000,0.000,0.000,0.000,0.000
1778940964,36.16,29.38,53.70,0,1,tinyml,,,,38.016,0.000,0.000,0.000,0.000,0.000
1778940969,36.10,29.38,53.80,0,1,tinyml,,,,38.016,0.000,0.000,0.000,0.000,0.000
1778940974,36.01,29.38,53.90,0,1,tinyml,,,,38.016,0.000,0.000,0.000,0.000,0.000
1778940979,35.98,29.37,54.00,0,1,tinyml,,,,38.278,0.000,0.000,0.000,0.000,0.000
1778940984,35.89,29.34,54.10,0,1,tinyml,,,,38.147,0.000,0.000,0.000,0.000,0.000
1778940989,35.82,29.35,54.30,0,1,tinyml,,,,38.278,0.000,0.000,0.000,0.000,0.000
1778940994,35.74,29.34,54.40,0,1,tinyml,,,,38.147,0.000,0.000,0.000,0.000,0.000
1778940999,35.67,29.33,54.60,0,1,tinyml,,,,38.540,0.000,0.000,0.000,0.000,0.000
1778941004,35.62,29.34,54.70,0,1,tinyml,,,,38.147,0.000,0.000,0.000,0.000,0.000
1778941009,35.55,29.34,54.90,0,1,tinyml,,,,38.409,0.000,0.000,0.000,0.000,0.000
1778941014,35.46,29.33,55.00,0,1,tinyml,,,,38.147,0.000,0.000,0.000,0.000,0.000
1778941019,35.42,29.34,55.10,0,1,tinyml,,,,38.671,0.000,0.000,0.000,0.000,0.000
1778941024,35.38,29.34,55.20,0,1,tinyml,,,,38.671,0.000,0.000,0.000,0.000,0.000
1778941029,35.27,29.33,55.30,0,1,tinyml,,,,38.671,0.000,0.000,0.000,0.000,0.000
1778941034,35.22,29.34,55.50,0,1,tinyml,,,,38.802,0.000,0.000,0.000,0.000,0.000
1778941039,35.17,29.33,55.60,0,1,tinyml,,,,38.540,0.000,0.000,0.000,0.000,0.000
1778941044,35.12,29.33,55.70,0,1,tinyml,,,,38.540,0.000,0.000,0.000,0.000,0.000
1778941049,35.05,29.34,55.90,0,1,tinyml,,,,38.802,0.000,0.000,0.000,0.000,0.000
1778941054,35.01,29.34,56.00,0,1,tinyml,,,,38.540,0.000,0.000,0.000,0.000,0.000
1778941059,34.92,29.34,56.00,0,1,tinyml,,,,38.802,0.000,0.000,0.000,0.000,0.000
1778941064,34.88,29.35,56.10,0,1,tinyml,,,,38.671,0.000,0.000,0.000,0.000,0.000
1778941069,34.84,29.34,56.30,0,1,tinyml,,,,38.671,0.000,0.000,0.000,0.000,0.000
1778941074,34.77,29.34,56.30,0,1,tinyml,,,,38.933,0.000,0.000,0.000,0.000,0.000
1778941079,34.74,29.33,56.50,0,1,tinyml,,,,38.409,0.000,0.000,0.000,0.000,0.000
1778941084,34.67,29.35,56.60,0,1,tinyml,,,,38.671,0.000,0.000,0.000,0.000,0.000
1778941089,34.64,29.34,56.70,0,1,tinyml,,,,38.671,0.000,0.000,0.000,0.000,0.000
1778941094,34.59,29.34,56.80,0,1,tinyml,,,,38.540,0.000,0.000,0.000,0.000,0.000
1778941099,34.54,29.35,56.80,0,1,tinyml,,,,38.540,0.000,0.000,0.000,0.000,0.000
1778941104,34.50,29.34,56.90,0,1,tinyml,,,,38.409,0.000,0.000,0.000,0.000,0.000
1778941109,34.47,29.30,57.00,0,1,tinyml,,,,38.278,0.000,0.000,0.000,0.000,0.000
1778941114,34.40,29.30,57.20,0,1,tinyml,,,,38.147,0.000,0.000,0.000,0.000,0.000
1778941119,34.39,29.33,57.20,0,1,tinyml,,,,38.409,0.000,0.000,0.000,0.000,0.000
1778941124,34.35,29.33,57.30,0,1,tinyml,,,,38.278,0.000,0.000,0.000,0.000,0.000
1778941129,34.32,29.34,57.30,0,1,tinyml,,,,38.147,0.000,0.000,0.000,0.000,0.000
1778941134,34.26,29.33,57.50,0,1,tinyml,,,,38.147,0.000,0.000,0.000,0.000,0.000
1778941139,34.26,29.33,57.50,0,1,tinyml,,,,38.147,0.000,0.000,0.000,0.000,0.000
1778941144,34.20,29.35,57.60,0,1,tinyml,,,,38.016,0.000,0.000,0.000,0.000,0.000
1778941149,34.16,29.37,57.60,0,1,tinyml,,,,38.147,0.000,0.000,0.000,0.000,0.000
1778941154,34.12,29.37,57.70,4,1,tinyml,,,,37.885,0.000,0.000,0.000,0.000,0.000
1778941159,34.11,29.35,57.80,13,1,tinyml,,,,37.624,0.000,0.000,0.000,0.000,0.000
1778941164,34.06,29.38,57.80,8,1,tinyml,,,,37.754,0.000,0.000,0.000,0.000,0.000
1778941169,34.06,29.37,57.90,8,1,tinyml,,,,37.754,0.000,0.000,0.000,0.000,0.000
1778941174,34.02,29.40,58.00,18,1,tinyml,,,,37.493,0.000,0.000,0.000,0.000,0.000
1778941179,34.01,29.38,58.00,18,1,tinyml,,,,37.493,0.000,0.000,0.000,0.000,0.000
1778941184,33.98,29.38,58.10,22,1,tinyml,,,,37.362,0.000,0.000,0.000,0.000,0.000
1778941189,33.98,29.38,58.10,22,1,tinyml,,,,37.362,0.000,0.000,0.000,0.000,0.000
1778941194,33.95,29.40,58.10,32,1,tinyml,,,,37.100,0.000,0.000,0.000,0.000,0.000
1778941199,33.92,29.38,58.20,41,1,tinyml,,,,36.838,0.000,0.000,0.000,0.000,0.000
1778941204,33.92,29.38,58.20,41,1,tinyml,,,,36.838,0.000,0.000,0.000,0.000,0.000
1778941209,33.90,29.33,58.20,32,1,tinyml,,,,37.100,0.000,0.000,0.000,0.000,0.000
1778941214,33.90,29.34,58.20,51,1,tinyml,,,,36.576,0.000,0.000,0.000,0.000,0.000
1778941219,33.90,29.33,58.20,51,1,tinyml,,,,36.576,0.000,0.000,0.000,0.000,0.000
1778941224,33.94,29.34,58.20,55,1,tinyml,,,,36.446,0.000,0.000,0.000,0.000,0.000
1778941229,33.98,29.33,58.10,46,1,tinyml,,,,36.707,0.000,0.000,0.000,0.000,0.000
1778941234,34.02,29.34,58.10,60,1,tinyml,,,,36.315,0.000,0.000,0.000,0.000,0.000
1778941239,34.08,29.33,58.00,51,1,tinyml,,,,36.576,0.000,0.000,0.000,0.000,0.000
1778941244,34.16,29.34,57.90,55,1,tinyml,,,,36.446,0.000,0.000,0.000,0.000,0.000
1778941249,34.23,29.33,57.70,60,1,tinyml,,,,36.315,0.000,0.000,0.000,0.000,0.000
1778941254,34.36,29.33,57.60,55,1,tinyml,,,,36.446,0.000,0.000,0.000,0.000,0.000
1778941259,34.46,29.31,57.30,55,1,tinyml,,,,36.446,0.000,0.000,0.000,0.000,0.000
1778941264,34.60,29.33,57.10,60,1,tinyml,,,,36.315,0.000,0.000,0.000,0.000,0.000
1778941269,34.77,29.31,56.80,55,1,tinyml,,,,36.446,0.000,0.000,0.000,0.000,0.000
1778941274,34.87,29.34,56.50,60,1,tinyml,,,,36.315,0.000,0.000,0.000,0.000,0.000
1778941279,35.01,29.33,56.20,70,1,tinyml,,,,36.053,0.000,0.000,0.000,0.000,0.000
1778941284,35.15,29.31,56.00,65,1,tinyml,,,,36.184,0.000,0.000,0.000,0.000,0.000
1778941289,35.29,29.30,55.70,65,1,tinyml,,,,36.184,0.000,0.000,0.000,0.000,0.000
1778941294,35.45,29.33,55.40,70,1,tinyml,,,,36.053,0.000,0.000,0.000,0.000,0.000
1778941299,35.62,29.35,55.10,74,1,tinyml,,,,35.922,0.000,0.000,0.000,0.000,0.000
1778941304,35.82,29.34,54.80,65,1,tinyml,,,,36.184,0.000,0.000,0.000,0.000,0.000
1778941309,35.97,29.33,54.50,70,1,tinyml,,,,36.053,0.000,0.000,0.000,0.000,0.000
1778941314,36.17,29.34,54.20,65,1,tinyml,,,,36.184,0.000,0.000,0.000,0.000,0.000
1778941319,36.37,29.31,53.80,60,1,tinyml,,,,36.315,0.000,0.000,0.000,0.000,0.000
1778941324,36.53,29.34,53.40,65,1,tinyml,,,,36.184,0.000,0.000,0.000,0.000,0.000
1778941329,36.71,29.35,53.10,65,1,tinyml,,,,36.184,0.000,0.000,0.000,0.000,0.000
1778941334,36.87,29.33,52.80,60,1,tinyml,,,,36.315,0.000,0.000,0.000,0.000,0.000
1778941339,37.06,29.33,52.50,55,1,tinyml,,,,36.446,0.000,0.000,0.000,0.000,0.000
1778941344,37.23,29.31,52.10,65,1,tinyml,,,,36.184,0.000,0.000,0.000,0.000,0.000
1778941349,37.39,29.31,51.80,60,1,tinyml,,,,36.315,0.000,0.000,0.000,0.000,0.000
1778941354,37.55,29.31,51.50,55,1,tinyml,,,,36.446,0.000,0.000,0.000,0.000,0.000
1778941359,37.71,29.29,51.20,46,1,tinyml,,,,36.707,0.000,0.000,0.000,0.000,0.000
1778941364,37.86,29.30,51.00,41,1,tinyml,,,,36.838,0.000,0.000,0.000,0.000,0.000
1778941369,38.05,29.31,50.70,41,1,tinyml,,,,36.838,0.000,0.000,0.000,0.000,0.000
1778941374,38.20,29.31,50.40,37,1,tinyml,,,,36.969,0.000,0.000,0.000,0.000,0.000
1778941379,38.33,29.30,50.20,32,1,tinyml,,,,37.100,0.000,0.000,0.000,0.000,0.000
1778941384,38.46,29.30,49.90,18,1,tinyml,,,,37.493,0.000,0.000,0.000,0.000,0.000
1778941389,38.57,29.30,49.70,18,1,tinyml,,,,37.493,0.000,0.000,0.000,0.000,0.000
1778941394,38.64,29.33,49.60,18,1,tinyml,,,,37.493,0.000,0.000,0.000,0.000,0.000
1778941399,38.67,29.30,49.40,18,1,tinyml,,,,37.493,0.000,0.000,0.000,0.000,0.000
1778941404,38.75,29.30,49.30,8,1,tinyml,,,,37.754,0.000,0.000,0.000,0.000,0.000
1778941409,38.82,29.30,49.20,4,1,tinyml,,,,37.885,0.000,0.000,0.000,0.000,0.000
1778941414,38.81,29.31,49.20,13,1,tinyml,,,,37.624,0.000,0.000,0.000,0.000,0.000
1778941419,38.82,29.33,49.20,0,1,tinyml,,,,38.278,0.000,0.000,0.000,0.000,0.000
1778941424,38.81,29.30,49.20,0,1,tinyml,,,,38.016,0.000,0.000,0.000,0.000,0.000
1778941429,38.76,29.31,49.20,0,1,tinyml,,,,38.016,0.000,0.000,0.000,0.000,0.000
1778941434,38.71,29.33,49.30,8,1,tinyml,,,,37.754,0.000,0.000,0.000,0.000,0.000
1778941439,38.65,29.33,49.40,4,1,tinyml,,,,37.885,0.000,0.000,0.000,0.000,0.000
1778941444,38.61,29.33,49.50,4,1,tinyml,,,,37.885,0.000,0.000,0.000,0.000,0.000
1778941449,38.58,29.33,49.60,0,1,tinyml,,,,38.147,0.000,0.000,0.000,0.000,0.000
1778941454,38.48,29.33,49.80,0,1,tinyml,,,,38.016,0.000,0.000,0.000,0.000,0.000
1778941459,38.40,29.31,49.80,0,1,tinyml,,,,38.278,0.000,0.000,0.000,0.000,0.000
1778941464,38.31,29.33,50.00,0,1,tinyml,,,,38.409,0.000,0.000,0.000,0.000,0.000
1778941469,38.24,29.34,50.10,0,1,tinyml,,,,38.540,0.000,0.000,0.000,0.000,0.000
1778941474,38.16,29.35,50.30,0,1,tinyml,,,,38.278,0.000,0.000,0.000,0.000,0.000
1778941479,38.08,29.34,50.50,0,1,tinyml,,,,38.540,0.000,0.000,0.000,0.000,0.000
1778941484,37.99,29.35,50.60,0,1,tinyml,,,,38.278,0.000,0.000,0.000,0.000,0.000
1778941489,37.90,29.37,50.80,0,1,tinyml,,,,38.671,0.000,0.000,0.000,0.000,0.000
1778941494,37.81,29.37,50.90,0,1,tinyml,,,,38.409,0.000,0.000,0.000,0.000,0.000
1778941499,37.69,29.37,51.10,0,1,tinyml,,,,38.802,0.000,0.000,0.000,0.000,0.000
1778941504,37.62,29.37,51.30,0,1,tinyml,,,,38.540,0.000,0.000,0.000,0.000,0.000
1778941509,37.51,29.33,51.50,0,1,tinyml,,,,38.933,0.000,0.000,0.000,0.000,0.000
1778941514,37.42,29.35,51.60,0,1,tinyml,,,,38.540,0.000,0.000,0.000,0.000,0.000
1778941519,37.34,29.35,51.80,0,1,tinyml,,,,38.802,0.000,0.000,0.000,0.000,0.000
1778941524,37.28,29.34,51.90,0,1,tinyml,,,,38.802,0.000,0.000,0.000,0.000,0.000
1778941529,37.19,29.37,52.10,0,1,tinyml,,,,39.325,0.000,0.000,0.000,0.000,0.000
1778941534,37.09,29.37,52.20,0,1,tinyml,,,,39.063,0.000,0.000,0.000,0.000,0.000
1778941539,37.03,29.37,52.40,0,1,tinyml,,,,38.933,0.000,0.000,0.000,0.000,0.000
1778941544,36.94,29.38,52.60,0,1,tinyml,,,,38.933,0.000,0.000,0.000,0.000,0.000
1778941549,36.84,29.38,52.70,0,1,tinyml,,,,39.194,0.000,0.000,0.000,0.000,0.000
1778941554,36.82,29.37,52.80,0,1,tinyml,,,,39.063,0.000,0.000,0.000,0.000,0.000
1778941559,36.72,29.41,53.00,0,1,tinyml,,,,39.325,0.000,0.000,0.000,0.000,0.000
1778941564,36.65,29.41,53.10,0,1,tinyml,,,,39.325,0.000,0.000,0.000,0.000,0.000
1778941569,36.59,29.43,53.20,0,1,tinyml,,,,39.325,0.000,0.000,0.000,0.000,0.000
1778941574,36.53,29.43,53.40,0,1,tinyml,,,,39.194,0.000,0.000,0.000,0.000,0.000
1778941579,36.45,29.44,53.50,0,1,tinyml,,,,39.456,0.000,0.000,0.000,0.000,0.000
1778941584,36.38,29.46,53.70,0,1,tinyml,,,,39.456,0.000,0.000,0.000,0.000,0.000
1778941589,36.31,29.46,53.80,0,1,tinyml,,,,39.194,0.000,0.000,0.000,0.000,0.000
1778941594,36.27,29.49,53.90,0,1,tinyml,,,,39.194,0.000,0.000,0.000,0.000,0.000
1778941599,36.18,29.49,54.00,0,1,tinyml,,,,39.063,0.000,0.000,0.000,0.000,0.000
1778941604,36.17,29.50,54.20,0,1,tinyml,,,,39.063,0.000,0.000,0.000,0.000,0.000
1778941609,36.10,29.51,54.30,0,1,tinyml,,,,39.194,0.000,0.000,0.000,0.000,0.000
1778941614,36.05,29.53,54.30,0,1,tinyml,,,,39.194,0.000,0.000,0.000,0.000,0.000
1778941619,36.00,29.53,54.40,0,1,tinyml,,,,38.933,0.000,0.000,0.000,0.000,0.000
1778941624,35.94,29.51,54.50,0,1,tinyml,,,,39.063,0.000,0.000,0.000,0.000,0.000
1778941629,35.90,29.54,54.60,0,1,tinyml,,,,38.671,0.000,0.000,0.000,0.000,0.000
1778941634,35.84,29.54,54.70,0,1,tinyml,,,,38.933,0.000,0.000,0.000,0.000,0.000
1778941639,35.82,29.53,54.80,0,1,tinyml,,,,38.802,0.000,0.000,0.000,0.000,0.000
1778941644,35.77,29.55,54.90,0,1,tinyml,,,,38.540,0.000,0.000,0.000,0.000,0.000
1778941649,35.73,29.53,55.00,0,1,tinyml,,,,38.540,0.000,0.000,0.000,0.000,0.000
1778941654,35.70,29.58,55.10,0,1,tinyml,,,,38.409,0.000,0.000,0.000,0.000,0.000
1778941659,35.65,29.58,55.10,0,1,tinyml,,,,38.278,0.000,0.000,0.000,0.000,0.000
1778941664,35.60,29.58,55.20,0,1,tinyml,,,,38.540,0.000,0.000,0.000,0.000,0.000
1778941669,35.57,29.60,55.30,0,1,tinyml,,,,38.278,0.000,0.000,0.000,0.000,0.000
1778941674,35.55,29.60,55.30,0,1,tinyml,,,,38.409,0.000,0.000,0.000,0.000,0.000
1778941679,35.50,29.60,55.50,0,1,tinyml,,,,38.278,0.000,0.000,0.000,0.000,0.000
1778941684,35.47,29.58,55.50,0,1,tinyml,,,,38.671,0.000,0.000,0.000,0.000,0.000
1778941689,35.45,29.61,55.50,0,1,tinyml,,,,38.409,0.000,0.000,0.000,0.000,0.000
1778941694,35.42,29.61,55.60,0,1,tinyml,,,,38.540,0.000,0.000,0.000,0.000,0.000
1778941699,35.38,29.62,55.70,0,1,tinyml,,,,38.278,0.000,0.000,0.000,0.000,0.000
1778941704,35.34,29.65,55.70,0,1,tinyml,,,,38.540,0.000,0.000,0.000,0.000,0.000
1778941709,35.34,29.64,55.80,0,1,tinyml,,,,38.802,0.000,0.000,0.000,0.000,0.000
1778941714,35.28,29.65,55.80,0,1,tinyml,,,,38.671,0.000,0.000,0.000,0.000,0.000
1778941719,35.27,29.64,55.90,0,1,tinyml,,,,38.802,0.000,0.000,0.000,0.000,0.000
1778941724,35.22,29.67,55.90,0,1,tinyml,,,,38.671,0.000,0.000,0.000,0.000,0.000
1778941729,35.19,29.68,56.00,0,1,tinyml,,,,38.671,0.000,0.000,0.000,0.000,0.000
1778941734,35.18,29.67,56.10,0,1,tinyml,,,,38.802,0.000,0.000,0.000,0.000,0.000
1778941739,35.14,29.68,56.10,0,1,tinyml,,,,38.933,0.000,0.000,0.000,0.000,0.000
1778941744,35.11,29.70,56.10,0,1,tinyml,,,,38.933,0.000,0.000,0.000,0.000,0.000
1778941749,35.08,29.70,56.20,0,1,tinyml,,,,38.933,0.000,0.000,0.000,0.000,0.000
1778941754,35.09,29.70,56.20,0,1,tinyml,,,,39.063,0.000,0.000,0.000,0.000,0.000
1778941759,35.08,29.70,56.30,0,1,tinyml,,,,38.802,0.000,0.000,0.000,0.000,0.000
1778941764,35.01,29.70,56.30,0,1,tinyml,,,,38.933,0.000,0.000,0.000,0.000,0.000
1778941769,35.01,29.68,56.40,0,1,tinyml,,,,38.671,0.000,0.000,0.000,0.000,0.000
1778941774,34.98,29.68,56.40,0,1,tinyml,,,,39.063,0.000,0.000,0.000,0.000,0.000
1778941779,34.98,29.70,56.40,0,1,tinyml,,,,38.802,0.000,0.000,0.000,0.000,0.000
1778941784,34.92,29.68,56.50,0,1,tinyml,,,,38.933,0.000,0.000,0.000,0.000,0.000
1778941789,34.92,29.70,56.50,0,1,tinyml,,,,38.671,0.000,0.000,0.000,0.000,0.000
1778941794,34.91,29.68,56.50,0,1,tinyml,,,,39.063,0.000,0.000,0.000,0.000,0.000
1778941799,34.88,29.67,56.60,0,1,tinyml,,,,38.540,0.000,0.000,0.000,0.000,0.000
1778941804,34.87,29.70,56.60,0,1,tinyml,,,,39.063,0.000,0.000,0.000,0.000,0.000
1778941809,34.86,29.68,56.70,0,1,tinyml,,,,38.540,0.000,0.000,0.000,0.000,0.000
1778941814,34.81,29.71,56.70,0,1,tinyml,,,,38.802,0.000,0.000,0.000,0.000,0.000
1778941819,34.81,29.68,56.70,0,1,tinyml,,,,38.540,0.000,0.000,0.000,0.000,0.000
1778941824,34.80,29.70,56.80,0,1,tinyml,,,,38.802,0.000,0.000,0.000,0.000,0.000
1778941829,34.80,29.71,56.80,0,1,tinyml,,,,38.409,0.000,0.000,0.000,0.000,0.000
1778941834,34.77,29.72,56.80,0,1,tinyml,,,,38.802,0.000,0.000,0.000,0.000,0.000
1778941839,34.74,29.75,56.90,0,1,tinyml,,,,38.409,0.000,0.000,0.000,0.000,0.000
1778941844,34.74,29.72,56.90,0,1,tinyml,,,,38.540,0.000,0.000,0.000,0.000,0.000
1778941849,34.70,29.75,56.90,0,1,tinyml,,,,38.278,0.000,0.000,0.000,0.000,0.000
1778941854,34.70,29.75,57.00,0,1,tinyml,,,,38.278,0.000,0.000,0.000,0.000,0.000
1778941859,34.67,29.77,57.00,0,1,tinyml,,,,38.409,0.000,0.000,0.000,0.000,0.000
1778941864,34.67,29.74,57.00,0,1,tinyml,,,,38.016,0.000,0.000,0.000,0.000,0.000
1778941869,34.66,29.77,57.00,0,1,tinyml,,,,38.016,0.000,0.000,0.000,0.000,0.000
1778941874,34.64,29.80,57.10,4,1,tinyml,,,,37.885,0.000,0.000,0.000,0.000,0.000
1778941879,34.63,29.78,57.10,0,1,tinyml,,,,38.016,0.000,0.000,0.000,0.000,0.000
1778941884,34.59,29.80,57.10,0,1,tinyml,,,,38.016,0.000,0.000,0.000,0.000,0.000
1778941889,34.60,29.80,57.10,0,1,tinyml,,,,38.016,0.000,0.000,0.000,0.000,0.000
1778941894,34.59,29.81,57.10,0,1,tinyml,,,,38.016,0.000,0.000,0.000,0.000,0.000
1778941899,34.57,29.82,57.20,0,1,tinyml,,,,38.147,0.000,0.000,0.000,0.000,0.000
1778941904,34.56,29.81,57.20,0,1,tinyml,,,,38.016,0.000,0.000,0.000,0.000,0.000
1778941909,34.54,29.81,57.20,4,1,tinyml,,,,37.885,0.000,0.000,0.000,0.000,0.000
1778941914,34.59,29.82,57.20,4,1,tinyml,,,,37.885,0.000,0.000,0.000,0.000,0.000
1778941919,34.52,29.81,57.30,4,1,tinyml,,,,37.885,0.000,0.000,0.000,0.000,0.000
1778941924,34.52,29.82,57.30,0,1,tinyml,,,,38.016,0.000,0.000,0.000,0.000,0.000
1778941929,34.52,29.85,57.20,13,1,tinyml,,,,37.624,0.000,0.000,0.000,0.000,0.000
1778941934,34.50,29.84,57.30,18,1,tinyml,,,,37.493,0.000,0.000,0.000,0.000,0.000
1778941939,34.52,29.85,57.30,13,1,tinyml,,,,37.624,0.000,0.000,0.000,0.000,0.000
1778941944,34.50,29.85,57.30,18,1,tinyml,,,,37.493,0.000,0.000,0.000,0.000,0.000
1778941949,34.52,29.84,57.30,22,1,tinyml,,,,37.362,0.000,0.000,0.000,0.000,0.000
1778941954,34.47,29.85,57.30,18,1,tinyml,,,,37.493,0.000,0.000,0.000,0.000,0.000
1778941959,34.49,29.86,57.30,32,1,tinyml,,,,37.100,0.000,0.000,0.000,0.000,0.000
1778941964,34.47,29.84,57.30,18,1,tinyml,,,,37.493,0.000,0.000,0.000,0.000,0.000
1778941969,34.49,29.86,57.40,32,1,tinyml,,,,37.100,0.000,0.000,0.000,0.000,0.000
1778941974,34.46,29.85,57.30,37,1,tinyml,,,,36.969,0.000,0.000,0.000,0.000,0.000
1778941979,34.49,29.86,57.30,46,1,tinyml,,,,36.707,0.000,0.000,0.000,0.000,0.000
1778941984,34.47,29.85,57.40,41,1,tinyml,,,,36.838,0.000,0.000,0.000,0.000,0.000
1778941989,34.49,29.86,57.30,55,1,tinyml,,,,36.446,0.000,0.000,0.000,0.000,0.000
1778941994,34.53,29.88,57.30,41,1,tinyml,,,,36.838,0.000,0.000,0.000,0.000,0.000
1778941999,34.56,29.86,57.20,51,1,tinyml,,,,36.576,0.000,0.000,0.000,0.000,0.000
1778942004,34.63,29.85,57.20,37,1,tinyml,,,,36.969,0.000,0.000,0.000,0.000,0.000
1778942009,34.68,29.85,57.00,46,1,tinyml,,,,36.707,0.000,0.000,0.000,0.000,0.000
1778942014,34.71,29.86,56.90,41,1,tinyml,,,,36.838,0.000,0.000,0.000,0.000,0.000
1778942019,34.81,29.88,56.80,55,1,tinyml,,,,36.446,0.000,0.000,0.000,0.000,0.000
1778942024,34.90,29.85,56.60,41,1,tinyml,,,,36.838,0.000,0.000,0.000,0.000,0.000
1778942029,35.00,29.88,56.50,46,1,tinyml,,,,36.707,0.000,0.000,0.000,0.000,0.000
1778942034,35.07,29.88,56.20,51,1,tinyml,,,,36.576,0.000,0.000,0.000,0.000,0.000
1778942039,35.19,29.86,56.10,55,1,tinyml,,,,36.446,0.000,0.000,0.000,0.000,0.000
1778942044,35.29,29.86,55.90,51,1,tinyml,,,,36.576,0.000,0.000,0.000,0.000,0.000
1778942049,35.41,29.88,55.70,60,1,tinyml,,,,36.315,0.000,0.000,0.000,0.000,0.000
1778942054,35.52,29.86,55.50,55,1,tinyml,,,,36.446,0.000,0.000,0.000,0.000,0.000
1778942059,35.65,29.86,55.20,65,1,tinyml,,,,36.184,0.000,0.000,0.000,0.000,0.000
1778942064,35.77,29.89,55.00,51,1,tinyml,,,,36.576,0.000,0.000,0.000,0.000,0.000
1778942069,35.94,29.86,54.80,51,1,tinyml,,,,36.576,0.000,0.000,0.000,0.000,0.000
1778942074,36.11,29.86,54.50,46,1,tinyml,,,,36.707,0.000,0.000,0.000,0.000,0.000
1778942079,36.21,29.88,54.20,60,1,tinyml,,,,36.315,0.000,0.000,0.000,0.000,0.000
1778942084,36.37,29.86,54.00,55,1,tinyml,,,,36.446,0.000,0.000,0.000,0.000,0.000
1778942089,36.56,29.88,53.70,60,1,tinyml,,,,36.315,0.000,0.000,0.000,0.000,0.000
1778942094,36.63,29.88,53.40,55,1,tinyml,,,,36.446,0.000,0.000,0.000,0.000,0.000
1778942099,36.82,29.88,53.10,55,1,tinyml,,,,36.446,0.000,0.000,0.000,0.000,0.000
1778942104,36.97,29.89,52.80,37,1,tinyml,,,,36.969,0.000,0.000,0.000,0.000,0.000
1778942109,37.13,29.89,52.50,46,1,tinyml,,,,36.707,0.000,0.000,0.000,0.000,0.000
1778942114,37.30,29.89,52.30,46,1,tinyml,,,,36.707,0.000,0.000,0.000,0.000,0.000
1778942119,37.41,29.89,52.00,41,1,tinyml,,,,36.838,0.000,0.000,0.000,0.000,0.000
1778942124,37.55,29.88,51.70,32,1,tinyml,,,,37.100,0.000,0.000,0.000,0.000,0.000
1778942129,37.69,29.91,51.50,41,1,tinyml,,,,36.838,0.000,0.000,0.000,0.000,0.000
1778942134,37.82,29.89,51.30,22,1,tinyml,,,,37.362,0.000,0.000,0.000,0.000,0.000
1778942139,37.90,29.91,51.10,32,1,tinyml,,,,37.100,0.000,0.000,0.000,0.000,0.000
1778942144,37.98,29.91,50.90,22,1,tinyml,,,,37.362,0.000,0.000,0.000,0.000,0.000
1778942149,38.08,29.89,50.80,32,1,tinyml,,,,37.100,0.000,0.000,0.000,0.000,0.000
1778942154,38.15,29.92,50.60,13,1,tinyml,,,,37.624,0.000,0.000,0.000,0.000,0.000
1778942159,38.19,29.91,50.50,18,1,tinyml,,,,37.493,0.000,0.000,0.000,0.000,0.000
1778942164,38.23,29.88,50.50,8,1,tinyml,,,,37.754,0.000,0.000,0.000,0.000,0.000
1778942169,38.27,29.91,50.30,22,1,tinyml,,,,37.362,0.000,0.000,0.000,0.000,0.000
1778942174,38.27,29.89,50.30,4,1,tinyml,,,,37.885,0.000,0.000,0.000,0.000,0.000
1778942179,38.27,29.92,50.30,8,1,tinyml,,,,37.754,0.000,0.000,0.000,0.000,0.000
1778942184,38.27,29.89,50.40,0,1,tinyml,,,,38.016,0.000,0.000,0.000,0.000,0.000
1778942189,38.24,29.91,50.30,8,1,tinyml,,,,37.754,0.000,0.000,0.000,0.000,0.000
1778942194,38.21,29.89,50.40,4,1,tinyml,,,,37.885,0.000,0.000,0.000,0.000,0.000
1778942199,38.19,29.89,50.40,13,1,tinyml,,,,37.624,0.000,0.000,0.000,0.000,0.000
1778942204,38.19,29.89,50.50,8,1,tinyml,,,,37.754,0.000,0.000,0.000,0.000,0.000
1778942209,38.12,29.89,50.60,18,1,tinyml,,,,37.493,0.000,0.000,0.000,0.000,0.000
1778942214,38.06,29.92,50.60,22,1,tinyml,,,,37.362,0.000,0.000,0.000,0.000,0.000
1778942219,37.99,29.91,50.70,13,1,tinyml,,,,37.624,0.000,0.000,0.000,0.000,0.000
1778942224,37.94,29.89,50.80,13,1,tinyml,,,,37.624,0.000,0.000,0.000,0.000,0.000
1778942229,37.88,29.88,51.00,13,1,tinyml,,,,37.624,0.000,0.000,0.000,0.000,0.000
1778942234,37.81,29.93,51.10,8,1,tinyml,,,,37.754,0.000,0.000,0.000,0.000,0.000
1778942239,37.76,29.91,51.20,8,1,tinyml,,,,37.754,0.000,0.000,0.000,0.000,0.000
1778942244,37.72,29.91,51.30,8,1,tinyml,,,,37.754,0.000,0.000,0.000,0.000,0.000
1778942249,37.64,29.91,51.50,8,1,tinyml,,,,37.754,0.000,0.000,0.000,0.000,0.000
1778942254,37.55,29.92,51.60,4,1,tinyml,,,,37.885,0.000,0.000,0.000,0.000,0.000
1778942259,37.47,29.92,51.70,4,1,tinyml,,,,37.885,0.000,0.000,0.000,0.000,0.000
1778942264,37.42,29.92,51.80,0,1,tinyml,,,,38.278,0.000,0.000,0.000,0.000,0.000
1778942269,37.37,29.91,51.90,0,1,tinyml,,,,38.016,0.000,0.000,0.000,0.000,0.000
1778942274,37.31,29.92,52.00,0,1,tinyml,,,,38.147,0.000,0.000,0.000,0.000,0.000
1778942279,37.26,29.92,52.20,4,1,tinyml,,,,37.885,0.000,0.000,0.000,0.000,0.000
1778942284,37.19,29.93,52.30,4,1,tinyml,,,,37.885,0.000,0.000,0.000,0.000,0.000
1778942289,37.11,29.91,52.40,0,1,tinyml,,,,38.147,0.000,0.000,0.000,0.000,0.000
1778942294,37.06,29.93,52.50,0,1,tinyml,,,,38.147,0.000,0.000,0.000,0.000,0.000
1778942299,37.00,29.93,52.70,0,1,tinyml,,,,38.278,0.000,0.000,0.000,0.000,0.000
1778942304,36.92,29.93,52.80,0,1,tinyml,,,,38.409,0.000,0.000,0.000,0.000,0.000
1778942309,36.87,29.93,52.90,0,1,tinyml,,,,38.409,0.000,0.000,0.000,0.000,0.000
1778942314,36.82,29.93,53.00,0,1,tinyml,,,,38.671,0.000,0.000,0.000,0.000,0.000
1778942319,36.78,29.92,53.10,0,1,tinyml,,,,38.409,0.000,0.000,0.000,0.000,0.000
1778942324,36.72,29.92,53.30,0,1,tinyml,,,,38.540,0.000,0.000,0.000,0.000,0.000
1778942329,36.65,29.93,53.40,0,1,tinyml,,,,38.540,0.000,0.000,0.000,0.000,0.000
1778942334,36.61,29.92,53.50,0,1,tinyml,,,,38.802,0.000,0.000,0.000,0.000,0.000
1778942339,36.56,29.92,53.50,0,1,tinyml,,,,38.933,0.000,0.000,0.000,0.000,0.000
1778942344,36.49,29.91,53.60,0,1,tinyml,,,,39.063,0.000,0.000,0.000,0.000,0.000
1778942349,36.45,29.92,53.80,0,1,tinyml,,,,38.671,0.000,0.000,0.000,0.000,0.000
1778942354,36.41,29.93,53.90,0,1,tinyml,,,,38.933,0.000,0.000,0.000,0.000,0.000
1778942359,36.35,29.95,53.90,0,1,tinyml,,,,38.933,0.000,0.000,0.000,0.000,0.000
1778942364,36.31,29.95,54.00,0,1,tinyml,,,,38.933,0.000,0.000,0.000,0.000,0.000
1778942369,36.28,29.92,54.10,0,1,tinyml,,,,38.802,0.000,0.000,0.000,0.000,0.000
1778942374,36.24,29.93,54.20,0,1,tinyml,,,,38.802,0.000,0.000,0.000,0.000,0.000
1778942379,36.17,29.93,54.30,0,1,tinyml,,,,38.933,0.000,0.000,0.000,0.000,0.000
1778942384,36.14,29.91,54.30,0,1,tinyml,,,,38.802,0.000,0.000,0.000,0.000,0.000
1778942389,36.10,29.93,54.40,0,1,tinyml,,,,38.802,0.000,0.000,0.000,0.000,0.000
1778942394,36.07,29.92,54.50,0,1,tinyml,,,,38.933,0.000,0.000,0.000,0.000,0.000
1778942399,36.00,29.93,54.60,0,1,tinyml,,,,38.671,0.000,0.000,0.000,0.000,0.000
1778942404,35.96,29.97,54.70,0,1,tinyml,,,,38.802,0.000,0.000,0.000,0.000,0.000
1778942409,35.94,29.93,54.80,0,1,tinyml,,,,38.933,0.000,0.000,0.000,0.000,0.000
1778942414,35.91,29.93,54.80,0,1,tinyml,,,,38.671,0.000,0.000,0.000,0.000,0.000
1778942419,35.86,29.95,54.90,0,1,tinyml,,,,38.671,0.000,0.000,0.000,0.000,0.000
1778942424,35.83,29.93,54.90,0,1,tinyml,,,,38.802,0.000,0.000,0.000,0.000,0.000
1778942429,35.80,29.93,55.00,0,1,tinyml,,,,38.671,0.000,0.000,0.000,0.000,0.000
1778942434,35.74,29.93,55.10,0,1,tinyml,,,,38.802,0.000,0.000,0.000,0.000,0.000
1778942439,35.70,29.95,55.10,0,1,tinyml,,,,38.540,0.000,0.000,0.000,0.000,0.000
1778942444,35.72,29.92,55.20,0,1,tinyml,,,,38.671,0.000,0.000,0.000,0.000,0.000
1778942449,35.66,29.93,55.30,0,1,tinyml,,,,38.933,0.000,0.000,0.000,0.000,0.000
1778942454,35.65,29.93,55.30,0,1,tinyml,,,,39.063,0.000,0.000,0.000,0.000,0.000
1778942459,35.60,29.95,55.40,0,1,tinyml,,,,38.802,0.000,0.000,0.000,0.000,0.000
1778942464,35.57,29.93,55.40,0,1,tinyml,,,,38.802,0.000,0.000,0.000,0.000,0.000
1778942469,35.56,29.92,55.50,0,1,tinyml,,,,39.325,0.000,0.000,0.000,0.000,0.000
1778942474,35.52,29.97,55.50,0,1,tinyml,,,,39.063,0.000,0.000,0.000,0.000,0.000
1778942479,35.50,29.95,55.60,0,1,tinyml,,,,39.325,0.000,0.000,0.000,0.000,0.000
1778942484,35.47,29.93,55.60,0,1,tinyml,,,,38.933,0.000,0.000,0.000,0.000,0.000
1778942489,35.46,29.93,55.70,0,1,tinyml,,,,39.194,0.000,0.000,0.000,0.000,0.000
1778942494,35.42,29.92,55.70,0,1,tinyml,,,,39.194,0.000,0.000,0.000,0.000,0.000
1778942499,35.41,29.95,55.80,0,1,tinyml,,,,39.325,0.000,0.000,0.000,0.000,0.000
1778942504,35.39,29.95,55.80,0,1,tinyml,,,,39.456,0.000,0.000,0.000,0.000,0.000
1778942509,35.35,29.95,55.80,0,1,tinyml,,,,39.325,0.000,0.000,0.000,0.000,0.000
1778942514,35.32,29.91,55.90,0,1,tinyml,,,,39.587,0.000,0.000,0.000,0.000,0.000
1778942519,35.32,29.92,55.90,0,1,tinyml,,,,39.325,0.000,0.000,0.000,0.000,0.000
1778942524,35.28,29.95,55.90,0,1,tinyml,,,,39.587,0.000,0.000,0.000,0.000,0.000
1778942529,35.27,29.93,56.00,0,1,tinyml,,,,39.587,0.000,0.000,0.000,0.000,0.000
1778942534,35.24,29.93,56.00,0,1,tinyml,,,,39.587,0.000,0.000,0.000,0.000,0.000
1778942539,35.24,29.92,56.10,0,1,tinyml,,,,39.325,0.000,0.000,0.000,0.000,0.000
1778942544,35.21,29.92,56.10,0,1,tinyml,,,,39.587,0.000,0.000,0.000,0.000,0.000
1778942549,35.18,29.91,56.10,0,1,tinyml,,,,39.587,0.000,0.000,0.000,0.000,0.000
1778942554,35.15,29.95,56.10,0,1,tinyml,,,,39.849,0.000,0.000,0.000,0.000,0.000
1778942559,35.12,29.92,56.20,0,1,tinyml,,,,39.587,0.000,0.000,0.000,0.000,0.000
1778942564,35.14,29.93,56.20,0,1,tinyml,,,,39.718,0.000,0.000,0.000,0.000,0.000
1778942569,35.09,29.93,56.20,0,1,tinyml,,,,39.587,0.000,0.000,0.000,0.000,0.000
1778942574,35.09,29.93,56.20,0,1,tinyml,,,,39.587,0.000,0.000,0.000,0.000,0.000
1778942579,35.07,29.92,56.20,0,1,tinyml,,,,39.325,0.000,0.000,0.000,0.000,0.000
1778942584,35.05,29.95,56.30,0,1,tinyml,,,,39.718,0.000,0.000,0.000,0.000,0.000
1778942589,35.07,29.93,56.40,0,1,tinyml,,,,39.718,0.000,0.000,0.000,0.000,0.000
1778942594,35.05,29.92,56.40,0,1,tinyml,,,,39.718,0.000,0.000,0.000,0.000,0.000
1778942599,35.04,29.92,56.40,0,1,tinyml,,,,39.587,0.000,0.000,0.000,0.000,0.000
1778942604,35.01,29.92,56.40,0,1,tinyml,,,,39.587,0.000,0.000,0.000,0.000,0.000
1778942609,34.97,29.91,56.50,0,1,tinyml,,,,39.456,0.000,0.000,0.000,0.000,0.000
1778942614,34.97,29.91,56.50,0,1,tinyml,,,,39.325,0.000,0.000,0.000,0.000,0.000
1778942619,34.92,29.92,56.50,0,1,tinyml,,,,39.456,0.000,0.000,0.000,0.000,0.000
1778942624,34.92,29.92,56.60,0,1,tinyml,,,,39.456,0.000,0.000,0.000,0.000,0.000
1778942629,34.92,29.91,56.60,0,1,tinyml,,,,39.587,0.000,0.000,0.000,0.000,0.000
1778942634,34.90,29.91,56.60,0,1,tinyml,,,,39.456,0.000,0.000,0.000,0.000,0.000
1778942639,34.90,29.91,56.60,0,1,tinyml,,,,39.194,0.000,0.000,0.000,0.000,0.000
1778942644,34.88,29.89,56.70,0,1,tinyml,,,,39.325,0.000,0.000,0.000,0.000,0.000
1778942649,34.87,29.92,56.70,0,1,tinyml,,,,39.325,0.000,0.000,0.000,0.000,0.000
1778942654,34.86,29.92,56.70,0,1,tinyml,,,,38.933,0.000,0.000,0.000,0.000,0.000
1778942659,34.84,29.89,56.70,0,1,tinyml,,,,39.063,0.000,0.000,0.000,0.000,0.000
1778942664,34.80,29.91,56.70,0,1,tinyml,,,,39.063,0.000,0.000,0.000,0.000,0.000
1778942669,34.81,29.92,56.80,0,1,tinyml,,,,38.933,0.000,0.000,0.000,0.000,0.000
1778942674,34.83,29.89,56.80,0,1,tinyml,,,,38.933,0.000,0.000,0.000,0.000,0.000
1778942679,34.79,29.91,56.80,0,1,tinyml,,,,39.063,0.000,0.000,0.000,0.000,0.000
1778942684,34.77,29.88,56.80,0,1,tinyml,,,,39.063,0.000,0.000,0.000,0.000,0.000
1778942689,34.74,29.89,56.80,0,1,tinyml,,,,38.802,0.000,0.000,0.000,0.000,0.000
1778942694,34.74,29.88,56.90,0,1,tinyml,,,,38.933,0.000,0.000,0.000,0.000,0.000
1778942699,34.73,29.88,56.90,0,1,tinyml,,,,38.933,0.000,0.000,0.000,0.000,0.000
1778942704,34.73,29.88,56.90,0,1,tinyml,,,,38.671,0.000,0.000,0.000,0.000,0.000
1778942709,34.70,29.88,56.90,0,1,tinyml,,,,38.671,0.000,0.000,0.000,0.000,0.000
1778942714,34.70,29.88,56.90,0,1,tinyml,,,,38.671,0.000,0.000,0.000,0.000,0.000
1778942719,34.67,29.88,56.90,0,1,tinyml,,,,38.409,0.000,0.000,0.000,0.000,0.000
1778942724,34.67,29.85,57.00,0,1,tinyml,,,,38.409,0.000,0.000,0.000,0.000,0.000
1778942729,34.66,29.89,57.00,0,1,tinyml,,,,38.540,0.000,0.000,0.000,0.000,0.000
1778942734,34.66,29.88,57.00,0,1,tinyml,,,,38.540,0.000,0.000,0.000,0.000,0.000
1778942739,34.64,29.86,57.00,0,1,tinyml,,,,38.147,0.000,0.000,0.000,0.000,0.000
1778942744,34.63,29.88,57.00,0,1,tinyml,,,,38.147,0.000,0.000,0.000,0.000,0.000
1778942749,34.61,29.88,57.00,0,1,tinyml,,,,38.278,0.000,0.000,0.000,0.000,0.000
1778942754,34.61,29.91,57.10,0,1,tinyml,,,,38.409,0.000,0.000,0.000,0.000,0.000
1778942759,34.59,29.89,57.10,0,1,tinyml,,,,38.147,0.000,0.000,0.000,0.000,0.000
1778942764,34.57,29.88,57.20,0,1,tinyml,,,,38.147,0.000,0.000,0.000,0.000,0.000
1778942769,34.56,29.89,57.20,0,1,tinyml,,,,38.016,0.000,0.000,0.000,0.000,0.000
1778942774,34.54,29.88,57.20,8,1,tinyml,,,,37.754,0.000,0.000,0.000,0.000,0.000
1778942779,34.56,29.88,57.10,8,1,tinyml,,,,37.754,0.000,0.000,0.000,0.000,0.000
1778942784,34.54,29.91,57.20,8,1,tinyml,,,,37.754,0.000,0.000,0.000,0.000,0.000
1778942789,34.52,29.89,57.30,8,1,tinyml,,,,37.754,0.000,0.000,0.000,0.000,0.000
1778942794,34.53,29.91,57.20,13,1,tinyml,,,,37.624,0.000,0.000,0.000,0.000,0.000
1778942799,34.52,29.91,57.20,8,1,tinyml,,,,37.754,0.000,0.000,0.000,0.000,0.000
1778942804,34.49,29.92,57.20,13,1,tinyml,,,,37.624,0.000,0.000,0.000,0.000,0.000
1778942809,34.50,29.91,57.30,13,1,tinyml,,,,37.624,0.000,0.000,0.000,0.000,0.000
1778942814,34.50,29.91,57.30,22,1,tinyml,,,,37.362,0.000,0.000,0.000,0.000,0.000
1778942819,34.46,29.89,57.30,22,1,tinyml,,,,37.362,0.000,0.000,0.000,0.000,0.000
1778942824,34.47,29.91,57.30,27,1,tinyml,,,,37.231,0.000,0.000,0.000,0.000,0.000
1778942829,34.46,29.91,57.30,22,1,tinyml,,,,37.362,0.000,0.000,0.000,0.000,0.000
1778942834,34.47,29.91,57.40,32,1,tinyml,,,,37.100,0.000,0.000,0.000,0.000,0.000
1778942839,34.45,29.92,57.40,37,1,tinyml,,,,36.969,0.000,0.000,0.000,0.000,0.000
1778942844,34.45,29.93,57.30,46,1,tinyml,,,,36.707,0.000,0.000,0.000,0.000,0.000
1778942849,34.47,29.89,57.40,46,1,tinyml,,,,36.707,0.000,0.000,0.000,0.000,0.000
1778942854,34.46,29.89,57.30,41,1,tinyml,,,,36.838,0.000,0.000,0.000,0.000,0.000
1778942859,34.53,29.92,57.20,46,1,tinyml,,,,36.707,0.000,0.000,0.000,0.000,0.000
1778942864,34.54,29.91,57.20,41,1,tinyml,,,,36.838,0.000,0.000,0.000,0.000,0.000
1778942869,34.60,29.91,57.20,41,1,tinyml,,,,36.838,0.000,0.000,0.000,0.000,0.000
1778942874,34.68,29.88,57.00,46,1,tinyml,,,,36.707,0.000,0.000,0.000,0.000,0.000
1778942879,34.71,29.89,56.90,46,1,tinyml,,,,36.707,0.000,0.000,0.000,0.000,0.000
1778942884,34.79,29.89,56.70,46,1,tinyml,,,,36.707,0.000,0.000,0.000,0.000,0.000
1778942889,34.88,29.89,56.60,41,1,tinyml,,,,36.838,0.000,0.000,0.000,0.000,0.000
1778942894,34.97,29.89,56.40,55,1,tinyml,,,,36.446,0.000,0.000,0.000,0.000,0.000
1778942899,35.05,29.91,56.30,51,1,tinyml,,,,36.576,0.000,0.000,0.000,0.000,0.000
1778942904,35.17,29.93,56.10,60,1,tinyml,,,,36.315,0.000,0.000,0.000,0.000,0.000
1778942909,35.24,29.91,55.90,55,1,tinyml,,,,36.446,0.000,0.000,0.000,0.000,0.000
1778942914,35.38,29.92,55.70,65,1,tinyml,,,,36.184,0.000,0.000,0.000,0.000,0.000
1778942919,35.50,29.92,55.50,60,1,tinyml,,,,36.315,0.000,0.000,0.000,0.000,0.000
1778942924,35.63,29.91,55.20,60,1,tinyml,,,,36.315,0.000,0.000,0.000,0.000,0.000
1778942929,35.76,29.91,55.00,51,1,tinyml,,,,36.576,0.000,0.000,0.000,0.000,0.000
1778942934,35.90,29.92,54.70,55,1,tinyml,,,,36.446,0.000,0.000,0.000,0.000,0.000
1778942939,36.07,29.91,54.50,55,1,tinyml,,,,36.446,0.000,0.000,0.000,0.000,0.000
1778942944,36.21,29.89,54.20,60,1,tinyml,,,,36.315,0.000,0.000,0.000,0.000,0.000
1778942949,36.39,29.91,54.00,55,1,tinyml,,,,36.446,0.000,0.000,0.000,0.000,0.000
1778942954,36.53,29.92,53.60,55,1,tinyml,,,,36.446,0.000,0.000,0.000,0.000,0.000
1778942959,36.75,29.91,53.30,60,1,tinyml,,,,36.315,0.000,0.000,0.000,0.000,0.000
1778942964,36.92,29.91,53.00,51,1,tinyml,,,,36.576,0.000,0.000,0.000,0.000,0.000
1778942969,37.01,29.92,52.70,46,1,tinyml,,,,36.707,0.000,0.000,0.000,0.000,0.000
1778942974,37.21,29.91,52.40,51,1,tinyml,,,,36.576,0.000,0.000,0.000,0.000,0.000
1778942979,37.35,29.89,52.10,41,1,tinyml,,,,36.838,0.000,0.000,0.000,0.000,0.000
1778942984,37.51,29.89,51.80,41,1,tinyml,,,,36.838,0.000,0.000,0.000,0.000,0.000
1778942989,37.66,29.89,51.60,37,1,tinyml,,,,36.969,0.000,0.000,0.000,0.000,0.000
1778942994,37.78,29.92,51.30,41,1,tinyml,,,,36.838,0.000,0.000,0.000,0.000,0.000
1778942999,37.94,29.89,51.00,27,1,tinyml,,,,37.231,0.000,0.000,0.000,0.000,0.000
1778943004,38.05,29.89,50.80,32,1,tinyml,,,,37.100,0.000,0.000,0.000,0.000,0.000
1778943009,38.16,29.92,50.60,18,1,tinyml,,,,37.493,0.000,0.000,0.000,0.000,0.000
1778943014,38.21,29.92,50.50,22,1,tinyml,,,,37.362,0.000,0.000,0.000,0.000,0.000
1778943019,38.33,29.91,50.30,18,1,tinyml,,,,37.493,0.000,0.000,0.000,0.000,0.000
1778943024,38.38,29.91,50.20,22,1,tinyml,,,,37.362,0.000,0.000,0.000,0.000,0.000
1778943029,38.40,29.95,50.10,13,1,tinyml,,,,37.624,0.000,0.000,0.000,0.000,0.000
1778943034,38.47,29.91,50.10,13,1,tinyml,,,,37.624,0.000,0.000,0.000,0.000,0.000
1778943039,38.47,29.92,50.00,8,1,tinyml,,,,37.754,0.000,0.000,0.000,0.000,0.000
1778943044,38.48,29.89,50.00,8,1,tinyml,,,,37.754,0.000,0.000,0.000,0.000,0.000
1778943049,38.47,29.91,50.00,13,1,tinyml,,,,37.624,0.000,0.000,0.000,0.000,0.000
1778943054,38.46,29.92,50.00,13,1,tinyml,,,,37.624,0.000,0.000,0.000,0.000,0.000
1778943059,38.41,29.91,50.00,13,1,tinyml,,,,37.624,0.000,0.000,0.000,0.000,0.000
1778943064,38.40,29.91,50.00,13,1,tinyml,,,,37.624,0.000,0.000,0.000,0.000,0.000
1778943069,38.36,29.89,50.10,13,1,tinyml,,,,37.624,0.000,0.000,0.000,0.000,0.000
1778943074,38.29,29.91,50.20,18,1,tinyml,,,,37.493,0.000,0.000,0.000,0.000,0.000
1778943079,38.23,29.86,50.30,4,1,tinyml,,,,37.885,0.000,0.000,0.000,0.000,0.000
1778943084,38.17,29.91,50.40,13,1,tinyml,,,,37.624,0.000,0.000,0.000,0.000,0.000
1778943089,38.12,29.88,50.50,0,1,tinyml,,,,38.016,0.000,0.000,0.000,0.000,0.000
1778943094,38.06,29.89,50.60,0,1,tinyml,,,,38.016,0.000,0.000,0.000,0.000,0.000
1778943099,38.00,29.88,50.70,8,1,tinyml,,,,37.754,0.000,0.000,0.000,0.000,0.000
1778943104,37.94,29.89,50.90,4,1,tinyml,,,,37.885,0.000,0.000,0.000,0.000,0.000
1778943109,37.83,29.86,51.00,8,1,tinyml,,,,37.754,0.000,0.000,0.000,0.000,0.000
1778943114,37.79,29.88,51.20,0,1,tinyml,,,,38.278,0.000,0.000,0.000,0.000,0.000
1778943119,37.72,29.89,51.20,4,1,tinyml,,,,37.885,0.000,0.000,0.000,0.000,0.000
1778943124,37.61,29.88,51.40,0,1,tinyml,,,,38.409,0.000,0.000,0.000,0.000,0.000
1778943129,37.57,29.89,51.50,0,1,tinyml,,,,38.016,0.000,0.000,0.000,0.000,0.000
1778943134,37.51,29.88,51.60,0,1,tinyml,,,,38.016,0.000,0.000,0.000,0.000,0.000
1778943139,37.44,29.88,51.80,0,1,tinyml,,,,38.147,0.000,0.000,0.000,0.000,0.000
1778943144,37.34,29.86,51.90,0,1,tinyml,,,,38.409,0.000,0.000,0.000,0.000,0.000
1778943149,37.28,29.88,52.00,0,1,tinyml,,,,38.016,0.000,0.000,0.000,0.000,0.000
1778943154,37.24,29.88,52.10,0,1,tinyml,,,,38.671,0.000,0.000,0.000,0.000,0.000
1778943159,37.17,29.86,52.30,0,1,tinyml,,,,38.147,0.000,0.000,0.000,0.000,0.000
1778943164,37.11,29.88,52.40,0,1,tinyml,,,,38.802,0.000,0.000,0.000,0.000,0.000
1778943169,37.06,29.91,52.50,0,1,tinyml,,,,38.409,0.000,0.000,0.000,0.000,0.000
1778943174,37.00,29.88,52.70,0,1,tinyml,,,,38.540,0.000,0.000,0.000,0.000,0.000
1778943179,36.93,29.92,52.80,0,1,tinyml,,,,38.802,0.000,0.000,0.000,0.000,0.000
1778943184,36.90,29.91,52.90,0,1,tinyml,,,,38.802,0.000,0.000,0.000,0.000,0.000
1778943189,36.82,29.91,53.00,0,1,tinyml,,,,38.802,0.000,0.000,0.000,0.000,0.000
1778943194,36.78,29.91,53.10,0,1,tinyml,,,,38.933,0.000,0.000,0.000,0.000,0.000
1778943199,36.71,29.89,53.20,0,1,tinyml,,,,38.671,0.000,0.000,0.000,0.000,0.000
1778943204,36.65,29.88,53.30,0,1,tinyml,,,,38.933,0.000,0.000,0.000,0.000,0.000
1778943209,36.62,29.91,53.50,0,1,tinyml,,,,38.933,0.000,0.000,0.000,0.000,0.000
1778943214,36.56,29.89,53.60,0,1,tinyml,,,,39.194,0.000,0.000,0.000,0.000,0.000
1778943219,36.52,29.88,53.70,0,1,tinyml,,,,38.671,0.000,0.000,0.000,0.000,0.000
1778943224,36.45,29.88,53.80,0,1,tinyml,,,,39.325,0.000,0.000,0.000,0.000,0.000
1778943229,36.42,29.89,53.80,0,1,tinyml,,,,38.933,0.000,0.000,0.000,0.000,0.000
1778943234,36.37,29.89,53.90,0,1,tinyml,,,,39.063,0.000,0.000,0.000,0.000,0.000
1778943239,36.34,29.89,54.00,0,1,tinyml,,,,38.802,0.000,0.000,0.000,0.000,0.000
1778943244,36.29,29.91,54.10,0,1,tinyml,,,,39.063,0.000,0.000,0.000,0.000,0.000
1778943249,36.24,29.92,54.20,0,1,tinyml,,,,39.063,0.000,0.000,0.000,0.000,0.000
1778943254,36.18,29.92,54.20,0,1,tinyml,,,,39.194,0.000,0.000,0.000,0.000,0.000
1778943259,36.16,29.89,54.30,0,1,tinyml,,,,38.802,0.000,0.000,0.000,0.000,0.000
1778943264,36.11,29.89,54.40,0,1,tinyml,,,,39.063,0.000,0.000,0.000,0.000,0.000
1778943269,36.11,29.89,54.50,0,1,tinyml,,,,38.802,0.000,0.000,0.000,0.000,0.000
1778943274,36.02,29.92,54.50,0,1,tinyml,,,,39.063,0.000,0.000,0.000,0.000,0.000
1778943279,36.02,29.91,54.60,0,1,tinyml,,,,38.540,0.000,0.000,0.000,0.000,0.000
1778943284,35.98,29.91,54.60,0,1,tinyml,,,,38.802,0.000,0.000,0.000,0.000,0.000
1778943289,35.94,29.88,54.70,0,1,tinyml,,,,38.671,0.000,0.000,0.000,0.000,0.000
1778943294,35.91,29.89,54.80,0,1,tinyml,,,,38.933,0.000,0.000,0.000,0.000,0.000
1778943299,35.87,29.89,54.90,0,1,tinyml,,,,38.540,0.000,0.000,0.000,0.000,0.000
1778943304,35.86,29.89,55.00,0,1,tinyml,,,,39.063,0.000,0.000,0.000,0.000,0.000
1778943309,35.82,29.89,54.90,0,1,tinyml,,,,38.671,0.000,0.000,0.000,0.000,0.000
1778943314,35.80,29.89,55.00,0,1,tinyml,,,,39.063,0.000,0.000,0.000,0.000,0.000
1778943319,35.77,29.93,55.10,0,1,tinyml,,,,38.933,0.000,0.000,0.000,0.000,0.000
1778943324,35.74,29.92,55.10,0,1,tinyml,,,,38.933,0.000,0.000,0.000,0.000,0.000
1778943329,35.72,29.92,55.20,0,1,tinyml,,,,38.933,0.000,0.000,0.000,0.000,0.000
1778943334,35.67,29.91,55.20,0,1,tinyml,,,,38.933,0.000,0.000,0.000,0.000,0.000
1778943339,35.67,29.91,55.20,0,1,tinyml,,,,38.802,0.000,0.000,0.000,0.000,0.000
1778943344,35.65,29.89,55.30,0,1,tinyml,,,,39.325,0.000,0.000,0.000,0.000,0.000
1778943349,35.60,29.92,55.30,0,1,tinyml,,,,38.933,0.000,0.000,0.000,0.000,0.000
1778943354,35.59,29.92,55.40,0,1,tinyml,,,,39.456,0.000,0.000,0.000,0.000,0.000
1778943359,35.56,29.92,55.40,0,1,tinyml,,,,39.194,0.000,0.000,0.000,0.000,0.000
1778943364,35.55,29.93,55.50,0,1,tinyml,,,,39.587,0.000,0.000,0.000,0.000,0.000
1778943369,35.55,29.92,55.60,0,1,tinyml,,,,39.325,0.000,0.000,0.000,0.000,0.000
1778943374,35.49,29.91,55.50,0,1,tinyml,,,,39.587,0.000,0.000,0.000,0.000,0.000
1778943379,35.47,29.93,55.60,0,1,tinyml,,,,39.587,0.000,0.000,0.000,0.000,0.000
1778943384,35.47,29.92,55.70,0,1,tinyml,,,,39.456,0.000,0.000,0.000,0.000,0.000
1778943389,35.47,29.92,55.60,0,1,tinyml,,,,39.456,0.000,0.000,0.000,0.000,0.000
1778943394,35.42,29.91,55.70,0,1,tinyml,,,,39.325,0.000,0.000,0.000,0.000,0.000
1778943399,35.38,29.92,55.70,0,1,tinyml,,,,39.456,0.000,0.000,0.000,0.000,0.000
1778943404,35.39,29.89,55.80,0,1,tinyml,,,,39.849,0.000,0.000,0.000,0.000,0.000
1778943409,35.38,29.93,55.80,0,1,tinyml,,,,39.456,0.000,0.000,0.000,0.000,0.000
1778943414,35.34,29.92,55.80,0,1,tinyml,,,,39.587,0.000,0.000,0.000,0.000,0.000
1778943419,35.32,29.93,55.90,0,1,tinyml,,,,39.587,0.000,0.000,0.000,0.000,0.000
1778943424,35.29,29.92,55.90,0,1,tinyml,,,,39.456,0.000,0.000,0.000,0.000,0.000
1778943429,35.28,29.91,55.90,0,1,tinyml,,,,39.587,0.000,0.000,0.000,0.000,0.000
1778943434,35.28,29.91,56.00,0,1,tinyml,,,,39.849,0.000,0.000,0.000,0.000,0.000
1778943439,35.24,29.92,56.00,0,1,tinyml,,,,39.587,0.000,0.000,0.000,0.000,0.000
1778943444,35.24,29.91,56.00,0,1,tinyml,,,,39.587,0.000,0.000,0.000,0.000,0.000
1778943449,35.22,29.89,56.00,0,1,tinyml,,,,39.456,0.000,0.000,0.000,0.000,0.000
1778943454,35.21,29.88,56.00,0,1,tinyml,,,,39.587,0.000,0.000,0.000,0.000,0.000
1778943459,35.19,29.89,56.10,0,1,tinyml,,,,39.587,0.000,0.000,0.000,0.000,0.000
1778943464,35.17,29.89,56.20,0,1,tinyml,,,,39.325,0.000,0.000,0.000,0.000,0.000
1778943469,35.14,29.86,56.10,0,1,tinyml,,,,39.587,0.000,0.000,0.000,0.000,0.000
1778943474,35.14,29.86,56.20,0,1,tinyml,,,,39.587,0.000,0.000,0.000,0.000,0.000
1778943479,35.12,29.88,56.20,0,1,tinyml,,,,39.456,0.000,0.000,0.000,0.000,0.000
1778943484,35.11,29.86,56.20,0,1,tinyml,,,,39.587,0.000,0.000,0.000,0.000,0.000
1778943489,35.07,29.85,56.20,0,1,tinyml,,,,39.325,0.000,0.000,0.000,0.000,0.000
1778943494,35.09,29.89,56.20,0,1,tinyml,,,,39.325,0.000,0.000,0.000,0.000,0.000
1778943499,35.05,29.88,56.30,0,1,tinyml,,,,39.325,0.000,0.000,0.000,0.000,0.000
1778943504,35.07,29.88,56.30,0,1,tinyml,,,,39.325,0.000,0.000,0.000,0.000,0.000
1778943509,35.07,29.91,56.30,0,1,tinyml,,,,39.063,0.000,0.000,0.000,0.000,0.000
1778943514,35.04,29.88,56.40,0,1,tinyml,,,,39.456,0.000,0.000,0.000,0.000,0.000
1778943519,35.00,29.86,56.40,0,1,tinyml,,,,39.456,0.000,0.000,0.000,0.000,0.000
1778943524,35.02,29.91,56.40,0,1,tinyml,,,,39.194,0.000,0.000,0.000,0.000,0.000
1778943529,35.00,29.88,56.40,0,1,tinyml,,,,39.194,0.000,0.000,0.000,0.000,0.000
1778943534,34.98,29.92,56.40,0,1,tinyml,,,,39.194,0.000,0.000,0.000,0.000,0.000
1778943539,34.97,29.89,56.40,0,1,tinyml,,,,38.933,0.000,0.000,0.000,0.000,0.000
1778943544,34.95,29.91,56.50,0,1,tinyml,,,,39.063,0.000,0.000,0.000,0.000,0.000
1778943549,34.94,29.91,56.50,0,1,tinyml,,,,38.933,0.000,0.000,0.000,0.000,0.000
1778943554,34.92,29.91,56.50,0,1,tinyml,,,,39.063,0.000,0.000,0.000,0.000,0.000
1778943559,34.92,29.91,56.50,0,1,tinyml,,,,38.933,0.000,0.000,0.000,0.000,0.000
1778943564,34.92,29.93,56.60,0,1,tinyml,,,,38.933,0.000,0.000,0.000,0.000,0.000
1778943569,34.91,29.95,56.60,0,1,tinyml,,,,38.933,0.000,0.000,0.000,0.000,0.000
1778943574,34.88,29.92,56.60,0,1,tinyml,,,,39.063,0.000,0.000,0.000,0.000,0.000
1778943579,34.88,29.93,56.60,0,1,tinyml,,,,39.063,0.000,0.000,0.000,0.000,0.000
1778943584,34.87,29.92,56.60,0,1,tinyml,,,,38.802,0.000,0.000,0.000,0.000,0.000
1778943589,34.86,29.91,56.70,0,1,tinyml,,,,38.933,0.000,0.000,0.000,0.000,0.000
1778943594,34.86,29.93,56.70,0,1,tinyml,,,,38.802,0.000,0.000,0.000,0.000,0.000
1778943599,34.81,29.93,56.70,0,1,tinyml,,,,38.933,0.000,0.000,0.000,0.000,0.000
1778943604,34.83,29.92,56.70,0,1,tinyml,,,,38.671,0.000,0.000,0.000,0.000,0.000
1778943609,34.81,29.93,56.70,0,1,tinyml,,,,38.671,0.000,0.000,0.000,0.000,0.000
1778943614,34.80,29.92,56.70,0,1,tinyml,,,,38.671,0.000,0.000,0.000,0.000,0.000
1778943619,34.80,29.93,56.70,0,1,tinyml,,,,38.671,0.000,0.000,0.000,0.000,0.000
1778943624,34.79,29.93,56.80,0,1,tinyml,,,,38.409,0.000,0.000,0.000,0.000,0.000
1778943629,34.77,29.92,56.80,0,1,tinyml,,,,38.409,0.000,0.000,0.000,0.000,0.000
1778943634,34.77,29.95,56.80,0,1,tinyml,,,,38.409,0.000,0.000,0.000,0.000,0.000
1778943639,34.74,29.93,56.80,0,1,tinyml,,,,38.540,0.000,0.000,0.000,0.000,0.000
1778943644,34.74,29.92,56.80,0,1,tinyml,,,,38.540,0.000,0.000,0.000,0.000,0.000
1778943649,34.74,29.93,56.80,0,1,tinyml,,,,38.409,0.000,0.000,0.000,0.000,0.000
1778943654,34.71,29.93,56.80,0,1,tinyml,,,,38.278,0.000,0.000,0.000,0.000,0.000
1778943659,34.71,29.93,56.80,0,1,tinyml,,,,38.278,0.000,0.000,0.000,0.000,0.000
1778943664,34.70,29.93,56.90,0,1,tinyml,,,,38.278,0.000,0.000,0.000,0.000,0.000
1778943669,34.70,29.93,56.90,0,1,tinyml,,,,38.278,0.000,0.000,0.000,0.000,0.000
1778943674,34.71,29.97,56.90,0,1,tinyml,,,,38.147,0.000,0.000,0.000,0.000,0.000
1778943679,34.68,29.97,56.90,0,1,tinyml,,,,38.147,0.000,0.000,0.000,0.000,0.000
1778943684,34.67,29.93,57.00,0,1,tinyml,,,,38.147,0.000,0.000,0.000,0.000,0.000
1778943689,34.67,29.93,57.00,0,1,tinyml,,,,38.016,0.000,0.000,0.000,0.000,0.000
1778943695,34.64,29.95,57.00,8,1,tinyml,,,,37.754,0.000,0.000,0.000,0.000,0.000
1778943699,34.66,29.93,57.00,0,1,tinyml,,,,38.147,0.000,0.000,0.000,0.000,0.000
1778943704,34.66,29.92,57.00,8,1,tinyml,,,,37.754,0.000,0.000,0.000,0.000,0.000
1778943709,34.61,29.92,57.00,8,1,tinyml,,,,37.754,0.000,0.000,0.000,0.000,0.000
1778943714,34.60,29.93,57.00,8,1,tinyml,,,,37.754,0.000,0.000,0.000,0.000,0.000
1778943719,34.63,29.95,57.00,8,1,tinyml,,,,37.754,0.000,0.000,0.000,0.000,0.000
1778943724,34.60,29.93,57.00,13,1,tinyml,,,,37.624,0.000,0.000,0.000,0.000,0.000
1778943729,34.59,29.93,57.00,0,1,tinyml,,,,38.016,0.000,0.000,0.000,0.000,0.000
1778943734,34.59,29.92,57.10,13,1,tinyml,,,,37.624,0.000,0.000,0.000,0.000,0.000
1778943739,34.56,29.91,57.10,13,1,tinyml,,,,37.624,0.000,0.000,0.000,0.000,0.000
1778943744,34.57,29.91,57.10,27,1,tinyml,,,,37.231,0.000,0.000,0.000,0.000,0.000
1778943749,34.56,29.91,57.10,13,1,tinyml,,,,37.624,0.000,0.000,0.000,0.000,0.000
1778943754,34.54,29.92,57.20,22,1,tinyml,,,,37.362,0.000,0.000,0.000,0.000,0.000
1778943759,34.54,29.89,57.10,22,1,tinyml,,,,37.362,0.000,0.000,0.000,0.000,0.000
1778943764,34.52,29.92,57.10,18,1,tinyml,,,,37.493,0.000,0.000,0.000,0.000,0.000
1778943769,34.56,29.91,57.10,32,1,tinyml,,,,37.100,0.000,0.000,0.000,0.000,0.000
1778943774,34.56,29.89,57.10,37,1,tinyml,,,,36.969,0.000,0.000,0.000,0.000,0.000
1778943779,34.54,29.91,57.20,32,1,tinyml,,,,37.100,0.000,0.000,0.000,0.000,0.000
1778943784,34.56,29.88,57.10,37,1,tinyml,,,,36.969,0.000,0.000,0.000,0.000,0.000
1778943789,34.57,29.88,57.10,37,1,tinyml,,,,36.969,0.000,0.000,0.000,0.000,0.000
1778943794,34.59,29.86,57.00,46,1,tinyml,,,,36.707,0.000,0.000,0.000,0.000,0.000
1778943799,34.61,29.91,57.00,41,1,tinyml,,,,36.838,0.000,0.000,0.000,0.000,0.000
1778943804,34.64,29.91,56.90,51,1,tinyml,,,,36.576,0.000,0.000,0.000,0.000,0.000
1778943809,34.71,29.92,56.80,41,1,tinyml,,,,36.838,0.000,0.000,0.000,0.000,0.000
1778943814,34.76,29.91,56.80,51,1,tinyml,,,,36.576,0.000,0.000,0.000,0.000,0.000
1778943819,34.83,29.93,56.70,51,1,tinyml,,,,36.576,0.000,0.000,0.000,0.000,0.000
1778943824,34.88,29.92,56.50,41,1,tinyml,,,,36.838,0.000,0.000,0.000,0.000,0.000
1778943829,34.97,29.92,56.40,46,1,tinyml,,,,36.707,0.000,0.000,0.000,0.000,0.000
1778943834,35.08,29.92,56.20,46,1,tinyml,,,,36.707,0.000,0.000,0.000,0.000,0.000
1778943839,35.17,29.92,56.10,51,1,tinyml,,,,36.576,0.000,0.000,0.000,0.000,0.000
1778943844,35.25,29.93,55.90,60,1,tinyml,,,,36.315,0.000,0.000,0.000,0.000,0.000
1778943849,35.38,29.95,55.60,51,1,tinyml,,,,36.576,0.000,0.000,0.000,0.000,0.000
1778943854,35.49,29.93,55.50,55,1,tinyml,,,,36.446,0.000,0.000,0.000,0.000,0.000
1778943859,35.59,29.95,55.20,55,1,tinyml,,,,36.446,0.000,0.000,0.000,0.000,0.000
1778943864,35.74,29.89,55.00,51,1,tinyml,,,,36.576,0.000,0.000,0.000,0.000,0.000
1778943869,35.87,29.93,54.70,41,1,tinyml,,,,36.838,0.000,0.000,0.000,0.000,0.000
1778943874,36.04,29.91,54.50,55,1,tinyml,,,,36.446,0.000,0.000,0.000,0.000,0.000
1778943879,36.17,29.93,54.20,51,1,tinyml,,,,36.576,0.000,0.000,0.000,0.000,0.000
1778943884,36.32,29.91,54.00,51,1,tinyml,,,,36.576,0.000,0.000,0.000,0.000,0.000
1778943889,36.45,29.91,53.70,60,1,tinyml,,,,36.315,0.000,0.000,0.000,0.000,0.000
1778943894,36.56,29.91,53.40,60,1,tinyml,,,,36.315,0.000,0.000,0.000,0.000,0.000
1778943899,36.72,29.95,53.20,51,1,tinyml,,,,36.576,0.000,0.000,0.000,0.000,0.000
1778943904,36.84,29.93,53.00,46,1,tinyml,,,,36.707,0.000,0.000,0.000,0.000,0.000
1778943909,37.01,29.93,52.70,41,1,tinyml,,,,36.838,0.000,0.000,0.000,0.000,0.000
1778943914,37.16,29.95,52.40,46,1,tinyml,,,,36.707,0.000,0.000,0.000,0.000,0.000
1778943919,37.27,29.97,52.10,46,1,tinyml,,,,36.707,0.000,0.000,0.000,0.000,0.000
1778943924,37.41,29.92,52.00,46,1,tinyml,,,,36.707,0.000,0.000,0.000,0.000,0.000
1778943929,37.54,29.91,51.70,41,1,tinyml,,,,36.838,0.000,0.000,0.000,0.000,0.000
1778943934,37.68,29.92,51.50,27,1,tinyml,,,,37.231,0.000,0.000,0.000,0.000,0.000
1778943939,37.81,29.92,51.20,27,1,tinyml,,,,37.231,0.000,0.000,0.000,0.000,0.000
1778943944,37.88,29.89,51.00,32,1,tinyml,,,,37.100,0.000,0.000,0.000,0.000,0.000
1778943949,37.99,29.89,50.90,22,1,tinyml,,,,37.362,0.000,0.000,0.000,0.000,0.000
1778943954,38.05,29.88,50.70,27,1,tinyml,,,,37.231,0.000,0.000,0.000,0.000,0.000
1778943959,38.13,29.89,50.60,18,1,tinyml,,,,37.493,0.000,0.000,0.000,0.000,0.000
1778943964,38.19,29.88,50.50,13,1,tinyml,,,,37.624,0.000,0.000,0.000,0.000,0.000
1778943969,38.26,29.88,50.30,18,1,tinyml,,,,37.493,0.000,0.000,0.000,0.000,0.000
1778943974,38.27,29.86,50.30,18,1,tinyml,,,,37.493,0.000,0.000,0.000,0.000,0.000
1778943979,38.31,29.88,50.20,8,1,tinyml,,,,37.754,0.000,0.000,0.000,0.000,0.000
1778943984,38.31,29.89,50.20,18,1,tinyml,,,,37.493,0.000,0.000,0.000,0.000,0.000
1778943989,38.31,29.89,50.20,13,1,tinyml,,,,37.624,0.000,0.000,0.000,0.000,0.000
1778943994,38.30,29.86,50.20,13,1,tinyml,,,,37.624,0.000,0.000,0.000,0.000,0.000
1778943999,38.27,29.85,50.20,18,1,tinyml,,,,37.493,0.000,0.000,0.000,0.000,0.000
1778944004,38.23,29.86,50.30,18,1,tinyml,,,,37.493,0.000,0.000,0.000,0.000,0.000
1778944009,38.20,29.89,50.30,18,1,tinyml,,,,37.493,0.000,0.000,0.000,0.000,0.000
1778944014,38.16,29.88,50.40,13,1,tinyml,,,,37.624,0.000,0.000,0.000,0.000,0.000
1778944019,38.13,29.88,50.50,8,1,tinyml,,,,37.754,0.000,0.000,0.000,0.000,0.000
1778944024,38.08,29.89,50.60,8,1,tinyml,,,,37.754,0.000,0.000,0.000,0.000,0.000
1778944029,38.02,29.86,50.70,13,1,tinyml,,,,37.624,0.000,0.000,0.000,0.000,0.000
1778944034,37.94,29.86,50.80,4,1,tinyml,,,,37.885,0.000,0.000,0.000,0.000,0.000
1778944039,37.88,29.86,50.90,4,1,tinyml,,,,37.885,0.000,0.000,0.000,0.000,0.000
1778944044,37.85,29.89,51.00,0,1,tinyml,,,,38.147,0.000,0.000,0.000,0.000,0.000
1778944049,37.76,29.88,51.20,0,1,tinyml,,,,38.147,0.000,0.000,0.000,0.000,0.000
1778944054,37.71,29.88,51.20,0,1,tinyml,,,,38.016,0.000,0.000,0.000,0.000,0.000
1778944059,37.64,29.85,51.40,0,1,tinyml,,,,38.147,0.000,0.000,0.000,0.000,0.000
1778944064,37.60,29.84,51.50,0,1,tinyml,,,,38.147,0.000,0.000,0.000,0.000,0.000
1778944069,37.53,29.85,51.60,0,1,tinyml,,,,38.147,0.000,0.000,0.000,0.000,0.000
1778944074,37.45,29.84,51.70,0,1,tinyml,,,,38.409,0.000,0.000,0.000,0.000,0.000
1778944079,37.37,29.85,51.90,0,1,tinyml,,,,38.409,0.000,0.000,0.000,0.000,0.000
1778944084,37.34,29.86,52.00,0,1,tinyml,,,,38.016,0.000,0.000,0.000,0.000,0.000
1778944089,37.26,29.84,52.00,0,1,tinyml,,,,38.540,0.000,0.000,0.000,0.000,0.000
1778944094,37.19,29.84,52.20,0,1,tinyml,,,,38.278,0.000,0.000,0.000,0.000,0.000
1778944099,37.16,29.82,52.30,0,1,tinyml,,,,38.671,0.000,0.000,0.000,0.000,0.000
1778944104,37.07,29.82,52.40,0,1,tinyml,,,,38.540,0.000,0.000,0.000,0.000,0.000
1778944109,37.03,29.81,52.50,0,1,tinyml,,,,38.540,0.000,0.000,0.000,0.000,0.000
1778944114,36.96,29.82,52.60,0,1,tinyml,,,,38.671,0.000,0.000,0.000,0.000,0.000
1778944119,36.92,29.82,52.80,0,1,tinyml,,,,38.802,0.000,0.000,0.000,0.000,0.000
1778944124,36.83,29.81,52.90,0,1,tinyml,,,,38.802,0.000,0.000,0.000,0.000,0.000
1778944129,36.82,29.81,53.00,0,1,tinyml,,,,39.063,0.000,0.000,0.000,0.000,0.000
1778944134,36.76,29.81,53.10,0,1,tinyml,,,,38.802,0.000,0.000,0.000,0.000,0.000
1778944139,36.71,29.84,53.20,0,1,tinyml,,,,38.802,0.000,0.000,0.000,0.000,0.000
1778944144,36.63,29.82,53.30,0,1,tinyml,,,,38.933,0.000,0.000,0.000,0.000,0.000
1778944149,36.61,29.85,53.40,0,1,tinyml,,,,38.933,0.000,0.000,0.000,0.000,0.000
1778944154,36.55,29.86,53.50,0,1,tinyml,,,,39.194,0.000,0.000,0.000,0.000,0.000
1778944159,36.49,29.84,53.50,0,1,tinyml,,,,39.194,0.000,0.000,0.000,0.000,0.000
1778944164,36.44,29.84,53.70,0,1,tinyml,,,,39.194,0.000,0.000,0.000,0.000,0.000
1778944169,36.42,29.82,53.80,0,1,tinyml,,,,39.063,0.000,0.000,0.000,0.000,0.000
1778944174,36.35,29.86,53.80,0,1,tinyml,,,,39.194,0.000,0.000,0.000,0.000,0.000
1778944179,36.31,29.84,54.00,0,1,tinyml,,,,39.325,0.000,0.000,0.000,0.000,0.000
1778944184,36.27,29.84,54.00,0,1,tinyml,,,,39.063,0.000,0.000,0.000,0.000,0.000
1778944189,36.25,29.84,54.10,0,1,tinyml,,,,39.063,0.000,0.000,0.000,0.000,0.000
1778944194,36.20,29.81,54.20,0,1,tinyml,,,,39.325,0.000,0.000,0.000,0.000,0.000
1778944199,36.16,29.85,54.20,0,1,tinyml,,,,38.802,0.000,0.000,0.000,0.000,0.000
1778944204,36.14,29.82,54.30,0,1,tinyml,,,,39.063,0.000,0.000,0.000,0.000,0.000
1778944209,36.08,29.84,54.40,0,1,tinyml,,,,39.194,0.000,0.000,0.000,0.000,0.000
1778944214,36.05,29.82,54.40,0,1,tinyml,,,,38.933,0.000,0.000,0.000,0.000,0.000
1778944219,36.01,29.82,54.50,0,1,tinyml,,,,38.802,0.000,0.000,0.000,0.000,0.000
1778944224,35.97,29.84,54.50,0,1,tinyml,,,,39.063,0.000,0.000,0.000,0.000,0.000
1778944229,35.94,29.85,54.60,0,1,tinyml,,,,38.933,0.000,0.000,0.000,0.000,0.000
1778944234,35.91,29.85,54.70,0,1,tinyml,,,,38.933,0.000,0.000,0.000,0.000,0.000
1778944239,35.91,29.86,54.70,0,1,tinyml,,,,38.933,0.000,0.000,0.000,0.000,0.000
1778944244,35.87,29.86,54.70,0,1,tinyml,,,,38.933,0.000,0.000,0.000,0.000,0.000
1778944249,35.84,29.88,54.80,0,1,tinyml,,,,39.063,0.000,0.000,0.000,0.000,0.000
1778944254,35.82,29.86,54.80,0,1,tinyml,,,,39.063,0.000,0.000,0.000,0.000,0.000
1778944259,35.82,29.85,55.00,0,1,tinyml,,,,38.802,0.000,0.000,0.000,0.000,0.000
1778944264,35.76,29.88,55.00,0,1,tinyml,,,,39.194,0.000,0.000,0.000,0.000,0.000
1778944269,35.73,29.85,55.00,0,1,tinyml,,,,38.933,0.000,0.000,0.000,0.000,0.000
1778944274,35.70,29.84,55.10,0,1,tinyml,,,,39.063,0.000,0.000,0.000,0.000,0.000
1778944279,35.67,29.81,55.10,0,1,tinyml,,,,38.933,0.000,0.000,0.000,0.000,0.000
1778944284,35.66,29.84,55.20,0,1,tinyml,,,,39.194,0.000,0.000,0.000,0.000,0.000
1778944289,35.65,29.82,55.20,0,1,tinyml,,,,39.325,0.000,0.000,0.000,0.000,0.000
1778944294,35.60,29.84,55.30,0,1,tinyml,,,,39.194,0.000,0.000,0.000,0.000,0.000
1778944299,35.60,29.82,55.30,0,1,tinyml,,,,39.194,0.000,0.000,0.000,0.000,0.000
1778944304,35.57,29.81,55.30,0,1,tinyml,,,,39.194,0.000,0.000,0.000,0.000,0.000
1778944309,35.55,29.81,55.40,0,1,tinyml,,,,39.194,0.000,0.000,0.000,0.000,0.000
1778944314,35.53,29.82,55.30,0,1,tinyml,,,,39.587,0.000,0.000,0.000,0.000,0.000
1778944319,35.52,29.82,55.40,0,1,tinyml,,,,39.456,0.000,0.000,0.000,0.000,0.000
1778944325,35.49,29.84,55.50,0,1,tinyml,,,,39.456,0.000,0.000,0.000,0.000,0.000
1778944329,35.47,29.85,55.50,0,1,tinyml,,,,39.456,0.000,0.000,0.000,0.000,0.000
1778944334,35.46,29.82,55.50,0,1,tinyml,,,,39.718,0.000,0.000,0.000,0.000,0.000
1778944339,35.43,29.84,55.50,0,1,tinyml,,,,39.456,0.000,0.000,0.000,0.000,0.000
1778944344,35.42,29.85,55.60,0,1,tinyml,,,,39.849,0.000,0.000,0.000,0.000,0.000
1778944349,35.41,29.84,55.60,0,1,tinyml,,,,39.456,0.000,0.000,0.000,0.000,0.000
1778944354,35.35,29.84,55.60,0,1,tinyml,,,,39.456,0.000,0.000,0.000,0.000,0.000
1778944359,35.36,29.84,55.70,0,1,tinyml,,,,39.587,0.000,0.000,0.000,0.000,0.000
1778944364,35.32,29.84,55.70,0,1,tinyml,,,,39.325,0.000,0.000,0.000,0.000,0.000
1778944369,35.31,29.85,55.70,0,1,tinyml,,,,39.587,0.000,0.000,0.000,0.000,0.000
1778944374,35.29,29.85,55.80,0,1,tinyml,,,,39.456,0.000,0.000,0.000,0.000,0.000
1778944379,35.29,29.86,55.80,0,1,tinyml,,,,39.587,0.000,0.000,0.000,0.000,0.000
1778944384,35.27,29.86,55.80,0,1,tinyml,,,,39.587,0.000,0.000,0.000,0.000,0.000
1778944389,35.24,29.85,55.80,0,1,tinyml,,,,39.456,0.000,0.000,0.000,0.000,0.000
1778944394,35.25,29.86,55.80,0,1,tinyml,,,,39.587,0.000,0.000,0.000,0.000,0.000
1778944399,35.24,29.89,55.90,0,1,tinyml,,,,39.456,0.000,0.000,0.000,0.000,0.000
1778944404,35.21,29.85,55.90,0,1,tinyml,,,,39.325,0.000,0.000,0.000,0.000,0.000
1778944409,35.19,29.85,55.90,0,1,tinyml,,,,39.325,0.000,0.000,0.000,0.000,0.000
1778944414,35.17,29.88,56.00,0,1,tinyml,,,,39.718,0.000,0.000,0.000,0.000,0.000
1778944419,35.15,29.89,56.00,0,1,tinyml,,,,39.456,0.000,0.000,0.000,0.000,0.000
1778944424,35.14,29.86,56.00,0,1,tinyml,,,,39.456,0.000,0.000,0.000,0.000,0.000
1778944429,35.14,29.88,56.00,0,1,tinyml,,,,39.587,0.000,0.000,0.000,0.000,0.000
1778944434,35.12,29.89,56.10,0,1,tinyml,,,,39.325,0.000,0.000,0.000,0.000,0.000
1778944439,35.09,29.86,56.00,0,1,tinyml,,,,39.194,0.000,0.000,0.000,0.000,0.000
1778944444,35.08,29.85,56.10,0,1,tinyml,,,,39.194,0.000,0.000,0.000,0.000,0.000
1778944449,35.08,29.85,56.10,0,1,tinyml,,,,39.194,0.000,0.000,0.000,0.000,0.000
1778944454,35.09,29.85,56.10,0,1,tinyml,,,,39.194,0.000,0.000,0.000,0.000,0.000
1778944459,35.07,29.84,56.10,0,1,tinyml,,,,39.456,0.000,0.000,0.000,0.000,0.000
1778944464,35.04,29.86,56.20,0,1,tinyml,,,,39.194,0.000,0.000,0.000,0.000,0.000
1778944469,35.04,29.86,56.20,0,1,tinyml,,,,39.194,0.000,0.000,0.000,0.000,0.000
1778944474,35.04,29.88,56.20,0,1,tinyml,,,,39.194,0.000,0.000,0.000,0.000,0.000
1778944479,35.00,29.89,56.20,0,1,tinyml,,,,39.194,0.000,0.000,0.000,0.000,0.000
1778944484,35.01,29.88,56.20,0,1,tinyml,,,,38.933,0.000,0.000,0.000,0.000,0.000
1778944489,34.97,29.86,56.20,0,1,tinyml,,,,39.063,0.000,0.000,0.000,0.000,0.000
1778944494,34.97,29.86,56.30,0,1,tinyml,,,,38.933,0.000,0.000,0.000,0.000,0.000
1778944499,34.94,29.88,56.30,0,1,tinyml,,,,39.194,0.000,0.000,0.000,0.000,0.000
1778944504,34.95,29.86,56.30,0,1,tinyml,,,,38.933,0.000,0.000,0.000,0.000,0.000
1778944509,34.94,29.86,56.30,0,1,tinyml,,,,38.802,0.000,0.000,0.000,0.000,0.000
1778944514,34.90,29.86,56.40,0,1,tinyml,,,,38.933,0.000,0.000,0.000,0.000,0.000
1778944519,34.91,29.85,56.30,0,1,tinyml,,,,39.063,0.000,0.000,0.000,0.000,0.000
1778944524,34.90,29.88,56.40,0,1,tinyml,,,,38.933,0.000,0.000,0.000,0.000,0.000
1778944529,34.90,29.86,56.40,0,1,tinyml,,,,38.671,0.000,0.000,0.000,0.000,0.000
1778944534,34.91,29.86,56.40,0,1,tinyml,,,,38.802,0.000,0.000,0.000,0.000,0.000
1778944539,34.87,29.89,56.40,0,1,tinyml,,,,38.802,0.000,0.000,0.000,0.000,0.000
1778944544,34.86,29.88,56.50,0,1,tinyml,,,,38.802,0.000,0.000,0.000,0.000,0.000
1778944549,34.86,29.88,56.50,0,1,tinyml,,,,38.540,0.000,0.000,0.000,0.000,0.000
1778944554,34.83,29.88,56.50,0,1,tinyml,,,,38.540,0.000,0.000,0.000,0.000,0.000
1778944559,34.84,29.88,56.50,0,1,tinyml,,,,38.540,0.000,0.000,0.000,0.000,0.000
1778944564,34.79,29.89,56.50,0,1,tinyml,,,,38.540,0.000,0.000,0.000,0.000,0.000
1778944569,34.83,29.89,56.50,0,1,tinyml,,,,38.802,0.000,0.000,0.000,0.000,0.000
1778944574,34.80,29.88,56.50,0,1,tinyml,,,,38.409,0.000,0.000,0.000,0.000,0.000
1778944579,34.80,29.88,56.60,0,1,tinyml,,,,38.409,0.000,0.000,0.000,0.000,0.000
1778944584,34.79,29.89,56.60,0,1,tinyml,,,,38.409,0.000,0.000,0.000,0.000,0.000
1778944589,34.77,29.89,56.60,0,1,tinyml,,,,38.409,0.000,0.000,0.000,0.000,0.000
1778944594,34.77,29.89,56.60,0,1,tinyml,,,,38.409,0.000,0.000,0.000,0.000,0.000
1778944599,34.76,29.86,56.60,0,1,tinyml,,,,38.409,0.000,0.000,0.000,0.000,0.000
1778944604,34.74,29.88,56.60,0,1,tinyml,,,,38.409,0.000,0.000,0.000,0.000,0.000
1778944609,34.74,29.89,56.70,0,1,tinyml,,,,38.278,0.000,0.000,0.000,0.000,0.000
1778944614,34.73,29.88,56.70,0,1,tinyml,,,,38.278,0.000,0.000,0.000,0.000,0.000
1778944619,34.71,29.89,56.70,0,1,tinyml,,,,38.278,0.000,0.000,0.000,0.000,0.000
1778944624,34.71,29.88,56.70,0,1,tinyml,,,,38.016,0.000,0.000,0.000,0.000,0.000
1778944629,34.71,29.89,56.70,0,1,tinyml,,,,38.147,0.000,0.000,0.000,0.000,0.000
1778944634,34.71,29.88,56.70,0,1,tinyml,,,,38.147,0.000,0.000,0.000,0.000,0.000
1778944639,34.70,29.89,56.70,0,1,tinyml,,,,38.147,0.000,0.000,0.000,0.000,0.000
1778944644,34.70,29.88,56.70,0,1,tinyml,,,,38.016,0.000,0.000,0.000,0.000,0.000
1778944649,34.66,29.89,56.70,8,1,tinyml,,,,37.754,0.000,0.000,0.000,0.000,0.000
1778944654,34.66,29.89,56.70,8,1,tinyml,,,,37.754,0.000,0.000,0.000,0.000,0.000
1778944659,34.66,29.88,56.70,8,1,tinyml,,,,37.754,0.000,0.000,0.000,0.000,0.000
1778944664,34.66,29.86,56.80,8,1,tinyml,,,,37.754,0.000,0.000,0.000,0.000,0.000
1778944669,34.63,29.88,56.80,8,1,tinyml,,,,37.754,0.000,0.000,0.000,0.000,0.000
1778944674,34.63,29.89,56.80,0,1,tinyml,,,,38.016,0.000,0.000,0.000,0.000,0.000
1778944679,34.61,29.86,56.80,13,1,tinyml,,,,37.624,0.000,0.000,0.000,0.000,0.000
1778944684,34.64,29.88,56.80,8,1,tinyml,,,,37.754,0.000,0.000,0.000,0.000,0.000
1778944689,34.60,29.86,56.80,13,1,tinyml,,,,37.624,0.000,0.000,0.000,0.000,0.000
1778944694,34.63,29.89,56.80,18,1,tinyml,,,,37.493,0.000,0.000,0.000,0.000,0.000
1778944699,34.64,29.88,56.80,22,1,tinyml,,,,37.362,0.000,0.000,0.000,0.000,0.000
1778944704,34.60,29.91,56.90,8,1,tinyml,,,,37.754,0.000,0.000,0.000,0.000,0.000
1778944709,34.57,29.88,56.90,13,1,tinyml,,,,37.624,0.000,0.000,0.000,0.000,0.000
1778944714,34.60,29.88,56.80,18,1,tinyml,,,,37.493,0.000,0.000,0.000,0.000,0.000
1778944719,34.59,29.89,56.90,22,1,tinyml,,,,37.362,0.000,0.000,0.000,0.000,0.000
1778944724,34.57,29.91,56.90,27,1,tinyml,,,,37.231,0.000,0.000,0.000,0.000,0.000
1778944729,34.59,29.89,56.90,32,1,tinyml,,,,37.100,0.000,0.000,0.000,0.000,0.000
1778944734,34.59,29.89,56.90,27,1,tinyml,,,,37.231,0.000,0.000,0.000,0.000,0.000
1778944739,34.59,29.91,56.90,37,1,tinyml,,,,36.969,0.000,0.000,0.000,0.000,0.000
1778944744,34.59,29.89,56.90,32,1,tinyml,,,,37.100,0.000,0.000,0.000,0.000,0.000
1778944749,34.56,29.93,56.90,41,1,tinyml,,,,36.838,0.000,0.000,0.000,0.000,0.000
1778944754,34.60,29.91,56.90,41,1,tinyml,,,,36.838,0.000,0.000,0.000,0.000,0.000
1778944759,34.63,29.93,56.80,41,1,tinyml,,,,36.838,0.000,0.000,0.000,0.000,0.000
1778944764,34.67,29.89,56.80,41,1,tinyml,,,,36.838,0.000,0.000,0.000,0.000,0.000
1778944769,34.73,29.89,56.70,46,1,tinyml,,,,36.707,0.000,0.000,0.000,0.000,0.000
1778944774,34.77,29.92,56.60,51,1,tinyml,,,,36.576,0.000,0.000,0.000,0.000,0.000
1778944779,34.80,29.91,56.50,41,1,tinyml,,,,36.838,0.000,0.000,0.000,0.000,0.000
1778944784,34.90,29.91,56.40,41,1,tinyml,,,,36.838,0.000,0.000,0.000,0.000,0.000
1778944789,34.94,29.91,56.20,51,1,tinyml,,,,36.576,0.000,0.000,0.000,0.000,0.000
1778944794,35.02,29.89,56.10,46,1,tinyml,,,,36.707,0.000,0.000,0.000,0.000,0.000
1778944799,35.12,29.91,55.90,51,1,tinyml,,,,36.576,0.000,0.000,0.000,0.000,0.000
1778944804,35.24,29.89,55.80,51,1,tinyml,,,,36.576,0.000,0.000,0.000,0.000,0.000
1778944809,35.31,29.89,55.50,51,1,tinyml,,,,36.576,0.000,0.000,0.000,0.000,0.000
1778944814,35.45,29.86,55.40,55,1,tinyml,,,,36.446,0.000,0.000,0.000,0.000,0.000
1778944819,35.56,29.88,55.10,55,1,tinyml,,,,36.446,0.000,0.000,0.000,0.000,0.000
1778944824,35.67,29.89,54.90,55,1,tinyml,,,,36.446,0.000,0.000,0.000,0.000,0.000
1778944829,35.82,29.91,54.70,46,1,tinyml,,,,36.707,0.000,0.000,0.000,0.000,0.000
1778944834,35.91,29.89,54.50,51,1,tinyml,,,,36.576,0.000,0.000,0.000,0.000,0.000
1778944839,36.07,29.91,54.20,51,1,tinyml,,,,36.576,0.000,0.000,0.000,0.000,0.000
1778944844,36.21,29.91,54.00,55,1,tinyml,,,,36.446,0.000,0.000,0.000,0.000,0.000
1778944849,36.35,29.92,53.80,55,1,tinyml,,,,36.446,0.000,0.000,0.000,0.000,0.000
1778944854,36.46,29.91,53.50,55,1,tinyml,,,,36.446,0.000,0.000,0.000,0.000,0.000
1778944859,36.61,29.91,53.20,37,1,tinyml,,,,36.969,0.000,0.000,0.000,0.000,0.000
1778944864,36.78,29.92,53.00,46,1,tinyml,,,,36.707,0.000,0.000,0.000,0.000,0.000
1778944869,36.92,29.91,52.70,51,1,tinyml,,,,36.576,0.000,0.000,0.000,0.000,0.000
1778944874,37.03,29.92,52.40,46,1,tinyml,,,,36.707,0.000,0.000,0.000,0.000,0.000
1778944879,37.19,29.92,52.20,41,1,tinyml,,,,36.838,0.000,0.000,0.000,0.000,0.000
1778944884,37.28,29.92,52.00,46,1,tinyml,,,,36.707,0.000,0.000,0.000,0.000,0.000
1778944889,37.42,29.93,51.80,22,1,tinyml,,,,37.362,0.000,0.000,0.000,0.000,0.000
1778944894,37.53,29.92,51.50,37,1,tinyml,,,,36.969,0.000,0.000,0.000,0.000,0.000
1778944899,37.64,29.91,51.40,27,1,tinyml,,,,37.231,0.000,0.000,0.000,0.000,0.000
1778944904,37.75,29.91,51.10,32,1,tinyml,,,,37.100,0.000,0.000,0.000,0.000,0.000
1778944909,37.86,29.91,51.00,27,1,tinyml,,,,37.231,0.000,0.000,0.000,0.000,0.000
1778944914,37.93,29.92,50.80,32,1,tinyml,,,,37.100,0.000,0.000,0.000,0.000,0.000
1778944919,38.02,29.92,50.60,18,1,tinyml,,,,37.493,0.000,0.000,0.000,0.000,0.000
1778944924,38.05,29.93,50.50,22,1,tinyml,,,,37.362,0.000,0.000,0.000,0.000,0.000
1778944929,38.12,29.89,50.40,18,1,tinyml,,,,37.493,0.000,0.000,0.000,0.000,0.000
1778944934,38.16,29.91,50.40,18,1,tinyml,,,,37.493,0.000,0.000,0.000,0.000,0.000
1778944939,38.17,29.91,50.30,13,1,tinyml,,,,37.624,0.000,0.000,0.000,0.000,0.000
1778944944,38.20,29.91,50.30,32,1,tinyml,,,,37.100,0.000,0.000,0.000,0.000,0.000
1778944949,38.19,29.91,50.20,18,1,tinyml,,,,37.493,0.000,0.000,0.000,0.000,0.000
1778944954,38.17,29.91,50.20,18,1,tinyml,,,,37.493,0.000,0.000,0.000,0.000,0.000
1778944959,38.17,29.89,50.30,4,1,tinyml,,,,37.885,0.000,0.000,0.000,0.000,0.000
1778944964,38.15,29.88,50.30,13,1,tinyml,,,,37.624,0.000,0.000,0.000,0.000,0.000
1778944969,38.15,29.91,50.40,8,1,tinyml,,,,37.754,0.000,0.000,0.000,0.000,0.000
1778944974,38.10,29.88,50.40,18,1,tinyml,,,,37.493,0.000,0.000,0.000,0.000,0.000
1778944979,38.03,29.89,50.50,4,1,tinyml,,,,37.885,0.000,0.000,0.000,0.000,0.000
1778944984,38.00,29.91,50.50,13,1,tinyml,,,,37.624,0.000,0.000,0.000,0.000,0.000
1778944989,37.98,29.86,50.60,0,1,tinyml,,,,38.147,0.000,0.000,0.000,0.000,0.000
1778944994,37.93,29.91,50.70,4,1,tinyml,,,,37.885,0.000,0.000,0.000,0.000,0.000
1778944999,37.86,29.89,50.80,4,1,tinyml,,,,37.885,0.000,0.000,0.000,0.000,0.000
1778945004,37.83,29.89,50.80,4,1,tinyml,,,,37.885,0.000,0.000,0.000,0.000,0.000
1778945009,37.79,29.86,51.00,0,1,tinyml,,,,38.016,0.000,0.000,0.000,0.000,0.000
1778945014,37.74,29.88,51.00,4,1,tinyml,,,,37.885,0.000,0.000,0.000,0.000,0.000
1778945019,37.65,29.86,51.20,0,1,tinyml,,,,38.147,0.000,0.000,0.000,0.000,0.000
1778945024,37.61,29.86,51.20,0,1,tinyml,,,,38.147,0.000,0.000,0.000,0.000,0.000
1778945029,37.55,29.85,51.40,0,1,tinyml,,,,38.147,0.000,0.000,0.000,0.000,0.000
1778945034,37.53,29.88,51.50,0,1,tinyml,,,,38.278,0.000,0.000,0.000,0.000,0.000
1778945039,37.45,29.88,51.60,0,1,tinyml,,,,38.409,0.000,0.000,0.000,0.000,0.000
1778945044,37.38,29.86,51.70,0,1,tinyml,,,,38.409,0.000,0.000,0.000,0.000,0.000
1778945049,37.37,29.84,51.80,0,1,tinyml,,,,38.409,0.000,0.000,0.000,0.000,0.000
1778945054,37.28,29.85,51.80,0,1,tinyml,,,,38.671,0.000,0.000,0.000,0.000,0.000
1778945059,37.23,29.85,52.00,0,1,tinyml,,,,38.540,0.000,0.000,0.000,0.000,0.000
1778945064,37.19,29.84,52.10,0,1,tinyml,,,,38.540,0.000,0.000,0.000,0.000,0.000
1778945069,37.10,29.86,52.20,0,1,tinyml,,,,38.671,0.000,0.000,0.000,0.000,0.000
1778945074,37.07,29.82,52.30,0,1,tinyml,,,,38.671,0.000,0.000,0.000,0.000,0.000
1778945079,37.00,29.82,52.40,0,1,tinyml,,,,38.802,0.000,0.000,0.000,0.000,0.000
1778945084,36.94,29.85,52.60,0,1,tinyml,,,,38.933,0.000,0.000,0.000,0.000,0.000
1778945089,36.89,29.86,52.70,0,1,tinyml,,,,39.063,0.000,0.000,0.000,0.000,0.000
1778945094,36.83,29.84,52.80,0,1,tinyml,,,,39.063,0.000,0.000,0.000,0.000,0.000
1778945099,36.80,29.86,52.80,0,1,tinyml,,,,38.802,0.000,0.000,0.000,0.000,0.000
1778945104,36.71,29.84,53.00,0,1,tinyml,,,,38.802,0.000,0.000,0.000,0.000,0.000
1778945109,36.69,29.85,53.00,0,1,tinyml,,,,39.063,0.000,0.000,0.000,0.000,0.000
1778945114,36.65,29.86,53.20,0,1,tinyml,,,,39.194,0.000,0.000,0.000,0.000,0.000
1778945119,36.57,29.86,53.20,0,1,tinyml,,,,39.325,0.000,0.000,0.000,0.000,0.000
1778945124,36.55,29.88,53.30,0,1,tinyml,,,,39.325,0.000,0.000,0.000,0.000,0.000
1778945129,36.51,29.86,53.40,0,1,tinyml,,,,39.063,0.000,0.000,0.000,0.000,0.000
1778945134,36.45,29.86,53.50,0,1,tinyml,,,,39.194,0.000,0.000,0.000,0.000,0.000
1778945139,36.42,29.86,53.60,0,1,tinyml,,,,39.194,0.000,0.000,0.000,0.000,0.000
1778945144,36.37,29.85,53.70,0,1,tinyml,,,,39.194,0.000,0.000,0.000,0.000,0.000
1778945149,36.34,29.86,53.80,0,1,tinyml,,,,39.325,0.000,0.000,0.000,0.000,0.000
1778945154,36.32,29.85,53.80,0,1,tinyml,,,,39.325,0.000,0.000,0.000,0.000,0.000
1778945159,36.27,29.85,53.90,0,1,tinyml,,,,39.325,0.000,0.000,0.000,0.000,0.000
1778945164,36.23,29.86,54.00,0,1,tinyml,,,,39.325,0.000,0.000,0.000,0.000,0.000
1778945169,36.18,29.85,54.00,0,1,tinyml,,,,39.194,0.000,0.000,0.000,0.000,0.000
1778945174,36.14,29.86,54.10,0,1,tinyml,,,,39.194,0.000,0.000,0.000,0.000,0.000
1778945179,36.08,29.85,54.20,0,1,tinyml,,,,38.802,0.000,0.000,0.000,0.000,0.000
1778945184,36.05,29.84,54.20,0,1,tinyml,,,,38.933,0.000,0.000,0.000,0.000,0.000
1778945189,36.05,29.86,54.30,0,1,tinyml,,,,39.194,0.000,0.000,0.000,0.000,0.000
1778945194,36.00,29.88,54.40,0,1,tinyml,,,,39.194,0.000,0.000,0.000,0.000,0.000
1778945199,35.97,29.86,54.40,0,1,tinyml,,,,39.063,0.000,0.000,0.000,0.000,0.000
1778945204,35.94,29.84,54.50,0,1,tinyml,,,,39.194,0.000,0.000,0.000,0.000,0.000
1778945209,35.90,29.86,54.50,0,1,tinyml,,,,38.933,0.000,0.000,0.000,0.000,0.000
1778945214,35.89,29.86,54.60,0,1,tinyml,,,,38.933,0.000,0.000,0.000,0.000,0.000
1778945219,35.84,29.88,54.70,0,1,tinyml,,,,39.063,0.000,0.000,0.000,0.000,0.000
1778945224,35.82,29.88,54.70,0,1,tinyml,,,,38.802,0.000,0.000,0.000,0.000,0.000
1778945229,35.82,29.88,54.70,0,1,tinyml,,,,39.194,0.000,0.000,0.000,0.000,0.000
1778945234,35.77,29.88,54.80,0,1,tinyml,,,,39.194,0.000,0.000,0.000,0.000,0.000
1778945239,35.74,29.88,54.80,0,1,tinyml,,,,39.063,0.000,0.000,0.000,0.000,0.000
1778945244,35.73,29.88,54.90,0,1,tinyml,,,,39.063,0.000,0.000,0.000,0.000,0.000
1778945249,35.70,29.86,54.90,0,1,tinyml,,,,39.063,0.000,0.000,0.000,0.000,0.000
1778945254,35.69,29.85,55.00,0,1,tinyml,,,,39.194,0.000,0.000,0.000,0.000,0.000
1778945259,35.63,29.89,55.00,0,1,tinyml,,,,39.194,0.000,0.000,0.000,0.000,0.000
1778945264,35.62,29.89,55.00,0,1,tinyml,,,,39.063,0.000,0.000,0.000,0.000,0.000
1778945269,35.59,29.88,55.10,0,1,tinyml,,,,39.456,0.000,0.000,0.000,0.000,0.000
1778945274,35.57,29.89,55.10,0,1,tinyml,,,,39.587,0.000,0.000,0.000,0.000,0.000
1778945279,35.56,29.89,55.20,0,1,tinyml,,,,39.194,0.000,0.000,0.000,0.000,0.000
1778945284,35.53,29.91,55.20,0,1,tinyml,,,,39.587,0.000,0.000,0.000,0.000,0.000
1778945289,35.49,29.88,55.20,0,1,tinyml,,,,39.849,0.000,0.000,0.000,0.000,0.000
1778945294,35.49,29.89,55.20,0,1,tinyml,,,,39.587,0.000,0.000,0.000,0.000,0.000
1778945299,35.46,29.88,55.30,0,1,tinyml,,,,39.456,0.000,0.000,0.000,0.000,0.000
1778945304,35.46,29.85,55.30,0,1,tinyml,,,,39.718,0.000,0.000,0.000,0.000,0.000
1778945309,35.45,29.88,55.40,0,1,tinyml,,,,39.587,0.000,0.000,0.000,0.000,0.000
1778945314,35.43,29.86,55.40,0,1,tinyml,,,,39.849,0.000,0.000,0.000,0.000,0.000
1778945319,35.42,29.88,55.40,0,1,tinyml,,,,39.456,0.000,0.000,0.000,0.000,0.000
1778945324,35.41,29.89,55.40,0,1,tinyml,,,,39.587,0.000,0.000,0.000,0.000,0.000
1778945329,35.38,29.91,55.50,0,1,tinyml,,,,39.325,0.000,0.000,0.000,0.000,0.000
1778945334,35.36,29.91,55.50,0,1,tinyml,,,,39.456,0.000,0.000,0.000,0.000,0.000
1778945339,35.35,29.91,55.50,0,1,tinyml,,,,39.587,0.000,0.000,0.000,0.000,0.000
1778945344,35.32,29.91,55.50,0,1,tinyml,,,,39.325,0.000,0.000,0.000,0.000,0.000
1778945349,35.28,29.92,55.50,0,1,tinyml,,,,39.325,0.000,0.000,0.000,0.000,0.000
1778945354,35.28,29.91,55.60,0,1,tinyml,,,,39.587,0.000,0.000,0.000,0.000,0.000
1778945359,35.27,29.93,55.60,0,1,tinyml,,,,39.325,0.000,0.000,0.000,0.000,0.000
1778945364,35.27,29.92,55.60,0,1,tinyml,,,,39.456,0.000,0.000,0.000,0.000,0.000
1778945369,35.22,29.91,55.70,0,1,tinyml,,,,39.587,0.000,0.000,0.000,0.000,0.000
1778945374,35.21,29.91,55.70,0,1,tinyml,,,,39.194,0.000,0.000,0.000,0.000,0.000
1778945379,35.21,29.89,55.80,0,1,tinyml,,,,39.325,0.000,0.000,0.000,0.000,0.000
1778945384,35.17,29.88,55.70,0,1,tinyml,,,,39.325,0.000,0.000,0.000,0.000,0.000
1778945389,35.19,29.91,55.80,0,1,tinyml,,,,39.063,0.000,0.000,0.000,0.000,0.000
1778945394,35.17,29.91,55.80,0,1,tinyml,,,,39.456,0.000,0.000,0.000,0.000,0.000
1778945399,35.14,29.91,55.80,0,1,tinyml,,,,39.456,0.000,0.000,0.000,0.000,0.000
1778945404,35.15,29.89,55.80,0,1,tinyml,,,,39.194,0.000,0.000,0.000,0.000,0.000
1778945409,35.15,29.89,55.80,0,1,tinyml,,,,39.325,0.000,0.000,0.000,0.000,0.000
1778945414,35.09,29.91,55.90,0,1,tinyml,,,,39.194,0.000,0.000,0.000,0.000,0.000
1778945419,35.09,29.86,55.90,0,1,tinyml,,,,39.325,0.000,0.000,0.000,0.000,0.000
1778945424,35.11,29.89,55.90,0,1,tinyml,,,,39.063,0.000,0.000,0.000,0.000,0.000
1778945429,35.05,29.89,55.90,0,1,tinyml,,,,39.194,0.000,0.000,0.000,0.000,0.000
1778945434,35.07,29.86,56.00,0,1,tinyml,,,,39.456,0.000,0.000,0.000,0.000,0.000
1778945439,35.04,29.89,56.00,0,1,tinyml,,,,39.325,0.000,0.000,0.000,0.000,0.000
1778945444,35.05,29.86,56.00,0,1,tinyml,,,,39.194,0.000,0.000,0.000,0.000,0.000
1778945449,35.04,29.86,56.00,0,1,tinyml,,,,39.194,0.000,0.000,0.000,0.000,0.000
1778945454,35.04,29.84,56.00,0,1,tinyml,,,,39.194,0.000,0.000,0.000,0.000,0.000
1778945459,35.00,29.86,56.00,0,1,tinyml,,,,38.933,0.000,0.000,0.000,0.000,0.000
1778945464,34.98,29.82,56.00,0,1,tinyml,,,,39.063,0.000,0.000,0.000,0.000,0.000
1778945469,34.98,29.82,56.10,0,1,tinyml,,,,39.063,0.000,0.000,0.000,0.000,0.000
1778945474,34.97,29.81,56.10,0,1,tinyml,,,,38.933,0.000,0.000,0.000,0.000,0.000
1778945479,34.97,29.84,56.10,0,1,tinyml,,,,39.325,0.000,0.000,0.000,0.000,0.000
1778945484,34.97,29.81,56.10,0,1,tinyml,,,,38.933,0.000,0.000,0.000,0.000,0.000
1778945489,34.92,29.85,56.10,0,1,tinyml,,,,38.933,0.000,0.000,0.000,0.000,0.000
1778945494,34.91,29.85,56.20,0,1,tinyml,,,,38.933,0.000,0.000,0.000,0.000,0.000
1778945499,34.91,29.85,56.20,0,1,tinyml,,,,39.063,0.000,0.000,0.000,0.000,0.000
1778945504,34.90,29.86,56.20,0,1,tinyml,,,,39.325,0.000,0.000,0.000,0.000,0.000
1778945509,34.88,29.86,56.20,0,1,tinyml,,,,38.933,0.000,0.000,0.000,0.000,0.000
1778945514,34.87,29.85,56.20,0,1,tinyml,,,,38.933,0.000,0.000,0.000,0.000,0.000
1778945519,34.88,29.86,56.20,0,1,tinyml,,,,38.802,0.000,0.000,0.000,0.000,0.000
1778945524,34.87,29.88,56.20,0,1,tinyml,,,,38.933,0.000,0.000,0.000,0.000,0.000
1778945529,34.88,29.86,56.20,0,1,tinyml,,,,38.540,0.000,0.000,0.000,0.000,0.000
1778945534,34.86,29.88,56.20,0,1,tinyml,,,,38.671,0.000,0.000,0.000,0.000,0.000
1778945539,34.86,29.89,56.30,0,1,tinyml,,,,38.671,0.000,0.000,0.000,0.000,0.000
1778945544,34.83,29.89,56.30,0,1,tinyml,,,,38.671,0.000,0.000,0.000,0.000,0.000
1778945549,34.84,29.89,56.30,0,1,tinyml,,,,38.409,0.000,0.000,0.000,0.000,0.000
1778945554,34.81,29.89,56.30,0,1,tinyml,,,,38.409,0.000,0.000,0.000,0.000,0.000
1778945559,34.80,29.88,56.40,0,1,tinyml,,,,38.540,0.000,0.000,0.000,0.000,0.000
1778945564,34.81,29.89,56.40,0,1,tinyml,,,,38.540,0.000,0.000,0.000,0.000,0.000
1778945569,34.77,29.86,56.40,0,1,tinyml,,,,38.540,0.000,0.000,0.000,0.000,0.000
1778945574,34.76,29.89,56.40,0,1,tinyml,,,,38.671,0.000,0.000,0.000,0.000,0.000
1778945579,34.77,29.88,56.40,0,1,tinyml,,,,38.409,0.000,0.000,0.000,0.000,0.000
1778945584,34.77,29.91,56.50,0,1,tinyml,,,,38.409,0.000,0.000,0.000,0.000,0.000
1778945589,34.77,29.89,56.40,0,1,tinyml,,,,38.278,0.000,0.000,0.000,0.000,0.000
1778945594,34.76,29.88,56.50,0,1,tinyml,,,,38.278,0.000,0.000,0.000,0.000,0.000
1778945599,34.73,29.89,56.50,0,1,tinyml,,,,38.278,0.000,0.000,0.000,0.000,0.000
1778945604,34.71,29.86,56.40,0,1,tinyml,,,,38.409,0.000,0.000,0.000,0.000,0.000
1778945609,34.70,29.89,56.50,0,1,tinyml,,,,38.147,0.000,0.000,0.000,0.000,0.000
1778945614,34.68,29.88,56.50,0,1,tinyml,,,,38.147,0.000,0.000,0.000,0.000,0.000
1778945619,34.71,29.88,56.50,0,1,tinyml,,,,38.147,0.000,0.000,0.000,0.000,0.000
1778945624,34.68,29.89,56.50,0,1,tinyml,,,,38.016,0.000,0.000,0.000,0.000,0.000
1778945629,34.67,29.88,56.50,8,1,tinyml,,,,37.754,0.000,0.000,0.000,0.000,0.000
1778945634,34.68,29.88,56.50,8,1,tinyml,,,,37.754,0.000,0.000,0.000,0.000,0.000
1778945639,34.67,29.88,56.60,8,1,tinyml,,,,37.754,0.000,0.000,0.000,0.000,0.000
1778945644,34.66,29.88,56.60,0,1,tinyml,,,,38.147,0.000,0.000,0.000,0.000,0.000
1778945649,34.61,29.86,56.60,4,1,tinyml,,,,37.885,0.000,0.000,0.000,0.000,0.000
1778945654,34.63,29.88,56.60,8,1,tinyml,,,,37.754,0.000,0.000,0.000,0.000,0.000
1778945659,34.63,29.88,56.60,8,1,tinyml,,,,37.754,0.000,0.000,0.000,0.000,0.000
1778945664,34.61,29.86,56.60,4,1,tinyml,,,,37.885,0.000,0.000,0.000,0.000,0.000
1778945669,34.60,29.86,56.60,8,1,tinyml,,,,37.754,0.000,0.000,0.000,0.000,0.000
1778945674,34.59,29.88,56.60,13,1,tinyml,,,,37.624,0.000,0.000,0.000,0.000,0.000
1778945679,34.59,29.84,56.60,4,1,tinyml,,,,37.885,0.000,0.000,0.000,0.000,0.000
1778945684,34.60,29.86,56.70,22,1,tinyml,,,,37.362,0.000,0.000,0.000,0.000,0.000
1778945689,34.61,29.85,56.60,18,1,tinyml,,,,37.493,0.000,0.000,0.000,0.000,0.000
1778945694,34.59,29.85,56.60,22,1,tinyml,,,,37.362,0.000,0.000,0.000,0.000,0.000
1778945699,34.60,29.85,56.70,27,1,tinyml,,,,37.231,0.000,0.000,0.000,0.000,0.000
1778945704,34.60,29.85,56.70,18,1,tinyml,,,,37.493,0.000,0.000,0.000,0.000,0.000
1778945709,34.60,29.86,56.60,27,1,tinyml,,,,37.231,0.000,0.000,0.000,0.000,0.000
1778945714,34.60,29.84,56.60,32,1,tinyml,,,,37.100,0.000,0.000,0.000,0.000,0.000
1778945719,34.60,29.86,56.60,41,1,tinyml,,,,36.838,0.000,0.000,0.000,0.000,0.000
1778945724,34.60,29.85,56.60,37,1,tinyml,,,,36.969,0.000,0.000,0.000,0.000,0.000
1778945729,34.61,29.86,56.60,37,1,tinyml,,,,36.969,0.000,0.000,0.000,0.000,0.000
1778945734,34.63,29.84,56.50,37,1,tinyml,,,,36.969,0.000,0.000,0.000,0.000,0.000
1778945739,34.67,29.85,56.50,37,1,tinyml,,,,36.969,0.000,0.000,0.000,0.000,0.000
1778945744,34.70,29.85,56.40,37,1,tinyml,,,,36.969,0.000,0.000,0.000,0.000,0.000
1778945749,34.74,29.88,56.40,41,1,tinyml,,,,36.838,0.000,0.000,0.000,0.000,0.000
1778945754,34.79,29.86,56.20,32,1,tinyml,,,,37.100,0.000,0.000,0.000,0.000,0.000
1778945759,34.87,29.86,56.20,51,1,tinyml,,,,36.576,0.000,0.000,0.000,0.000,0.000
1778945764,34.94,29.85,56.10,46,1,tinyml,,,,36.707,0.000,0.000,0.000,0.000,0.000
1778945769,35.00,29.88,55.90,51,1,tinyml,,,,36.576,0.000,0.000,0.000,0.000,0.000
1778945774,35.05,29.85,55.90,46,1,tinyml,,,,36.707,0.000,0.000,0.000,0.000,0.000
1778945779,35.14,29.86,55.70,46,1,tinyml,,,,36.707,0.000,0.000,0.000,0.000,0.000
1778945784,35.22,29.85,55.50,41,1,tinyml,,,,36.838,0.000,0.000,0.000,0.000,0.000
1778945789,35.34,29.85,55.40,51,1,tinyml,,,,36.576,0.000,0.000,0.000,0.000,0.000
1778945794,35.42,29.88,55.20,41,1,tinyml,,,,36.838,0.000,0.000,0.000,0.000,0.000
1778945799,35.53,29.89,55.00,51,1,tinyml,,,,36.576,0.000,0.000,0.000,0.000,0.000
1778945804,35.62,29.86,54.80,46,1,tinyml,,,,36.707,0.000,0.000,0.000,0.000,0.000
1778945809,35.73,29.86,54.60,46,1,tinyml,,,,36.707,0.000,0.000,0.000,0.000,0.000
1778945814,35.83,29.88,54.40,55,1,tinyml,,,,36.446,0.000,0.000,0.000,0.000,0.000
1778945819,35.93,29.88,54.20,55,1,tinyml,,,,36.446,0.000,0.000,0.000,0.000,0.000
1778945824,36.10,29.89,54.00,46,1,tinyml,,,,36.707,0.000,0.000,0.000,0.000,0.000
1778945829,36.20,29.89,53.80,51,1,tinyml,,,,36.576,0.000,0.000,0.000,0.000,0.000
1778945834,36.34,29.91,53.50,51,1,tinyml,,,,36.576,0.000,0.000,0.000,0.000,0.000
1778945839,36.46,29.89,53.30,55,1,tinyml,,,,36.446,0.000,0.000,0.000,0.000,0.000
1778945844,36.61,29.89,53.10,46,1,tinyml,,,,36.707,0.000,0.000,0.000,0.000,0.000
1778945849,36.73,29.91,52.80,46,1,tinyml,,,,36.707,0.000,0.000,0.000,0.000,0.000
1778945854,36.82,29.89,52.50,46,1,tinyml,,,,36.707,0.000,0.000,0.000,0.000,0.000
1778945859,37.00,29.91,52.40,46,1,tinyml,,,,36.707,0.000,0.000,0.000,0.000,0.000
1778945864,37.09,29.88,52.10,46,1,tinyml,,,,36.707,0.000,0.000,0.000,0.000,0.000
1778945869,37.23,29.86,51.90,46,1,tinyml,,,,36.707,0.000,0.000,0.000,0.000,0.000
1778945874,37.35,29.88,51.70,46,1,tinyml,,,,36.707,0.000,0.000,0.000,0.000,0.000
1778945879,37.45,29.88,51.40,32,1,tinyml,,,,37.100,0.000,0.000,0.000,0.000,0.000
1778945884,37.57,29.86,51.20,27,1,tinyml,,,,37.231,0.000,0.000,0.000,0.000,0.000
1778945889,37.69,29.85,51.10,32,1,tinyml,,,,37.100,0.000,0.000,0.000,0.000,0.000
1778945894,37.79,29.88,50.90,27,1,tinyml,,,,37.231,0.000,0.000,0.000,0.000,0.000
1778945899,37.89,29.84,50.80,22,1,tinyml,,,,37.362,0.000,0.000,0.000,0.000,0.000
1778945904,37.96,29.84,50.60,32,1,tinyml,,,,37.100,0.000,0.000,0.000,0.000,0.000
1778945909,38.03,29.86,50.50,13,1,tinyml,,,,37.624,0.000,0.000,0.000,0.000,0.000
1778945914,38.08,29.84,50.30,22,1,tinyml,,,,37.362,0.000,0.000,0.000,0.000,0.000
1778945919,38.13,29.86,50.20,13,1,tinyml,,,,37.624,0.000,0.000,0.000,0.000,0.000
1778945924,38.15,29.86,50.20,18,1,tinyml,,,,37.493,0.000,0.000,0.000,0.000,0.000
1778945929,38.17,29.86,50.10,18,1,tinyml,,,,37.493,0.000,0.000,0.000,0.000,0.000
1778945934,38.19,29.84,50.10,13,1,tinyml,,,,37.624,0.000,0.000,0.000,0.000,0.000
1778945939,38.20,29.86,50.10,13,1,tinyml,,,,37.624,0.000,0.000,0.000,0.000,0.000
1778945944,38.20,29.85,50.00,13,1,tinyml,,,,37.624,0.000,0.000,0.000,0.000,0.000
1778945949,38.17,29.86,50.10,22,1,tinyml,,,,37.362,0.000,0.000,0.000,0.000,0.000
1778945954,38.16,29.88,50.10,13,1,tinyml,,,,37.624,0.000,0.000,0.000,0.000,0.000
1778945959,38.10,29.88,50.20,13,1,tinyml,,,,37.624,0.000,0.000,0.000,0.000,0.000
1778945964,38.08,29.86,50.30,0,1,tinyml,,,,38.016,0.000,0.000,0.000,0.000,0.000
1778945969,38.05,29.89,50.30,4,1,tinyml,,,,37.885,0.000,0.000,0.000,0.000,0.000
1778945974,38.00,29.86,50.40,8,1,tinyml,,,,37.754,0.000,0.000,0.000,0.000,0.000
1778945979,37.93,29.86,50.50,8,1,tinyml,,,,37.754,0.000,0.000,0.000,0.000,0.000
1778945984,37.86,29.85,50.60,4,1,tinyml,,,,37.885,0.000,0.000,0.000,0.000,0.000
1778945989,37.82,29.86,50.70,0,1,tinyml,,,,38.147,0.000,0.000,0.000,0.000,0.000
1778945994,37.78,29.85,50.80,4,1,tinyml,,,,37.885,0.000,0.000,0.000,0.000,0.000
1778945999,37.69,29.85,50.90,0,1,tinyml,,,,38.016,0.000,0.000,0.000,0.000,0.000
1778946004,37.65,29.86,51.00,4,1,tinyml,,,,37.885,0.000,0.000,0.000,0.000,0.000
1778946009,37.58,29.85,51.20,4,1,tinyml,,,,37.885,0.000,0.000,0.000,0.000,0.000
1778946014,37.51,29.86,51.30,0,1,tinyml,,,,38.278,0.000,0.000,0.000,0.000,0.000
1778946019,37.47,29.82,51.40,0,1,tinyml,,,,38.147,0.000,0.000,0.000,0.000,0.000
1778946024,37.41,29.82,51.50,0,1,tinyml,,,,38.409,0.000,0.000,0.000,0.000,0.000
1778946029,37.34,29.82,51.60,0,1,tinyml,,,,38.278,0.000,0.000,0.000,0.000,0.000
1778946034,37.28,29.82,51.70,0,1,tinyml,,,,38.278,0.000,0.000,0.000,0.000,0.000
1778946039,37.23,29.82,51.80,0,1,tinyml,,,,38.409,0.000,0.000,0.000,0.000,0.000
1778946044,37.19,29.84,51.90,0,1,tinyml,,,,38.802,0.000,0.000,0.000,0.000,0.000
1778946049,37.11,29.86,52.00,0,1,tinyml,,,,38.802,0.000,0.000,0.000,0.000,0.000
1778946054,37.04,29.81,52.10,0,1,tinyml,,,,38.540,0.000,0.000,0.000,0.000,0.000
1778946059,37.00,29.84,52.30,0,1,tinyml,,,,38.409,0.000,0.000,0.000,0.000,0.000
1778946064,36.93,29.84,52.40,0,1,tinyml,,,,38.802,0.000,0.000,0.000,0.000,0.000
1778946069,36.87,29.85,52.50,0,1,tinyml,,,,38.802,0.000,0.000,0.000,0.000,0.000
1778946074,36.83,29.82,52.50,0,1,tinyml,,,,38.933,0.000,0.000,0.000,0.000,0.000
1778946079,36.78,29.84,52.70,0,1,tinyml,,,,38.802,0.000,0.000,0.000,0.000,0.000
1778946084,36.75,29.85,52.80,0,1,tinyml,,,,39.063,0.000,0.000,0.000,0.000,0.000
1778946089,36.69,29.84,52.90,0,1,tinyml,,,,38.933,0.000,0.000,0.000,0.000,0.000
1778946094,36.63,29.84,53.00,0,1,tinyml,,,,39.194,0.000,0.000,0.000,0.000,0.000
1778946099,36.61,29.82,53.10,0,1,tinyml,,,,39.063,0.000,0.000,0.000,0.000,0.000
1778946104,36.56,29.84,53.20,0,1,tinyml,,,,39.194,0.000,0.000,0.000,0.000,0.000
1778946109,36.52,29.85,53.20,0,1,tinyml,,,,39.456,0.000,0.000,0.000,0.000,0.000
1778946114,36.46,29.84,53.30,0,1,tinyml,,,,38.933,0.000,0.000,0.000,0.000,0.000
1778946119,36.42,29.84,53.40,0,1,tinyml,,,,39.325,0.000,0.000,0.000,0.000,0.000
1778946124,36.39,29.84,53.50,0,1,tinyml,,,,39.194,0.000,0.000,0.000,0.000,0.000
1778946129,36.32,29.84,53.60,0,1,tinyml,,,,39.456,0.000,0.000,0.000,0.000,0.000
1778946134,36.25,29.84,53.70,0,1,tinyml,,,,39.194,0.000,0.000,0.000,0.000,0.000
1778946139,36.23,29.84,53.70,0,1,tinyml,,,,39.194,0.000,0.000,0.000,0.000,0.000
1778946144,36.20,29.85,53.80,0,1,tinyml,,,,39.325,0.000,0.000,0.000,0.000,0.000
1778946149,36.16,29.84,53.90,0,1,tinyml,,,,39.063,0.000,0.000,0.000,0.000,0.000
1778946154,36.14,29.85,54.00,0,1,tinyml,,,,39.063,0.000,0.000,0.000,0.000,0.000
1778946159,36.12,29.86,54.00,0,1,tinyml,,,,39.456,0.000,0.000,0.000,0.000,0.000
1778946164,36.07,29.84,54.10,0,1,tinyml,,,,39.063,0.000,0.000,0.000,0.000,0.000
1778946169,36.05,29.85,54.10,0,1,tinyml,,,,39.063,0.000,0.000,0.000,0.000,0.000
1778946174,36.01,29.81,54.20,0,1,tinyml,,,,39.194,0.000,0.000,0.000,0.000,0.000
1778946179,35.98,29.85,54.20,0,1,tinyml,,,,39.063,0.000,0.000,0.000,0.000,0.000
1778946184,35.97,29.84,54.30,0,1,tinyml,,,,39.063,0.000,0.000,0.000,0.000,0.000
1778946189,35.91,29.82,54.40,0,1,tinyml,,,,39.194,0.000,0.000,0.000,0.000,0.000
1778946194,35.89,29.82,54.40,0,1,tinyml,,,,38.802,0.000,0.000,0.000,0.000,0.000
1778946199,35.89,29.85,54.50,0,1,tinyml,,,,39.325,0.000,0.000,0.000,0.000,0.000
1778946204,35.83,29.85,54.50,0,1,tinyml,,,,38.802,0.000,0.000,0.000,0.000,0.000
1778946209,35.80,29.84,54.50,0,1,tinyml,,,,39.063,0.000,0.000,0.000,0.000,0.000
1778946214,35.79,29.84,54.60,0,1,tinyml,,,,39.194,0.000,0.000,0.000,0.000,0.000
1778946219,35.73,29.82,54.60,0,1,tinyml,,,,38.933,0.000,0.000,0.000,0.000,0.000
1778946224,35.76,29.82,54.70,0,1,tinyml,,,,38.933,0.000,0.000,0.000,0.000,0.000
1778946229,35.72,29.81,54.70,0,1,tinyml,,,,39.456,0.000,0.000,0.000,0.000,0.000
1778946234,35.67,29.80,54.80,0,1,tinyml,,,,39.325,0.000,0.000,0.000,0.000,0.000
1778946239,35.66,29.80,54.80,0,1,tinyml,,,,39.325,0.000,0.000,0.000,0.000,0.000
1778946244,35.63,29.82,54.80,0,1,tinyml,,,,39.063,0.000,0.000,0.000,0.000,0.000
1778946249,35.63,29.80,54.90,0,1,tinyml,,,,39.456,0.000,0.000,0.000,0.000,0.000
1778946254,35.59,29.80,54.90,0,1,tinyml,,,,39.456,0.000,0.000,0.000,0.000,0.000
1778946259,35.57,29.81,54.90,0,1,tinyml,,,,39.325,0.000,0.000,0.000,0.000,0.000
1778946264,35.53,29.78,55.00,0,1,tinyml,,,,39.587,0.000,0.000,0.000,0.000,0.000
1778946269,35.56,29.80,55.10,0,1,tinyml,,,,39.718,0.000,0.000,0.000,0.000,0.000
1778946274,35.50,29.80,55.10,0,1,tinyml,,,,39.456,0.000,0.000,0.000,0.000,0.000
1778946279,35.50,29.78,55.10,0,1,tinyml,,,,39.587,0.000,0.000,0.000,0.000,0.000
1778946284,35.46,29.80,55.10,0,1,tinyml,,,,39.325,0.000,0.000,0.000,0.000,0.000
1778946289,35.47,29.80,55.20,0,1,tinyml,,,,39.456,0.000,0.000,0.000,0.000,0.000
1778946294,35.43,29.81,55.20,0,1,tinyml,,,,39.587,0.000,0.000,0.000,0.000,0.000
1778946299,35.42,29.81,55.20,0,1,tinyml,,,,39.456,0.000,0.000,0.000,0.000,0.000
1778946304,35.41,29.80,55.20,0,1,tinyml,,,,39.456,0.000,0.000,0.000,0.000,0.000
1778946309,35.41,29.80,55.30,0,1,tinyml,,,,39.849,0.000,0.000,0.000,0.000,0.000
1778946314,35.36,29.81,55.30,0,1,tinyml,,,,39.456,0.000,0.000,0.000,0.000,0.000
1778946319,35.35,29.82,55.30,0,1,tinyml,,,,39.587,0.000,0.000,0.000,0.000,0.000
1778946324,35.34,29.81,55.40,0,1,tinyml,,,,39.325,0.000,0.000,0.000,0.000,0.000
1778946329,35.34,29.82,55.40,0,1,tinyml,,,,39.587,0.000,0.000,0.000,0.000,0.000
1778946334,35.28,29.81,55.50,0,1,tinyml,,,,39.587,0.000,0.000,0.000,0.000,0.000
1778946339,35.31,29.81,55.50,0,1,tinyml,,,,39.456,0.000,0.000,0.000,0.000,0.000
1778946344,35.28,29.80,55.50,0,1,tinyml,,,,39.587,0.000,0.000,0.000,0.000,0.000
1778946349,35.27,29.80,55.50,0,1,tinyml,,,,39.456,0.000,0.000,0.000,0.000,0.000
1778946354,35.25,29.82,55.50,0,1,tinyml,,,,39.194,0.000,0.000,0.000,0.000,0.000
1778946359,35.24,29.82,55.50,0,1,tinyml,,,,39.325,0.000,0.000,0.000,0.000,0.000
1778946364,35.21,29.81,55.50,0,1,tinyml,,,,39.456,0.000,0.000,0.000,0.000,0.000
1778946369,35.18,29.78,55.50,0,1,tinyml,,,,39.456,0.000,0.000,0.000,0.000,0.000
1778946374,35.18,29.81,55.60,0,1,tinyml,,,,39.456,0.000,0.000,0.000,0.000,0.000
1778946379,35.19,29.80,55.60,0,1,tinyml,,,,39.456,0.000,0.000,0.000,0.000,0.000
1778946384,35.17,29.78,55.70,0,1,tinyml,,,,39.194,0.000,0.000,0.000,0.000,0.000
1778946389,35.14,29.81,55.70,0,1,tinyml,,,,39.325,0.000,0.000,0.000,0.000,0.000
1778946394,35.14,29.78,55.70,0,1,tinyml,,,,39.194,0.000,0.000,0.000,0.000,0.000
1778946399,35.12,29.81,55.70,0,1,tinyml,,,,39.063,0.000,0.000,0.000,0.000,0.000
1778946404,35.11,29.81,55.70,0,1,tinyml,,,,39.194,0.000,0.000,0.000,0.000,0.000
1778946409,35.09,29.77,55.70,0,1,tinyml,,,,39.194,0.000,0.000,0.000,0.000,0.000
1778946414,35.07,29.77,55.80,0,1,tinyml,,,,39.194,0.000,0.000,0.000,0.000,0.000
1778946419,35.07,29.72,55.80,0,1,tinyml,,,,39.063,0.000,0.000,0.000,0.000,0.000
1778946424,35.05,29.74,55.80,0,1,tinyml,,,,39.194,0.000,0.000,0.000,0.000,0.000
1778946429,35.04,29.72,55.80,0,1,tinyml,,,,39.194,0.000,0.000,0.000,0.000,0.000
1778946434,35.04,29.71,55.80,0,1,tinyml,,,,39.194,0.000,0.000,0.000,0.000,0.000
1778946439,35.04,29.71,55.90,0,1,tinyml,,,,39.063,0.000,0.000,0.000,0.000,0.000
1778946444,35.01,29.71,55.90,0,1,tinyml,,,,39.194,0.000,0.000,0.000,0.000,0.000
1778946449,34.98,29.71,55.90,0,1,tinyml,,,,39.063,0.000,0.000,0.000,0.000,0.000
1778946454,34.98,29.68,55.90,0,1,tinyml,,,,39.194,0.000,0.000,0.000,0.000,0.000
1778946459,35.00,29.71,55.90,0,1,tinyml,,,,38.802,0.000,0.000,0.000,0.000,0.000
1778946464,34.95,29.68,56.00,0,1,tinyml,,,,38.802,0.000,0.000,0.000,0.000,0.000
1778946469,34.95,29.71,56.00,0,1,tinyml,,,,38.802,0.000,0.000,0.000,0.000,0.000
1778946474,34.94,29.70,56.00,0,1,tinyml,,,,38.933,0.000,0.000,0.000,0.000,0.000
1778946479,34.94,29.72,56.00,0,1,tinyml,,,,38.671,0.000,0.000,0.000,0.000,0.000
1778946484,34.95,29.71,56.00,0,1,tinyml,,,,38.671,0.000,0.000,0.000,0.000,0.000
1778946489,34.92,29.71,56.00,0,1,tinyml,,,,38.802,0.000,0.000,0.000,0.000,0.000
1778946494,34.91,29.71,56.00,0,1,tinyml,,,,38.933,0.000,0.000,0.000,0.000,0.000
1778946499,34.91,29.71,56.10,0,1,tinyml,,,,38.933,0.000,0.000,0.000,0.000,0.000
1778946504,34.88,29.72,56.00,0,1,tinyml,,,,38.802,0.000,0.000,0.000,0.000,0.000
1778946509,34.90,29.72,56.10,0,1,tinyml,,,,38.802,0.000,0.000,0.000,0.000,0.000
1778946514,34.87,29.72,56.10,0,1,tinyml,,,,38.802,0.000,0.000,0.000,0.000,0.000
1778946519,34.87,29.72,56.10,0,1,tinyml,,,,38.802,0.000,0.000,0.000,0.000,0.000
1778946524,34.86,29.72,56.10,0,1,tinyml,,,,38.409,0.000,0.000,0.000,0.000,0.000
1778946529,34.84,29.72,56.10,0,1,tinyml,,,,38.409,0.000,0.000,0.000,0.000,0.000
1778946534,34.84,29.72,56.20,0,1,tinyml,,,,38.409,0.000,0.000,0.000,0.000,0.000
1778946539,34.83,29.72,56.20,0,1,tinyml,,,,38.540,0.000,0.000,0.000,0.000,0.000
1778946544,34.81,29.74,56.20,0,1,tinyml,,,,38.540,0.000,0.000,0.000,0.000,0.000
1778946549,34.79,29.72,56.20,0,1,tinyml,,,,38.540,0.000,0.000,0.000,0.000,0.000
1778946554,34.80,29.72,56.20,0,1,tinyml,,,,38.278,0.000,0.000,0.000,0.000,0.000
1778946559,34.80,29.71,56.20,0,1,tinyml,,,,38.278,0.000,0.000,0.000,0.000,0.000
1778946564,34.79,29.72,56.20,0,1,tinyml,,,,38.278,0.000,0.000,0.000,0.000,0.000
1778946569,34.77,29.75,56.20,0,1,tinyml,,,,38.147,0.000,0.000,0.000,0.000,0.000
1778946574,34.74,29.74,56.30,0,1,tinyml,,,,38.409,0.000,0.000,0.000,0.000,0.000
1778946579,34.74,29.74,56.30,0,1,tinyml,,,,38.147,0.000,0.000,0.000,0.000,0.000
1778946584,34.77,29.71,56.30,0,1,tinyml,,,,38.016,0.000,0.000,0.000,0.000,0.000
1778946589,34.74,29.70,56.30,0,1,tinyml,,,,38.147,0.000,0.000,0.000,0.000,0.000
1778946594,34.71,29.70,56.30,0,1,tinyml,,,,38.147,0.000,0.000,0.000,0.000,0.000
1778946599,34.71,29.70,56.30,0,1,tinyml,,,,38.147,0.000,0.000,0.000,0.000,0.000
1778946604,34.71,29.71,56.30,0,1,tinyml,,,,38.278,0.000,0.000,0.000,0.000,0.000
1778946609,34.68,29.68,56.40,4,1,tinyml,,,,37.885,0.000,0.000,0.000,0.000,0.000
1778946614,34.67,29.70,56.30,8,1,tinyml,,,,37.754,0.000,0.000,0.000,0.000,0.000
1778946619,34.68,29.68,56.40,8,1,tinyml,,,,37.754,0.000,0.000,0.000,0.000,0.000
1778946624,34.64,29.67,56.30,4,1,tinyml,,,,37.885,0.000,0.000,0.000,0.000,0.000
1778946629,34.67,29.67,56.40,8,1,tinyml,,,,37.754,0.000,0.000,0.000,0.000,0.000
1778946634,34.67,29.65,56.40,8,1,tinyml,,,,37.754,0.000,0.000,0.000,0.000,0.000
1778946639,34.66,29.65,56.40,13,1,tinyml,,,,37.624,0.000,0.000,0.000,0.000,0.000
1778946644,34.66,29.65,56.40,18,1,tinyml,,,,37.493,0.000,0.000,0.000,0.000,0.000
1778946649,34.66,29.64,56.40,13,1,tinyml,,,,37.624,0.000,0.000,0.000,0.000,0.000
1778946654,34.63,29.62,56.40,22,1,tinyml,,,,37.362,0.000,0.000,0.000,0.000,0.000
1778946659,34.66,29.67,56.40,13,1,tinyml,,,,37.624,0.000,0.000,0.000,0.000,0.000
1778946664,34.63,29.62,56.40,13,1,tinyml,,,,37.624,0.000,0.000,0.000,0.000,0.000
1778946669,34.64,29.62,56.40,18,1,tinyml,,,,37.493,0.000,0.000,0.000,0.000,0.000
1778946674,34.63,29.64,56.40,27,1,tinyml,,,,37.231,0.000,0.000,0.000,0.000,0.000
1778946679,34.61,29.64,56.40,27,1,tinyml,,,,37.231,0.000,0.000,0.000,0.000,0.000
1778946684,34.63,29.64,56.40,37,1,tinyml,,,,36.969,0.000,0.000,0.000,0.000,0.000
1778946689,34.64,29.65,56.40,32,1,tinyml,,,,37.100,0.000,0.000,0.000,0.000,0.000
1778946694,34.63,29.65,56.40,32,1,tinyml,,,,37.100,0.000,0.000,0.000,0.000,0.000
1778946699,34.66,29.64,56.40,41,1,tinyml,,,,36.838,0.000,0.000,0.000,0.000,0.000
1778946704,34.67,29.64,56.40,37,1,tinyml,,,,36.969,0.000,0.000,0.000,0.000,0.000
1778946709,34.70,29.64,56.40,37,1,tinyml,,,,36.969,0.000,0.000,0.000,0.000,0.000
1778946714,34.68,29.64,56.30,41,1,tinyml,,,,36.838,0.000,0.000,0.000,0.000,0.000
1778946719,34.74,29.64,56.20,46,1,tinyml,,,,36.707,0.000,0.000,0.000,0.000,0.000
1778946724,34.83,29.64,56.20,51,1,tinyml,,,,36.576,0.000,0.000,0.000,0.000,0.000
1778946729,34.84,29.65,56.00,55,1,tinyml,,,,36.446,0.000,0.000,0.000,0.000,0.000
1778946734,34.90,29.65,56.00,46,1,tinyml,,,,36.707,0.000,0.000,0.000,0.000,0.000
1778946739,34.98,29.68,55.80,46,1,tinyml,,,,36.707,0.000,0.000,0.000,0.000,0.000
1778946744,35.04,29.68,55.70,37,1,tinyml,,,,36.969,0.000,0.000,0.000,0.000,0.000
1778946749,35.15,29.68,55.50,46,1,tinyml,,,,36.707,0.000,0.000,0.000,0.000,0.000
1778946754,35.27,29.71,55.30,46,1,tinyml,,,,36.707,0.000,0.000,0.000,0.000,0.000
1778946759,35.35,29.68,55.20,51,1,tinyml,,,,36.576,0.000,0.000,0.000,0.000,0.000
1778946764,35.46,29.70,55.00,41,1,tinyml,,,,36.838,0.000,0.000,0.000,0.000,0.000
1778946769,35.56,29.71,54.80,51,1,tinyml,,,,36.576,0.000,0.000,0.000,0.000,0.000
1778946774,35.67,29.71,54.60,55,1,tinyml,,,,36.446,0.000,0.000,0.000,0.000,0.000
1778946779,35.80,29.72,54.40,46,1,tinyml,,,,36.707,0.000,0.000,0.000,0.000,0.000
1778946784,35.93,29.71,54.20,51,1,tinyml,,,,36.576,0.000,0.000,0.000,0.000,0.000
1778946789,36.04,29.75,53.90,55,1,tinyml,,,,36.446,0.000,0.000,0.000,0.000,0.000
1778946794,36.18,29.72,53.70,46,1,tinyml,,,,36.707,0.000,0.000,0.000,0.000,0.000
1778946799,36.31,29.70,53.50,51,1,tinyml,,,,36.576,0.000,0.000,0.000,0.000,0.000
1778946804,36.42,29.70,53.30,51,1,tinyml,,,,36.576,0.000,0.000,0.000,0.000,0.000
1778946809,36.57,29.70,53.00,55,1,tinyml,,,,36.446,0.000,0.000,0.000,0.000,0.000
1778946814,36.68,29.71,52.70,55,1,tinyml,,,,36.446,0.000,0.000,0.000,0.000,0.000
1778946819,36.84,29.68,52.50,51,1,tinyml,,,,36.576,0.000,0.000,0.000,0.000,0.000
1778946824,36.97,29.71,52.20,41,1,tinyml,,,,36.838,0.000,0.000,0.000,0.000,0.000
1778946829,37.10,29.71,52.00,37,1,tinyml,,,,36.969,0.000,0.000,0.000,0.000,0.000
1778946834,37.24,29.71,51.70,41,1,tinyml,,,,36.838,0.000,0.000,0.000,0.000,0.000
1778946839,37.35,29.70,51.50,46,1,tinyml,,,,36.707,0.000,0.000,0.000,0.000,0.000
1778946844,37.48,29.70,51.30,41,1,tinyml,,,,36.838,0.000,0.000,0.000,0.000,0.000
1778946849,37.60,29.70,51.10,27,1,tinyml,,,,37.231,0.000,0.000,0.000,0.000,0.000
1778946854,37.71,29.70,50.90,27,1,tinyml,,,,37.231,0.000,0.000,0.000,0.000,0.000
1778946859,37.81,29.70,50.70,32,1,tinyml,,,,37.100,0.000,0.000,0.000,0.000,0.000
1778946864,37.90,29.70,50.60,22,1,tinyml,,,,37.362,0.000,0.000,0.000,0.000,0.000
1778946869,37.98,29.68,50.40,27,1,tinyml,,,,37.231,0.000,0.000,0.000,0.000,0.000
1778946874,38.05,29.71,50.30,27,1,tinyml,,,,37.231,0.000,0.000,0.000,0.000,0.000
1778946879,38.08,29.71,50.20,18,1,tinyml,,,,37.493,0.000,0.000,0.000,0.000,0.000
1778946884,38.12,29.70,50.10,4,1,tinyml,,,,37.885,0.000,0.000,0.000,0.000,0.000
1778946889,38.17,29.71,50.00,18,1,tinyml,,,,37.493,0.000,0.000,0.000,0.000,0.000
1778946894,38.19,29.71,50.00,8,1,tinyml,,,,37.754,0.000,0.000,0.000,0.000,0.000
1778946899,38.19,29.67,49.90,13,1,tinyml,,,,37.624,0.000,0.000,0.000,0.000,0.000
1778946904,38.19,29.67,50.00,8,1,tinyml,,,,37.754,0.000,0.000,0.000,0.000,0.000
1778946909,38.19,29.68,49.90,8,1,tinyml,,,,37.754,0.000,0.000,0.000,0.000,0.000
1778946914,38.16,29.70,50.00,8,1,tinyml,,,,37.754,0.000,0.000,0.000,0.000,0.000
1778946919,38.16,29.67,50.00,13,1,tinyml,,,,37.624,0.000,0.000,0.000,0.000,0.000
1778946924,38.09,29.67,50.00,8,1,tinyml,,,,37.754,0.000,0.000,0.000,0.000,0.000
1778946929,38.06,29.67,50.10,8,1,tinyml,,,,37.754,0.000,0.000,0.000,0.000,0.000
1778946934,38.05,29.67,50.20,8,1,tinyml,,,,37.754,0.000,0.000,0.000,0.000,0.000
1778946939,37.98,29.70,50.30,4,1,tinyml,,,,37.885,0.000,0.000,0.000,0.000,0.000
1778946944,37.94,29.67,50.40,4,1,tinyml,,,,37.885,0.000,0.000,0.000,0.000,0.000
1778946949,37.88,29.68,50.40,4,1,tinyml,,,,37.885,0.000,0.000,0.000,0.000,0.000
1778946954,37.79,29.70,50.60,0,1,tinyml,,,,38.016,0.000,0.000,0.000,0.000,0.000
1778946959,37.76,29.68,50.70,8,1,tinyml,,,,37.754,0.000,0.000,0.000,0.000,0.000
1778946964,37.71,29.68,50.80,0,1,tinyml,,,,38.147,0.000,0.000,0.000,0.000,0.000
1778946969,37.65,29.68,50.90,0,1,tinyml,,,,38.278,0.000,0.000,0.000,0.000,0.000
1778946974,37.55,29.68,51.00,0,1,tinyml,,,,38.409,0.000,0.000,0.000,0.000,0.000
1778946979,37.49,29.67,51.20,0,1,tinyml,,,,38.147,0.000,0.000,0.000,0.000,0.000
1778946984,37.47,29.68,51.20,0,1,tinyml,,,,38.147,0.000,0.000,0.000,0.000,0.000
1778946989,37.38,29.67,51.30,0,1,tinyml,,,,38.278,0.000,0.000,0.000,0.000,0.000
1778946994,37.34,29.67,51.40,0,1,tinyml,,,,38.278,0.000,0.000,0.000,0.000,0.000
1778946999,37.30,29.65,51.50,0,1,tinyml,,,,38.409,0.000,0.000,0.000,0.000,0.000
1778947004,37.20,29.70,51.70,0,1,tinyml,,,,38.540,0.000,0.000,0.000,0.000,0.000
1778947009,37.14,29.67,51.80,0,1,tinyml,,,,38.671,0.000,0.000,0.000,0.000,0.000
1778947014,37.11,29.68,52.00,0,1,tinyml,,,,38.409,0.000,0.000,0.000,0.000,0.000
1778947019,37.06,29.70,52.00,0,1,tinyml,,,,38.409,0.000,0.000,0.000,0.000,0.000
1778947024,37.01,29.72,52.10,0,1,tinyml,,,,38.671,0.000,0.000,0.000,0.000,0.000
1778947029,36.94,29.70,52.20,0,1,tinyml,,,,38.802,0.000,0.000,0.000,0.000,0.000
1778947034,36.89,29.71,52.30,0,1,tinyml,,,,38.933,0.000,0.000,0.000,0.000,0.000
1778947039,36.83,29.72,52.50,0,1,tinyml,,,,38.802,0.000,0.000,0.000,0.000,0.000
1778947044,36.78,29.71,52.50,0,1,tinyml,,,,39.063,0.000,0.000,0.000,0.000,0.000
1778947049,36.71,29.71,52.70,0,1,tinyml,,,,38.802,0.000,0.000,0.000,0.000,0.000
1778947054,36.66,29.71,52.80,0,1,tinyml,,,,39.063,0.000,0.000,0.000,0.000,0.000
1778947059,36.62,29.70,52.90,0,1,tinyml,,,,39.063,0.000,0.000,0.000,0.000,0.000
1778947064,36.55,29.71,53.00,0,1,tinyml,,,,39.063,0.000,0.000,0.000,0.000,0.000
1778947069,36.51,29.71,53.00,0,1,tinyml,,,,39.063,0.000,0.000,0.000,0.000,0.000
1778947074,36.46,29.72,53.20,0,1,tinyml,,,,39.063,0.000,0.000,0.000,0.000,0.000
1778947079,36.39,29.72,53.30,0,1,tinyml,,,,39.194,0.000,0.000,0.000,0.000,0.000
1778947084,36.35,29.71,53.30,0,1,tinyml,,,,39.325,0.000,0.000,0.000,0.000,0.000
1778947089,36.32,29.72,53.40,0,1,tinyml,,,,39.194,0.000,0.000,0.000,0.000,0.000
1778947094,36.28,29.70,53.50,0,1,tinyml,,,,38.933,0.000,0.000,0.000,0.000,0.000
1778947099,36.24,29.72,53.60,0,1,tinyml,,,,39.194,0.000,0.000,0.000,0.000,0.000
1778947104,36.21,29.71,53.60,0,1,tinyml,,,,39.194,0.000,0.000,0.000,0.000,0.000
1778947109,36.18,29.71,53.70,0,1,tinyml,,,,39.325,0.000,0.000,0.000,0.000,0.000
1778947114,36.14,29.71,53.80,0,1,tinyml,,,,39.194,0.000,0.000,0.000,0.000,0.000
1778947119,36.14,29.71,53.90,0,1,tinyml,,,,38.933,0.000,0.000,0.000,0.000,0.000
1778947124,36.05,29.71,53.90,0,1,tinyml,,,,39.063,0.000,0.000,0.000,0.000,0.000
1778947129,36.01,29.70,54.00,0,1,tinyml,,,,39.063,0.000,0.000,0.000,0.000,0.000
1778947134,36.01,29.71,54.00,0,1,tinyml,,,,39.194,0.000,0.000,0.000,0.000,0.000
1778947139,35.97,29.71,54.10,0,1,tinyml,,,,39.194,0.000,0.000,0.000,0.000,0.000
1778947144,35.94,29.70,54.20,0,1,tinyml,,,,39.063,0.000,0.000,0.000,0.000,0.000
1778947149,35.93,29.68,54.20,0,1,tinyml,,,,39.063,0.000,0.000,0.000,0.000,0.000
1778947154,35.89,29.67,54.30,0,1,tinyml,,,,38.802,0.000,0.000,0.000,0.000,0.000
1778947159,35.87,29.67,54.30,0,1,tinyml,,,,38.671,0.000,0.000,0.000,0.000,0.000
1778947164,35.83,29.64,54.40,0,1,tinyml,,,,39.063,0.000,0.000,0.000,0.000,0.000
1778947169,35.80,29.65,54.40,0,1,tinyml,,,,38.933,0.000,0.000,0.000,0.000,0.000
1778947174,35.77,29.65,54.50,0,1,tinyml,,,,39.063,0.000,0.000,0.000,0.000,0.000
1778947179,35.76,29.64,54.50,0,1,tinyml,,,,39.194,0.000,0.000,0.000,0.000,0.000
1778947184,35.73,29.62,54.50,0,1,tinyml,,,,39.063,0.000,0.000,0.000,0.000,0.000
1778947189,35.72,29.65,54.60,0,1,tinyml,,,,39.194,0.000,0.000,0.000,0.000,0.000
1778947194,35.69,29.65,54.60,0,1,tinyml,,,,39.063,0.000,0.000,0.000,0.000,0.000
1778947199,35.67,29.64,54.70,0,1,tinyml,,,,39.325,0.000,0.000,0.000,0.000,0.000
1778947204,35.62,29.62,54.70,0,1,tinyml,,,,39.063,0.000,0.000,0.000,0.000,0.000
1778947209,35.62,29.61,54.70,0,1,tinyml,,,,39.063,0.000,0.000,0.000,0.000,0.000
1778947214,35.60,29.62,54.80,0,1,tinyml,,,,39.063,0.000,0.000,0.000,0.000,0.000
1778947219,35.59,29.62,54.80,0,1,tinyml,,,,39.063,0.000,0.000,0.000,0.000,0.000
1778947224,35.56,29.65,54.80,0,1,tinyml,,,,39.587,0.000,0.000,0.000,0.000,0.000
1778947229,35.53,29.62,54.90,0,1,tinyml,,,,39.325,0.000,0.000,0.000,0.000,0.000
1778947234,35.50,29.60,54.90,0,1,tinyml,,,,39.325,0.000,0.000,0.000,0.000,0.000
1778947239,35.49,29.62,54.90,0,1,tinyml,,,,39.456,0.000,0.000,0.000,0.000,0.000
1778947244,35.47,29.64,55.00,0,1,tinyml,,,,39.325,0.000,0.000,0.000,0.000,0.000
1778947249,35.46,29.65,55.00,0,1,tinyml,,,,39.456,0.000,0.000,0.000,0.000,0.000
1778947254,35.42,29.62,55.00,0,1,tinyml,,,,39.325,0.000,0.000,0.000,0.000,0.000
1778947259,35.43,29.62,55.10,0,1,tinyml,,,,39.325,0.000,0.000,0.000,0.000,0.000
1778947264,35.42,29.64,55.10,0,1,tinyml,,,,39.587,0.000,0.000,0.000,0.000,0.000
1778947269,35.38,29.65,55.10,0,1,tinyml,,,,39.325,0.000,0.000,0.000,0.000,0.000
1778947274,35.36,29.68,55.20,0,1,tinyml,,,,39.325,0.000,0.000,0.000,0.000,0.000
1778947279,35.35,29.68,55.20,0,1,tinyml,,,,39.194,0.000,0.000,0.000,0.000,0.000
1778947284,35.32,29.67,55.20,0,1,tinyml,,,,39.194,0.000,0.000,0.000,0.000,0.000
1778947289,35.31,29.67,55.20,0,1,tinyml,,,,39.718,0.000,0.000,0.000,0.000,0.000
1778947294,35.29,29.70,55.20,0,1,tinyml,,,,39.194,0.000,0.000,0.000,0.000,0.000
1778947299,35.27,29.70,55.30,0,1,tinyml,,,,39.456,0.000,0.000,0.000,0.000,0.000
1778947304,35.27,29.70,55.30,0,1,tinyml,,,,39.325,0.000,0.000,0.000,0.000,0.000
1778947309,35.25,29.67,55.40,0,1,tinyml,,,,39.063,0.000,0.000,0.000,0.000,0.000
1778947314,35.22,29.65,55.30,0,1,tinyml,,,,39.325,0.000,0.000,0.000,0.000,0.000
1778947319,35.24,29.68,55.40,0,1,tinyml,,,,39.325,0.000,0.000,0.000,0.000,0.000
1778947324,35.19,29.70,55.50,0,1,tinyml,,,,39.325,0.000,0.000,0.000,0.000,0.000
1778947329,35.19,29.71,55.50,0,1,tinyml,,,,39.325,0.000,0.000,0.000,0.000,0.000
1778947334,35.18,29.70,55.50,0,1,tinyml,,,,38.933,0.000,0.000,0.000,0.000,0.000
1778947339,35.17,29.71,55.50,0,1,tinyml,,,,39.063,0.000,0.000,0.000,0.000,0.000
1778947344,35.17,29.71,55.50,0,1,tinyml,,,,39.194,0.000,0.000,0.000,0.000,0.000
1778947349,35.12,29.70,55.50,0,1,tinyml,,,,39.325,0.000,0.000,0.000,0.000,0.000
1778947354,35.12,29.71,55.50,0,1,tinyml,,,,38.933,0.000,0.000,0.000,0.000,0.000
1778947359,35.11,29.72,55.60,0,1,tinyml,,,,39.063,0.000,0.000,0.000,0.000,0.000
1778947364,35.09,29.72,55.60,0,1,tinyml,,,,38.802,0.000,0.000,0.000,0.000,0.000
1778947369,35.09,29.71,55.60,0,1,tinyml,,,,38.933,0.000,0.000,0.000,0.000,0.000
1778947374,35.07,29.71,55.60,0,1,tinyml,,,,39.063,0.000,0.000,0.000,0.000,0.000
1778947379,35.08,29.70,55.70,0,1,tinyml,,,,39.194,0.000,0.000,0.000,0.000,0.000
1778947384,35.04,29.72,55.70,0,1,tinyml,,,,38.933,0.000,0.000,0.000,0.000,0.000
1778947389,35.04,29.71,55.70,0,1,tinyml,,,,38.933,0.000,0.000,0.000,0.000,0.000
1778947394,35.01,29.71,55.70,0,1,tinyml,,,,39.063,0.000,0.000,0.000,0.000,0.000
1778947399,35.01,29.71,55.70,0,1,tinyml,,,,39.063,0.000,0.000,0.000,0.000,0.000
1778947404,35.00,29.71,55.80,0,1,tinyml,,,,38.802,0.000,0.000,0.000,0.000,0.000
1778947409,35.00,29.70,55.70,0,1,tinyml,,,,38.671,0.000,0.000,0.000,0.000,0.000
1778947414,34.98,29.70,55.80,0,1,tinyml,,,,38.802,0.000,0.000,0.000,0.000,0.000
1778947419,34.97,29.70,55.80,0,1,tinyml,,,,38.802,0.000,0.000,0.000,0.000,0.000
1778947424,34.97,29.67,55.80,0,1,tinyml,,,,38.540,0.000,0.000,0.000,0.000,0.000
1778947429,34.92,29.68,55.80,0,1,tinyml,,,,38.671,0.000,0.000,0.000,0.000,0.000
1778947434,34.94,29.68,55.80,0,1,tinyml,,,,38.671,0.000,0.000,0.000,0.000,0.000
1778947439,34.94,29.67,55.90,0,1,tinyml,,,,38.933,0.000,0.000,0.000,0.000,0.000
1778947444,34.91,29.70,56.00,0,1,tinyml,,,,38.540,0.000,0.000,0.000,0.000,0.000
1778947449,34.90,29.67,55.90,0,1,tinyml,,,,38.540,0.000,0.000,0.000,0.000,0.000
1778947454,34.90,29.70,55.90,0,1,tinyml,,,,38.540,0.000,0.000,0.000,0.000,0.000
1778947459,34.87,29.70,55.90,0,1,tinyml,,,,38.671,0.000,0.000,0.000,0.000,0.000
1778947464,34.87,29.70,55.90,0,1,tinyml,,,,38.278,0.000,0.000,0.000,0.000,0.000
1778947469,34.86,29.70,55.90,0,1,tinyml,,,,38.278,0.000,0.000,0.000,0.000,0.000
1778947474,34.84,29.68,56.00,0,1,tinyml,,,,38.409,0.000,0.000,0.000,0.000,0.000
1778947479,34.83,29.71,56.00,0,1,tinyml,,,,38.409,0.000,0.000,0.000,0.000,0.000
1778947484,34.84,29.72,56.00,0,1,tinyml,,,,38.409,0.000,0.000,0.000,0.000,0.000
1778947489,34.83,29.70,56.00,0,1,tinyml,,,,38.409,0.000,0.000,0.000,0.000,0.000
1778947494,34.80,29.67,56.00,0,1,tinyml,,,,38.147,0.000,0.000,0.000,0.000,0.000
1778947499,34.80,29.72,56.00,0,1,tinyml,,,,38.147,0.000,0.000,0.000,0.000,0.000
1778947504,34.79,29.70,56.00,0,1,tinyml,,,,38.147,0.000,0.000,0.000,0.000,0.000
1778947509,34.80,29.72,56.00,0,1,tinyml,,,,38.278,0.000,0.000,0.000,0.000,0.000
1778947514,34.77,29.70,56.10,0,1,tinyml,,,,38.278,0.000,0.000,0.000,0.000,0.000
1778947519,34.77,29.71,56.10,0,1,tinyml,,,,38.278,0.000,0.000,0.000,0.000,0.000
1778947524,34.76,29.70,56.10,0,1,tinyml,,,,38.016,0.000,0.000,0.000,0.000,0.000
1778947529,34.73,29.72,56.10,4,1,tinyml,,,,37.885,0.000,0.000,0.000,0.000,0.000
1778947534,34.74,29.72,56.10,0,1,tinyml,,,,38.016,0.000,0.000,0.000,0.000,0.000
1778947539,34.71,29.68,56.10,0,1,tinyml,,,,38.016,0.000,0.000,0.000,0.000,0.000
1778947544,34.73,29.72,56.20,0,1,tinyml,,,,38.016,0.000,0.000,0.000,0.000,0.000
1778947549,34.73,29.71,56.10,0,1,tinyml,,,,38.016,0.000,0.000,0.000,0.000,0.000
1778947554,34.71,29.72,56.20,4,1,tinyml,,,,37.885,0.000,0.000,0.000,0.000,0.000
1778947559,34.68,29.68,56.20,4,1,tinyml,,,,37.885,0.000,0.000,0.000,0.000,0.000
1778947564,34.71,29.74,56.20,4,1,tinyml,,,,37.885,0.000,0.000,0.000,0.000,0.000
1778947569,34.70,29.72,56.20,4,1,tinyml,,,,37.885,0.000,0.000,0.000,0.000,0.000
1778947574,34.68,29.74,56.20,8,1,tinyml,,,,37.754,0.000,0.000,0.000,0.000,0.000
1778947579,34.68,29.74,56.20,8,1,tinyml,,,,37.754,0.000,0.000,0.000,0.000,0.000
1778947584,34.68,29.75,56.20,8,1,tinyml,,,,37.754,0.000,0.000,0.000,0.000,0.000
1778947589,34.67,29.75,56.20,13,1,tinyml,,,,37.624,0.000,0.000,0.000,0.000,0.000
1778947594,34.68,29.74,56.20,18,1,tinyml,,,,37.493,0.000,0.000,0.000,0.000,0.000
1778947599,34.67,29.74,56.20,13,1,tinyml,,,,37.624,0.000,0.000,0.000,0.000,0.000
1778947604,34.67,29.74,56.20,13,1,tinyml,,,,37.624,0.000,0.000,0.000,0.000,0.000
1778947609,34.67,29.71,56.20,22,1,tinyml,,,,37.362,0.000,0.000,0.000,0.000,0.000
1778947614,34.67,29.74,56.20,13,1,tinyml,,,,37.624,0.000,0.000,0.000,0.000,0.000
1778947619,34.67,29.71,56.20,18,1,tinyml,,,,37.493,0.000,0.000,0.000,0.000,0.000
1778947624,34.67,29.71,56.20,27,1,tinyml,,,,37.231,0.000,0.000,0.000,0.000,0.000
1778947629,34.66,29.72,56.20,32,1,tinyml,,,,37.100,0.000,0.000,0.000,0.000,0.000
1778947634,34.68,29.75,56.20,41,1,tinyml,,,,36.838,0.000,0.000,0.000,0.000,0.000
1778947639,34.68,29.75,56.20,32,1,tinyml,,,,37.100,0.000,0.000,0.000,0.000,0.000
1778947644,34.70,29.74,56.20,37,1,tinyml,,,,36.969,0.000,0.000,0.000,0.000,0.000
1778947649,34.70,29.72,56.20,37,1,tinyml,,,,36.969,0.000,0.000,0.000,0.000,0.000
1778947654,34.71,29.72,56.10,37,1,tinyml,,,,36.969,0.000,0.000,0.000,0.000,0.000
1778947659,34.76,29.72,56.10,37,1,tinyml,,,,36.969,0.000,0.000,0.000,0.000,0.000
1778947664,34.76,29.74,56.00,41,1,tinyml,,,,36.838,0.000,0.000,0.000,0.000,0.000
1778947669,34.80,29.74,56.00,46,1,tinyml,,,,36.707,0.000,0.000,0.000,0.000,0.000
1778947674,34.84,29.77,55.90,41,1,tinyml,,,,36.838,0.000,0.000,0.000,0.000,0.000
1778947679,34.91,29.72,55.80,41,1,tinyml,,,,36.838,0.000,0.000,0.000,0.000,0.000
1778947684,34.97,29.72,55.70,55,1,tinyml,,,,36.446,0.000,0.000,0.000,0.000,0.000
1778947689,35.02,29.71,55.60,41,1,tinyml,,,,36.838,0.000,0.000,0.000,0.000,0.000
1778947694,35.09,29.72,55.40,55,1,tinyml,,,,36.446,0.000,0.000,0.000,0.000,0.000
1778947699,35.22,29.72,55.30,46,1,tinyml,,,,36.707,0.000,0.000,0.000,0.000,0.000
1778947704,35.29,29.68,55.10,41,1,tinyml,,,,36.838,0.000,0.000,0.000,0.000,0.000
1778947709,35.41,29.72,54.90,60,1,tinyml,,,,36.315,0.000,0.000,0.000,0.000,0.000
1778947714,35.50,29.71,54.80,46,1,tinyml,,,,36.707,0.000,0.000,0.000,0.000,0.000
1778947719,35.60,29.71,54.50,37,1,tinyml,,,,36.969,0.000,0.000,0.000,0.000,0.000
1778947724,35.73,29.74,54.30,55,1,tinyml,,,,36.446,0.000,0.000,0.000,0.000,0.000
1778947729,35.87,29.70,54.10,37,1,tinyml,,,,36.969,0.000,0.000,0.000,0.000,0.000
1778947734,35.98,29.70,53.90,46,1,tinyml,,,,36.707,0.000,0.000,0.000,0.000,0.000
1778947739,36.10,29.70,53.70,46,1,tinyml,,,,36.707,0.000,0.000,0.000,0.000,0.000
1778947744,36.20,29.71,53.50,46,1,tinyml,,,,36.707,0.000,0.000,0.000,0.000,0.000
1778947749,36.29,29.70,53.30,46,1,tinyml,,,,36.707,0.000,0.000,0.000,0.000,0.000
1778947754,36.42,29.67,53.00,55,1,tinyml,,,,36.446,0.000,0.000,0.000,0.000,0.000
1778947759,36.55,29.67,52.80,37,1,tinyml,,,,36.969,0.000,0.000,0.000,0.000,0.000
1778947764,36.62,29.71,52.60,46,1,tinyml,,,,36.707,0.000,0.000,0.000,0.000,0.000
1778947769,36.75,29.70,52.50,41,1,tinyml,,,,36.838,0.000,0.000,0.000,0.000,0.000
1778947774,36.86,29.71,52.30,37,1,tinyml,,,,36.969,0.000,0.000,0.000,0.000,0.000
1778947779,36.97,29.70,52.00,27,1,tinyml,,,,37.231,0.000,0.000,0.000,0.000,0.000
1778947784,37.07,29.68,51.90,41,1,tinyml,,,,36.838,0.000,0.000,0.000,0.000,0.000
1778947789,37.16,29.67,51.70,27,1,tinyml,,,,37.231,0.000,0.000,0.000,0.000,0.000
1778947794,37.26,29.68,51.50,46,1,tinyml,,,,36.707,0.000,0.000,0.000,0.000,0.000
1778947799,37.35,29.68,51.30,27,1,tinyml,,,,37.231,0.000,0.000,0.000,0.000,0.000
1778947804,37.44,29.68,51.20,27,1,tinyml,,,,37.231,0.000,0.000,0.000,0.000,0.000
1778947809,37.48,29.67,51.00,32,1,tinyml,,,,37.100,0.000,0.000,0.000,0.000,0.000
1778947814,37.54,29.70,51.00,32,1,tinyml,,,,37.100,0.000,0.000,0.000,0.000,0.000
1778947819,37.58,29.71,50.80,13,1,tinyml,,,,37.624,0.000,0.000,0.000,0.000,0.000
1778947824,37.64,29.70,50.70,27,1,tinyml,,,,37.231,0.000,0.000,0.000,0.000,0.000
1778947829,37.69,29.71,50.60,18,1,tinyml,,,,37.493,0.000,0.000,0.000,0.000,0.000
1778947834,37.72,29.72,50.60,8,1,tinyml,,,,37.754,0.000,0.000,0.000,0.000,0.000
1778947839,37.74,29.71,50.50,13,1,tinyml,,,,37.624,0.000,0.000,0.000,0.000,0.000
1778947844,37.75,29.71,50.50,13,1,tinyml,,,,37.624,0.000,0.000,0.000,0.000,0.000
1778947849,37.75,29.71,50.50,13,1,tinyml,,,,37.624,0.000,0.000,0.000,0.000,0.000
1778947854,37.75,29.67,50.50,13,1,tinyml,,,,37.624,0.000,0.000,0.000,0.000,0.000
1778947859,37.74,29.70,50.50,8,1,tinyml,,,,37.754,0.000,0.000,0.000,0.000,0.000
1778947864,37.69,29.67,50.60,13,1,tinyml,,,,37.624,0.000,0.000,0.000,0.000,0.000
1778947869,37.69,29.70,50.60,13,1,tinyml,,,,37.624,0.000,0.000,0.000,0.000,0.000
1778947874,37.66,29.71,50.70,8,1,tinyml,,,,37.754,0.000,0.000,0.000,0.000,0.000
1778947879,37.60,29.68,50.70,8,1,tinyml,,,,37.754,0.000,0.000,0.000,0.000,0.000
1778947884,37.58,29.71,50.80,13,1,tinyml,,,,37.624,0.000,0.000,0.000,0.000,0.000
1778947889,37.53,29.70,50.80,4,1,tinyml,,,,37.885,0.000,0.000,0.000,0.000,0.000
1778947894,37.47,29.70,50.90,4,1,tinyml,,,,37.885,0.000,0.000,0.000,0.000,0.000
1778947899,37.42,29.68,51.00,0,1,tinyml,,,,38.147,0.000,0.000,0.000,0.000,0.000
1778947904,37.37,29.68,51.10,0,1,tinyml,,,,38.147,0.000,0.000,0.000,0.000,0.000
1778947909,37.33,29.70,51.20,0,1,tinyml,,,,38.147,0.000,0.000,0.000,0.000,0.000
1778947914,37.26,29.70,51.30,0,1,tinyml,,,,38.016,0.000,0.000,0.000,0.000,0.000
1778947919,37.24,29.70,51.40,0,1,tinyml,,,,38.016,0.000,0.000,0.000,0.000,0.000
1778947924,37.17,29.71,51.50,0,1,tinyml,,,,38.016,0.000,0.000,0.000,0.000,0.000
1778947929,37.11,29.70,51.70,0,1,tinyml,,,,38.147,0.000,0.000,0.000,0.000,0.000
1778947934,37.06,29.68,51.70,0,1,tinyml,,,,38.016,0.000,0.000,0.000,0.000,0.000
1778947939,37.01,29.71,51.80,0,1,tinyml,,,,38.409,0.000,0.000,0.000,0.000,0.000
1778947944,36.94,29.70,52.00,0,1,tinyml,,,,38.409,0.000,0.000,0.000,0.000,0.000
1778947949,36.89,29.71,52.00,0,1,tinyml,,,,38.671,0.000,0.000,0.000,0.000,0.000
1778947954,36.86,29.68,52.20,0,1,tinyml,,,,38.671,0.000,0.000,0.000,0.000,0.000
1778947959,36.79,29.70,52.30,0,1,tinyml,,,,38.671,0.000,0.000,0.000,0.000,0.000
1778947964,36.72,29.67,52.30,0,1,tinyml,,,,38.409,0.000,0.000,0.000,0.000,0.000
1778947969,36.68,29.64,52.50,0,1,tinyml,,,,38.802,0.000,0.000,0.000,0.000,0.000
1778947974,36.63,29.67,52.60,0,1,tinyml,,,,38.802,0.000,0.000,0.000,0.000,0.000
1778947979,36.59,29.65,52.70,0,1,tinyml,,,,38.671,0.000,0.000,0.000,0.000,0.000
1778947984,36.53,29.67,52.70,0,1,tinyml,,,,38.540,0.000,0.000,0.000,0.000,0.000
1778947989,36.48,29.65,52.80,0,1,tinyml,,,,38.933,0.000,0.000,0.000,0.000,0.000
1778947994,36.44,29.68,53.00,0,1,tinyml,,,,38.933,0.000,0.000,0.000,0.000,0.000
1778947999,36.37,29.70,53.00,0,1,tinyml,,,,38.802,0.000,0.000,0.000,0.000,0.000
1778948004,36.35,29.68,53.20,0,1,tinyml,,,,38.802,0.000,0.000,0.000,0.000,0.000
1778948009,36.29,29.71,53.20,0,1,tinyml,,,,39.063,0.000,0.000,0.000,0.000,0.000
1778948014,36.23,29.72,53.30,0,1,tinyml,,,,39.063,0.000,0.000,0.000,0.000,0.000
1778948019,36.21,29.71,53.40,0,1,tinyml,,,,38.933,0.000,0.000,0.000,0.000,0.000
1778948024,36.17,29.72,53.50,0,1,tinyml,,,,38.802,0.000,0.000,0.000,0.000,0.000
1778948029,36.12,29.70,53.50,0,1,tinyml,,,,39.194,0.000,0.000,0.000,0.000,0.000
1778948034,36.10,29.71,53.60,0,1,tinyml,,,,39.325,0.000,0.000,0.000,0.000,0.000
1778948039,36.05,29.72,53.70,0,1,tinyml,,,,38.802,0.000,0.000,0.000,0.000,0.000
1778948044,36.02,29.72,53.80,0,1,tinyml,,,,38.933,0.000,0.000,0.000,0.000,0.000
1778948049,35.97,29.70,53.80,0,1,tinyml,,,,39.063,0.000,0.000,0.000,0.000,0.000
1778948054,35.94,29.71,53.90,0,1,tinyml,,,,39.325,0.000,0.000,0.000,0.000,0.000
1778948059,35.93,29.68,54.00,0,1,tinyml,,,,39.456,0.000,0.000,0.000,0.000,0.000
1778948064,35.87,29.71,54.00,0,1,tinyml,,,,39.194,0.000,0.000,0.000,0.000,0.000
1778948069,35.84,29.72,54.10,0,1,tinyml,,,,39.063,0.000,0.000,0.000,0.000,0.000
1778948074,35.82,29.70,54.10,0,1,tinyml,,,,39.063,0.000,0.000,0.000,0.000,0.000
1778948079,35.79,29.72,54.20,0,1,tinyml,,,,38.933,0.000,0.000,0.000,0.000,0.000
1778948084,35.77,29.71,54.20,0,1,tinyml,,,,39.063,0.000,0.000,0.000,0.000,0.000
1778948089,35.74,29.72,54.30,0,1,tinyml,,,,38.933,0.000,0.000,0.000,0.000,0.000
1778948094,35.69,29.70,54.30,0,1,tinyml,,,,38.933,0.000,0.000,0.000,0.000,0.000
1778948099,35.67,29.72,54.30,0,1,tinyml,,,,39.063,0.000,0.000,0.000,0.000,0.000
1778948104,35.65,29.71,54.40,0,1,tinyml,,,,38.802,0.000,0.000,0.000,0.000,0.000
1778948109,35.59,29.71,54.50,0,1,tinyml,,,,39.063,0.000,0.000,0.000,0.000,0.000
1778948114,35.59,29.74,54.50,0,1,tinyml,,,,39.063,0.000,0.000,0.000,0.000,0.000
1778948119,35.59,29.72,54.60,0,1,tinyml,,,,39.063,0.000,0.000,0.000,0.000,0.000
1778948124,35.56,29.74,54.60,0,1,tinyml,,,,39.194,0.000,0.000,0.000,0.000,0.000
1778948129,35.55,29.75,54.60,0,1,tinyml,,,,38.933,0.000,0.000,0.000,0.000,0.000
1778948134,35.50,29.72,54.70,0,1,tinyml,,,,38.933,0.000,0.000,0.000,0.000,0.000
1778948139,35.47,29.74,54.70,0,1,tinyml,,,,39.063,0.000,0.000,0.000,0.000,0.000
1778948144,35.47,29.74,54.70,0,1,tinyml,,,,39.194,0.000,0.000,0.000,0.000,0.000
1778948149,35.46,29.75,54.80,0,1,tinyml,,,,38.933,0.000,0.000,0.000,0.000,0.000
1778948154,35.45,29.74,54.80,0,1,tinyml,,,,39.063,0.000,0.000,0.000,0.000,0.000
1778948159,35.41,29.75,54.90,0,1,tinyml,,,,39.063,0.000,0.000,0.000,0.000,0.000
1778948164,35.41,29.74,54.90,0,1,tinyml,,,,39.063,0.000,0.000,0.000,0.000,0.000
1778948169,35.38,29.74,55.00,0,1,tinyml,,,,39.063,0.000,0.000,0.000,0.000,0.000
1778948174,35.35,29.74,55.00,0,1,tinyml,,,,39.194,0.000,0.000,0.000,0.000,0.000
1778948179,35.35,29.74,55.00,0,1,tinyml,,,,39.325,0.000,0.000,0.000,0.000,0.000
1778948184,35.32,29.72,55.00,0,1,tinyml,,,,39.325,0.000,0.000,0.000,0.000,0.000
1778948189,35.29,29.75,55.10,0,1,tinyml,,,,39.456,0.000,0.000,0.000,0.000,0.000
1778948194,35.29,29.71,55.10,0,1,tinyml,,,,39.063,0.000,0.000,0.000,0.000,0.000
1778948199,35.27,29.71,55.10,0,1,tinyml,,,,39.587,0.000,0.000,0.000,0.000,0.000
1778948204,35.24,29.71,55.10,0,1,tinyml,,,,39.718,0.000,0.000,0.000,0.000,0.000
1778948209,35.21,29.72,55.20,0,1,tinyml,,,,39.325,0.000,0.000,0.000,0.000,0.000
1778948214,35.21,29.72,55.20,0,1,tinyml,,,,39.456,0.000,0.000,0.000,0.000,0.000
1778948219,35.18,29.72,55.20,0,1,tinyml,,,,39.063,0.000,0.000,0.000,0.000,0.000
1778948224,35.18,29.74,55.20,0,1,tinyml,,,,39.325,0.000,0.000,0.000,0.000,0.000
1778948229,35.15,29.74,55.20,0,1,tinyml,,,,39.587,0.000,0.000,0.000,0.000,0.000
1778948234,35.14,29.72,55.30,0,1,tinyml,,,,39.718,0.000,0.000,0.000,0.000,0.000
1778948239,35.14,29.74,55.30,0,1,tinyml,,,,39.325,0.000,0.000,0.000,0.000,0.000
1778948244,35.12,29.75,55.30,0,1,tinyml,,,,39.325,0.000,0.000,0.000,0.000,0.000
1778948249,35.11,29.74,55.30,0,1,tinyml,,,,39.194,0.000,0.000,0.000,0.000,0.000
1778948254,35.09,29.77,55.40,0,1,tinyml,,,,39.325,0.000,0.000,0.000,0.000,0.000
1778948259,35.08,29.74,55.40,0,1,tinyml,,,,39.325,0.000,0.000,0.000,0.000,0.000
1778948264,35.09,29.75,55.40,0,1,tinyml,,,,39.063,0.000,0.000,0.000,0.000,0.000
1778948269,35.05,29.72,55.50,0,1,tinyml,,,,39.063,0.000,0.000,0.000,0.000,0.000
1778948274,35.02,29.74,55.50,0,1,tinyml,,,,39.063,0.000,0.000,0.000,0.000,0.000
1778948279,35.07,29.75,55.50,0,1,tinyml,,,,39.063,0.000,0.000,0.000,0.000,0.000
1778948284,35.01,29.74,55.50,0,1,tinyml,,,,39.194,0.000,0.000,0.000,0.000,0.000
1778948289,35.01,29.74,55.50,0,1,tinyml,,,,39.194,0.000,0.000,0.000,0.000,0.000
1778948294,34.98,29.75,55.50,0,1,tinyml,,,,39.325,0.000,0.000,0.000,0.000,0.000
1778948299,35.01,29.75,55.60,0,1,tinyml,,,,39.063,0.000,0.000,0.000,0.000,0.000
1778948304,34.98,29.74,55.60,0,1,tinyml,,,,39.063,0.000,0.000,0.000,0.000,0.000
1778948309,34.95,29.72,55.60,0,1,tinyml,,,,39.063,0.000,0.000,0.000,0.000,0.000
1778948314,34.94,29.71,55.60,0,1,tinyml,,,,38.933,0.000,0.000,0.000,0.000,0.000
1778948319,34.95,29.72,55.60,0,1,tinyml,,,,38.802,0.000,0.000,0.000,0.000,0.000
1778948324,34.92,29.70,55.70,0,1,tinyml,,,,38.802,0.000,0.000,0.000,0.000,0.000
1778948329,34.92,29.71,55.70,0,1,tinyml,,,,39.063,0.000,0.000,0.000,0.000,0.000
1778948334,34.91,29.71,55.70,0,1,tinyml,,,,38.671,0.000,0.000,0.000,0.000,0.000
1778948339,34.91,29.72,55.70,0,1,tinyml,,,,38.802,0.000,0.000,0.000,0.000,0.000
1778948344,34.90,29.71,55.70,0,1,tinyml,,,,38.933,0.000,0.000,0.000,0.000,0.000
1778948349,34.86,29.74,55.70,0,1,tinyml,,,,38.933,0.000,0.000,0.000,0.000,0.000
1778948354,34.86,29.72,55.80,0,1,tinyml,,,,38.933,0.000,0.000,0.000,0.000,0.000
1778948359,34.86,29.72,55.80,0,1,tinyml,,,,38.671,0.000,0.000,0.000,0.000,0.000
1778948364,34.86,29.68,55.80,0,1,tinyml,,,,38.671,0.000,0.000,0.000,0.000,0.000
1778948369,34.84,29.71,55.80,0,1,tinyml,,,,38.802,0.000,0.000,0.000,0.000,0.000
1778948374,34.83,29.72,55.80,0,1,tinyml,,,,38.671,0.000,0.000,0.000,0.000,0.000
1778948379,34.81,29.70,55.80,0,1,tinyml,,,,38.409,0.000,0.000,0.000,0.000,0.000
1778948384,34.80,29.68,55.80,0,1,tinyml,,,,38.409,0.000,0.000,0.000,0.000,0.000
1778948389,34.79,29.70,55.80,0,1,tinyml,,,,38.409,0.000,0.000,0.000,0.000,0.000
1778948394,34.79,29.70,55.80,0,1,tinyml,,,,38.409,0.000,0.000,0.000,0.000,0.000
1778948399,34.76,29.65,55.90,0,1,tinyml,,,,38.147,0.000,0.000,0.000,0.000,0.000
1778948404,34.77,29.67,55.90,0,1,tinyml,,,,38.278,0.000,0.000,0.000,0.000,0.000
1778948409,34.76,29.68,55.90,0,1,tinyml,,,,38.278,0.000,0.000,0.000,0.000,0.000
1778948414,34.76,29.68,55.90,0,1,tinyml,,,,38.278,0.000,0.000,0.000,0.000,0.000
1778948419,34.74,29.67,55.90,4,1,tinyml,,,,37.885,0.000,0.000,0.000,0.000,0.000
1778948424,34.74,29.68,55.90,0,1,tinyml,,,,38.016,0.000,0.000,0.000,0.000,0.000
1778948429,34.71,29.67,56.00,4,1,tinyml,,,,37.885,0.000,0.000,0.000,0.000,0.000
1778948434,34.73,29.70,56.00,0,1,tinyml,,,,38.016,0.000,0.000,0.000,0.000,0.000
1778948439,34.70,29.68,56.00,4,1,tinyml,,,,37.885,0.000,0.000,0.000,0.000,0.000
1778948444,34.68,29.67,56.00,0,1,tinyml,,,,38.016,0.000,0.000,0.000,0.000,0.000
1778948449,34.70,29.68,56.00,13,1,tinyml,,,,37.624,0.000,0.000,0.000,0.000,0.000
1778948454,34.70,29.68,56.00,4,1,tinyml,,,,37.885,0.000,0.000,0.000,0.000,0.000
1778948459,34.70,29.65,56.00,13,1,tinyml,,,,37.624,0.000,0.000,0.000,0.000,0.000
1778948464,34.68,29.67,56.00,13,1,tinyml,,,,37.624,0.000,0.000,0.000,0.000,0.000
1778948469,34.67,29.70,56.00,13,1,tinyml,,,,37.624,0.000,0.000,0.000,0.000,0.000
1778948474,34.67,29.68,56.00,4,1,tinyml,,,,37.885,0.000,0.000,0.000,0.000,0.000
1778948479,34.67,29.67,56.00,22,1,tinyml,,,,37.362,0.000,0.000,0.000,0.000,0.000
1778948484,34.66,29.65,56.00,8,1,tinyml,,,,37.754,0.000,0.000,0.000,0.000,0.000
1778948489,34.68,29.68,56.00,22,1,tinyml,,,,37.362,0.000,0.000,0.000,0.000,0.000
1778948494,34.66,29.68,56.00,18,1,tinyml,,,,37.493,0.000,0.000,0.000,0.000,0.000
1778948499,34.66,29.67,56.00,32,1,tinyml,,,,37.100,0.000,0.000,0.000,0.000,0.000
1778948504,34.66,29.68,56.00,22,1,tinyml,,,,37.362,0.000,0.000,0.000,0.000,0.000
1778948509,34.68,29.68,56.10,32,1,tinyml,,,,37.100,0.000,0.000,0.000,0.000,0.000
1778948514,34.68,29.70,56.00,32,1,tinyml,,,,37.100,0.000,0.000,0.000,0.000,0.000
1778948519,34.68,29.65,56.00,37,1,tinyml,,,,36.969,0.000,0.000,0.000,0.000,0.000
1778948524,34.70,29.67,56.00,41,1,tinyml,,,,36.838,0.000,0.000,0.000,0.000,0.000
1778948529,34.71,29.67,55.90,46,1,tinyml,,,,36.707,0.000,0.000,0.000,0.000,0.000
1778948534,34.74,29.65,55.90,41,1,tinyml,,,,36.838,0.000,0.000,0.000,0.000,0.000
1778948539,34.74,29.67,55.80,51,1,tinyml,,,,36.576,0.000,0.000,0.000,0.000,0.000
1778948544,34.79,29.65,55.80,41,1,tinyml,,,,36.838,0.000,0.000,0.000,0.000,0.000
1778948549,34.84,29.71,55.70,51,1,tinyml,,,,36.576,0.000,0.000,0.000,0.000,0.000
1778948554,34.88,29.65,55.60,51,1,tinyml,,,,36.576,0.000,0.000,0.000,0.000,0.000
1778948559,34.97,29.64,55.50,55,1,tinyml,,,,36.446,0.000,0.000,0.000,0.000,0.000
1778948564,35.07,29.68,55.40,51,1,tinyml,,,,36.576,0.000,0.000,0.000,0.000,0.000
1778948569,35.14,29.65,55.20,55,1,tinyml,,,,36.446,0.000,0.000,0.000,0.000,0.000
1778948574,35.29,29.65,55.00,60,1,tinyml,,,,36.315,0.000,0.000,0.000,0.000,0.000
1778948579,35.36,29.67,54.80,51,1,tinyml,,,,36.576,0.000,0.000,0.000,0.000,0.000
1778948584,35.47,29.64,54.60,51,1,tinyml,,,,36.576,0.000,0.000,0.000,0.000,0.000
1778948589,35.62,29.64,54.40,55,1,tinyml,,,,36.446,0.000,0.000,0.000,0.000,0.000
1778948594,35.76,29.64,54.10,60,1,tinyml,,,,36.315,0.000,0.000,0.000,0.000,0.000
1778948599,35.87,29.64,54.00,60,1,tinyml,,,,36.315,0.000,0.000,0.000,0.000,0.000
1778948604,36.00,29.64,53.70,60,1,tinyml,,,,36.315,0.000,0.000,0.000,0.000,0.000
1778948609,36.17,29.62,53.50,65,1,tinyml,,,,36.184,0.000,0.000,0.000,0.000,0.000
1778948614,36.32,29.64,53.10,60,1,tinyml,,,,36.315,0.000,0.000,0.000,0.000,0.000
1778948619,36.51,29.62,52.80,60,1,tinyml,,,,36.315,0.000,0.000,0.000,0.000,0.000
1778948624,36.66,29.64,52.60,51,1,tinyml,,,,36.576,0.000,0.000,0.000,0.000,0.000
1778948629,36.84,29.64,52.30,51,1,tinyml,,,,36.576,0.000,0.000,0.000,0.000,0.000
1778948634,36.99,29.62,52.00,51,1,tinyml,,,,36.576,0.000,0.000,0.000,0.000,0.000
1778948639,37.17,29.65,51.60,46,1,tinyml,,,,36.707,0.000,0.000,0.000,0.000,0.000
1778948644,37.30,29.62,51.40,51,1,tinyml,,,,36.576,0.000,0.000,0.000,0.000,0.000
1778948649,37.47,29.64,51.10,46,1,tinyml,,,,36.707,0.000,0.000,0.000,0.000,0.000
1778948654,37.60,29.64,50.80,32,1,tinyml,,,,37.100,0.000,0.000,0.000,0.000,0.000
1778948659,37.75,29.65,50.50,32,1,tinyml,,,,37.100,0.000,0.000,0.000,0.000,0.000
1778948664,37.90,29.64,50.30,37,1,tinyml,,,,36.969,0.000,0.000,0.000,0.000,0.000
1778948669,38.00,29.65,50.10,32,1,tinyml,,,,37.100,0.000,0.000,0.000,0.000,0.000
1778948674,38.12,29.68,49.80,22,1,tinyml,,,,37.362,0.000,0.000,0.000,0.000,0.000
1778948679,38.21,29.67,49.70,18,1,tinyml,,,,37.493,0.000,0.000,0.000,0.000,0.000
1778948684,38.30,29.65,49.60,22,1,tinyml,,,,37.362,0.000,0.000,0.000,0.000,0.000
1778948689,38.36,29.67,49.40,22,1,tinyml,,,,37.362,0.000,0.000,0.000,0.000,0.000
1778948694,38.44,29.68,49.30,18,1,tinyml,,,,37.493,0.000,0.000,0.000,0.000,0.000
1778948699,38.50,29.68,49.20,13,1,tinyml,,,,37.624,0.000,0.000,0.000,0.000,0.000
1778948704,38.51,29.68,49.20,22,1,tinyml,,,,37.362,0.000,0.000,0.000,0.000,0.000
1778948709,38.51,29.70,49.10,18,1,tinyml,,,,37.493,0.000,0.000,0.000,0.000,0.000
1778948714,38.53,29.70,49.10,8,1,tinyml,,,,37.754,0.000,0.000,0.000,0.000,0.000
1778948719,38.50,29.72,49.10,8,1,tinyml,,,,37.754,0.000,0.000,0.000,0.000,0.000
1778948724,38.50,29.70,49.20,8,1,tinyml,,,,37.754,0.000,0.000,0.000,0.000,0.000
1778948729,38.46,29.68,49.20,8,1,tinyml,,,,37.754,0.000,0.000,0.000,0.000,0.000
1778948734,38.43,29.70,49.20,4,1,tinyml,,,,37.885,0.000,0.000,0.000,0.000,0.000
1778948739,38.38,29.70,49.30,4,1,tinyml,,,,37.885,0.000,0.000,0.000,0.000,0.000
1778948744,38.36,29.71,49.30,13,1,tinyml,,,,37.624,0.000,0.000,0.000,0.000,0.000
1778948749,38.29,29.70,49.50,4,1,tinyml,,,,37.885,0.000,0.000,0.000,0.000,0.000
1778948754,38.24,29.72,49.50,4,1,tinyml,,,,37.885,0.000,0.000,0.000,0.000,0.000
1778948759,38.19,29.68,49.60,13,1,tinyml,,,,37.624,0.000,0.000,0.000,0.000,0.000
1778948764,38.13,29.72,49.70,13,1,tinyml,,,,37.624,0.000,0.000,0.000,0.000,0.000
1778948769,38.06,29.68,49.80,0,1,tinyml,,,,38.147,0.000,0.000,0.000,0.000,0.000
1778948774,38.02,29.68,49.90,8,1,tinyml,,,,37.754,0.000,0.000,0.000,0.000,0.000
1778948779,37.94,29.67,50.10,0,1,tinyml,,,,38.016,0.000,0.000,0.000,0.000,0.000
1778948784,37.89,29.70,50.10,0,1,tinyml,,,,38.278,0.000,0.000,0.000,0.000,0.000
1778948789,37.79,29.68,50.30,0,1,tinyml,,,,38.278,0.000,0.000,0.000,0.000,0.000
1778948794,37.75,29.68,50.50,0,1,tinyml,,,,38.016,0.000,0.000,0.000,0.000,0.000
1778948799,37.69,29.70,50.50,0,1,tinyml,,,,38.147,0.000,0.000,0.000,0.000,0.000
1778948804,37.61,29.68,50.70,0,1,tinyml,,,,38.147,0.000,0.000,0.000,0.000,0.000
1778948809,37.57,29.70,50.70,0,1,tinyml,,,,38.278,0.000,0.000,0.000,0.000,0.000
1778948814,37.48,29.67,51.00,0,1,tinyml,,,,38.278,0.000,0.000,0.000,0.000,0.000
1778948819,37.39,29.71,51.10,0,1,tinyml,,,,38.540,0.000,0.000,0.000,0.000,0.000
1778948824,37.35,29.74,51.20,0,1,tinyml,,,,38.671,0.000,0.000,0.000,0.000,0.000
1778948829,37.28,29.71,51.30,0,1,tinyml,,,,38.671,0.000,0.000,0.000,0.000,0.000
1778948834,37.23,29.71,51.40,0,1,tinyml,,,,38.409,0.000,0.000,0.000,0.000,0.000
1778948839,37.17,29.70,51.50,0,1,tinyml,,,,38.540,0.000,0.000,0.000,0.000,0.000
1778948844,37.11,29.70,51.60,0,1,tinyml,,,,38.409,0.000,0.000,0.000,0.000,0.000
1778948849,37.06,29.70,51.70,0,1,tinyml,,,,38.802,0.000,0.000,0.000,0.000,0.000
1778948854,36.99,29.68,51.90,0,1,tinyml,,,,38.671,0.000,0.000,0.000,0.000,0.000
1778948859,36.94,29.68,52.00,0,1,tinyml,,,,38.933,0.000,0.000,0.000,0.000,0.000
1778948864,36.87,29.70,52.10,0,1,tinyml,,,,38.933,0.000,0.000,0.000,0.000,0.000
1778948869,36.83,29.71,52.20,0,1,tinyml,,,,38.933,0.000,0.000,0.000,0.000,0.000
1778948874,36.79,29.71,52.30,0,1,tinyml,,,,38.802,0.000,0.000,0.000,0.000,0.000
1778948879,36.71,29.71,52.30,0,1,tinyml,,,,39.063,0.000,0.000,0.000,0.000,0.000
1778948884,36.66,29.70,52.50,0,1,tinyml,,,,38.933,0.000,0.000,0.000,0.000,0.000
1778948889,36.61,29.68,52.50,0,1,tinyml,,,,38.933,0.000,0.000,0.000,0.000,0.000
1778948894,36.57,29.71,52.60,0,1,tinyml,,,,38.802,0.000,0.000,0.000,0.000,0.000
1778948899,36.53,29.70,52.70,0,1,tinyml,,,,39.063,0.000,0.000,0.000,0.000,0.000
1778948904,36.48,29.71,52.80,0,1,tinyml,,,,38.933,0.000,0.000,0.000,0.000,0.000
1778948909,36.45,29.65,52.90,0,1,tinyml,,,,38.933,0.000,0.000,0.000,0.000,0.000
1778948914,36.41,29.68,53.00,0,1,tinyml,,,,38.671,0.000,0.000,0.000,0.000,0.000
1778948919,36.34,29.70,53.10,0,1,tinyml,,,,38.933,0.000,0.000,0.000,0.000,0.000
1778948924,36.32,29.65,53.10,0,1,tinyml,,,,39.063,0.000,0.000,0.000,0.000,0.000
1778948929,36.29,29.70,53.20,0,1,tinyml,,,,39.063,0.000,0.000,0.000,0.000,0.000
1778948934,36.24,29.68,53.20,0,1,tinyml,,,,38.802,0.000,0.000,0.000,0.000,0.000
1778948939,36.20,29.65,53.40,0,1,tinyml,,,,38.802,0.000,0.000,0.000,0.000,0.000
1778948944,36.16,29.68,53.40,0,1,tinyml,,,,38.802,0.000,0.000,0.000,0.000,0.000
1778948949,36.11,29.67,53.50,0,1,tinyml,,,,38.540,0.000,0.000,0.000,0.000,0.000
1778948954,36.11,29.70,53.60,0,1,tinyml,,,,38.671,0.000,0.000,0.000,0.000,0.000
1778948959,36.04,29.67,53.60,0,1,tinyml,,,,38.802,0.000,0.000,0.000,0.000,0.000
1778948964,36.04,29.67,53.70,0,1,tinyml,,,,38.540,0.000,0.000,0.000,0.000,0.000
1778948969,36.00,29.64,53.70,0,1,tinyml,,,,38.540,0.000,0.000,0.000,0.000,0.000
1778948974,35.97,29.67,53.80,0,1,tinyml,,,,38.933,0.000,0.000,0.000,0.000,0.000
1778948979,35.96,29.67,53.80,0,1,tinyml,,,,38.540,0.000,0.000,0.000,0.000,0.000
1778948984,35.93,29.67,53.80,0,1,tinyml,,,,38.671,0.000,0.000,0.000,0.000,0.000
1778948989,35.89,29.65,53.90,0,1,tinyml,,,,38.540,0.000,0.000,0.000,0.000,0.000
1778948994,35.86,29.67,54.00,0,1,tinyml,,,,38.671,0.000,0.000,0.000,0.000,0.000
1778948999,35.84,29.67,54.00,0,1,tinyml,,,,38.933,0.000,0.000,0.000,0.000,0.000
1778949004,35.80,29.67,54.10,0,1,tinyml,,,,38.671,0.000,0.000,0.000,0.000,0.000
1778949009,35.77,29.70,54.10,0,1,tinyml,,,,38.802,0.000,0.000,0.000,0.000,0.000
1778949014,35.76,29.68,54.20,0,1,tinyml,,,,39.063,0.000,0.000,0.000,0.000,0.000
1778949019,35.73,29.70,54.20,0,1,tinyml,,,,38.802,0.000,0.000,0.000,0.000,0.000
1778949024,35.72,29.67,54.20,0,1,tinyml,,,,39.194,0.000,0.000,0.000,0.000,0.000
1778949029,35.72,29.68,54.30,0,1,tinyml,,,,38.933,0.000,0.000,0.000,0.000,0.000
1778949034,35.67,29.68,54.30,0,1,tinyml,,,,39.194,0.000,0.000,0.000,0.000,0.000
1778949039,35.65,29.70,54.30,0,1,tinyml,,,,38.933,0.000,0.000,0.000,0.000,0.000
1778949044,35.60,29.70,54.40,0,1,tinyml,,,,39.194,0.000,0.000,0.000,0.000,0.000
1778949049,35.60,29.71,54.30,0,1,tinyml,,,,39.194,0.000,0.000,0.000,0.000,0.000
1778949054,35.59,29.70,54.40,0,1,tinyml,,,,39.325,0.000,0.000,0.000,0.000,0.000
1778949059,35.56,29.70,54.50,0,1,tinyml,,,,39.325,0.000,0.000,0.000,0.000,0.000
1778949064,35.55,29.68,54.50,0,1,tinyml,,,,39.456,0.000,0.000,0.000,0.000,0.000
1778949069,35.52,29.71,54.50,0,1,tinyml,,,,39.456,0.000,0.000,0.000,0.000,0.000
1778949074,35.50,29.70,54.60,0,1,tinyml,,,,39.325,0.000,0.000,0.000,0.000,0.000
1778949079,35.49,29.71,54.60,0,1,tinyml,,,,39.325,0.000,0.000,0.000,0.000,0.000
1778949084,35.46,29.68,54.70,0,1,tinyml,,,,39.718,0.000,0.000,0.000,0.000,0.000
1778949089,35.46,29.70,54.70,0,1,tinyml,,,,39.325,0.000,0.000,0.000,0.000,0.000
1778949094,35.43,29.70,54.70,0,1,tinyml,,,,39.456,0.000,0.000,0.000,0.000,0.000
1778949099,35.39,29.67,54.70,0,1,tinyml,,,,39.325,0.000,0.000,0.000,0.000,0.000
1778949104,35.39,29.70,54.80,0,1,tinyml,,,,39.456,0.000,0.000,0.000,0.000,0.000
1778949109,35.36,29.68,54.80,0,1,tinyml,,,,39.063,0.000,0.000,0.000,0.000,0.000
1778949114,35.36,29.67,54.80,0,1,tinyml,,,,39.194,0.000,0.000,0.000,0.000,0.000
1778949119,35.35,29.67,54.80,0,1,tinyml,,,,39.456,0.000,0.000,0.000,0.000,0.000
1778949124,35.32,29.67,54.90,0,1,tinyml,,,,39.325,0.000,0.000,0.000,0.000,0.000
1778949129,35.31,29.67,54.90,0,1,tinyml,,,,39.325,0.000,0.000,0.000,0.000,0.000
1778949134,35.28,29.67,54.90,0,1,tinyml,,,,39.325,0.000,0.000,0.000,0.000,0.000
1778949139,35.31,29.65,54.90,0,1,tinyml,,,,39.063,0.000,0.000,0.000,0.000,0.000
1778949144,35.25,29.68,54.90,0,1,tinyml,,,,39.194,0.000,0.000,0.000,0.000,0.000
1778949149,35.25,29.67,55.00,0,1,tinyml,,,,39.194,0.000,0.000,0.000,0.000,0.000
1778949154,35.24,29.67,55.00,0,1,tinyml,,,,39.194,0.000,0.000,0.000,0.000,0.000
1778949159,35.22,29.65,55.00,0,1,tinyml,,,,39.325,0.000,0.000,0.000,0.000,0.000
1778949164,35.22,29.65,55.00,0,1,tinyml,,,,39.325,0.000,0.000,0.000,0.000,0.000
1778949169,35.19,29.65,55.10,0,1,tinyml,,,,38.933,0.000,0.000,0.000,0.000,0.000
1778949174,35.19,29.68,55.00,0,1,tinyml,,,,38.933,0.000,0.000,0.000,0.000,0.000
1778949179,35.15,29.67,55.10,0,1,tinyml,,,,39.194,0.000,0.000,0.000,0.000,0.000
1778949184,35.17,29.65,55.10,0,1,tinyml,,,,38.933,0.000,0.000,0.000,0.000,0.000
1778949189,35.12,29.62,55.10,0,1,tinyml,,,,39.063,0.000,0.000,0.000,0.000,0.000
1778949194,35.14,29.61,55.10,0,1,tinyml,,,,39.063,0.000,0.000,0.000,0.000,0.000
1778949199,35.09,29.64,55.20,0,1,tinyml,,,,39.063,0.000,0.000,0.000,0.000,0.000
1778949204,35.12,29.65,55.20,0,1,tinyml,,,,39.063,0.000,0.000,0.000,0.000,0.000
1778949209,35.09,29.64,55.20,0,1,tinyml,,,,38.933,0.000,0.000,0.000,0.000,0.000
1778949214,35.08,29.62,55.20,0,1,tinyml,,,,39.194,0.000,0.000,0.000,0.000,0.000
1778949219,35.08,29.61,55.20,0,1,tinyml,,,,39.194,0.000,0.000,0.000,0.000,0.000
1778949224,35.07,29.61,55.20,0,1,tinyml,,,,38.933,0.000,0.000,0.000,0.000,0.000
1778949229,35.07,29.58,55.30,0,1,tinyml,,,,38.933,0.000,0.000,0.000,0.000,0.000
1778949234,35.05,29.62,55.30,0,1,tinyml,,,,38.933,0.000,0.000,0.000,0.000,0.000
1778949239,35.04,29.61,55.30,0,1,tinyml,,,,39.063,0.000,0.000,0.000,0.000,0.000
1778949244,35.01,29.60,55.30,0,1,tinyml,,,,39.063,0.000,0.000,0.000,0.000,0.000
1778949249,35.01,29.61,55.30,0,1,tinyml,,,,38.671,0.000,0.000,0.000,0.000,0.000
1778949254,34.97,29.58,55.40,0,1,tinyml,,,,38.802,0.000,0.000,0.000,0.000,0.000
1778949259,34.95,29.58,55.40,0,1,tinyml,,,,38.671,0.000,0.000,0.000,0.000,0.000
1778949264,34.95,29.58,55.40,0,1,tinyml,,,,38.933,0.000,0.000,0.000,0.000,0.000
1778949269,34.95,29.55,55.40,0,1,tinyml,,,,38.802,0.000,0.000,0.000,0.000,0.000
1778949274,34.95,29.57,55.40,0,1,tinyml,,,,38.802,0.000,0.000,0.000,0.000,0.000
1778949279,34.94,29.55,55.50,0,1,tinyml,,,,38.933,0.000,0.000,0.000,0.000,0.000
1778949284,34.92,29.55,55.50,0,1,tinyml,,,,38.802,0.000,0.000,0.000,0.000,0.000
1778949289,34.94,29.57,55.50,0,1,tinyml,,,,38.933,0.000,0.000,0.000,0.000,0.000
1778949294,34.91,29.57,55.50,0,1,tinyml,,,,38.540,0.000,0.000,0.000,0.000,0.000
1778949299,34.88,29.57,55.50,0,1,tinyml,,,,38.671,0.000,0.000,0.000,0.000,0.000
1778949304,34.88,29.55,55.50,0,1,tinyml,,,,38.671,0.000,0.000,0.000,0.000,0.000
1778949309,34.88,29.55,55.60,0,1,tinyml,,,,38.540,0.000,0.000,0.000,0.000,0.000
1778949314,34.87,29.57,55.50,0,1,tinyml,,,,38.540,0.000,0.000,0.000,0.000,0.000
1778949319,34.86,29.55,55.50,0,1,tinyml,,,,38.278,0.000,0.000,0.000,0.000,0.000
1778949324,34.86,29.58,55.60,0,1,tinyml,,,,38.540,0.000,0.000,0.000,0.000,0.000
1778949329,34.83,29.57,55.60,0,1,tinyml,,,,38.540,0.000,0.000,0.000,0.000,0.000
1778949334,34.81,29.60,55.60,0,1,tinyml,,,,38.540,0.000,0.000,0.000,0.000,0.000
1778949339,34.84,29.60,55.60,0,1,tinyml,,,,38.540,0.000,0.000,0.000,0.000,0.000
1778949344,34.80,29.58,55.60,0,1,tinyml,,,,38.278,0.000,0.000,0.000,0.000,0.000
1778949349,34.81,29.58,55.60,0,1,tinyml,,,,38.278,0.000,0.000,0.000,0.000,0.000
1778949354,34.80,29.57,55.60,0,1,tinyml,,,,38.278,0.000,0.000,0.000,0.000,0.000
1778949359,34.80,29.57,55.70,0,1,tinyml,,,,38.278,0.000,0.000,0.000,0.000,0.000
1778949364,34.79,29.57,55.70,0,1,tinyml,,,,38.278,0.000,0.000,0.000,0.000,0.000
1778949369,34.76,29.58,55.70,0,1,tinyml,,,,38.278,0.000,0.000,0.000,0.000,0.000
1778949374,34.76,29.60,55.70,0,1,tinyml,,,,38.016,0.000,0.000,0.000,0.000,0.000
1778949379,34.74,29.60,55.70,0,1,tinyml,,,,38.016,0.000,0.000,0.000,0.000,0.000
1778949384,34.74,29.58,55.80,0,1,tinyml,,,,38.016,0.000,0.000,0.000,0.000,0.000
1778949389,34.71,29.58,55.70,0,1,tinyml,,,,38.016,0.000,0.000,0.000,0.000,0.000
1778949394,34.70,29.61,55.80,0,1,tinyml,,,,38.016,0.000,0.000,0.000,0.000,0.000
1778949399,34.70,29.58,55.80,0,1,tinyml,,,,38.016,0.000,0.000,0.000,0.000,0.000
1778949404,34.68,29.62,55.80,8,1,tinyml,,,,37.754,0.000,0.000,0.000,0.000,0.000
1778949409,34.70,29.58,55.80,13,1,tinyml,,,,37.624,0.000,0.000,0.000,0.000,0.000
1778949414,34.70,29.60,55.80,8,1,tinyml,,,,37.754,0.000,0.000,0.000,0.000,0.000
1778949419,34.68,29.60,55.80,8,1,tinyml,,,,37.754,0.000,0.000,0.000,0.000,0.000
1778949424,34.64,29.58,55.90,0,1,tinyml,,,,38.016,0.000,0.000,0.000,0.000,0.000
1778949429,34.67,29.60,55.80,0,1,tinyml,,,,38.016,0.000,0.000,0.000,0.000,0.000
1778949434,34.64,29.61,55.80,8,1,tinyml,,,,37.754,0.000,0.000,0.000,0.000,0.000
1778949439,34.64,29.61,55.90,8,1,tinyml,,,,37.754,0.000,0.000,0.000,0.000,0.000
1778949444,34.63,29.61,55.90,13,1,tinyml,,,,37.624,0.000,0.000,0.000,0.000,0.000
1778949449,34.63,29.62,55.90,8,1,tinyml,,,,37.754,0.000,0.000,0.000,0.000,0.000
1778949454,34.61,29.62,55.90,8,1,tinyml,,,,37.754,0.000,0.000,0.000,0.000,0.000
1778949459,34.63,29.61,55.90,13,1,tinyml,,,,37.624,0.000,0.000,0.000,0.000,0.000
1778949464,34.60,29.61,56.00,27,1,tinyml,,,,37.231,0.000,0.000,0.000,0.000,0.000
1778949469,34.61,29.62,55.90,18,1,tinyml,,,,37.493,0.000,0.000,0.000,0.000,0.000
1778949474,34.57,29.60,56.00,18,1,tinyml,,,,37.493,0.000,0.000,0.000,0.000,0.000
1778949479,34.60,29.62,56.00,18,1,tinyml,,,,37.493,0.000,0.000,0.000,0.000,0.000
1778949484,34.57,29.61,55.90,27,1,tinyml,,,,37.231,0.000,0.000,0.000,0.000,0.000
1778949489,34.59,29.62,56.00,27,1,tinyml,,,,37.231,0.000,0.000,0.000,0.000,0.000
1778949494,34.61,29.58,56.00,37,1,tinyml,,,,36.969,0.000,0.000,0.000,0.000,0.000
1778949499,34.59,29.60,56.00,32,1,tinyml,,,,37.100,0.000,0.000,0.000,0.000,0.000
1778949504,34.57,29.60,55.90,46,1,tinyml,,,,36.707,0.000,0.000,0.000,0.000,0.000
1778949509,34.60,29.58,56.00,41,1,tinyml,,,,36.838,0.000,0.000,0.000,0.000,0.000
1778949514,34.61,29.58,55.90,51,1,tinyml,,,,36.576,0.000,0.000,0.000,0.000,0.000
1778949519,34.64,29.60,55.90,37,1,tinyml,,,,36.969,0.000,0.000,0.000,0.000,0.000
1778949524,34.68,29.60,55.80,41,1,tinyml,,,,36.838,0.000,0.000,0.000,0.000,0.000
1778949529,34.73,29.60,55.70,46,1,tinyml,,,,36.707,0.000,0.000,0.000,0.000,0.000
1778949534,34.80,29.60,55.60,55,1,tinyml,,,,36.446,0.000,0.000,0.000,0.000,0.000
1778949539,34.84,29.60,55.50,46,1,tinyml,,,,36.707,0.000,0.000,0.000,0.000,0.000
1778949544,34.92,29.62,55.40,46,1,tinyml,,,,36.707,0.000,0.000,0.000,0.000,0.000
1778949549,35.02,29.60,55.20,37,1,tinyml,,,,36.969,0.000,0.000,0.000,0.000,0.000
1778949554,35.11,29.61,55.10,51,1,tinyml,,,,36.576,0.000,0.000,0.000,0.000,0.000
1778949559,35.21,29.57,54.90,46,1,tinyml,,,,36.707,0.000,0.000,0.000,0.000,0.000
1778949564,35.31,29.57,54.70,51,1,tinyml,,,,36.576,0.000,0.000,0.000,0.000,0.000
1778949569,35.42,29.57,54.60,41,1,tinyml,,,,36.838,0.000,0.000,0.000,0.000,0.000
1778949574,35.56,29.60,54.30,46,1,tinyml,,,,36.707,0.000,0.000,0.000,0.000,0.000
1778949579,35.63,29.58,54.10,37,1,tinyml,,,,36.969,0.000,0.000,0.000,0.000,0.000
1778949584,35.76,29.60,53.90,55,1,tinyml,,,,36.446,0.000,0.000,0.000,0.000,0.000
1778949589,35.86,29.57,53.70,51,1,tinyml,,,,36.576,0.000,0.000,0.000,0.000,0.000
1778949594,36.00,29.58,53.50,65,1,tinyml,,,,36.184,0.000,0.000,0.000,0.000,0.000
1778949599,36.10,29.58,53.20,55,1,tinyml,,,,36.446,0.000,0.000,0.000,0.000,0.000
1778949604,36.23,29.57,53.00,41,1,tinyml,,,,36.838,0.000,0.000,0.000,0.000,0.000
1778949609,36.38,29.55,52.80,41,1,tinyml,,,,36.838,0.000,0.000,0.000,0.000,0.000
1778949614,36.52,29.57,52.50,51,1,tinyml,,,,36.576,0.000,0.000,0.000,0.000,0.000
1778949619,36.61,29.58,52.30,37,1,tinyml,,,,36.969,0.000,0.000,0.000,0.000,0.000
1778949624,36.75,29.60,52.10,55,1,tinyml,,,,36.446,0.000,0.000,0.000,0.000,0.000
1778949629,36.89,29.60,51.80,41,1,tinyml,,,,36.838,0.000,0.000,0.000,0.000,0.000
1778949634,36.97,29.60,51.60,41,1,tinyml,,,,36.838,0.000,0.000,0.000,0.000,0.000
1778949639,37.09,29.60,51.40,46,1,tinyml,,,,36.707,0.000,0.000,0.000,0.000,0.000
1778949644,37.23,29.60,51.20,41,1,tinyml,,,,36.838,0.000,0.000,0.000,0.000,0.000
1778949649,37.31,29.58,51.00,27,1,tinyml,,,,37.231,0.000,0.000,0.000,0.000,0.000
1778949654,37.44,29.58,50.80,37,1,tinyml,,,,36.969,0.000,0.000,0.000,0.000,0.000
1778949659,37.53,29.60,50.70,32,1,tinyml,,,,37.100,0.000,0.000,0.000,0.000,0.000
1778949664,37.62,29.61,50.50,27,1,tinyml,,,,37.231,0.000,0.000,0.000,0.000,0.000
1778949669,37.71,29.60,50.30,27,1,tinyml,,,,37.231,0.000,0.000,0.000,0.000,0.000
1778949674,37.76,29.60,50.20,27,1,tinyml,,,,37.231,0.000,0.000,0.000,0.000,0.000
1778949679,37.83,29.64,50.00,8,1,tinyml,,,,37.754,0.000,0.000,0.000,0.000,0.000
1778949684,37.89,29.62,50.00,27,1,tinyml,,,,37.231,0.000,0.000,0.000,0.000,0.000
1778949689,37.90,29.61,49.90,22,1,tinyml,,,,37.362,0.000,0.000,0.000,0.000,0.000
1778949694,37.96,29.57,49.90,22,1,tinyml,,,,37.362,0.000,0.000,0.000,0.000,0.000
1778949699,37.96,29.61,49.80,27,1,tinyml,,,,37.231,0.000,0.000,0.000,0.000,0.000
1778949704,37.99,29.58,49.80,18,1,tinyml,,,,37.493,0.000,0.000,0.000,0.000,0.000
1778949709,37.99,29.60,49.80,8,1,tinyml,,,,37.754,0.000,0.000,0.000,0.000,0.000
1778949714,37.98,29.61,49.80,13,1,tinyml,,,,37.624,0.000,0.000,0.000,0.000,0.000
1778949719,37.96,29.62,49.80,8,1,tinyml,,,,37.754,0.000,0.000,0.000,0.000,0.000
1778949724,37.93,29.58,49.80,4,1,tinyml,,,,37.885,0.000,0.000,0.000,0.000,0.000
1778949729,37.89,29.60,49.90,8,1,tinyml,,,,37.754,0.000,0.000,0.000,0.000,0.000
1778949734,37.89,29.60,50.00,13,1,tinyml,,,,37.624,0.000,0.000,0.000,0.000,0.000
1778949739,37.82,29.62,50.00,4,1,tinyml,,,,37.885,0.000,0.000,0.000,0.000,0.000
1778949744,37.79,29.62,50.10,13,1,tinyml,,,,37.624,0.000,0.000,0.000,0.000,0.000
1778949749,37.75,29.62,50.20,4,1,tinyml,,,,37.885,0.000,0.000,0.000,0.000,0.000
1778949754,37.68,29.62,50.20,4,1,tinyml,,,,37.885,0.000,0.000,0.000,0.000,0.000
1778949759,37.66,29.65,50.30,0,1,tinyml,,,,38.016,0.000,0.000,0.000,0.000,0.000
1778949764,37.60,29.64,50.40,4,1,tinyml,,,,37.885,0.000,0.000,0.000,0.000,0.000
1778949769,37.54,29.62,50.50,0,1,tinyml,,,,38.278,0.000,0.000,0.000,0.000,0.000
1778949774,37.48,29.64,50.60,8,1,tinyml,,,,37.754,0.000,0.000,0.000,0.000,0.000
1778949779,37.41,29.64,50.70,0,1,tinyml,,,,38.278,0.000,0.000,0.000,0.000,0.000
1778949784,37.38,29.64,50.80,0,1,tinyml,,,,38.278,0.000,0.000,0.000,0.000,0.000
1778949789,37.31,29.62,51.00,0,1,tinyml,,,,38.409,0.000,0.000,0.000,0.000,0.000
1778949794,37.26,29.62,51.00,0,1,tinyml,,,,38.540,0.000,0.000,0.000,0.000,0.000
1778949799,37.24,29.62,51.10,0,1,tinyml,,,,38.540,0.000,0.000,0.000,0.000,0.000
1778949804,37.19,29.60,51.20,0,1,tinyml,,,,38.409,0.000,0.000,0.000,0.000,0.000
1778949809,37.10,29.61,51.30,0,1,tinyml,,,,38.671,0.000,0.000,0.000,0.000,0.000
1778949814,37.06,29.64,51.50,0,1,tinyml,,,,38.540,0.000,0.000,0.000,0.000,0.000
1778949819,37.00,29.60,51.60,0,1,tinyml,,,,38.671,0.000,0.000,0.000,0.000,0.000
1778949824,36.96,29.61,51.70,0,1,tinyml,,,,38.540,0.000,0.000,0.000,0.000,0.000
1778949829,36.87,29.62,51.80,0,1,tinyml,,,,38.671,0.000,0.000,0.000,0.000,0.000
1778949834,36.83,29.62,51.90,0,1,tinyml,,,,38.802,0.000,0.000,0.000,0.000,0.000
1778949839,36.80,29.62,52.00,0,1,tinyml,,,,38.933,0.000,0.000,0.000,0.000,0.000
1778949844,36.73,29.62,52.00,0,1,tinyml,,,,38.802,0.000,0.000,0.000,0.000,0.000
1778949849,36.68,29.61,52.20,0,1,tinyml,,,,39.325,0.000,0.000,0.000,0.000,0.000
1778949854,36.62,29.60,52.20,0,1,tinyml,,,,38.933,0.000,0.000,0.000,0.000,0.000
1778949859,36.57,29.62,52.40,0,1,tinyml,,,,38.933,0.000,0.000,0.000,0.000,0.000
1778949864,36.55,29.58,52.40,0,1,tinyml,,,,38.933,0.000,0.000,0.000,0.000,0.000
1778949869,36.48,29.61,52.50,0,1,tinyml,,,,39.325,0.000,0.000,0.000,0.000,0.000
1778949874,36.44,29.62,52.60,0,1,tinyml,,,,39.063,0.000,0.000,0.000,0.000,0.000
1778949879,36.39,29.61,52.70,0,1,tinyml,,,,39.063,0.000,0.000,0.000,0.000,0.000
1778949884,36.35,29.60,52.80,0,1,tinyml,,,,39.325,0.000,0.000,0.000,0.000,0.000
1778949889,36.31,29.61,52.90,0,1,tinyml,,,,39.325,0.000,0.000,0.000,0.000,0.000
1778949894,36.27,29.60,53.00,0,1,tinyml,,,,39.325,0.000,0.000,0.000,0.000,0.000
1778949899,36.21,29.60,53.00,0,1,tinyml,,,,39.194,0.000,0.000,0.000,0.000,0.000
1778949904,36.16,29.61,53.10,0,1,tinyml,,,,39.325,0.000,0.000,0.000,0.000,0.000
1778949909,36.12,29.60,53.20,0,1,tinyml,,,,38.802,0.000,0.000,0.000,0.000,0.000
1778949914,36.11,29.61,53.30,0,1,tinyml,,,,38.933,0.000,0.000,0.000,0.000,0.000
1778949919,36.05,29.64,53.40,0,1,tinyml,,,,39.325,0.000,0.000,0.000,0.000,0.000
1778949924,36.04,29.61,53.40,0,1,tinyml,,,,39.063,0.000,0.000,0.000,0.000,0.000
1778949929,36.01,29.57,53.50,0,1,tinyml,,,,39.063,0.000,0.000,0.000,0.000,0.000
1778949934,35.98,29.62,53.60,0,1,tinyml,,,,39.063,0.000,0.000,0.000,0.000,0.000
1778949939,35.93,29.61,53.70,0,1,tinyml,,,,38.933,0.000,0.000,0.000,0.000,0.000
1778949944,35.91,29.61,53.70,0,1,tinyml,,,,39.063,0.000,0.000,0.000,0.000,0.000
1778949949,35.87,29.64,53.70,0,1,tinyml,,,,38.933,0.000,0.000,0.000,0.000,0.000
1778949954,35.84,29.64,53.80,0,1,tinyml,,,,38.933,0.000,0.000,0.000,0.000,0.000
1778949959,35.79,29.62,53.80,0,1,tinyml,,,,38.933,0.000,0.000,0.000,0.000,0.000
1778949964,35.79,29.62,53.90,0,1,tinyml,,,,38.671,0.000,0.000,0.000,0.000,0.000
1778949969,35.76,29.60,53.90,0,1,tinyml,,,,38.933,0.000,0.000,0.000,0.000,0.000
1778949974,35.73,29.64,54.00,0,1,tinyml,,,,38.933,0.000,0.000,0.000,0.000,0.000
1778949979,35.70,29.62,54.00,0,1,tinyml,,,,38.802,0.000,0.000,0.000,0.000,0.000
1778949984,35.69,29.62,54.00,0,1,tinyml,,,,38.933,0.000,0.000,0.000,0.000,0.000
1778949989,35.67,29.64,54.10,0,1,tinyml,,,,38.671,0.000,0.000,0.000,0.000,0.000
1778949994,35.60,29.62,54.10,0,1,tinyml,,,,38.802,0.000,0.000,0.000,0.000,0.000
1778949999,35.60,29.64,54.10,0,1,tinyml,,,,38.933,0.000,0.000,0.000,0.000,0.000
1778950004,35.57,29.64,54.20,0,1,tinyml,,,,38.802,0.000,0.000,0.000,0.000,0.000
1778950009,35.56,29.64,54.20,0,1,tinyml,,,,39.063,0.000,0.000,0.000,0.000,0.000
1778950014,35.53,29.65,54.30,0,1,tinyml,,,,38.671,0.000,0.000,0.000,0.000,0.000
1778950019,35.52,29.64,54.30,0,1,tinyml,,,,39.194,0.000,0.000,0.000,0.000,0.000
1778950024,35.50,29.62,54.40,0,1,tinyml,,,,38.933,0.000,0.000,0.000,0.000,0.000
1778950029,35.49,29.65,54.40,0,1,tinyml,,,,39.194,0.000,0.000,0.000,0.000,0.000
1778950034,35.43,29.64,54.40,0,1,tinyml,,,,39.194,0.000,0.000,0.000,0.000,0.000
1778950039,35.43,29.64,54.50,0,1,tinyml,,,,39.063,0.000,0.000,0.000,0.000,0.000
1778950044,35.42,29.65,54.50,0,1,tinyml,,,,39.063,0.000,0.000,0.000,0.000,0.000
1778950049,35.39,29.64,54.50,0,1,tinyml,,,,38.933,0.000,0.000,0.000,0.000,0.000
1778950054,35.38,29.64,54.60,0,1,tinyml,,,,38.933,0.000,0.000,0.000,0.000,0.000
1778950059,35.36,29.62,54.60,0,1,tinyml,,,,39.063,0.000,0.000,0.000,0.000,0.000
1778950064,35.31,29.62,54.60,0,1,tinyml,,,,38.933,0.000,0.000,0.000,0.000,0.000
1778950069,35.34,29.62,54.70,0,1,tinyml,,,,39.194,0.000,0.000,0.000,0.000,0.000
1778950074,35.32,29.64,54.70,0,1,tinyml,,,,39.194,0.000,0.000,0.000,0.000,0.000
1778950079,35.29,29.62,54.70,0,1,tinyml,,,,39.063,0.000,0.000,0.000,0.000,0.000
1778950084,35.28,29.65,54.80,0,1,tinyml,,,,39.325,0.000,0.000,0.000,0.000,0.000
1778950089,35.25,29.65,54.80,0,1,tinyml,,,,38.933,0.000,0.000,0.000,0.000,0.000
1778950094,35.24,29.62,54.80,0,1,tinyml,,,,39.063,0.000,0.000,0.000,0.000,0.000
1778950099,35.22,29.64,54.80,0,1,tinyml,,,,39.063,0.000,0.000,0.000,0.000,0.000
1778950104,35.21,29.64,54.90,0,1,tinyml,,,,38.802,0.000,0.000,0.000,0.000,0.000
1778950109,35.21,29.64,54.90,0,1,tinyml,,,,39.063,0.000,0.000,0.000,0.000,0.000
1778950114,35.17,29.64,54.90,0,1,tinyml,,,,39.063,0.000,0.000,0.000,0.000,0.000
1778950119,35.15,29.67,54.90,0,1,tinyml,,,,38.933,0.000,0.000,0.000,0.000,0.000
1778950124,35.15,29.62,55.00,0,1,tinyml,,,,39.063,0.000,0.000,0.000,0.000,0.000
1778950129,35.12,29.64,55.00,0,1,tinyml,,,,38.933,0.000,0.000,0.000,0.000,0.000
1778950134,35.11,29.64,55.00,0,1,tinyml,,,,38.933,0.000,0.000,0.000,0.000,0.000
1778950139,35.12,29.62,55.00,0,1,tinyml,,,,38.933,0.000,0.000,0.000,0.000,0.000
1778950144,35.08,29.61,55.10,0,1,tinyml,,,,38.802,0.000,0.000,0.000,0.000,0.000
1778950149,35.07,29.64,55.00,0,1,tinyml,,,,39.063,0.000,0.000,0.000,0.000,0.000
1778950154,35.07,29.64,55.00,0,1,tinyml,,,,38.802,0.000,0.000,0.000,0.000,0.000
1778950159,35.07,29.62,55.10,0,1,tinyml,,,,38.802,0.000,0.000,0.000,0.000,0.000
1778950164,35.04,29.62,55.10,0,1,tinyml,,,,38.933,0.000,0.000,0.000,0.000,0.000
1778950169,35.04,29.64,55.10,0,1,tinyml,,,,38.933,0.000,0.000,0.000,0.000,0.000
1778950174,35.02,29.61,55.10,0,1,tinyml,,,,38.933,0.000,0.000,0.000,0.000,0.000
1778950179,35.00,29.62,55.20,0,1,tinyml,,,,38.933,0.000,0.000,0.000,0.000,0.000
1778950184,35.00,29.64,55.20,0,1,tinyml,,,,38.540,0.000,0.000,0.000,0.000,0.000
1778950189,34.98,29.62,55.20,0,1,tinyml,,,,38.802,0.000,0.000,0.000,0.000,0.000
1778950194,34.97,29.62,55.20,0,1,tinyml,,,,38.671,0.000,0.000,0.000,0.000,0.000
1778950199,34.97,29.62,55.30,0,1,tinyml,,,,38.671,0.000,0.000,0.000,0.000,0.000
1778950204,34.94,29.61,55.20,0,1,tinyml,,,,38.278,0.000,0.000,0.000,0.000,0.000
1778950209,34.92,29.62,55.30,0,1,tinyml,,,,38.540,0.000,0.000,0.000,0.000,0.000
1778950214,34.91,29.64,55.30,0,1,tinyml,,,,38.540,0.000,0.000,0.000,0.000,0.000
1778950219,34.90,29.65,55.30,0,1,tinyml,,,,38.671,0.000,0.000,0.000,0.000,0.000
1778950224,34.91,29.64,55.30,0,1,tinyml,,,,38.671,0.000,0.000,0.000,0.000,0.000
1778950229,34.87,29.64,55.40,0,1,tinyml,,,,38.278,0.000,0.000,0.000,0.000,0.000
1778950234,34.88,29.67,55.40,0,1,tinyml,,,,38.540,0.000,0.000,0.000,0.000,0.000
1778950239,34.86,29.64,55.40,0,1,tinyml,,,,38.540,0.000,0.000,0.000,0.000,0.000
1778950244,34.84,29.68,55.40,0,1,tinyml,,,,38.671,0.000,0.000,0.000,0.000,0.000
1778950249,34.83,29.65,55.40,0,1,tinyml,,,,38.671,0.000,0.000,0.000,0.000,0.000
1778950254,34.83,29.67,55.40,0,1,tinyml,,,,38.278,0.000,0.000,0.000,0.000,0.000
1778950259,34.81,29.65,55.50,0,1,tinyml,,,,38.278,0.000,0.000,0.000,0.000,0.000
1778950264,34.80,29.67,55.50,0,1,tinyml,,,,38.409,0.000,0.000,0.000,0.000,0.000
1778950269,34.80,29.67,55.50,0,1,tinyml,,,,38.409,0.000,0.000,0.000,0.000,0.000
1778950274,34.80,29.62,55.50,0,1,tinyml,,,,38.147,0.000,0.000,0.000,0.000,0.000
1778950279,34.79,29.62,55.50,0,1,tinyml,,,,38.278,0.000,0.000,0.000,0.000,0.000
1778950284,34.77,29.62,55.50,0,1,tinyml,,,,38.278,0.000,0.000,0.000,0.000,0.000
1778950289,34.74,29.60,55.50,0,1,tinyml,,,,38.278,0.000,0.000,0.000,0.000,0.000
1778950294,34.74,29.58,55.60,0,1,tinyml,,,,38.016,0.000,0.000,0.000,0.000,0.000
1778950299,34.73,29.60,55.60,0,1,tinyml,,,,38.016,0.000,0.000,0.000,0.000,0.000
1778950304,34.74,29.58,55.60,0,1,tinyml,,,,38.016,0.000,0.000,0.000,0.000,0.000
1778950309,34.74,29.58,55.60,0,1,tinyml,,,,38.016,0.000,0.000,0.000,0.000,0.000
1778950314,34.73,29.60,55.60,0,1,tinyml,,,,38.016,0.000,0.000,0.000,0.000,0.000
1778950319,34.71,29.62,55.60,0,1,tinyml,,,,38.016,0.000,0.000,0.000,0.000,0.000
1778950324,34.68,29.64,55.60,8,1,tinyml,,,,37.754,0.000,0.000,0.000,0.000,0.000
1778950329,34.66,29.57,55.70,8,1,tinyml,,,,37.754,0.000,0.000,0.000,0.000,0.000
1778950334,34.64,29.58,55.70,8,1,tinyml,,,,37.754,0.000,0.000,0.000,0.000,0.000
1778950339,34.66,29.58,55.70,0,1,tinyml,,,,38.016,0.000,0.000,0.000,0.000,0.000
1778950344,34.66,29.57,55.70,8,1,tinyml,,,,37.754,0.000,0.000,0.000,0.000,0.000
1778950349,34.64,29.58,55.70,8,1,tinyml,,,,37.754,0.000,0.000,0.000,0.000,0.000
1778950354,34.64,29.60,55.80,8,1,tinyml,,,,37.754,0.000,0.000,0.000,0.000,0.000
1778950359,34.61,29.60,55.70,8,1,tinyml,,,,37.754,0.000,0.000,0.000,0.000,0.000
1778950364,34.61,29.60,55.70,8,1,tinyml,,,,37.754,0.000,0.000,0.000,0.000,0.000
1778950369,34.61,29.60,55.80,13,1,tinyml,,,,37.624,0.000,0.000,0.000,0.000,0.000
1778950374,34.61,29.58,55.80,13,1,tinyml,,,,37.624,0.000,0.000,0.000,0.000,0.000
1778950379,34.61,29.60,55.80,27,1,tinyml,,,,37.231,0.000,0.000,0.000,0.000,0.000
1778950384,34.60,29.61,55.80,22,1,tinyml,,,,37.362,0.000,0.000,0.000,0.000,0.000
1778950389,34.60,29.61,55.80,18,1,tinyml,,,,37.493,0.000,0.000,0.000,0.000,0.000
1778950394,34.60,29.55,55.80,18,1,tinyml,,,,37.493,0.000,0.000,0.000,0.000,0.000
1778950399,34.59,29.58,55.80,32,1,tinyml,,,,37.100,0.000,0.000,0.000,0.000,0.000
1778950404,34.59,29.58,55.80,37,1,tinyml,,,,36.969,0.000,0.000,0.000,0.000,0.000
1778950409,34.57,29.60,55.80,27,1,tinyml,,,,37.231,0.000,0.000,0.000,0.000,0.000
1778950414,34.59,29.58,55.80,37,1,tinyml,,,,36.969,0.000,0.000,0.000,0.000,0.000
1778950419,34.60,29.60,55.80,37,1,tinyml,,,,36.969,0.000,0.000,0.000,0.000,0.000
1778950424,34.61,29.58,55.80,41,1,tinyml,,,,36.838,0.000,0.000,0.000,0.000,0.000
1778950429,34.63,29.61,55.70,41,1,tinyml,,,,36.838,0.000,0.000,0.000,0.000,0.000
1778950434,34.68,29.60,55.70,41,1,tinyml,,,,36.838,0.000,0.000,0.000,0.000,0.000
1778950439,34.70,29.58,55.60,46,1,tinyml,,,,36.707,0.000,0.000,0.000,0.000,0.000
1778950444,34.74,29.61,55.50,46,1,tinyml,,,,36.707,0.000,0.000,0.000,0.000,0.000
1778950449,34.81,29.60,55.50,55,1,tinyml,,,,36.446,0.000,0.000,0.000,0.000,0.000
1778950454,34.88,29.60,55.40,55,1,tinyml,,,,36.446,0.000,0.000,0.000,0.000,0.000
1778950459,34.94,29.57,55.20,46,1,tinyml,,,,36.707,0.000,0.000,0.000,0.000,0.000
1778950464,35.04,29.55,55.10,46,1,tinyml,,,,36.707,0.000,0.000,0.000,0.000,0.000
1778950469,35.14,29.54,54.90,51,1,tinyml,,,,36.576,0.000,0.000,0.000,0.000,0.000
1778950474,35.24,29.55,54.70,51,1,tinyml,,,,36.576,0.000,0.000,0.000,0.000,0.000
1778950479,35.36,29.57,54.50,55,1,tinyml,,,,36.446,0.000,0.000,0.000,0.000,0.000
1778950484,35.46,29.55,54.30,51,1,tinyml,,,,36.576,0.000,0.000,0.000,0.000,0.000
1778950489,35.62,29.58,54.00,55,1,tinyml,,,,36.446,0.000,0.000,0.000,0.000,0.000
1778950494,35.72,29.57,53.80,51,1,tinyml,,,,36.576,0.000,0.000,0.000,0.000,0.000
1778950499,35.89,29.57,53.60,51,1,tinyml,,,,36.576,0.000,0.000,0.000,0.000,0.000
1778950504,36.00,29.57,53.30,46,1,tinyml,,,,36.707,0.000,0.000,0.000,0.000,0.000
1778950509,36.12,29.60,53.10,55,1,tinyml,,,,36.446,0.000,0.000,0.000,0.000,0.000
1778950514,36.27,29.57,52.90,55,1,tinyml,,,,36.446,0.000,0.000,0.000,0.000,0.000
1778950519,36.44,29.57,52.60,55,1,tinyml,,,,36.446,0.000,0.000,0.000,0.000,0.000
1778950524,36.59,29.57,52.30,51,1,tinyml,,,,36.576,0.000,0.000,0.000,0.000,0.000
1778950529,36.72,29.57,52.00,55,1,tinyml,,,,36.446,0.000,0.000,0.000,0.000,0.000
1778950534,36.86,29.58,51.80,37,1,tinyml,,,,36.969,0.000,0.000,0.000,0.000,0.000
1778950539,36.99,29.58,51.60,46,1,tinyml,,,,36.707,0.000,0.000,0.000,0.000,0.000
1778950544,37.10,29.55,51.30,46,1,tinyml,,,,36.707,0.000,0.000,0.000,0.000,0.000
1778950549,37.24,29.58,51.10,51,1,tinyml,,,,36.576,0.000,0.000,0.000,0.000,0.000
1778950554,37.38,29.58,50.80,37,1,tinyml,,,,36.969,0.000,0.000,0.000,0.000,0.000
1778950559,37.49,29.60,50.60,41,1,tinyml,,,,36.838,0.000,0.000,0.000,0.000,0.000
1778950564,37.64,29.60,50.40,27,1,tinyml,,,,37.231,0.000,0.000,0.000,0.000,0.000
1778950569,37.72,29.60,50.20,37,1,tinyml,,,,36.969,0.000,0.000,0.000,0.000,0.000
1778950574,37.83,29.58,50.00,27,1,tinyml,,,,37.231,0.000,0.000,0.000,0.000,0.000
1778950579,37.93,29.61,49.80,32,1,tinyml,,,,37.100,0.000,0.000,0.000,0.000,0.000
1778950584,38.02,29.60,49.70,27,1,tinyml,,,,37.231,0.000,0.000,0.000,0.000,0.000
1778950589,38.08,29.61,49.50,13,1,tinyml,,,,37.624,0.000,0.000,0.000,0.000,0.000
1778950594,38.15,29.61,49.40,13,1,tinyml,,,,37.624,0.000,0.000,0.000,0.000,0.000
1778950599,38.20,29.62,49.30,13,1,tinyml,,,,37.624,0.000,0.000,0.000,0.000,0.000
1778950604,38.24,29.62,49.30,8,1,tinyml,,,,37.754,0.000,0.000,0.000,0.000,0.000
1778950609,38.24,29.62,49.20,13,1,tinyml,,,,37.624,0.000,0.000,0.000,0.000,0.000
1778950614,38.27,29.61,49.20,18,1,tinyml,,,,37.493,0.000,0.000,0.000,0.000,0.000
1778950619,38.29,29.61,49.20,13,1,tinyml,,,,37.624,0.000,0.000,0.000,0.000,0.000
1778950624,38.27,29.60,49.20,4,1,tinyml,,,,37.885,0.000,0.000,0.000,0.000,0.000
1778950629,38.26,29.58,49.20,18,1,tinyml,,,,37.493,0.000,0.000,0.000,0.000,0.000
1778950634,38.21,29.60,49.20,8,1,tinyml,,,,37.754,0.000,0.000,0.000,0.000,0.000
1778950639,38.19,29.60,49.30,13,1,tinyml,,,,37.624,0.000,0.000,0.000,0.000,0.000
1778950644,38.15,29.61,49.40,4,1,tinyml,,,,37.885,0.000,0.000,0.000,0.000,0.000
1778950649,38.10,29.60,49.40,8,1,tinyml,,,,37.754,0.000,0.000,0.000,0.000,0.000
1778950654,38.06,29.61,49.50,0,1,tinyml,,,,38.147,0.000,0.000,0.000,0.000,0.000
1778950659,38.00,29.60,49.60,4,1,tinyml,,,,37.885,0.000,0.000,0.000,0.000,0.000
1778950664,37.93,29.61,49.70,0,1,tinyml,,,,38.016,0.000,0.000,0.000,0.000,0.000
1778950669,37.86,29.61,49.80,4,1,tinyml,,,,37.885,0.000,0.000,0.000,0.000,0.000
1778950674,37.81,29.61,49.90,4,1,tinyml,,,,37.885,0.000,0.000,0.000,0.000,0.000
1778950679,37.78,29.61,50.00,4,1,tinyml,,,,37.885,0.000,0.000,0.000,0.000,0.000
1778950684,37.69,29.58,50.20,0,1,tinyml,,,,38.147,0.000,0.000,0.000,0.000,0.000
1778950689,37.65,29.60,50.20,0,1,tinyml,,,,38.016,0.000,0.000,0.000,0.000,0.000
1778950694,37.57,29.60,50.40,0,1,tinyml,,,,38.409,0.000,0.000,0.000,0.000,0.000
1778950699,37.53,29.58,50.50,0,1,tinyml,,,,38.147,0.000,0.000,0.000,0.000,0.000
1778950704,37.47,29.61,50.60,0,1,tinyml,,,,38.540,0.000,0.000,0.000,0.000,0.000
1778950709,37.39,29.60,50.70,0,1,tinyml,,,,38.409,0.000,0.000,0.000,0.000,0.000
1778950714,37.34,29.60,50.80,0,1,tinyml,,,,38.147,0.000,0.000,0.000,0.000,0.000
1778950719,37.28,29.61,50.90,0,1,tinyml,,,,38.147,0.000,0.000,0.000,0.000,0.000
1778950724,37.23,29.60,51.00,0,1,tinyml,,,,38.540,0.000,0.000,0.000,0.000,0.000
1778950729,37.19,29.57,51.20,0,1,tinyml,,,,38.409,0.000,0.000,0.000,0.000,0.000
1778950734,37.10,29.60,51.20,0,1,tinyml,,,,38.540,0.000,0.000,0.000,0.000,0.000
1778950739,37.04,29.58,51.40,0,1,tinyml,,,,38.540,0.000,0.000,0.000,0.000,0.000
1778950744,36.99,29.61,51.50,0,1,tinyml,,,,38.933,0.000,0.000,0.000,0.000,0.000
1778950749,36.94,29.58,51.60,0,1,tinyml,,,,38.802,0.000,0.000,0.000,0.000,0.000
1778950754,36.87,29.61,51.70,0,1,tinyml,,,,38.671,0.000,0.000,0.000,0.000,0.000
1778950759,36.82,29.61,51.80,0,1,tinyml,,,,38.671,0.000,0.000,0.000,0.000,0.000
1778950764,36.78,29.60,51.90,0,1,tinyml,,,,38.933,0.000,0.000,0.000,0.000,0.000
1778950769,36.75,29.61,52.00,0,1,tinyml,,,,38.802,0.000,0.000,0.000,0.000,0.000
1778950774,36.66,29.62,52.10,0,1,tinyml,,,,39.194,0.000,0.000,0.000,0.000,0.000
1778950779,36.62,29.58,52.20,0,1,tinyml,,,,39.063,0.000,0.000,0.000,0.000,0.000
1778950784,36.57,29.61,52.30,0,1,tinyml,,,,38.933,0.000,0.000,0.000,0.000,0.000
1778950789,36.52,29.60,52.30,0,1,tinyml,,,,38.933,0.000,0.000,0.000,0.000,0.000
1778950794,36.48,29.58,52.40,0,1,tinyml,,,,39.194,0.000,0.000,0.000,0.000,0.000
1778950799,36.44,29.60,52.50,0,1,tinyml,,,,39.194,0.000,0.000,0.000,0.000,0.000
1778950804,36.39,29.60,52.60,0,1,tinyml,,,,38.933,0.000,0.000,0.000,0.000,0.000
1778950809,36.34,29.57,52.70,0,1,tinyml,,,,38.802,0.000,0.000,0.000,0.000,0.000
1778950814,36.28,29.60,52.80,0,1,tinyml,,,,39.325,0.000,0.000,0.000,0.000,0.000
1778950819,36.27,29.60,52.80,0,1,tinyml,,,,38.933,0.000,0.000,0.000,0.000,0.000
1778950824,36.23,29.58,52.90,0,1,tinyml,,,,39.063,0.000,0.000,0.000,0.000,0.000
1778950829,36.18,29.62,53.00,0,1,tinyml,,,,38.933,0.000,0.000,0.000,0.000,0.000
1778950834,36.16,29.60,53.10,0,1,tinyml,,,,38.671,0.000,0.000,0.000,0.000,0.000
1778950839,36.12,29.60,53.20,0,1,tinyml,,,,38.671,0.000,0.000,0.000,0.000,0.000
1778950844,36.07,29.60,53.20,0,1,tinyml,,,,39.194,0.000,0.000,0.000,0.000,0.000
1778950849,36.05,29.55,53.30,0,1,tinyml,,,,38.933,0.000,0.000,0.000,0.000,0.000
1778950854,36.00,29.58,53.40,0,1,tinyml,,,,38.933,0.000,0.000,0.000,0.000,0.000
1778950859,35.97,29.60,53.40,0,1,tinyml,,,,38.802,0.000,0.000,0.000,0.000,0.000
1778950864,35.93,29.60,53.50,0,1,tinyml,,,,38.540,0.000,0.000,0.000,0.000,0.000
1778950869,35.89,29.61,53.60,0,1,tinyml,,,,38.671,0.000,0.000,0.000,0.000,0.000
1778950874,35.89,29.61,53.60,0,1,tinyml,,,,38.802,0.000,0.000,0.000,0.000,0.000
1778950879,35.86,29.61,53.70,0,1,tinyml,,,,38.409,0.000,0.000,0.000,0.000,0.000
1778950884,35.83,29.58,53.70,0,1,tinyml,,,,39.063,0.000,0.000,0.000,0.000,0.000
1778950889,35.80,29.61,53.80,0,1,tinyml,,,,38.933,0.000,0.000,0.000,0.000,0.000
1778950894,35.77,29.60,53.80,0,1,tinyml,,,,38.802,0.000,0.000,0.000,0.000,0.000
1778950899,35.73,29.57,53.80,0,1,tinyml,,,,38.802,0.000,0.000,0.000,0.000,0.000
1778950904,35.70,29.58,53.90,0,1,tinyml,,,,38.802,0.000,0.000,0.000,0.000,0.000
1778950909,35.70,29.58,53.90,0,1,tinyml,,,,38.933,0.000,0.000,0.000,0.000,0.000
1778950914,35.67,29.60,54.00,0,1,tinyml,,,,38.802,0.000,0.000,0.000,0.000,0.000
1778950919,35.65,29.58,54.00,0,1,tinyml,,,,38.933,0.000,0.000,0.000,0.000,0.000
1778950924,35.62,29.60,54.10,0,1,tinyml,,,,38.802,0.000,0.000,0.000,0.000,0.000
1778950929,35.60,29.57,54.10,0,1,tinyml,,,,38.802,0.000,0.000,0.000,0.000,0.000
1778950934,35.57,29.58,54.10,0,1,tinyml,,,,39.063,0.000,0.000,0.000,0.000,0.000
1778950939,35.56,29.58,54.20,0,1,tinyml,,,,39.325,0.000,0.000,0.000,0.000,0.000
1778950944,35.55,29.57,54.20,0,1,tinyml,,,,39.587,0.000,0.000,0.000,0.000,0.000
1778950949,35.52,29.57,54.20,0,1,tinyml,,,,39.194,0.000,0.000,0.000,0.000,0.000
1778950954,35.49,29.54,54.30,0,1,tinyml,,,,39.325,0.000,0.000,0.000,0.000,0.000
1778950959,35.47,29.55,54.30,0,1,tinyml,,,,39.194,0.000,0.000,0.000,0.000,0.000
1778950964,35.43,29.55,54.30,0,1,tinyml,,,,39.325,0.000,0.000,0.000,0.000,0.000
1778950969,35.42,29.55,54.40,0,1,tinyml,,,,39.194,0.000,0.000,0.000,0.000,0.000
1778950974,35.42,29.55,54.40,0,1,tinyml,,,,39.325,0.000,0.000,0.000,0.000,0.000
1778950979,35.42,29.54,54.40,0,1,tinyml,,,,39.587,0.000,0.000,0.000,0.000,0.000
1778950984,35.36,29.57,54.50,0,1,tinyml,,,,39.194,0.000,0.000,0.000,0.000,0.000
1778950989,35.36,29.57,54.50,0,1,tinyml,,,,39.325,0.000,0.000,0.000,0.000,0.000
1778950994,35.35,29.55,54.50,0,1,tinyml,,,,38.933,0.000,0.000,0.000,0.000,0.000
1778950999,35.34,29.55,54.50,0,1,tinyml,,,,39.325,0.000,0.000,0.000,0.000,0.000
1778951004,35.32,29.55,54.60,0,1,tinyml,,,,39.456,0.000,0.000,0.000,0.000,0.000
1778951009,35.32,29.55,54.60,0,1,tinyml,,,,39.194,0.000,0.000,0.000,0.000,0.000
1778951014,35.28,29.57,54.60,0,1,tinyml,,,,39.194,0.000,0.000,0.000,0.000,0.000
1778951019,35.27,29.57,54.70,0,1,tinyml,,,,39.063,0.000,0.000,0.000,0.000,0.000
1778951024,35.25,29.60,54.70,0,1,tinyml,,,,39.063,0.000,0.000,0.000,0.000,0.000
1778951029,35.24,29.57,54.70,0,1,tinyml,,,,39.194,0.000,0.000,0.000,0.000,0.000
1778951034,35.22,29.58,54.70,0,1,tinyml,,,,39.456,0.000,0.000,0.000,0.000,0.000
1778951039,35.19,29.57,54.80,0,1,tinyml,,,,39.194,0.000,0.000,0.000,0.000,0.000
1778951044,35.18,29.60,54.80,0,1,tinyml,,,,39.194,0.000,0.000,0.000,0.000,0.000
1778951049,35.15,29.55,54.80,0,1,tinyml,,,,39.063,0.000,0.000,0.000,0.000,0.000
1778951054,35.14,29.60,54.80,0,1,tinyml,,,,38.933,0.000,0.000,0.000,0.000,0.000
1778951059,35.15,29.54,54.90,0,1,tinyml,,,,39.194,0.000,0.000,0.000,0.000,0.000
1778951064,35.14,29.58,54.90,0,1,tinyml,,,,38.933,0.000,0.000,0.000,0.000,0.000
1778951069,35.11,29.54,54.90,0,1,tinyml,,,,38.933,0.000,0.000,0.000,0.000,0.000
1778951074,35.11,29.54,54.90,0,1,tinyml,,,,38.933,0.000,0.000,0.000,0.000,0.000
1778951079,35.09,29.55,54.90,0,1,tinyml,,,,39.194,0.000,0.000,0.000,0.000,0.000
1778951084,35.05,29.54,55.00,0,1,tinyml,,,,38.933,0.000,0.000,0.000,0.000,0.000
1778951089,35.05,29.53,55.00,0,1,tinyml,,,,39.063,0.000,0.000,0.000,0.000,0.000
1778951094,35.04,29.53,55.00,0,1,tinyml,,,,39.194,0.000,0.000,0.000,0.000,0.000
1778951099,35.04,29.51,55.00,0,1,tinyml,,,,39.194,0.000,0.000,0.000,0.000,0.000
1778951104,35.01,29.51,55.00,0,1,tinyml,,,,38.933,0.000,0.000,0.000,0.000,0.000
1778951109,35.01,29.54,55.00,0,1,tinyml,,,,38.933,0.000,0.000,0.000,0.000,0.000
1778951114,35.01,29.54,55.10,0,1,tinyml,,,,38.933,0.000,0.000,0.000,0.000,0.000
1778951119,34.97,29.53,55.10,0,1,tinyml,,,,38.540,0.000,0.000,0.000,0.000,0.000
1778951124,34.98,29.51,55.10,0,1,tinyml,,,,38.671,0.000,0.000,0.000,0.000,0.000
1778951129,34.97,29.53,55.10,0,1,tinyml,,,,38.802,0.000,0.000,0.000,0.000,0.000
1778951134,34.94,29.50,55.20,0,1,tinyml,,,,38.802,0.000,0.000,0.000,0.000,0.000
1778951139,34.92,29.55,55.20,0,1,tinyml,,,,39.063,0.000,0.000,0.000,0.000,0.000
1778951144,34.92,29.53,55.20,0,1,tinyml,,,,38.671,0.000,0.000,0.000,0.000,0.000
1778951149,34.92,29.54,55.20,0,1,tinyml,,,,38.933,0.000,0.000,0.000,0.000,0.000
1778951154,34.91,29.54,55.20,0,1,tinyml,,,,38.802,0.000,0.000,0.000,0.000,0.000
1778951159,34.91,29.53,55.20,0,1,tinyml,,,,38.802,0.000,0.000,0.000,0.000,0.000
1778951164,34.88,29.54,55.20,0,1,tinyml,,,,38.540,0.000,0.000,0.000,0.000,0.000
1778951169,34.87,29.50,55.30,0,1,tinyml,,,,38.540,0.000,0.000,0.000,0.000,0.000
1778951174,34.86,29.54,55.20,0,1,tinyml,,,,38.671,0.000,0.000,0.000,0.000,0.000
1778951179,34.87,29.53,55.30,0,1,tinyml,,,,38.540,0.000,0.000,0.000,0.000,0.000
1778951184,34.86,29.50,55.30,0,1,tinyml,,,,38.278,0.000,0.000,0.000,0.000,0.000
1778951189,34.84,29.51,55.30,0,1,tinyml,,,,38.540,0.000,0.000,0.000,0.000,0.000
1778951194,34.80,29.51,55.30,0,1,tinyml,,,,38.409,0.000,0.000,0.000,0.000,0.000
1778951199,34.81,29.51,55.40,0,1,tinyml,,,,38.409,0.000,0.000,0.000,0.000,0.000
1778951204,34.83,29.54,55.40,0,1,tinyml,,,,38.540,0.000,0.000,0.000,0.000,0.000
1778951209,34.79,29.53,55.40,0,1,tinyml,,,,38.540,0.000,0.000,0.000,0.000,0.000
1778951214,34.79,29.53,55.40,0,1,tinyml,,,,38.278,0.000,0.000,0.000,0.000,0.000
1778951219,34.77,29.53,55.40,0,1,tinyml,,,,38.278,0.000,0.000,0.000,0.000,0.000
1778951224,34.77,29.55,55.40,0,1,tinyml,,,,38.278,0.000,0.000,0.000,0.000,0.000
1778951229,34.74,29.53,55.40,0,1,tinyml,,,,38.278,0.000,0.000,0.000,0.000,0.000
1778951234,34.76,29.57,55.50,0,1,tinyml,,,,38.147,0.000,0.000,0.000,0.000,0.000
1778951239,34.73,29.55,55.40,0,1,tinyml,,,,38.278,0.000,0.000,0.000,0.000,0.000
1778951244,34.74,29.54,55.50,0,1,tinyml,,,,38.016,0.000,0.000,0.000,0.000,0.000
1778951249,34.73,29.57,55.50,0,1,tinyml,,,,38.147,0.000,0.000,0.000,0.000,0.000
1778951254,34.73,29.54,55.50,0,1,tinyml,,,,38.016,0.000,0.000,0.000,0.000,0.000
1778951259,34.71,29.54,55.50,0,1,tinyml,,,,38.016,0.000,0.000,0.000,0.000,0.000
1778951264,34.67,29.54,55.60,0,1,tinyml,,,,38.016,0.000,0.000,0.000,0.000,0.000
1778951269,34.68,29.54,55.50,0,1,tinyml,,,,38.016,0.000,0.000,0.000,0.000,0.000
1778951274,34.67,29.53,55.60,8,1,tinyml,,,,37.754,0.000,0.000,0.000,0.000,0.000
1778951279,34.68,29.54,55.60,4,1,tinyml,,,,37.885,0.000,0.000,0.000,0.000,0.000
1778951284,34.66,29.50,55.60,8,1,tinyml,,,,37.754,0.000,0.000,0.000,0.000,0.000
1778951289,34.66,29.53,55.60,8,1,tinyml,,,,37.754,0.000,0.000,0.000,0.000,0.000
1778951294,34.66,29.49,55.70,8,1,tinyml,,,,37.754,0.000,0.000,0.000,0.000,0.000
1778951299,34.64,29.49,55.60,8,1,tinyml,,,,37.754,0.000,0.000,0.000,0.000,0.000
1778951304,34.63,29.50,55.60,8,1,tinyml,,,,37.754,0.000,0.000,0.000,0.000,0.000
1778951309,34.63,29.50,55.70,8,1,tinyml,,,,37.754,0.000,0.000,0.000,0.000,0.000
1778951314,34.63,29.49,55.60,13,1,tinyml,,,,37.624,0.000,0.000,0.000,0.000,0.000
1778951319,34.63,29.49,55.70,13,1,tinyml,,,,37.624,0.000,0.000,0.000,0.000,0.000
1778951324,34.61,29.49,55.70,27,1,tinyml,,,,37.231,0.000,0.000,0.000,0.000,0.000
1778951329,34.63,29.49,55.70,22,1,tinyml,,,,37.362,0.000,0.000,0.000,0.000,0.000
1778951334,34.59,29.49,55.70,27,1,tinyml,,,,37.231,0.000,0.000,0.000,0.000,0.000
1778951339,34.59,29.46,55.70,18,1,tinyml,,,,37.493,0.000,0.000,0.000,0.000,0.000
1778951344,34.59,29.49,55.70,32,1,tinyml,,,,37.100,0.000,0.000,0.000,0.000,0.000
1778951349,34.59,29.47,55.70,37,1,tinyml,,,,36.969,0.000,0.000,0.000,0.000,0.000
1778951354,34.60,29.44,55.70,37,1,tinyml,,,,36.969,0.000,0.000,0.000,0.000,0.000
1778951359,34.61,29.46,55.70,37,1,tinyml,,,,36.969,0.000,0.000,0.000,0.000,0.000
1778951364,34.61,29.47,55.70,41,1,tinyml,,,,36.838,0.000,0.000,0.000,0.000,0.000
1778951369,34.66,29.44,55.60,37,1,tinyml,,,,36.969,0.000,0.000,0.000,0.000,0.000
1778951374,34.68,29.49,55.60,46,1,tinyml,,,,36.707,0.000,0.000,0.000,0.000,0.000
1778951379,34.70,29.49,55.50,51,1,tinyml,,,,36.576,0.000,0.000,0.000,0.000,0.000
1778951384,34.77,29.47,55.40,46,1,tinyml,,,,36.707,0.000,0.000,0.000,0.000,0.000
1778951389,34.83,29.47,55.30,46,1,tinyml,,,,36.707,0.000,0.000,0.000,0.000,0.000
1778951394,34.88,29.47,55.20,46,1,tinyml,,,,36.707,0.000,0.000,0.000,0.000,0.000
1778951399,34.94,29.47,55.10,51,1,tinyml,,,,36.576,0.000,0.000,0.000,0.000,0.000
1778951404,35.02,29.49,55.00,51,1,tinyml,,,,36.576,0.000,0.000,0.000,0.000,0.000
1778951409,35.12,29.49,54.80,46,1,tinyml,,,,36.707,0.000,0.000,0.000,0.000,0.000
1778951414,35.24,29.49,54.60,55,1,tinyml,,,,36.446,0.000,0.000,0.000,0.000,0.000
1778951419,35.35,29.49,54.40,55,1,tinyml,,,,36.446,0.000,0.000,0.000,0.000,0.000
1778951424,35.45,29.50,54.20,51,1,tinyml,,,,36.576,0.000,0.000,0.000,0.000,0.000
1778951429,35.59,29.53,54.00,51,1,tinyml,,,,36.576,0.000,0.000,0.000,0.000,0.000
1778951434,35.69,29.50,53.80,51,1,tinyml,,,,36.576,0.000,0.000,0.000,0.000,0.000
1778951439,35.84,29.51,53.50,60,1,tinyml,,,,36.315,0.000,0.000,0.000,0.000,0.000
1778951444,36.00,29.50,53.30,46,1,tinyml,,,,36.707,0.000,0.000,0.000,0.000,0.000
1778951449,36.11,29.49,53.00,55,1,tinyml,,,,36.446,0.000,0.000,0.000,0.000,0.000
1778951454,36.25,29.47,52.80,55,1,tinyml,,,,36.446,0.000,0.000,0.000,0.000,0.000
1778951459,36.38,29.47,52.50,46,1,tinyml,,,,36.707,0.000,0.000,0.000,0.000,0.000
1778951464,36.52,29.49,52.30,60,1,tinyml,,,,36.315,0.000,0.000,0.000,0.000,0.000
1778951469,36.66,29.49,52.00,55,1,tinyml,,,,36.446,0.000,0.000,0.000,0.000,0.000
1778951474,36.83,29.46,51.70,41,1,tinyml,,,,36.838,0.000,0.000,0.000,0.000,0.000
1778951479,36.99,29.49,51.50,55,1,tinyml,,,,36.446,0.000,0.000,0.000,0.000,0.000
1778951484,37.14,29.49,51.20,51,1,tinyml,,,,36.576,0.000,0.000,0.000,0.000,0.000
1778951489,37.27,29.47,50.90,41,1,tinyml,,,,36.838,0.000,0.000,0.000,0.000,0.000
1778951494,37.42,29.47,50.70,37,1,tinyml,,,,36.969,0.000,0.000,0.000,0.000,0.000
1778951499,37.55,29.49,50.50,37,1,tinyml,,,,36.969,0.000,0.000,0.000,0.000,0.000
1778951504,37.68,29.47,50.20,27,1,tinyml,,,,37.231,0.000,0.000,0.000,0.000,0.000
1778951509,37.79,29.47,50.00,32,1,tinyml,,,,37.100,0.000,0.000,0.000,0.000,0.000
1778951514,37.89,29.50,49.80,22,1,tinyml,,,,37.362,0.000,0.000,0.000,0.000,0.000
1778951519,38.00,29.47,49.70,27,1,tinyml,,,,37.231,0.000,0.000,0.000,0.000,0.000
1778951524,38.06,29.47,49.50,32,1,tinyml,,,,37.100,0.000,0.000,0.000,0.000,0.000
1778951529,38.15,29.44,49.40,22,1,tinyml,,,,37.362,0.000,0.000,0.000,0.000,0.000
1778951534,38.21,29.46,49.30,8,1,tinyml,,,,37.754,0.000,0.000,0.000,0.000,0.000
1778951539,38.24,29.44,49.20,22,1,tinyml,,,,37.362,0.000,0.000,0.000,0.000,0.000
1778951544,38.27,29.47,49.10,22,1,tinyml,,,,37.362,0.000,0.000,0.000,0.000,0.000
1778951549,38.31,29.44,49.00,13,1,tinyml,,,,37.624,0.000,0.000,0.000,0.000,0.000
1778951554,38.29,29.46,49.00,13,1,tinyml,,,,37.624,0.000,0.000,0.000,0.000,0.000
1778951559,38.29,29.46,49.00,8,1,tinyml,,,,37.754,0.000,0.000,0.000,0.000,0.000
1778951564,38.29,29.46,49.00,13,1,tinyml,,,,37.624,0.000,0.000,0.000,0.000,0.000
1778951569,38.26,29.49,49.10,8,1,tinyml,,,,37.754,0.000,0.000,0.000,0.000,0.000
1778951574,38.24,29.46,49.10,8,1,tinyml,,,,37.754,0.000,0.000,0.000,0.000,0.000
1778951579,38.21,29.46,49.20,8,1,tinyml,,,,37.754,0.000,0.000,0.000,0.000,0.000
1778951584,38.19,29.46,49.20,0,1,tinyml,,,,38.016,0.000,0.000,0.000,0.000,0.000
1778951589,38.15,29.47,49.30,8,1,tinyml,,,,37.754,0.000,0.000,0.000,0.000,0.000
1778951594,38.08,29.44,49.40,8,1,tinyml,,,,37.754,0.000,0.000,0.000,0.000,0.000
1778951599,38.00,29.46,49.50,4,1,tinyml,,,,37.885,0.000,0.000,0.000,0.000,0.000
1778951604,37.96,29.44,49.50,4,1,tinyml,,,,37.885,0.000,0.000,0.000,0.000,0.000
1778951609,37.92,29.43,49.70,4,1,tinyml,,,,37.885,0.000,0.000,0.000,0.000,0.000
1778951614,37.83,29.43,49.80,0,1,tinyml,,,,38.278,0.000,0.000,0.000,0.000,0.000
1778951619,37.78,29.43,50.00,0,1,tinyml,,,,38.147,0.000,0.000,0.000,0.000,0.000
1778951624,37.66,29.40,50.00,0,1,tinyml,,,,38.278,0.000,0.000,0.000,0.000,0.000
1778951629,37.65,29.41,50.20,4,1,tinyml,,,,37.885,0.000,0.000,0.000,0.000,0.000
1778951634,37.58,29.41,50.30,0,1,tinyml,,,,38.147,0.000,0.000,0.000,0.000,0.000
1778951639,37.53,29.40,50.40,0,1,tinyml,,,,38.278,0.000,0.000,0.000,0.000,0.000
1778951644,37.45,29.40,50.50,0,1,tinyml,,,,38.409,0.000,0.000,0.000,0.000,0.000
1778951649,37.39,29.43,50.60,0,1,tinyml,,,,38.409,0.000,0.000,0.000,0.000,0.000
1778951654,37.31,29.41,50.70,0,1,tinyml,,,,38.409,0.000,0.000,0.000,0.000,0.000
1778951659,37.26,29.41,50.90,0,1,tinyml,,,,38.409,0.000,0.000,0.000,0.000,0.000
1778951664,37.20,29.43,51.00,0,1,tinyml,,,,38.933,0.000,0.000,0.000,0.000,0.000
1778951669,37.16,29.44,51.10,0,1,tinyml,,,,38.540,0.000,0.000,0.000,0.000,0.000
1778951674,37.10,29.44,51.20,0,1,tinyml,,,,38.540,0.000,0.000,0.000,0.000,0.000
1778951679,37.03,29.43,51.30,0,1,tinyml,,,,38.409,0.000,0.000,0.000,0.000,0.000
1778951684,36.97,29.44,51.40,0,1,tinyml,,,,38.671,0.000,0.000,0.000,0.000,0.000
1778951689,36.93,29.44,51.50,0,1,tinyml,,,,38.933,0.000,0.000,0.000,0.000,0.000
1778951694,36.86,29.46,51.60,0,1,tinyml,,,,39.063,0.000,0.000,0.000,0.000,0.000
1778951699,36.80,29.46,51.80,0,1,tinyml,,,,38.671,0.000,0.000,0.000,0.000,0.000
1778951704,36.75,29.40,51.80,0,1,tinyml,,,,38.802,0.000,0.000,0.000,0.000,0.000
1778951709,36.69,29.46,51.90,0,1,tinyml,,,,39.063,0.000,0.000,0.000,0.000,0.000
1778951714,36.63,29.41,52.00,0,1,tinyml,,,,39.325,0.000,0.000,0.000,0.000,0.000
1778951719,36.61,29.41,52.10,0,1,tinyml,,,,39.194,0.000,0.000,0.000,0.000,0.000
1778951724,36.55,29.46,52.20,0,1,tinyml,,,,38.933,0.000,0.000,0.000,0.000,0.000
1778951729,36.49,29.46,52.30,0,1,tinyml,,,,38.933,0.000,0.000,0.000,0.000,0.000
1778951734,36.44,29.46,52.40,0,1,tinyml,,,,39.194,0.000,0.000,0.000,0.000,0.000
1778951739,36.41,29.44,52.50,0,1,tinyml,,,,39.325,0.000,0.000,0.000,0.000,0.000
1778951744,36.37,29.46,52.60,0,1,tinyml,,,,38.802,0.000,0.000,0.000,0.000,0.000
1778951749,36.32,29.44,52.60,0,1,tinyml,,,,38.933,0.000,0.000,0.000,0.000,0.000
1778951754,36.28,29.47,52.70,0,1,tinyml,,,,38.802,0.000,0.000,0.000,0.000,0.000
1778951759,36.24,29.47,52.80,0,1,tinyml,,,,38.802,0.000,0.000,0.000,0.000,0.000
1778951764,36.21,29.46,52.90,0,1,tinyml,,,,38.933,0.000,0.000,0.000,0.000,0.000
1778951769,36.20,29.47,53.00,0,1,tinyml,,,,39.063,0.000,0.000,0.000,0.000,0.000
1778951774,36.14,29.49,53.00,0,1,tinyml,,,,38.671,0.000,0.000,0.000,0.000,0.000
1778951779,36.10,29.47,53.00,0,1,tinyml,,,,38.671,0.000,0.000,0.000,0.000,0.000
1778951784,36.04,29.50,53.10,0,1,tinyml,,,,38.671,0.000,0.000,0.000,0.000,0.000
1778951789,36.02,29.50,53.20,0,1,tinyml,,,,38.802,0.000,0.000,0.000,0.000,0.000
1778951794,36.00,29.49,53.30,0,1,tinyml,,,,38.933,0.000,0.000,0.000,0.000,0.000
1778951799,35.94,29.49,53.30,0,1,tinyml,,,,39.063,0.000,0.000,0.000,0.000,0.000
1778951804,35.93,29.46,53.40,0,1,tinyml,,,,38.671,0.000,0.000,0.000,0.000,0.000
1778951809,35.90,29.43,53.50,0,1,tinyml,,,,38.671,0.000,0.000,0.000,0.000,0.000
1778951814,35.87,29.41,53.50,0,1,tinyml,,,,38.540,0.000,0.000,0.000,0.000,0.000
1778951819,35.84,29.41,53.50,0,1,tinyml,,,,38.540,0.000,0.000,0.000,0.000,0.000
1778951824,35.82,29.40,53.70,0,1,tinyml,,,,38.409,0.000,0.000,0.000,0.000,0.000
1778951829,35.79,29.40,53.70,0,1,tinyml,,,,38.540,0.000,0.000,0.000,0.000,0.000
1778951834,35.76,29.41,53.70,0,1,tinyml,,,,38.409,0.000,0.000,0.000,0.000,0.000
1778951839,35.73,29.41,53.70,0,1,tinyml,,,,38.671,0.000,0.000,0.000,0.000,0.000
1778951844,35.70,29.43,53.80,0,1,tinyml,,,,38.802,0.000,0.000,0.000,0.000,0.000
1778951849,35.67,29.41,53.80,0,1,tinyml,,,,38.409,0.000,0.000,0.000,0.000,0.000
1778951854,35.66,29.38,53.90,0,1,tinyml,,,,38.802,0.000,0.000,0.000,0.000,0.000
1778951859,35.63,29.40,53.90,0,1,tinyml,,,,38.933,0.000,0.000,0.000,0.000,0.000
1778951864,35.60,29.41,54.00,0,1,tinyml,,,,38.802,0.000,0.000,0.000,0.000,0.000
1778951869,35.59,29.40,54.00,0,1,tinyml,,,,38.933,0.000,0.000,0.000,0.000,0.000
1778951874,35.56,29.40,54.10,0,1,tinyml,,,,38.802,0.000,0.000,0.000,0.000,0.000
1778951879,35.56,29.40,54.10,0,1,tinyml,,,,39.063,0.000,0.000,0.000,0.000,0.000
1778951884,35.55,29.37,54.10,0,1,tinyml,,,,38.802,0.000,0.000,0.000,0.000,0.000
1778951889,35.50,29.38,54.20,0,1,tinyml,,,,39.063,0.000,0.000,0.000,0.000,0.000
1778951894,35.47,29.38,54.20,0,1,tinyml,,,,38.802,0.000,0.000,0.000,0.000,0.000
1778951899,35.49,29.38,54.20,0,1,tinyml,,,,38.933,0.000,0.000,0.000,0.000,0.000
1778951904,35.45,29.40,54.30,0,1,tinyml,,,,39.194,0.000,0.000,0.000,0.000,0.000
1778951909,35.42,29.38,54.20,0,1,tinyml,,,,39.325,0.000,0.000,0.000,0.000,0.000
1778951914,35.41,29.43,54.30,0,1,tinyml,,,,39.063,0.000,0.000,0.000,0.000,0.000
1778951919,35.38,29.41,54.30,0,1,tinyml,,,,39.194,0.000,0.000,0.000,0.000,0.000
1778951924,35.38,29.40,54.40,0,1,tinyml,,,,38.933,0.000,0.000,0.000,0.000,0.000
1778951929,35.36,29.38,54.40,0,1,tinyml,,,,38.933,0.000,0.000,0.000,0.000,0.000
1778951934,35.35,29.38,54.40,0,1,tinyml,,,,39.063,0.000,0.000,0.000,0.000,0.000
1778951939,35.32,29.37,54.50,0,1,tinyml,,,,39.063,0.000,0.000,0.000,0.000,0.000
1778951944,35.31,29.40,54.50,0,1,tinyml,,,,39.063,0.000,0.000,0.000,0.000,0.000
1778951949,35.28,29.38,54.50,0,1,tinyml,,,,39.194,0.000,0.000,0.000,0.000,0.000
1778951954,35.28,29.40,54.50,0,1,tinyml,,,,38.933,0.000,0.000,0.000,0.000,0.000
1778951959,35.25,29.40,54.60,0,1,tinyml,,,,39.194,0.000,0.000,0.000,0.000,0.000
1778951964,35.24,29.41,54.60,0,1,tinyml,,,,38.802,0.000,0.000,0.000,0.000,0.000
1778951969,35.22,29.41,54.60,0,1,tinyml,,,,39.194,0.000,0.000,0.000,0.000,0.000
1778951974,35.21,29.43,54.60,0,1,tinyml,,,,39.194,0.000,0.000,0.000,0.000,0.000
1778951979,35.18,29.43,54.70,0,1,tinyml,,,,39.456,0.000,0.000,0.000,0.000,0.000
1778951984,35.18,29.43,54.70,0,1,tinyml,,,,39.063,0.000,0.000,0.000,0.000,0.000
1778951989,35.17,29.43,54.70,0,1,tinyml,,,,39.063,0.000,0.000,0.000,0.000,0.000
1778951994,35.12,29.44,54.80,0,1,tinyml,,,,38.802,0.000,0.000,0.000,0.000,0.000
1778951999,35.12,29.43,54.80,0,1,tinyml,,,,38.802,0.000,0.000,0.000,0.000,0.000
1778952004,35.11,29.44,54.80,0,1,tinyml,,,,38.802,0.000,0.000,0.000,0.000,0.000
1778952009,35.11,29.44,54.80,0,1,tinyml,,,,39.063,0.000,0.000,0.000,0.000,0.000
1778952014,35.07,29.41,54.80,0,1,tinyml,,,,39.063,0.000,0.000,0.000,0.000,0.000
1778952019,35.08,29.44,54.80,0,1,tinyml,,,,38.933,0.000,0.000,0.000,0.000,0.000
1778952024,35.07,29.46,54.90,0,1,tinyml,,,,38.933,0.000,0.000,0.000,0.000,0.000
1778952029,35.08,29.44,54.90,0,1,tinyml,,,,39.194,0.000,0.000,0.000,0.000,0.000
1778952034,35.07,29.46,54.90,0,1,tinyml,,,,38.802,0.000,0.000,0.000,0.000,0.000
1778952039,35.02,29.41,54.90,0,1,tinyml,,,,38.802,0.000,0.000,0.000,0.000,0.000
1778952044,35.04,29.41,54.90,0,1,tinyml,,,,38.802,0.000,0.000,0.000,0.000,0.000
1778952049,35.01,29.44,55.00,0,1,tinyml,,,,38.933,0.000,0.000,0.000,0.000,0.000
1778952054,34.98,29.41,55.00,0,1,tinyml,,,,38.933,0.000,0.000,0.000,0.000,0.000
1778952059,34.98,29.44,55.00,0,1,tinyml,,,,38.933,0.000,0.000,0.000,0.000,0.000
1778952064,34.97,29.43,55.00,0,1,tinyml,,,,38.933,0.000,0.000,0.000,0.000,0.000
1778952069,34.95,29.43,55.00,0,1,tinyml,,,,39.063,0.000,0.000,0.000,0.000,0.000
1778952074,34.92,29.44,55.10,0,1,tinyml,,,,38.802,0.000,0.000,0.000,0.000,0.000
1778952079,34.92,29.44,55.10,0,1,tinyml,,,,38.802,0.000,0.000,0.000,0.000,0.000
1778952084,34.92,29.44,55.10,0,1,tinyml,,,,38.671,0.000,0.000,0.000,0.000,0.000
1778952089,34.92,29.47,55.20,0,1,tinyml,,,,38.802,0.000,0.000,0.000,0.000,0.000
1778952094,34.92,29.43,55.20,0,1,tinyml,,,,38.933,0.000,0.000,0.000,0.000,0.000
1778952099,34.90,29.44,55.20,0,1,tinyml,,,,38.540,0.000,0.000,0.000,0.000,0.000
1778952104,34.88,29.44,55.20,0,1,tinyml,,,,38.540,0.000,0.000,0.000,0.000,0.000
1778952109,34.88,29.43,55.20,0,1,tinyml,,,,38.671,0.000,0.000,0.000,0.000,0.000
1778952114,34.84,29.43,55.20,0,1,tinyml,,,,38.802,0.000,0.000,0.000,0.000,0.000
1778952119,34.86,29.43,55.20,0,1,tinyml,,,,38.409,0.000,0.000,0.000,0.000,0.000
1778952124,34.83,29.41,55.20,0,1,tinyml,,,,38.540,0.000,0.000,0.000,0.000,0.000
1778952129,34.81,29.43,55.30,0,1,tinyml,,,,38.540,0.000,0.000,0.000,0.000,0.000
1778952134,34.80,29.41,55.30,0,1,tinyml,,,,38.540,0.000,0.000,0.000,0.000,0.000
1778952139,34.80,29.44,55.30,0,1,tinyml,,,,38.540,0.000,0.000,0.000,0.000,0.000
1778952144,34.81,29.41,55.30,0,1,tinyml,,,,38.671,0.000,0.000,0.000,0.000,0.000
1778952149,34.80,29.41,55.30,0,1,tinyml,,,,38.278,0.000,0.000,0.000,0.000,0.000
1778952154,34.77,29.38,55.40,0,1,tinyml,,,,38.409,0.000,0.000,0.000,0.000,0.000
1778952159,34.77,29.41,55.40,0,1,tinyml,,,,38.409,0.000,0.000,0.000,0.000,0.000
1778952164,34.77,29.41,55.40,0,1,tinyml,,,,38.540,0.000,0.000,0.000,0.000,0.000
1778952169,34.77,29.43,55.40,0,1,tinyml,,,,38.540,0.000,0.000,0.000,0.000,0.000
1778952174,34.74,29.46,55.40,0,1,tinyml,,,,38.147,0.000,0.000,0.000,0.000,0.000
1778952179,34.73,29.44,55.40,0,1,tinyml,,,,38.147,0.000,0.000,0.000,0.000,0.000
1778952184,34.74,29.41,55.40,0,1,tinyml,,,,38.147,0.000,0.000,0.000,0.000,0.000
1778952189,34.73,29.43,55.50,0,1,tinyml,,,,38.147,0.000,0.000,0.000,0.000,0.000
1778952194,34.71,29.40,55.50,0,1,tinyml,,,,38.278,0.000,0.000,0.000,0.000,0.000
1778952199,34.73,29.44,55.50,0,1,tinyml,,,,38.278,0.000,0.000,0.000,0.000,0.000
1778952204,34.68,29.43,55.50,4,1,tinyml,,,,37.885,0.000,0.000,0.000,0.000,0.000
1778952209,34.68,29.41,55.50,4,1,tinyml,,,,37.885,0.000,0.000,0.000,0.000,0.000
1778952214,34.68,29.43,55.50,4,1,tinyml,,,,37.885,0.000,0.000,0.000,0.000,0.000
1778952219,34.70,29.43,55.50,4,1,tinyml,,,,37.885,0.000,0.000,0.000,0.000,0.000
1778952224,34.66,29.41,55.50,0,1,tinyml,,,,38.016,0.000,0.000,0.000,0.000,0.000
1778952229,34.64,29.38,55.50,8,1,tinyml,,,,37.754,0.000,0.000,0.000,0.000,0.000
1778952234,34.64,29.38,55.50,0,1,tinyml,,,,38.016,0.000,0.000,0.000,0.000,0.000
1778952239,34.66,29.37,55.50,18,1,tinyml,,,,37.493,0.000,0.000,0.000,0.000,0.000
1778952244,34.64,29.37,55.50,22,1,tinyml,,,,37.362,0.000,0.000,0.000,0.000,0.000
1778952249,34.64,29.38,55.50,13,1,tinyml,,,,37.624,0.000,0.000,0.000,0.000,0.000
1778952254,34.64,29.35,55.50,13,1,tinyml,,,,37.624,0.000,0.000,0.000,0.000,0.000
1778952259,34.66,29.38,55.50,13,1,tinyml,,,,37.624,0.000,0.000,0.000,0.000,0.000
1778952264,34.66,29.38,55.50,13,1,tinyml,,,,37.624,0.000,0.000,0.000,0.000,0.000
1778952269,34.66,29.38,55.50,18,1,tinyml,,,,37.493,0.000,0.000,0.000,0.000,0.000
1778952274,34.64,29.37,55.60,27,1,tinyml,,,,37.231,0.000,0.000,0.000,0.000,0.000
1778952279,34.64,29.34,55.60,27,1,tinyml,,,,37.231,0.000,0.000,0.000,0.000,0.000
1778952284,34.63,29.31,55.50,22,1,tinyml,,,,37.362,0.000,0.000,0.000,0.000,0.000
1778952289,34.61,29.30,55.50,32,1,tinyml,,,,37.100,0.000,0.000,0.000,0.000,0.000
1778952294,34.66,29.30,55.50,41,1,tinyml,,,,36.838,0.000,0.000,0.000,0.000,0.000
1778952299,34.66,29.33,55.50,37,1,tinyml,,,,36.969,0.000,0.000,0.000,0.000,0.000
1778952304,34.68,29.33,55.50,51,1,tinyml,,,,36.576,0.000,0.000,0.000,0.000,0.000
1778952309,34.68,29.33,55.50,41,1,tinyml,,,,36.838,0.000,0.000,0.000,0.000,0.000
1778952314,34.74,29.33,55.40,41,1,tinyml,,,,36.838,0.000,0.000,0.000,0.000,0.000
1778952319,34.74,29.34,55.40,41,1,tinyml,,,,36.838,0.000,0.000,0.000,0.000,0.000
1778952324,34.81,29.34,55.20,46,1,tinyml,,,,36.707,0.000,0.000,0.000,0.000,0.000
1778952329,34.87,29.35,55.20,51,1,tinyml,,,,36.576,0.000,0.000,0.000,0.000,0.000
1778952334,34.92,29.33,55.10,55,1,tinyml,,,,36.446,0.000,0.000,0.000,0.000,0.000
1778952339,35.00,29.35,54.90,60,1,tinyml,,,,36.315,0.000,0.000,0.000,0.000,0.000
1778952344,35.08,29.38,54.80,55,1,tinyml,,,,36.446,0.000,0.000,0.000,0.000,0.000
1778952349,35.18,29.35,54.70,46,1,tinyml,,,,36.707,0.000,0.000,0.000,0.000,0.000
1778952354,35.28,29.37,54.50,51,1,tinyml,,,,36.576,0.000,0.000,0.000,0.000,0.000
1778952359,35.38,29.37,54.30,51,1,tinyml,,,,36.576,0.000,0.000,0.000,0.000,0.000
1778952364,35.52,29.37,54.00,55,1,tinyml,,,,36.446,0.000,0.000,0.000,0.000,0.000
1778952369,35.63,29.37,53.90,55,1,tinyml,,,,36.446,0.000,0.000,0.000,0.000,0.000
1778952374,35.76,29.35,53.60,55,1,tinyml,,,,36.446,0.000,0.000,0.000,0.000,0.000
1778952379,35.94,29.37,53.40,65,1,tinyml,,,,36.184,0.000,0.000,0.000,0.000,0.000
1778952384,36.07,29.37,53.00,51,1,tinyml,,,,36.576,0.000,0.000,0.000,0.000,0.000
1778952389,36.23,29.37,52.80,46,1,tinyml,,,,36.707,0.000,0.000,0.000,0.000,0.000
1778952394,36.37,29.37,52.50,51,1,tinyml,,,,36.576,0.000,0.000,0.000,0.000,0.000
1778952399,36.51,29.38,52.30,51,1,tinyml,,,,36.576,0.000,0.000,0.000,0.000,0.000
1778952404,36.68,29.35,52.00,41,1,tinyml,,,,36.838,0.000,0.000,0.000,0.000,0.000
1778952409,36.84,29.35,51.70,55,1,tinyml,,,,36.446,0.000,0.000,0.000,0.000,0.000
1778952414,36.99,29.35,51.40,46,1,tinyml,,,,36.707,0.000,0.000,0.000,0.000,0.000
1778952419,37.10,29.37,51.20,37,1,tinyml,,,,36.969,0.000,0.000,0.000,0.000,0.000
1778952424,37.24,29.35,51.00,55,1,tinyml,,,,36.446,0.000,0.000,0.000,0.000,0.000
1778952429,37.39,29.41,50.70,32,1,tinyml,,,,37.100,0.000,0.000,0.000,0.000,0.000
1778952434,37.51,29.41,50.50,32,1,tinyml,,,,37.100,0.000,0.000,0.000,0.000,0.000
1778952439,37.60,29.40,50.30,41,1,tinyml,,,,36.838,0.000,0.000,0.000,0.000,0.000
1778952444,37.69,29.41,50.10,37,1,tinyml,,,,36.969,0.000,0.000,0.000,0.000,0.000
1778952449,37.83,29.40,49.90,37,1,tinyml,,,,36.969,0.000,0.000,0.000,0.000,0.000
1778952454,37.92,29.40,49.70,27,1,tinyml,,,,37.231,0.000,0.000,0.000,0.000,0.000
1778952459,38.00,29.43,49.50,13,1,tinyml,,,,37.624,0.000,0.000,0.000,0.000,0.000
1778952464,38.08,29.43,49.50,8,1,tinyml,,,,37.754,0.000,0.000,0.000,0.000,0.000
1778952469,38.15,29.43,49.30,22,1,tinyml,,,,37.362,0.000,0.000,0.000,0.000,0.000
1778952474,38.19,29.40,49.20,18,1,tinyml,,,,37.493,0.000,0.000,0.000,0.000,0.000
1778952479,38.20,29.43,49.20,22,1,tinyml,,,,37.362,0.000,0.000,0.000,0.000,0.000
1778952484,38.23,29.41,49.10,13,1,tinyml,,,,37.624,0.000,0.000,0.000,0.000,0.000
1778952489,38.27,29.40,49.10,4,1,tinyml,,,,37.885,0.000,0.000,0.000,0.000,0.000
1778952494,38.26,29.40,49.00,0,1,tinyml,,,,38.016,0.000,0.000,0.000,0.000,0.000
1778952499,38.24,29.40,49.10,8,1,tinyml,,,,37.754,0.000,0.000,0.000,0.000,0.000
1778952504,38.23,29.40,49.10,0,1,tinyml,,,,38.147,0.000,0.000,0.000,0.000,0.000
1778952509,38.20,29.41,49.10,13,1,tinyml,,,,37.624,0.000,0.000,0.000,0.000,0.000
1778952514,38.17,29.41,49.10,0,1,tinyml,,,,38.147,0.000,0.000,0.000,0.000,0.000
1778952519,38.15,29.41,49.20,8,1,tinyml,,,,37.754,0.000,0.000,0.000,0.000,0.000
1778952524,38.10,29.41,49.30,8,1,tinyml,,,,37.754,0.000,0.000,0.000,0.000,0.000
1778952529,38.05,29.41,49.40,0,1,tinyml,,,,38.147,0.000,0.000,0.000,0.000,0.000
1778952534,37.99,29.43,49.40,4,1,tinyml,,,,37.885,0.000,0.000,0.000,0.000,0.000
1778952539,37.93,29.41,49.60,0,1,tinyml,,,,38.147,0.000,0.000,0.000,0.000,0.000
1778952544,37.86,29.43,49.70,0,1,tinyml,,,,38.147,0.000,0.000,0.000,0.000,0.000
1778952549,37.79,29.44,49.80,4,1,tinyml,,,,37.885,0.000,0.000,0.000,0.000,0.000
1778952554,37.72,29.46,49.90,0,1,tinyml,,,,38.016,0.000,0.000,0.000,0.000,0.000
1778952559,37.65,29.46,50.00,0,1,tinyml,,,,38.278,0.000,0.000,0.000,0.000,0.000
1778952564,37.62,29.47,50.10,0,1,tinyml,,,,38.409,0.000,0.000,0.000,0.000,0.000
1778952569,37.55,29.43,50.20,0,1,tinyml,,,,38.540,0.000,0.000,0.000,0.000,0.000
1778952574,37.49,29.44,50.40,0,1,tinyml,,,,38.409,0.000,0.000,0.000,0.000,0.000
1778952579,37.41,29.44,50.50,0,1,tinyml,,,,38.016,0.000,0.000,0.000,0.000,0.000
1778952584,37.35,29.46,50.60,0,1,tinyml,,,,38.540,0.000,0.000,0.000,0.000,0.000
1778952589,37.28,29.43,50.70,0,1,tinyml,,,,38.278,0.000,0.000,0.000,0.000,0.000
1778952594,37.21,29.46,50.80,0,1,tinyml,,,,38.671,0.000,0.000,0.000,0.000,0.000
1778952599,37.19,29.43,51.00,0,1,tinyml,,,,38.540,0.000,0.000,0.000,0.000,0.000
1778952604,37.13,29.41,51.10,0,1,tinyml,,,,38.933,0.000,0.000,0.000,0.000,0.000
1778952609,37.04,29.38,51.20,0,1,tinyml,,,,38.671,0.000,0.000,0.000,0.000,0.000
1778952614,36.99,29.40,51.30,0,1,tinyml,,,,38.802,0.000,0.000,0.000,0.000,0.000
1778952619,36.93,29.41,51.50,0,1,tinyml,,,,38.671,0.000,0.000,0.000,0.000,0.000
1778952624,36.87,29.44,51.50,0,1,tinyml,,,,39.063,0.000,0.000,0.000,0.000,0.000
1778952629,36.83,29.43,51.60,0,1,tinyml,,,,38.802,0.000,0.000,0.000,0.000,0.000
1778952634,36.76,29.41,51.70,0,1,tinyml,,,,39.325,0.000,0.000,0.000,0.000,0.000
1778952639,36.71,29.41,51.80,0,1,tinyml,,,,38.671,0.000,0.000,0.000,0.000,0.000
1778952644,36.66,29.43,51.90,0,1,tinyml,,,,39.063,0.000,0.000,0.000,0.000,0.000
1778952649,36.61,29.44,52.00,0,1,tinyml,,,,39.063,0.000,0.000,0.000,0.000,0.000
1778952654,36.56,29.43,52.10,0,1,tinyml,,,,39.325,0.000,0.000,0.000,0.000,0.000
1778952659,36.52,29.43,52.20,0,1,tinyml,,,,38.933,0.000,0.000,0.000,0.000,0.000
1778952664,36.44,29.44,52.30,0,1,tinyml,,,,39.194,0.000,0.000,0.000,0.000,0.000
1778952669,36.41,29.40,52.40,0,1,tinyml,,,,39.063,0.000,0.000,0.000,0.000,0.000
1778952674,36.39,29.40,52.50,0,1,tinyml,,,,39.194,0.000,0.000,0.000,0.000,0.000
1778952679,36.34,29.40,52.50,0,1,tinyml,,,,38.802,0.000,0.000,0.000,0.000,0.000
1778952684,36.28,29.41,52.70,0,1,tinyml,,,,39.194,0.000,0.000,0.000,0.000,0.000
1778952689,36.25,29.40,52.70,0,1,tinyml,,,,39.194,0.000,0.000,0.000,0.000,0.000
1778952694,36.21,29.40,52.80,0,1,tinyml,,,,39.325,0.000,0.000,0.000,0.000,0.000
1778952699,36.17,29.41,52.80,0,1,tinyml,,,,38.933,0.000,0.000,0.000,0.000,0.000
1778952704,36.14,29.38,52.90,0,1,tinyml,,,,38.933,0.000,0.000,0.000,0.000,0.000
1778952709,36.12,29.41,53.00,0,1,tinyml,,,,38.933,0.000,0.000,0.000,0.000,0.000
1778952714,36.07,29.38,53.10,0,1,tinyml,,,,38.933,0.000,0.000,0.000,0.000,0.000
1778952719,36.02,29.43,53.10,0,1,tinyml,,,,38.933,0.000,0.000,0.000,0.000,0.000
1778952724,35.98,29.41,53.20,0,1,tinyml,,,,38.671,0.000,0.000,0.000,0.000,0.000
1778952729,35.96,29.43,53.30,0,1,tinyml,,,,38.671,0.000,0.000,0.000,0.000,0.000
1778952734,35.93,29.46,53.30,0,1,tinyml,,,,38.933,0.000,0.000,0.000,0.000,0.000
1778952739,35.91,29.41,53.40,0,1,tinyml,,,,38.540,0.000,0.000,0.000,0.000,0.000
1778952744,35.89,29.44,53.40,0,1,tinyml,,,,38.802,0.000,0.000,0.000,0.000,0.000
1778952749,35.83,29.44,53.50,0,1,tinyml,,,,38.278,0.000,0.000,0.000,0.000,0.000
1778952754,35.82,29.47,53.50,0,1,tinyml,,,,38.671,0.000,0.000,0.000,0.000,0.000
1778952759,35.76,29.46,53.60,0,1,tinyml,,,,38.802,0.000,0.000,0.000,0.000,0.000
1778952764,35.74,29.46,53.70,0,1,tinyml,,,,38.540,0.000,0.000,0.000,0.000,0.000
1778952769,35.70,29.44,53.70,0,1,tinyml,,,,38.671,0.000,0.000,0.000,0.000,0.000
1778952774,35.67,29.46,53.80,0,1,tinyml,,,,38.409,0.000,0.000,0.000,0.000,0.000
1778952779,35.69,29.46,53.80,0,1,tinyml,,,,38.933,0.000,0.000,0.000,0.000,0.000
1778952784,35.65,29.46,53.80,0,1,tinyml,,,,38.933,0.000,0.000,0.000,0.000,0.000
1778952789,35.65,29.43,53.90,0,1,tinyml,,,,39.063,0.000,0.000,0.000,0.000,0.000
1778952794,35.59,29.41,54.00,0,1,tinyml,,,,38.671,0.000,0.000,0.000,0.000,0.000
1778952799,35.59,29.44,54.00,0,1,tinyml,,,,39.063,0.000,0.000,0.000,0.000,0.000
1778952804,35.57,29.46,54.00,0,1,tinyml,,,,38.802,0.000,0.000,0.000,0.000,0.000
1778952809,35.53,29.43,54.00,0,1,tinyml,,,,39.194,0.000,0.000,0.000,0.000,0.000
1778952814,35.52,29.43,54.10,0,1,tinyml,,,,38.802,0.000,0.000,0.000,0.000,0.000
1778952819,35.50,29.41,54.10,0,1,tinyml,,,,39.063,0.000,0.000,0.000,0.000,0.000
1778952824,35.49,29.43,54.10,0,1,tinyml,,,,39.194,0.000,0.000,0.000,0.000,0.000
1778952829,35.45,29.40,54.20,0,1,tinyml,,,,39.063,0.000,0.000,0.000,0.000,0.000
1778952834,35.47,29.43,54.20,0,1,tinyml,,,,38.933,0.000,0.000,0.000,0.000,0.000
1778952839,35.41,29.41,54.20,0,1,tinyml,,,,39.325,0.000,0.000,0.000,0.000,0.000
1778952844,35.38,29.44,54.30,0,1,tinyml,,,,39.063,0.000,0.000,0.000,0.000,0.000
1778952849,35.36,29.46,54.30,0,1,tinyml,,,,39.194,0.000,0.000,0.000,0.000,0.000
1778952854,35.34,29.46,54.30,0,1,tinyml,,,,38.933,0.000,0.000,0.000,0.000,0.000
1778952859,35.35,29.49,54.40,0,1,tinyml,,,,39.063,0.000,0.000,0.000,0.000,0.000
1778952864,35.31,29.44,54.40,0,1,tinyml,,,,38.802,0.000,0.000,0.000,0.000,0.000
1778952869,35.31,29.46,54.40,0,1,tinyml,,,,39.063,0.000,0.000,0.000,0.000,0.000
1778952874,35.28,29.41,54.40,0,1,tinyml,,,,39.194,0.000,0.000,0.000,0.000,0.000
1778952879,35.25,29.41,54.50,0,1,tinyml,,,,38.802,0.000,0.000,0.000,0.000,0.000
1778952884,35.24,29.46,54.50,0,1,tinyml,,,,39.063,0.000,0.000,0.000,0.000,0.000
1778952889,35.24,29.44,54.50,0,1,tinyml,,,,39.194,0.000,0.000,0.000,0.000,0.000
1778952894,35.22,29.44,54.60,0,1,tinyml,,,,38.802,0.000,0.000,0.000,0.000,0.000
1778952899,35.21,29.46,54.50,0,1,tinyml,,,,39.194,0.000,0.000,0.000,0.000,0.000
1778952904,35.19,29.47,54.60,0,1,tinyml,,,,38.802,0.000,0.000,0.000,0.000,0.000
1778952909,35.17,29.47,54.70,0,1,tinyml,,,,39.063,0.000,0.000,0.000,0.000,0.000
1778952914,35.17,29.50,54.60,0,1,tinyml,,,,39.063,0.000,0.000,0.000,0.000,0.000
1778952919,35.15,29.46,54.70,0,1,tinyml,,,,39.063,0.000,0.000,0.000,0.000,0.000
1778952924,35.15,29.43,54.70,0,1,tinyml,,,,38.802,0.000,0.000,0.000,0.000,0.000
1778952929,35.11,29.43,54.70,0,1,tinyml,,,,38.933,0.000,0.000,0.000,0.000,0.000
1778952934,35.09,29.43,54.80,0,1,tinyml,,,,38.802,0.000,0.000,0.000,0.000,0.000
1778952939,35.08,29.43,54.80,0,1,tinyml,,,,38.802,0.000,0.000,0.000,0.000,0.000
1778952944,35.08,29.40,54.80,0,1,tinyml,,,,38.933,0.000,0.000,0.000,0.000,0.000
1778952949,35.05,29.43,54.80,0,1,tinyml,,,,38.933,0.000,0.000,0.000,0.000,0.000
1778952954,35.04,29.40,54.80,0,1,tinyml,,,,38.933,0.000,0.000,0.000,0.000,0.000
1778952959,35.05,29.44,54.80,0,1,tinyml,,,,38.802,0.000,0.000,0.000,0.000,0.000
1778952964,35.02,29.41,54.90,0,1,tinyml,,,,38.802,0.000,0.000,0.000,0.000,0.000
1778952969,35.02,29.40,54.90,0,1,tinyml,,,,38.802,0.000,0.000,0.000,0.000,0.000
1778952974,35.00,29.40,55.00,0,1,tinyml,,,,39.063,0.000,0.000,0.000,0.000,0.000
1778952979,34.98,29.40,54.90,0,1,tinyml,,,,38.802,0.000,0.000,0.000,0.000,0.000
1778952984,34.95,29.37,55.00,0,1,tinyml,,,,38.933,0.000,0.000,0.000,0.000,0.000
1778952989,34.97,29.41,55.00,0,1,tinyml,,,,39.063,0.000,0.000,0.000,0.000,0.000
1778952994,34.92,29.40,55.00,0,1,tinyml,,,,39.063,0.000,0.000,0.000,0.000,0.000
1778952999,34.91,29.43,55.00,0,1,tinyml,,,,38.802,0.000,0.000,0.000,0.000,0.000
1778953004,34.92,29.38,55.10,0,1,tinyml,,,,38.802,0.000,0.000,0.000,0.000,0.000
1778953009,34.92,29.40,55.00,0,1,tinyml,,,,38.802,0.000,0.000,0.000,0.000,0.000
1778953014,34.90,29.41,55.00,0,1,tinyml,,,,38.802,0.000,0.000,0.000,0.000,0.000
1778953019,34.90,29.38,55.10,0,1,tinyml,,,,38.409,0.000,0.000,0.000,0.000,0.000
1778953024,34.87,29.40,55.10,0,1,tinyml,,,,38.671,0.000,0.000,0.000,0.000,0.000
1778953029,34.87,29.41,55.10,0,1,tinyml,,,,38.540,0.000,0.000,0.000,0.000,0.000
1778953034,34.83,29.44,55.10,0,1,tinyml,,,,38.671,0.000,0.000,0.000,0.000,0.000
1778953039,34.86,29.41,55.20,0,1,tinyml,,,,38.409,0.000,0.000,0.000,0.000,0.000
1778953044,34.86,29.43,55.20,0,1,tinyml,,,,38.409,0.000,0.000,0.000,0.000,0.000
1778953049,34.81,29.41,55.20,0,1,tinyml,,,,38.409,0.000,0.000,0.000,0.000,0.000
1778953054,34.79,29.44,55.20,0,1,tinyml,,,,38.540,0.000,0.000,0.000,0.000,0.000
1778953059,34.80,29.46,55.20,0,1,tinyml,,,,38.671,0.000,0.000,0.000,0.000,0.000
1778953064,34.80,29.44,55.20,0,1,tinyml,,,,38.409,0.000,0.000,0.000,0.000,0.000
1778953069,34.79,29.43,55.30,0,1,tinyml,,,,38.278,0.000,0.000,0.000,0.000,0.000
1778953074,34.77,29.46,55.30,0,1,tinyml,,,,38.409,0.000,0.000,0.000,0.000,0.000
1778953079,34.74,29.44,55.30,0,1,tinyml,,,,38.409,0.000,0.000,0.000,0.000,0.000
1778953084,34.77,29.46,55.30,0,1,tinyml,,,,38.409,0.000,0.000,0.000,0.000,0.000
1778953089,34.74,29.46,55.30,0,1,tinyml,,,,38.147,0.000,0.000,0.000,0.000,0.000
1778953094,34.73,29.47,55.30,0,1,tinyml,,,,38.147,0.000,0.000,0.000,0.000,0.000
1778953099,34.73,29.46,55.40,0,1,tinyml,,,,38.147,0.000,0.000,0.000,0.000,0.000
1778953104,34.71,29.46,55.40,0,1,tinyml,,,,38.147,0.000,0.000,0.000,0.000,0.000
1778953109,34.70,29.44,55.40,0,1,tinyml,,,,38.147,0.000,0.000,0.000,0.000,0.000
1778953114,34.68,29.46,55.40,0,1,tinyml,,,,38.147,0.000,0.000,0.000,0.000,0.000
1778953119,34.68,29.47,55.40,0,1,tinyml,,,,38.016,0.000,0.000,0.000,0.000,0.000
1778953124,34.67,29.47,55.40,4,1,tinyml,,,,37.885,0.000,0.000,0.000,0.000,0.000
1778953129,34.66,29.46,55.40,4,1,tinyml,,,,37.885,0.000,0.000,0.000,0.000,0.000
1778953134,34.67,29.46,55.50,4,1,tinyml,,,,37.885,0.000,0.000,0.000,0.000,0.000
1778953139,34.66,29.44,55.50,4,1,tinyml,,,,37.885,0.000,0.000,0.000,0.000,0.000
1778953144,34.64,29.47,55.50,4,1,tinyml,,,,37.885,0.000,0.000,0.000,0.000,0.000
1778953149,34.64,29.46,55.50,0,1,tinyml,,,,38.016,0.000,0.000,0.000,0.000,0.000
1778953154,34.63,29.47,55.50,0,1,tinyml,,,,38.016,0.000,0.000,0.000,0.000,0.000
1778953159,34.66,29.47,55.50,18,1,tinyml,,,,37.493,0.000,0.000,0.000,0.000,0.000
1778953164,34.63,29.46,55.50,18,1,tinyml,,,,37.493,0.000,0.000,0.000,0.000,0.000
1778953169,34.61,29.47,55.50,22,1,tinyml,,,,37.362,0.000,0.000,0.000,0.000,0.000
1778953174,34.66,29.46,55.50,13,1,tinyml,,,,37.624,0.000,0.000,0.000,0.000,0.000
1778953179,34.64,29.49,55.50,13,1,tinyml,,,,37.624,0.000,0.000,0.000,0.000,0.000
1778953184,34.64,29.44,55.50,22,1,tinyml,,,,37.362,0.000,0.000,0.000,0.000,0.000
1778953189,34.64,29.47,55.50,22,1,tinyml,,,,37.362,0.000,0.000,0.000,0.000,0.000
1778953194,34.64,29.47,55.50,27,1,tinyml,,,,37.231,0.000,0.000,0.000,0.000,0.000
1778953199,34.64,29.49,55.40,22,1,tinyml,,,,37.362,0.000,0.000,0.000,0.000,0.000
1778953204,34.66,29.49,55.40,32,1,tinyml,,,,37.100,0.000,0.000,0.000,0.000,0.000
1778953209,34.64,29.49,55.40,37,1,tinyml,,,,36.969,0.000,0.000,0.000,0.000,0.000
1778953214,34.67,29.44,55.40,32,1,tinyml,,,,37.100,0.000,0.000,0.000,0.000,0.000
1778953219,34.68,29.43,55.40,41,1,tinyml,,,,36.838,0.000,0.000,0.000,0.000,0.000
1778953224,34.70,29.44,55.40,37,1,tinyml,,,,36.969,0.000,0.000,0.000,0.000,0.000
1778953229,34.71,29.43,55.40,51,1,tinyml,,,,36.576,0.000,0.000,0.000,0.000,0.000
1778953234,34.76,29.41,55.30,41,1,tinyml,,,,36.838,0.000,0.000,0.000,0.000,0.000
1778953239,34.79,29.41,55.20,41,1,tinyml,,,,36.838,0.000,0.000,0.000,0.000,0.000
1778953244,34.81,29.40,55.20,51,1,tinyml,,,,36.576,0.000,0.000,0.000,0.000,0.000
1778953249,34.90,29.40,55.10,41,1,tinyml,,,,36.838,0.000,0.000,0.000,0.000,0.000
1778953254,34.94,29.40,55.00,60,1,tinyml,,,,36.315,0.000,0.000,0.000,0.000,0.000
1778953259,35.00,29.41,54.80,51,1,tinyml,,,,36.576,0.000,0.000,0.000,0.000,0.000
1778953264,35.08,29.41,54.70,46,1,tinyml,,,,36.707,0.000,0.000,0.000,0.000,0.000
1778953269,35.17,29.40,54.60,55,1,tinyml,,,,36.446,0.000,0.000,0.000,0.000,0.000
1778953274,35.28,29.40,54.40,46,1,tinyml,,,,36.707,0.000,0.000,0.000,0.000,0.000
1778953279,35.39,29.41,54.20,55,1,tinyml,,,,36.446,0.000,0.000,0.000,0.000,0.000
1778953284,35.53,29.40,54.00,51,1,tinyml,,,,36.576,0.000,0.000,0.000,0.000,0.000
1778953289,35.67,29.41,53.80,51,1,tinyml,,,,36.576,0.000,0.000,0.000,0.000,0.000
1778953294,35.77,29.41,53.50,55,1,tinyml,,,,36.446,0.000,0.000,0.000,0.000,0.000
1778953299,35.89,29.40,53.30,55,1,tinyml,,,,36.446,0.000,0.000,0.000,0.000,0.000
1778953304,36.04,29.40,53.00,46,1,tinyml,,,,36.707,0.000,0.000,0.000,0.000,0.000
1778953309,36.20,29.41,52.80,65,1,tinyml,,,,36.184,0.000,0.000,0.000,0.000,0.000
1778953314,36.32,29.41,52.50,55,1,tinyml,,,,36.446,0.000,0.000,0.000,0.000,0.000
1778953319,36.46,29.41,52.20,46,1,tinyml,,,,36.707,0.000,0.000,0.000,0.000,0.000
1778953324,36.61,29.40,52.00,51,1,tinyml,,,,36.576,0.000,0.000,0.000,0.000,0.000
1778953329,36.73,29.41,51.80,46,1,tinyml,,,,36.707,0.000,0.000,0.000,0.000,0.000
1778953334,36.89,29.41,51.50,37,1,tinyml,,,,36.969,0.000,0.000,0.000,0.000,0.000
1778953339,37.04,29.41,51.20,55,1,tinyml,,,,36.446,0.000,0.000,0.000,0.000,0.000
1778953344,37.17,29.41,51.00,46,1,tinyml,,,,36.707,0.000,0.000,0.000,0.000,0.000
1778953349,37.27,29.41,50.80,46,1,tinyml,,,,36.707,0.000,0.000,0.000,0.000,0.000
1778953354,37.42,29.43,50.50,37,1,tinyml,,,,36.969,0.000,0.000,0.000,0.000,0.000
1778953359,37.55,29.41,50.30,37,1,tinyml,,,,36.969,0.000,0.000,0.000,0.000,0.000
1778953364,37.65,29.41,50.10,41,1,tinyml,,,,36.838,0.000,0.000,0.000,0.000,0.000
1778953369,37.76,29.41,49.90,41,1,tinyml,,,,36.838,0.000,0.000,0.000,0.000,0.000
1778953374,37.86,29.40,49.70,22,1,tinyml,,,,37.362,0.000,0.000,0.000,0.000,0.000
1778953379,37.96,29.40,49.60,27,1,tinyml,,,,37.231,0.000,0.000,0.000,0.000,0.000
1778953384,38.06,29.41,49.50,22,1,tinyml,,,,37.362,0.000,0.000,0.000,0.000,0.000
1778953389,38.12,29.41,49.30,22,1,tinyml,,,,37.362,0.000,0.000,0.000,0.000,0.000
1778953394,38.19,29.38,49.10,8,1,tinyml,,,,37.754,0.000,0.000,0.000,0.000,0.000
1778953399,38.20,29.41,49.00,18,1,tinyml,,,,37.493,0.000,0.000,0.000,0.000,0.000
1778953404,38.24,29.43,49.00,8,1,tinyml,,,,37.754,0.000,0.000,0.000,0.000,0.000
1778953409,38.30,29.41,49.00,4,1,tinyml,,,,37.885,0.000,0.000,0.000,0.000,0.000
1778953414,38.30,29.44,48.90,18,1,tinyml,,,,37.493,0.000,0.000,0.000,0.000,0.000
1778953419,38.30,29.41,48.90,0,1,tinyml,,,,38.016,0.000,0.000,0.000,0.000,0.000
1778953424,38.30,29.43,48.90,13,1,tinyml,,,,37.624,0.000,0.000,0.000,0.000,0.000
1778953429,38.24,29.43,48.90,4,1,tinyml,,,,37.885,0.000,0.000,0.000,0.000,0.000
1778953434,38.24,29.43,49.00,8,1,tinyml,,,,37.754,0.000,0.000,0.000,0.000,0.000
1778953439,38.21,29.43,49.00,4,1,tinyml,,,,37.885,0.000,0.000,0.000,0.000,0.000
1778953444,38.19,29.43,49.10,18,1,tinyml,,,,37.493,0.000,0.000,0.000,0.000,0.000
1778953449,38.13,29.41,49.20,4,1,tinyml,,,,37.885,0.000,0.000,0.000,0.000,0.000
1778953454,38.06,29.44,49.20,8,1,tinyml,,,,37.754,0.000,0.000,0.000,0.000,0.000
1778953459,38.02,29.43,49.30,8,1,tinyml,,,,37.754,0.000,0.000,0.000,0.000,0.000
1778953464,37.99,29.44,49.50,4,1,tinyml,,,,37.885,0.000,0.000,0.000,0.000,0.000
1778953469,37.90,29.46,49.50,0,1,tinyml,,,,38.147,0.000,0.000,0.000,0.000,0.000
1778953474,37.86,29.46,49.60,4,1,tinyml,,,,37.885,0.000,0.000,0.000,0.000,0.000
1778953479,37.79,29.41,49.70,0,1,tinyml,,,,38.278,0.000,0.000,0.000,0.000,0.000
1778953484,37.76,29.44,49.80,0,1,tinyml,,,,38.278,0.000,0.000,0.000,0.000,0.000
1778953489,37.69,29.44,49.90,0,1,tinyml,,,,38.278,0.000,0.000,0.000,0.000,0.000
1778953494,37.61,29.43,50.00,0,1,tinyml,,,,38.147,0.000,0.000,0.000,0.000,0.000
1778953499,37.57,29.46,50.20,0,1,tinyml,,,,38.409,0.000,0.000,0.000,0.000,0.000
1778953504,37.48,29.47,50.30,0,1,tinyml,,,,38.147,0.000,0.000,0.000,0.000,0.000
1778953509,37.42,29.46,50.40,0,1,tinyml,,,,38.540,0.000,0.000,0.000,0.000,0.000
1778953514,37.37,29.44,50.50,0,1,tinyml,,,,38.147,0.000,0.000,0.000,0.000,0.000
1778953519,37.31,29.43,50.60,0,1,tinyml,,,,38.409,0.000,0.000,0.000,0.000,0.000
1778953524,37.26,29.43,50.70,0,1,tinyml,,,,38.409,0.000,0.000,0.000,0.000,0.000
1778953529,37.19,29.43,50.80,0,1,tinyml,,,,38.671,0.000,0.000,0.000,0.000,0.000
1778953534,37.13,29.44,51.00,0,1,tinyml,,,,38.540,0.000,0.000,0.000,0.000,0.000
1778953539,37.07,29.41,51.00,0,1,tinyml,,,,38.671,0.000,0.000,0.000,0.000,0.000
1778953544,37.03,29.40,51.10,0,1,tinyml,,,,38.671,0.000,0.000,0.000,0.000,0.000
1778953549,36.94,29.40,51.30,0,1,tinyml,,,,38.933,0.000,0.000,0.000,0.000,0.000
1778953554,36.87,29.38,51.40,0,1,tinyml,,,,38.540,0.000,0.000,0.000,0.000,0.000
1778953559,36.83,29.41,51.50,0,1,tinyml,,,,38.933,0.000,0.000,0.000,0.000,0.000
1778953564,36.79,29.38,51.60,0,1,tinyml,,,,38.802,0.000,0.000,0.000,0.000,0.000
1778953569,36.75,29.41,51.70,0,1,tinyml,,,,39.063,0.000,0.000,0.000,0.000,0.000
1778953574,36.68,29.40,51.80,0,1,tinyml,,,,38.933,0.000,0.000,0.000,0.000,0.000
1778953579,36.63,29.41,51.90,0,1,tinyml,,,,39.063,0.000,0.000,0.000,0.000,0.000
1778953584,36.57,29.44,52.00,0,1,tinyml,,,,38.671,0.000,0.000,0.000,0.000,0.000
1778953589,36.52,29.41,52.10,0,1,tinyml,,,,39.194,0.000,0.000,0.000,0.000,0.000
1778953594,36.48,29.41,52.20,0,1,tinyml,,,,39.325,0.000,0.000,0.000,0.000,0.000
1778953599,36.42,29.40,52.30,0,1,tinyml,,,,38.802,0.000,0.000,0.000,0.000,0.000
1778953604,36.39,29.43,52.30,0,1,tinyml,,,,38.933,0.000,0.000,0.000,0.000,0.000
1778953609,36.34,29.43,52.40,0,1,tinyml,,,,38.933,0.000,0.000,0.000,0.000,0.000
1778953614,36.31,29.40,52.50,0,1,tinyml,,,,38.540,0.000,0.000,0.000,0.000,0.000
1778953619,36.28,29.38,52.50,0,1,tinyml,,,,38.933,0.000,0.000,0.000,0.000,0.000
1778953624,36.23,29.40,52.60,0,1,tinyml,,,,38.802,0.000,0.000,0.000,0.000,0.000
1778953629,36.21,29.40,52.80,0,1,tinyml,,,,38.802,0.000,0.000,0.000,0.000,0.000
1778953634,36.16,29.41,52.80,0,1,tinyml,,,,38.540,0.000,0.000,0.000,0.000,0.000
1778953639,36.11,29.40,52.90,0,1,tinyml,,,,38.933,0.000,0.000,0.000,0.000,0.000
1778953644,36.08,29.40,52.90,0,1,tinyml,,,,38.409,0.000,0.000,0.000,0.000,0.000
1778953649,36.04,29.43,53.00,0,1,tinyml,,,,38.933,0.000,0.000,0.000,0.000,0.000
1778953654,36.00,29.38,53.10,0,1,tinyml,,,,38.278,0.000,0.000,0.000,0.000,0.000
1778953659,35.97,29.35,53.20,0,1,tinyml,,,,38.540,0.000,0.000,0.000,0.000,0.000
1778953664,35.96,29.35,53.20,0,1,tinyml,,,,38.540,0.000,0.000,0.000,0.000,0.000
1778953669,35.90,29.37,53.30,0,1,tinyml,,,,38.409,0.000,0.000,0.000,0.000,0.000
1778953674,35.87,29.37,53.30,0,1,tinyml,,,,38.409,0.000,0.000,0.000,0.000,0.000
1778953679,35.86,29.38,53.40,0,1,tinyml,,,,38.802,0.000,0.000,0.000,0.000,0.000
1778953684,35.83,29.38,53.40,0,1,tinyml,,,,38.147,0.000,0.000,0.000,0.000,0.000
1778953689,35.79,29.38,53.50,0,1,tinyml,,,,38.540,0.000,0.000,0.000,0.000,0.000
1778953694,35.77,29.38,53.50,0,1,tinyml,,,,38.671,0.000,0.000,0.000,0.000,0.000
1778953699,35.74,29.40,53.60,0,1,tinyml,,,,38.540,0.000,0.000,0.000,0.000,0.000
1778953704,35.72,29.38,53.60,0,1,tinyml,,,,38.671,0.000,0.000,0.000,0.000,0.000
1778953709,35.70,29.37,53.70,0,1,tinyml,,,,38.671,0.000,0.000,0.000,0.000,0.000
1778953714,35.67,29.40,53.70,0,1,tinyml,,,,38.540,0.000,0.000,0.000,0.000,0.000
1778953719,35.66,29.37,53.80,0,1,tinyml,,,,38.671,0.000,0.000,0.000,0.000,0.000
1778953724,35.60,29.35,53.80,0,1,tinyml,,,,38.671,0.000,0.000,0.000,0.000,0.000
1778953729,35.60,29.33,53.80,0,1,tinyml,,,,39.063,0.000,0.000,0.000,0.000,0.000
1778953734,35.56,29.33,53.80,0,1,tinyml,,,,38.671,0.000,0.000,0.000,0.000,0.000
1778953739,35.56,29.34,53.90,0,1,tinyml,,,,39.063,0.000,0.000,0.000,0.000,0.000
1778953744,35.53,29.34,53.90,0,1,tinyml,,,,38.802,0.000,0.000,0.000,0.000,0.000
1778953749,35.50,29.34,54.00,0,1,tinyml,,,,38.802,0.000,0.000,0.000,0.000,0.000
1778953754,35.47,29.35,54.00,0,1,tinyml,,,,39.063,0.000,0.000,0.000,0.000,0.000
1778953759,35.47,29.33,54.10,0,1,tinyml,,,,38.802,0.000,0.000,0.000,0.000,0.000
1778953764,35.47,29.35,54.00,0,1,tinyml,,,,38.933,0.000,0.000,0.000,0.000,0.000
1778953769,35.43,29.34,54.10,0,1,tinyml,,,,39.325,0.000,0.000,0.000,0.000,0.000
1778953774,35.42,29.35,54.10,0,1,tinyml,,,,38.933,0.000,0.000,0.000,0.000,0.000
1778953779,35.41,29.33,54.20,0,1,tinyml,,,,39.063,0.000,0.000,0.000,0.000,0.000
1778953784,35.36,29.35,54.20,0,1,tinyml,,,,39.063,0.000,0.000,0.000,0.000,0.000
1778953789,35.35,29.33,54.30,0,1,tinyml,,,,38.933,0.000,0.000,0.000,0.000,0.000
1778953794,35.32,29.34,54.20,0,1,tinyml,,,,39.063,0.000,0.000,0.000,0.000,0.000
1778953799,35.31,29.35,54.30,0,1,tinyml,,,,39.063,0.000,0.000,0.000,0.000,0.000
1778953804,35.31,29.33,54.30,0,1,tinyml,,,,38.933,0.000,0.000,0.000,0.000,0.000
1778953809,35.28,29.34,54.30,0,1,tinyml,,,,39.194,0.000,0.000,0.000,0.000,0.000
1778953814,35.25,29.33,54.40,0,1,tinyml,,,,38.933,0.000,0.000,0.000,0.000,0.000
1778953819,35.27,29.37,54.40,0,1,tinyml,,,,39.063,0.000,0.000,0.000,0.000,0.000
1778953824,35.24,29.38,54.50,0,1,tinyml,,,,38.671,0.000,0.000,0.000,0.000,0.000
1778953829,35.21,29.38,54.50,0,1,tinyml,,,,38.802,0.000,0.000,0.000,0.000,0.000
1778953834,35.19,29.40,54.50,0,1,tinyml,,,,38.933,0.000,0.000,0.000,0.000,0.000
1778953839,35.18,29.38,54.50,0,1,tinyml,,,,39.194,0.000,0.000,0.000,0.000,0.000
1778953844,35.17,29.40,54.50,0,1,tinyml,,,,38.933,0.000,0.000,0.000,0.000,0.000
1778953849,35.18,29.40,54.50,0,1,tinyml,,,,39.063,0.000,0.000,0.000,0.000,0.000
1778953854,35.15,29.41,54.60,0,1,tinyml,,,,38.671,0.000,0.000,0.000,0.000,0.000
1778953859,35.14,29.41,54.60,0,1,tinyml,,,,38.802,0.000,0.000,0.000,0.000,0.000
1778953864,35.11,29.40,54.60,0,1,tinyml,,,,38.802,0.000,0.000,0.000,0.000,0.000
1778953869,35.12,29.43,54.70,0,1,tinyml,,,,39.194,0.000,0.000,0.000,0.000,0.000
1778953874,35.09,29.43,54.70,0,1,tinyml,,,,38.933,0.000,0.000,0.000,0.000,0.000
1778953879,35.07,29.41,54.70,0,1,tinyml,,,,38.933,0.000,0.000,0.000,0.000,0.000
1778953884,35.08,29.41,54.70,0,1,tinyml,,,,38.933,0.000,0.000,0.000,0.000,0.000
1778953889,35.05,29.41,54.70,0,1,tinyml,,,,38.671,0.000,0.000,0.000,0.000,0.000
1778953894,35.05,29.43,54.80,0,1,tinyml,,,,38.802,0.000,0.000,0.000,0.000,0.000
1778953899,35.04,29.43,54.70,0,1,tinyml,,,,38.933,0.000,0.000,0.000,0.000,0.000
1778953904,35.01,29.43,54.80,0,1,tinyml,,,,38.933,0.000,0.000,0.000,0.000,0.000
1778953909,35.01,29.41,54.80,0,1,tinyml,,,,39.194,0.000,0.000,0.000,0.000,0.000
1778953914,35.00,29.44,54.80,0,1,tinyml,,,,38.933,0.000,0.000,0.000,0.000,0.000
1778953919,35.01,29.44,54.90,0,1,tinyml,,,,38.933,0.000,0.000,0.000,0.000,0.000
1778953924,34.98,29.44,54.90,0,1,tinyml,,,,38.933,0.000,0.000,0.000,0.000,0.000
1778953929,34.95,29.44,54.90,0,1,tinyml,,,,39.063,0.000,0.000,0.000,0.000,0.000
1778953934,34.95,29.44,54.90,0,1,tinyml,,,,38.802,0.000,0.000,0.000,0.000,0.000
1778953939,34.94,29.46,54.90,0,1,tinyml,,,,38.671,0.000,0.000,0.000,0.000,0.000
1778953944,34.91,29.46,55.00,0,1,tinyml,,,,38.671,0.000,0.000,0.000,0.000,0.000
1778953949,34.90,29.41,55.00,0,1,tinyml,,,,38.933,0.000,0.000,0.000,0.000,0.000
1778953954,34.90,29.40,55.00,0,1,tinyml,,,,38.671,0.000,0.000,0.000,0.000,0.000
1778953959,34.90,29.40,55.00,0,1,tinyml,,,,38.671,0.000,0.000,0.000,0.000,0.000
1778953964,34.88,29.35,55.00,0,1,tinyml,,,,38.671,0.000,0.000,0.000,0.000,0.000
1778953969,34.88,29.38,55.00,0,1,tinyml,,,,38.671,0.000,0.000,0.000,0.000,0.000
1778953974,34.86,29.35,55.00,0,1,tinyml,,,,38.671,0.000,0.000,0.000,0.000,0.000
1778953979,34.84,29.35,55.10,0,1,tinyml,,,,38.409,0.000,0.000,0.000,0.000,0.000
1778953984,34.86,29.34,55.10,0,1,tinyml,,,,38.671,0.000,0.000,0.000,0.000,0.000
1778953989,34.83,29.35,55.10,0,1,tinyml,,,,38.671,0.000,0.000,0.000,0.000,0.000
1778953994,34.81,29.33,55.20,0,1,tinyml,,,,38.671,0.000,0.000,0.000,0.000,0.000
1778953999,34.83,29.35,55.10,0,1,tinyml,,,,38.671,0.000,0.000,0.000,0.000,0.000
1778954004,34.80,29.35,55.10,0,1,tinyml,,,,38.409,0.000,0.000,0.000,0.000,0.000
1778954009,34.79,29.35,55.20,0,1,tinyml,,,,38.409,0.000,0.000,0.000,0.000,0.000
1778954014,34.76,29.35,55.20,0,1,tinyml,,,,38.540,0.000,0.000,0.000,0.000,0.000
1778954019,34.77,29.38,55.20,0,1,tinyml,,,,38.671,0.000,0.000,0.000,0.000,0.000
1778954024,34.77,29.34,55.20,0,1,tinyml,,,,38.671,0.000,0.000,0.000,0.000,0.000
1778954029,34.76,29.35,55.20,0,1,tinyml,,,,38.671,0.000,0.000,0.000,0.000,0.000
1778954034,34.76,29.35,55.20,0,1,tinyml,,,,38.278,0.000,0.000,0.000,0.000,0.000
1778954039,34.74,29.35,55.20,0,1,tinyml,,,,38.278,0.000,0.000,0.000,0.000,0.000
1778954044,34.71,29.34,55.20,0,1,tinyml,,,,38.278,0.000,0.000,0.000,0.000,0.000
1778954049,34.73,29.34,55.30,0,1,tinyml,,,,38.409,0.000,0.000,0.000,0.000,0.000
1778954054,34.68,29.34,55.30,0,1,tinyml,,,,38.278,0.000,0.000,0.000,0.000,0.000
1778954059,34.70,29.35,55.30,0,1,tinyml,,,,38.409,0.000,0.000,0.000,0.000,0.000
1778954064,34.68,29.35,55.30,0,1,tinyml,,,,38.016,0.000,0.000,0.000,0.000,0.000
1778954069,34.68,29.34,55.30,0,1,tinyml,,,,38.016,0.000,0.000,0.000,0.000,0.000
1778954074,34.66,29.34,55.40,0,1,tinyml,,,,38.016,0.000,0.000,0.000,0.000,0.000
1778954079,34.67,29.33,55.30,0,1,tinyml,,,,38.147,0.000,0.000,0.000,0.000,0.000
1778954084,34.63,29.33,55.30,0,1,tinyml,,,,38.147,0.000,0.000,0.000,0.000,0.000
1778954089,34.64,29.34,55.40,0,1,tinyml,,,,38.016,0.000,0.000,0.000,0.000,0.000
1778954094,34.61,29.34,55.40,8,1,tinyml,,,,37.754,0.000,0.000,0.000,0.000,0.000
1778954099,34.63,29.35,55.40,8,1,tinyml,,,,37.754,0.000,0.000,0.000,0.000,0.000
1778954104,34.60,29.37,55.50,8,1,tinyml,,,,37.754,0.000,0.000,0.000,0.000,0.000
1778954109,34.61,29.34,55.50,8,1,tinyml,,,,37.754,0.000,0.000,0.000,0.000,0.000
1778954114,34.60,29.35,55.50,8,1,tinyml,,,,37.754,0.000,0.000,0.000,0.000,0.000
1778954119,34.57,29.37,55.50,18,1,tinyml,,,,37.493,0.000,0.000,0.000,0.000,0.000
1778954124,34.59,29.35,55.50,22,1,tinyml,,,,37.362,0.000,0.000,0.000,0.000,0.000
1778954129,34.57,29.35,55.50,13,1,tinyml,,,,37.624,0.000,0.000,0.000,0.000,0.000
1778954134,34.57,29.34,55.60,13,1,tinyml,,,,37.624,0.000,0.000,0.000,0.000,0.000
1778954139,34.53,29.37,55.50,18,1,tinyml,,,,37.493,0.000,0.000,0.000,0.000,0.000
1778954144,34.52,29.35,55.60,18,1,tinyml,,,,37.493,0.000,0.000,0.000,0.000,0.000
1778954149,34.52,29.37,55.50,32,1,tinyml,,,,37.100,0.000,0.000,0.000,0.000,0.000
1778954154,34.53,29.38,55.60,32,1,tinyml,,,,37.100,0.000,0.000,0.000,0.000,0.000
1778954159,34.54,29.38,55.50,37,1,tinyml,,,,36.969,0.000,0.000,0.000,0.000,0.000
1778954164,34.53,29.35,55.60,41,1,tinyml,,,,36.838,0.000,0.000,0.000,0.000,0.000
1778954169,34.53,29.37,55.50,41,1,tinyml,,,,36.838,0.000,0.000,0.000,0.000,0.000
1778954174,34.54,29.37,55.50,46,1,tinyml,,,,36.707,0.000,0.000,0.000,0.000,0.000
1778954179,34.59,29.38,55.50,46,1,tinyml,,,,36.707,0.000,0.000,0.000,0.000,0.000
1778954184,34.63,29.38,55.40,51,1,tinyml,,,,36.576,0.000,0.000,0.000,0.000,0.000
1778954189,34.64,29.37,55.40,41,1,tinyml,,,,36.838,0.000,0.000,0.000,0.000,0.000
1778954194,34.68,29.40,55.30,37,1,tinyml,,,,36.969,0.000,0.000,0.000,0.000,0.000
1778954199,34.77,29.41,55.20,51,1,tinyml,,,,36.576,0.000,0.000,0.000,0.000,0.000
1778954204,34.84,29.37,55.10,41,1,tinyml,,,,36.838,0.000,0.000,0.000,0.000,0.000
1778954209,34.92,29.41,54.90,60,1,tinyml,,,,36.315,0.000,0.000,0.000,0.000,0.000
1778954214,35.02,29.38,54.80,46,1,tinyml,,,,36.707,0.000,0.000,0.000,0.000,0.000
1778954219,35.12,29.38,54.60,37,1,tinyml,,,,36.969,0.000,0.000,0.000,0.000,0.000
1778954224,35.21,29.37,54.40,60,1,tinyml,,,,36.315,0.000,0.000,0.000,0.000,0.000
1778954229,35.32,29.40,54.30,51,1,tinyml,,,,36.576,0.000,0.000,0.000,0.000,0.000
1778954234,35.42,29.37,54.10,46,1,tinyml,,,,36.707,0.000,0.000,0.000,0.000,0.000
1778954239,35.57,29.38,53.90,55,1,tinyml,,,,36.446,0.000,0.000,0.000,0.000,0.000
1778954244,35.67,29.38,53.60,46,1,tinyml,,,,36.707,0.000,0.000,0.000,0.000,0.000
1778954249,35.80,29.40,53.40,60,1,tinyml,,,,36.315,0.000,0.000,0.000,0.000,0.000
1778954254,35.93,29.38,53.10,51,1,tinyml,,,,36.576,0.000,0.000,0.000,0.000,0.000
1778954259,36.07,29.38,52.90,46,1,tinyml,,,,36.707,0.000,0.000,0.000,0.000,0.000
1778954264,36.20,29.38,52.70,60,1,tinyml,,,,36.315,0.000,0.000,0.000,0.000,0.000
1778954269,36.35,29.37,52.30,55,1,tinyml,,,,36.446,0.000,0.000,0.000,0.000,0.000
1778954274,36.45,29.38,52.10,37,1,tinyml,,,,36.969,0.000,0.000,0.000,0.000,0.000
1778954279,36.62,29.38,51.90,60,1,tinyml,,,,36.315,0.000,0.000,0.000,0.000,0.000
1778954284,36.76,29.38,51.60,46,1,tinyml,,,,36.707,0.000,0.000,0.000,0.000,0.000
1778954289,36.87,29.40,51.40,37,1,tinyml,,,,36.969,0.000,0.000,0.000,0.000,0.000
1778954294,37.01,29.41,51.20,41,1,tinyml,,,,36.838,0.000,0.000,0.000,0.000,0.000
1778954299,37.16,29.40,51.00,41,1,tinyml,,,,36.838,0.000,0.000,0.000,0.000,0.000
1778954304,37.30,29.43,50.70,37,1,tinyml,,,,36.969,0.000,0.000,0.000,0.000,0.000
1778954309,37.38,29.40,50.50,46,1,tinyml,,,,36.707,0.000,0.000,0.000,0.000,0.000
1778954314,37.49,29.38,50.30,37,1,tinyml,,,,36.969,0.000,0.000,0.000,0.000,0.000
1778954319,37.61,29.38,50.10,41,1,tinyml,,,,36.838,0.000,0.000,0.000,0.000,0.000
1778954324,37.71,29.40,49.90,32,1,tinyml,,,,37.100,0.000,0.000,0.000,0.000,0.000
1778954329,37.78,29.38,49.70,27,1,tinyml,,,,37.231,0.000,0.000,0.000,0.000,0.000
1778954334,37.85,29.41,49.70,22,1,tinyml,,,,37.362,0.000,0.000,0.000,0.000,0.000
1778954339,37.96,29.35,49.50,27,1,tinyml,,,,37.231,0.000,0.000,0.000,0.000,0.000
1778954344,37.99,29.35,49.40,18,1,tinyml,,,,37.493,0.000,0.000,0.000,0.000,0.000
1778954349,38.05,29.35,49.30,18,1,tinyml,,,,37.493,0.000,0.000,0.000,0.000,0.000
1778954354,38.10,29.34,49.20,0,1,tinyml,,,,38.016,0.000,0.000,0.000,0.000,0.000
1778954359,38.12,29.37,49.20,22,1,tinyml,,,,37.362,0.000,0.000,0.000,0.000,0.000
1778954364,38.13,29.33,49.10,8,1,tinyml,,,,37.754,0.000,0.000,0.000,0.000,0.000
1778954369,38.13,29.37,49.00,18,1,tinyml,,,,37.493,0.000,0.000,0.000,0.000,0.000
1778954374,38.16,29.37,49.10,8,1,tinyml,,,,37.754,0.000,0.000,0.000,0.000,0.000
1778954379,38.13,29.35,49.10,13,1,tinyml,,,,37.624,0.000,0.000,0.000,0.000,0.000
1778954384,38.09,29.38,49.20,4,1,tinyml,,,,37.885,0.000,0.000,0.000,0.000,0.000
1778954389,38.08,29.40,49.20,13,1,tinyml,,,,37.624,0.000,0.000,0.000,0.000,0.000
1778954394,38.03,29.37,49.20,8,1,tinyml,,,,37.754,0.000,0.000,0.000,0.000,0.000
1778954399,38.02,29.40,49.30,18,1,tinyml,,,,37.493,0.000,0.000,0.000,0.000,0.000
1778954404,37.93,29.37,49.30,0,1,tinyml,,,,38.147,0.000,0.000,0.000,0.000,0.000
1778954409,37.90,29.38,49.50,8,1,tinyml,,,,37.754,0.000,0.000,0.000,0.000,0.000
1778954414,37.85,29.38,49.60,0,1,tinyml,,,,38.016,0.000,0.000,0.000,0.000,0.000
1778954419,37.81,29.34,49.70,0,1,tinyml,,,,38.016,0.000,0.000,0.000,0.000,0.000
1778954424,37.75,29.35,49.80,0,1,tinyml,,,,38.016,0.000,0.000,0.000,0.000,0.000
1778954429,37.68,29.34,49.90,4,1,tinyml,,,,37.885,0.000,0.000,0.000,0.000,0.000
1778954434,37.61,29.33,50.00,0,1,tinyml,,,,38.016,0.000,0.000,0.000,0.000,0.000
1778954439,37.55,29.30,50.10,0,1,tinyml,,,,38.147,0.000,0.000,0.000,0.000,0.000
1778954444,37.49,29.33,50.20,0,1,tinyml,,,,38.147,0.000,0.000,0.000,0.000,0.000
1778954449,37.44,29.33,50.30,0,1,tinyml,,,,38.147,0.000,0.000,0.000,0.000,0.000
1778954454,37.39,29.33,50.40,0,1,tinyml,,,,38.147,0.000,0.000,0.000,0.000,0.000
1778954459,37.30,29.34,50.60,0,1,tinyml,,,,38.278,0.000,0.000,0.000,0.000,0.000
1778954464,37.23,29.37,50.70,0,1,tinyml,,,,38.540,0.000,0.000,0.000,0.000,0.000
1778954469,37.17,29.35,50.80,0,1,tinyml,,,,38.671,0.000,0.000,0.000,0.000,0.000
1778954474,37.13,29.35,50.80,0,1,tinyml,,,,38.671,0.000,0.000,0.000,0.000,0.000
1778954479,37.06,29.37,51.00,0,1,tinyml,,,,38.671,0.000,0.000,0.000,0.000,0.000
1778954484,37.00,29.38,51.10,0,1,tinyml,,,,38.409,0.000,0.000,0.000,0.000,0.000
1778954489,36.93,29.34,51.20,0,1,tinyml,,,,38.540,0.000,0.000,0.000,0.000,0.000
1778954494,36.87,29.38,51.30,0,1,tinyml,,,,38.671,0.000,0.000,0.000,0.000,0.000
1778954499,36.83,29.41,51.40,0,1,tinyml,,,,38.802,0.000,0.000,0.000,0.000,0.000
1778954504,36.76,29.38,51.50,0,1,tinyml,,,,39.063,0.000,0.000,0.000,0.000,0.000
1778954509,36.73,29.40,51.70,0,1,tinyml,,,,38.933,0.000,0.000,0.000,0.000,0.000
1778954514,36.68,29.38,51.70,0,1,tinyml,,,,38.671,0.000,0.000,0.000,0.000,0.000
1778954519,36.62,29.38,51.80,0,1,tinyml,,,,38.802,0.000,0.000,0.000,0.000,0.000
1778954524,36.55,29.38,51.90,0,1,tinyml,,,,39.063,0.000,0.000,0.000,0.000,0.000
1778954529,36.53,29.41,52.00,0,1,tinyml,,,,39.194,0.000,0.000,0.000,0.000,0.000
1778954534,36.46,29.40,52.10,0,1,tinyml,,,,38.802,0.000,0.000,0.000,0.000,0.000
1778954539,36.42,29.37,52.20,0,1,tinyml,,,,38.802,0.000,0.000,0.000,0.000,0.000
1778954544,36.39,29.37,52.30,0,1,tinyml,,,,39.194,0.000,0.000,0.000,0.000,0.000
1778954549,36.32,29.35,52.40,0,1,tinyml,,,,39.063,0.000,0.000,0.000,0.000,0.000
1778954554,36.31,29.35,52.50,0,1,tinyml,,,,39.063,0.000,0.000,0.000,0.000,0.000
1778954559,36.25,29.37,52.50,0,1,tinyml,,,,39.063,0.000,0.000,0.000,0.000,0.000
1778954564,36.20,29.35,52.60,0,1,tinyml,,,,38.933,0.000,0.000,0.000,0.000,0.000
1778954569,36.14,29.38,52.70,0,1,tinyml,,,,38.933,0.000,0.000,0.000,0.000,0.000
1778954574,36.12,29.38,52.80,0,1,tinyml,,,,39.063,0.000,0.000,0.000,0.000,0.000
1778954579,36.11,29.35,52.90,0,1,tinyml,,,,38.933,0.000,0.000,0.000,0.000,0.000
1778954584,36.02,29.35,52.90,0,1,tinyml,,,,38.802,0.000,0.000,0.000,0.000,0.000
1778954589,36.01,29.34,53.00,0,1,tinyml,,,,38.933,0.000,0.000,0.000,0.000,0.000
1778954594,35.98,29.33,53.10,0,1,tinyml,,,,38.671,0.000,0.000,0.000,0.000,0.000
1778954599,35.93,29.34,53.20,0,1,tinyml,,,,38.671,0.000,0.000,0.000,0.000,0.000
1778954604,35.90,29.34,53.20,0,1,tinyml,,,,38.540,0.000,0.000,0.000,0.000,0.000
1778954609,35.93,29.38,53.30,0,1,tinyml,,,,38.540,0.000,0.000,0.000,0.000,0.000
1778954614,35.83,29.35,53.30,0,1,tinyml,,,,38.540,0.000,0.000,0.000,0.000,0.000
1778954619,35.82,29.31,53.40,0,1,tinyml,,,,38.802,0.000,0.000,0.000,0.000,0.000
1778954624,35.79,29.33,53.40,0,1,tinyml,,,,38.671,0.000,0.000,0.000,0.000,0.000
1778954629,35.77,29.34,53.50,0,1,tinyml,,,,38.802,0.000,0.000,0.000,0.000,0.000
1778954634,35.74,29.34,53.50,0,1,tinyml,,,,38.671,0.000,0.000,0.000,0.000,0.000
1778954639,35.72,29.35,53.60,0,1,tinyml,,,,38.540,0.000,0.000,0.000,0.000,0.000
1778954644,35.66,29.35,53.60,0,1,tinyml,,,,38.540,0.000,0.000,0.000,0.000,0.000
1778954649,35.65,29.35,53.70,0,1,tinyml,,,,38.540,0.000,0.000,0.000,0.000,0.000
1778954654,35.65,29.37,53.70,0,1,tinyml,,,,38.540,0.000,0.000,0.000,0.000,0.000
1778954659,35.59,29.34,53.80,0,1,tinyml,,,,38.540,0.000,0.000,0.000,0.000,0.000
1778954664,35.57,29.37,53.80,0,1,tinyml,,,,38.540,0.000,0.000,0.000,0.000,0.000
1778954669,35.56,29.37,53.80,0,1,tinyml,,,,38.671,0.000,0.000,0.000,0.000,0.000
1778954674,35.55,29.37,53.90,0,1,tinyml,,,,38.802,0.000,0.000,0.000,0.000,0.000
1778954679,35.52,29.35,53.90,0,1,tinyml,,,,38.671,0.000,0.000,0.000,0.000,0.000
1778954684,35.49,29.37,54.00,0,1,tinyml,,,,39.063,0.000,0.000,0.000,0.000,0.000
1778954689,35.46,29.37,54.00,0,1,tinyml,,,,39.063,0.000,0.000,0.000,0.000,0.000
1778954694,35.43,29.37,54.00,0,1,tinyml,,,,38.802,0.000,0.000,0.000,0.000,0.000
1778954699,35.42,29.38,54.10,0,1,tinyml,,,,38.933,0.000,0.000,0.000,0.000,0.000
1778954704,35.39,29.38,54.10,0,1,tinyml,,,,39.063,0.000,0.000,0.000,0.000,0.000
1778954709,35.39,29.38,54.10,0,1,tinyml,,,,39.194,0.000,0.000,0.000,0.000,0.000
1778954714,35.36,29.38,54.20,0,1,tinyml,,,,39.063,0.000,0.000,0.000,0.000,0.000
1778954719,35.35,29.38,54.20,0,1,tinyml,,,,39.063,0.000,0.000,0.000,0.000,0.000
1778954724,35.34,29.38,54.20,0,1,tinyml,,,,38.802,0.000,0.000,0.000,0.000,0.000
1778954729,35.29,29.38,54.30,0,1,tinyml,,,,39.063,0.000,0.000,0.000,0.000,0.000
1778954734,35.27,29.40,54.30,0,1,tinyml,,,,39.194,0.000,0.000,0.000,0.000,0.000
1778954739,35.28,29.37,54.30,0,1,tinyml,,,,38.933,0.000,0.000,0.000,0.000,0.000
1778954744,35.24,29.40,54.30,0,1,tinyml,,,,39.194,0.000,0.000,0.000,0.000,0.000
1778954749,35.25,29.40,54.40,0,1,tinyml,,,,38.933,0.000,0.000,0.000,0.000,0.000
1778954754,35.24,29.38,54.40,0,1,tinyml,,,,39.063,0.000,0.000,0.000,0.000,0.000
1778954759,35.22,29.40,54.50,0,1,tinyml,,,,39.063,0.000,0.000,0.000,0.000,0.000
1778954764,35.18,29.38,54.50,0,1,tinyml,,,,38.802,0.000,0.000,0.000,0.000,0.000
1778954769,35.17,29.40,54.50,0,1,tinyml,,,,39.194,0.000,0.000,0.000,0.000,0.000
1778954774,35.17,29.37,54.50,0,1,tinyml,,,,39.194,0.000,0.000,0.000,0.000,0.000
1778954779,35.17,29.40,54.50,0,1,tinyml,,,,38.933,0.000,0.000,0.000,0.000,0.000
1778954784,35.14,29.37,54.60,0,1,tinyml,,,,39.063,0.000,0.000,0.000,0.000,0.000
1778954789,35.11,29.38,54.60,0,1,tinyml,,,,38.671,0.000,0.000,0.000,0.000,0.000
1778954794,35.11,29.40,54.70,0,1,tinyml,,,,38.802,0.000,0.000,0.000,0.000,0.000
1778954799,35.08,29.34,54.70,0,1,tinyml,,,,38.933,0.000,0.000,0.000,0.000,0.000
1778954804,35.05,29.35,54.70,0,1,tinyml,,,,38.933,0.000,0.000,0.000,0.000,0.000
1778954809,35.05,29.34,54.70,0,1,tinyml,,,,39.063,0.000,0.000,0.000,0.000,0.000
1778954814,35.04,29.31,54.70,0,1,tinyml,,,,38.933,0.000,0.000,0.000,0.000,0.000
1778954819,35.04,29.31,54.80,0,1,tinyml,,,,38.933,0.000,0.000,0.000,0.000,0.000
1778954824,35.00,29.33,54.80,0,1,tinyml,,,,38.802,0.000,0.000,0.000,0.000,0.000
1778954829,35.01,29.33,54.80,0,1,tinyml,,,,38.933,0.000,0.000,0.000,0.000,0.000
1778954834,34.98,29.34,54.80,0,1,tinyml,,,,38.933,0.000,0.000,0.000,0.000,0.000
1778954839,34.98,29.33,54.80,0,1,tinyml,,,,38.933,0.000,0.000,0.000,0.000,0.000
1778954844,34.97,29.35,54.80,0,1,tinyml,,,,38.802,0.000,0.000,0.000,0.000,0.000
1778954849,34.94,29.34,54.80,0,1,tinyml,,,,38.933,0.000,0.000,0.000,0.000,0.000
1778954854,34.97,29.37,54.90,0,1,tinyml,,,,38.933,0.000,0.000,0.000,0.000,0.000
1778954859,34.95,29.35,54.90,0,1,tinyml,,,,38.671,0.000,0.000,0.000,0.000,0.000
1778954864,34.91,29.38,54.90,0,1,tinyml,,,,38.802,0.000,0.000,0.000,0.000,0.000
1778954869,34.92,29.38,54.90,0,1,tinyml,,,,38.802,0.000,0.000,0.000,0.000,0.000
1778954874,34.90,29.37,55.00,0,1,tinyml,,,,38.933,0.000,0.000,0.000,0.000,0.000
1778954879,34.87,29.37,55.00,0,1,tinyml,,,,38.540,0.000,0.000,0.000,0.000,0.000
1778954884,34.88,29.35,55.00,0,1,tinyml,,,,38.671,0.000,0.000,0.000,0.000,0.000
1778954889,34.86,29.34,55.00,0,1,tinyml,,,,38.671,0.000,0.000,0.000,0.000,0.000
1778954894,34.86,29.35,55.00,0,1,tinyml,,,,38.671,0.000,0.000,0.000,0.000,0.000
1778954899,34.83,29.37,55.10,0,1,tinyml,,,,38.409,0.000,0.000,0.000,0.000,0.000
1778954904,34.81,29.35,55.10,0,1,tinyml,,,,38.540,0.000,0.000,0.000,0.000,0.000
1778954909,34.81,29.35,55.10,0,1,tinyml,,,,38.671,0.000,0.000,0.000,0.000,0.000
1778954914,34.83,29.38,55.10,0,1,tinyml,,,,38.671,0.000,0.000,0.000,0.000,0.000
1778954919,34.81,29.37,55.10,0,1,tinyml,,,,38.671,0.000,0.000,0.000,0.000,0.000
1778954924,34.77,29.37,55.20,0,1,tinyml,,,,38.671,0.000,0.000,0.000,0.000,0.000
1778954929,34.77,29.40,55.20,0,1,tinyml,,,,38.540,0.000,0.000,0.000,0.000,0.000
1778954934,34.77,29.40,55.20,0,1,tinyml,,,,38.540,0.000,0.000,0.000,0.000,0.000
1778954939,34.76,29.40,55.20,0,1,tinyml,,,,38.540,0.000,0.000,0.000,0.000,0.000
1778954944,34.73,29.41,55.20,0,1,tinyml,,,,38.671,0.000,0.000,0.000,0.000,0.000
1778954949,34.71,29.41,55.20,0,1,tinyml,,,,38.671,0.000,0.000,0.000,0.000,0.000
1778954954,34.74,29.41,55.20,0,1,tinyml,,,,38.278,0.000,0.000,0.000,0.000,0.000
1778954959,34.73,29.37,55.30,0,1,tinyml,,,,38.278,0.000,0.000,0.000,0.000,0.000
1778954964,34.70,29.38,55.30,0,1,tinyml,,,,38.278,0.000,0.000,0.000,0.000,0.000
1778954969,34.68,29.40,55.30,0,1,tinyml,,,,38.278,0.000,0.000,0.000,0.000,0.000
1778954974,34.68,29.41,55.30,0,1,tinyml,,,,38.278,0.000,0.000,0.000,0.000,0.000
1778954979,34.68,29.38,55.30,0,1,tinyml,,,,38.147,0.000,0.000,0.000,0.000,0.000
1778954984,34.66,29.41,55.40,0,1,tinyml,,,,38.016,0.000,0.000,0.000,0.000,0.000
1778954989,34.64,29.44,55.30,0,1,tinyml,,,,38.016,0.000,0.000,0.000,0.000,0.000
1778954994,34.66,29.40,55.40,0,1,tinyml,,,,38.016,0.000,0.000,0.000,0.000,0.000
1778954999,34.63,29.40,55.30,0,1,tinyml,,,,38.147,0.000,0.000,0.000,0.000,0.000
1778955004,34.64,29.41,55.30,0,1,tinyml,,,,38.147,0.000,0.000,0.000,0.000,0.000
1778955009,34.60,29.40,55.40,8,1,tinyml,,,,37.754,0.000,0.000,0.000,0.000,0.000
1778955014,34.61,29.43,55.40,8,1,tinyml,,,,37.754,0.000,0.000,0.000,0.000,0.000
1778955019,34.60,29.43,55.40,8,1,tinyml,,,,37.754,0.000,0.000,0.000,0.000,0.000
1778955024,34.60,29.43,55.40,8,1,tinyml,,,,37.754,0.000,0.000,0.000,0.000,0.000
1778955029,34.59,29.40,55.50,8,1,tinyml,,,,37.754,0.000,0.000,0.000,0.000,0.000
1778955034,34.57,29.40,55.50,8,1,tinyml,,,,37.754,0.000,0.000,0.000,0.000,0.000
1778955039,34.56,29.38,55.50,18,1,tinyml,,,,37.493,0.000,0.000,0.000,0.000,0.000
1778955044,34.54,29.40,55.50,27,1,tinyml,,,,37.231,0.000,0.000,0.000,0.000,0.000
1778955049,34.56,29.38,55.50,8,1,tinyml,,,,37.754,0.000,0.000,0.000,0.000,0.000
1778955054,34.54,29.37,55.60,18,1,tinyml,,,,37.493,0.000,0.000,0.000,0.000,0.000
1778955059,34.53,29.35,55.60,18,1,tinyml,,,,37.493,0.000,0.000,0.000,0.000,0.000
1778955064,34.54,29.35,55.50,18,1,tinyml,,,,37.493,0.000,0.000,0.000,0.000,0.000
1778955069,34.53,29.37,55.50,32,1,tinyml,,,,37.100,0.000,0.000,0.000,0.000,0.000
1778955074,34.54,29.34,55.50,32,1,tinyml,,,,37.100,0.000,0.000,0.000,0.000,0.000
1778955079,34.53,29.37,55.50,37,1,tinyml,,,,36.969,0.000,0.000,0.000,0.000,0.000
1778955084,34.54,29.35,55.50,32,1,tinyml,,,,37.100,0.000,0.000,0.000,0.000,0.000
1778955089,34.50,29.38,55.50,51,1,tinyml,,,,36.576,0.000,0.000,0.000,0.000,0.000
1778955094,34.57,29.38,55.50,41,1,tinyml,,,,36.838,0.000,0.000,0.000,0.000,0.000
1778955099,34.59,29.38,55.50,55,1,tinyml,,,,36.446,0.000,0.000,0.000,0.000,0.000
1778955104,34.63,29.38,55.40,41,1,tinyml,,,,36.838,0.000,0.000,0.000,0.000,0.000
1778955109,34.64,29.35,55.30,46,1,tinyml,,,,36.707,0.000,0.000,0.000,0.000,0.000
1778955114,34.70,29.37,55.20,51,1,tinyml,,,,36.576,0.000,0.000,0.000,0.000,0.000
1778955119,34.79,29.37,55.20,46,1,tinyml,,,,36.707,0.000,0.000,0.000,0.000,0.000
1778955124,34.86,29.37,55.00,41,1,tinyml,,,,36.838,0.000,0.000,0.000,0.000,0.000
1778955129,34.92,29.34,54.90,65,1,tinyml,,,,36.184,0.000,0.000,0.000,0.000,0.000
1778955134,35.02,29.37,54.70,46,1,tinyml,,,,36.707,0.000,0.000,0.000,0.000,0.000
1778955139,35.11,29.37,54.60,70,1,tinyml,,,,36.053,0.000,0.000,0.000,0.000,0.000
1778955144,35.25,29.37,54.40,55,1,tinyml,,,,36.446,0.000,0.000,0.000,0.000,0.000
1778955149,35.38,29.37,54.20,55,1,tinyml,,,,36.446,0.000,0.000,0.000,0.000,0.000
1778955154,35.50,29.37,54.00,65,1,tinyml,,,,36.184,0.000,0.000,0.000,0.000,0.000
1778955159,35.66,29.35,53.70,55,1,tinyml,,,,36.446,0.000,0.000,0.000,0.000,0.000
1778955164,35.80,29.38,53.40,46,1,tinyml,,,,36.707,0.000,0.000,0.000,0.000,0.000
1778955169,35.93,29.35,53.20,60,1,tinyml,,,,36.315,0.000,0.000,0.000,0.000,0.000
1778955174,36.10,29.37,53.00,55,1,tinyml,,,,36.446,0.000,0.000,0.000,0.000,0.000
1778955179,36.21,29.35,52.60,65,1,tinyml,,,,36.184,0.000,0.000,0.000,0.000,0.000
1778955184,36.38,29.37,52.40,51,1,tinyml,,,,36.576,0.000,0.000,0.000,0.000,0.000
1778955189,36.53,29.35,52.00,46,1,tinyml,,,,36.707,0.000,0.000,0.000,0.000,0.000
1778955194,36.71,29.37,51.80,51,1,tinyml,,,,36.576,0.000,0.000,0.000,0.000,0.000
1778955199,36.86,29.38,51.50,55,1,tinyml,,,,36.446,0.000,0.000,0.000,0.000,0.000
1778955204,37.03,29.38,51.20,46,1,tinyml,,,,36.707,0.000,0.000,0.000,0.000,0.000
1778955209,37.16,29.40,51.00,60,1,tinyml,,,,36.315,0.000,0.000,0.000,0.000,0.000
1778955214,37.28,29.40,50.70,37,1,tinyml,,,,36.969,0.000,0.000,0.000,0.000,0.000
1778955219,37.45,29.40,50.50,41,1,tinyml,,,,36.838,0.000,0.000,0.000,0.000,0.000
1778955224,37.61,29.38,50.20,32,1,tinyml,,,,37.100,0.000,0.000,0.000,0.000,0.000
1778955229,37.76,29.40,49.90,41,1,tinyml,,,,36.838,0.000,0.000,0.000,0.000,0.000
1778955234,37.88,29.38,49.70,32,1,tinyml,,,,37.100,0.000,0.000,0.000,0.000,0.000
1778955239,38.02,29.40,49.50,37,1,tinyml,,,,36.969,0.000,0.000,0.000,0.000,0.000
1778955244,38.08,29.38,49.30,22,1,tinyml,,,,37.362,0.000,0.000,0.000,0.000,0.000
1778955249,38.20,29.40,49.10,27,1,tinyml,,,,37.231,0.000,0.000,0.000,0.000,0.000
1778955254,38.30,29.34,48.90,18,1,tinyml,,,,37.493,0.000,0.000,0.000,0.000,0.000
1778955259,38.34,29.34,48.80,22,1,tinyml,,,,37.362,0.000,0.000,0.000,0.000,0.000
1778955264,38.37,29.35,48.70,8,1,tinyml,,,,37.754,0.000,0.000,0.000,0.000,0.000
1778955269,38.43,29.37,48.60,8,1,tinyml,,,,37.754,0.000,0.000,0.000,0.000,0.000
1778955274,38.47,29.35,48.60,13,1,tinyml,,,,37.624,0.000,0.000,0.000,0.000,0.000
1778955279,38.48,29.37,48.50,18,1,tinyml,,,,37.493,0.000,0.000,0.000,0.000,0.000
1778955284,38.48,29.35,48.50,4,1,tinyml,,,,37.885,0.000,0.000,0.000,0.000,0.000
1778955289,38.48,29.38,48.50,18,1,tinyml,,,,37.493,0.000,0.000,0.000,0.000,0.000
1778955294,38.46,29.38,48.50,0,1,tinyml,,,,38.016,0.000,0.000,0.000,0.000,0.000
1778955299,38.43,29.34,48.50,8,1,tinyml,,,,37.754,0.000,0.000,0.000,0.000,0.000
1778955304,38.40,29.37,48.60,4,1,tinyml,,,,37.885,0.000,0.000,0.000,0.000,0.000
1778955309,38.37,29.38,48.70,13,1,tinyml,,,,37.624,0.000,0.000,0.000,0.000,0.000
1778955314,38.33,29.38,48.80,0,1,tinyml,,,,38.278,0.000,0.000,0.000,0.000,0.000
1778955319,38.27,29.37,48.80,13,1,tinyml,,,,37.624,0.000,0.000,0.000,0.000,0.000
1778955324,38.21,29.35,49.00,0,1,tinyml,,,,38.409,0.000,0.000,0.000,0.000,0.000
1778955329,38.15,29.34,49.00,4,1,tinyml,,,,37.885,0.000,0.000,0.000,0.000,0.000
1778955334,38.10,29.37,49.20,0,1,tinyml,,,,38.278,0.000,0.000,0.000,0.000,0.000
1778955339,38.02,29.35,49.20,0,1,tinyml,,,,38.016,0.000,0.000,0.000,0.000,0.000
1778955344,37.96,29.35,49.30,0,1,tinyml,,,,38.147,0.000,0.000,0.000,0.000,0.000
1778955349,37.89,29.33,49.50,0,1,tinyml,,,,38.147,0.000,0.000,0.000,0.000,0.000
1778955354,37.81,29.34,49.60,0,1,tinyml,,,,38.278,0.000,0.000,0.000,0.000,0.000
1778955359,37.78,29.33,49.80,0,1,tinyml,,,,38.278,0.000,0.000,0.000,0.000,0.000
1778955364,37.69,29.34,49.80,0,1,tinyml,,,,38.409,0.000,0.000,0.000,0.000,0.000
1778955369,37.62,29.33,50.00,0,1,tinyml,,,,38.409,0.000,0.000,0.000,0.000,0.000
1778955374,37.55,29.34,50.20,0,1,tinyml,,,,38.540,0.000,0.000,0.000,0.000,0.000
1778955379,37.49,29.34,50.20,0,1,tinyml,,,,38.409,0.000,0.000,0.000,0.000,0.000
1778955384,37.41,29.33,50.40,0,1,tinyml,,,,38.540,0.000,0.000,0.000,0.000,0.000
1778955389,37.34,29.33,50.50,0,1,tinyml,,,,38.540,0.000,0.000,0.000,0.000,0.000
1778955394,37.27,29.37,50.60,0,1,tinyml,,,,38.540,0.000,0.000,0.000,0.000,0.000
1778955399,37.21,29.33,50.80,0,1,tinyml,,,,38.540,0.000,0.000,0.000,0.000,0.000
1778955404,37.13,29.34,50.90,0,1,tinyml,,,,38.671,0.000,0.000,0.000,0.000,0.000
1778955409,37.09,29.34,51.00,0,1,tinyml,,,,38.671,0.000,0.000,0.000,0.000,0.000
1778955414,37.04,29.33,51.10,0,1,tinyml,,,,38.802,0.000,0.000,0.000,0.000,0.000
1778955419,36.97,29.35,51.20,0,1,tinyml,,,,38.802,0.000,0.000,0.000,0.000,0.000
1778955424,36.92,29.34,51.30,0,1,tinyml,,,,39.063,0.000,0.000,0.000,0.000,0.000
1778955429,36.87,29.35,51.40,0,1,tinyml,,,,38.671,0.000,0.000,0.000,0.000,0.000
1778955434,36.78,29.34,51.50,0,1,tinyml,,,,38.802,0.000,0.000,0.000,0.000,0.000
1778955439,36.75,29.33,51.60,0,1,tinyml,,,,38.802,0.000,0.000,0.000,0.000,0.000
1778955444,36.68,29.33,51.70,0,1,tinyml,,,,39.063,0.000,0.000,0.000,0.000,0.000
1778955449,36.63,29.33,51.80,0,1,tinyml,,,,39.063,0.000,0.000,0.000,0.000,0.000
1778955454,36.59,29.35,51.90,0,1,tinyml,,,,38.802,0.000,0.000,0.000,0.000,0.000
1778955459,36.53,29.33,52.00,0,1,tinyml,,,,38.802,0.000,0.000,0.000,0.000,0.000
1778955464,36.48,29.33,52.10,0,1,tinyml,,,,39.194,0.000,0.000,0.000,0.000,0.000
1778955469,36.44,29.33,52.20,0,1,tinyml,,,,39.194,0.000,0.000,0.000,0.000,0.000
1778955474,36.39,29.31,52.20,0,1,tinyml,,,,38.933,0.000,0.000,0.000,0.000,0.000
1778955479,36.35,29.33,52.30,0,1,tinyml,,,,38.933,0.000,0.000,0.000,0.000,0.000
1778955484,36.29,29.30,52.40,0,1,tinyml,,,,38.802,0.000,0.000,0.000,0.000,0.000
1778955489,36.28,29.29,52.50,0,1,tinyml,,,,38.671,0.000,0.000,0.000,0.000,0.000
1778955494,36.21,29.29,52.60,0,1,tinyml,,,,38.933,0.000,0.000,0.000,0.000,0.000
1778955499,36.21,29.29,52.70,0,1,tinyml,,,,38.802,0.000,0.000,0.000,0.000,0.000
1778955504,36.16,29.30,52.70,0,1,tinyml,,,,38.540,0.000,0.000,0.000,0.000,0.000
1778955509,36.10,29.27,52.80,0,1,tinyml,,,,38.540,0.000,0.000,0.000,0.000,0.000
1778955514,36.08,29.29,52.90,0,1,tinyml,,,,38.671,0.000,0.000,0.000,0.000,0.000
1778955519,36.04,29.29,52.90,0,1,tinyml,,,,38.409,0.000,0.000,0.000,0.000,0.000
1778955524,36.02,29.29,53.00,0,1,tinyml,,,,38.540,0.000,0.000,0.000,0.000,0.000
1778955529,35.98,29.31,53.10,0,1,tinyml,,,,38.671,0.000,0.000,0.000,0.000,0.000
1778955534,35.94,29.33,53.10,0,1,tinyml,,,,38.409,0.000,0.000,0.000,0.000,0.000
1778955539,35.91,29.31,53.20,0,1,tinyml,,,,38.671,0.000,0.000,0.000,0.000,0.000
1778955544,35.89,29.31,53.20,0,1,tinyml,,,,38.278,0.000,0.000,0.000,0.000,0.000
1778955549,35.86,29.33,53.30,0,1,tinyml,,,,38.409,0.000,0.000,0.000,0.000,0.000
1778955554,35.84,29.31,53.30,0,1,tinyml,,,,38.409,0.000,0.000,0.000,0.000,0.000
1778955559,35.82,29.31,53.40,0,1,tinyml,,,,38.278,0.000,0.000,0.000,0.000,0.000
1778955564,35.77,29.30,53.50,0,1,tinyml,,,,38.671,0.000,0.000,0.000,0.000,0.000
1778955569,35.74,29.29,53.50,0,1,tinyml,,,,38.409,0.000,0.000,0.000,0.000,0.000
1778955574,35.74,29.30,53.60,0,1,tinyml,,,,38.540,0.000,0.000,0.000,0.000,0.000
1778955579,35.70,29.33,53.60,0,1,tinyml,,,,38.802,0.000,0.000,0.000,0.000,0.000
1778955584,35.67,29.30,53.60,0,1,tinyml,,,,38.671,0.000,0.000,0.000,0.000,0.000
1778955589,35.67,29.33,53.70,0,1,tinyml,,,,38.802,0.000,0.000,0.000,0.000,0.000
1778955594,35.65,29.31,53.70,0,1,tinyml,,,,38.540,0.000,0.000,0.000,0.000,0.000
1778955599,35.59,29.31,53.70,0,1,tinyml,,,,38.802,0.000,0.000,0.000,0.000,0.000
1778955604,35.57,29.33,53.80,0,1,tinyml,,,,38.671,0.000,0.000,0.000,0.000,0.000
1778955609,35.59,29.31,53.80,0,1,tinyml,,,,38.802,0.000,0.000,0.000,0.000,0.000
1778955614,35.56,29.33,53.80,0,1,tinyml,,,,39.063,0.000,0.000,0.000,0.000,0.000
1778955619,35.49,29.34,53.90,0,1,tinyml,,,,39.194,0.000,0.000,0.000,0.000,0.000
1778955624,35.50,29.31,53.90,0,1,tinyml,,,,38.933,0.000,0.000,0.000,0.000,0.000
1778955629,35.47,29.34,54.00,0,1,tinyml,,,,39.063,0.000,0.000,0.000,0.000,0.000
1778955634,35.43,29.34,54.00,0,1,tinyml,,,,39.063,0.000,0.000,0.000,0.000,0.000
1778955639,35.42,29.35,54.10,0,1,tinyml,,,,39.194,0.000,0.000,0.000,0.000,0.000
1778955644,35.41,29.34,54.10,0,1,tinyml,,,,39.194,0.000,0.000,0.000,0.000,0.000
1778955649,35.39,29.37,54.10,0,1,tinyml,,,,39.063,0.000,0.000,0.000,0.000,0.000
1778955654,35.38,29.34,54.20,0,1,tinyml,,,,39.063,0.000,0.000,0.000,0.000,0.000
1778955659,35.36,29.35,54.20,0,1,tinyml,,,,38.933,0.000,0.000,0.000,0.000,0.000
1778955664,35.34,29.30,54.20,0,1,tinyml,,,,39.194,0.000,0.000,0.000,0.000,0.000
1778955669,35.31,29.33,54.20,0,1,tinyml,,,,39.325,0.000,0.000,0.000,0.000,0.000
1778955674,35.32,29.35,54.20,0,1,tinyml,,,,38.933,0.000,0.000,0.000,0.000,0.000
1778955679,35.31,29.31,54.30,0,1,tinyml,,,,39.325,0.000,0.000,0.000,0.000,0.000
1778955684,35.27,29.30,54.30,0,1,tinyml,,,,38.933,0.000,0.000,0.000,0.000,0.000
1778955689,35.27,29.29,54.30,0,1,tinyml,,,,38.933,0.000,0.000,0.000,0.000,0.000
1778955694,35.27,29.27,54.30,0,1,tinyml,,,,39.063,0.000,0.000,0.000,0.000,0.000
1778955699,35.22,29.27,54.40,0,1,tinyml,,,,38.802,0.000,0.000,0.000,0.000,0.000
1778955704,35.19,29.26,54.40,0,1,tinyml,,,,39.194,0.000,0.000,0.000,0.000,0.000
1778955709,35.19,29.27,54.40,0,1,tinyml,,,,39.194,0.000,0.000,0.000,0.000,0.000
1778955714,35.19,29.26,54.50,0,1,tinyml,,,,38.933,0.000,0.000,0.000,0.000,0.000
1778955719,35.15,29.27,54.50,0,1,tinyml,,,,39.063,0.000,0.000,0.000,0.000,0.000
1778955724,35.14,29.24,54.50,0,1,tinyml,,,,39.063,0.000,0.000,0.000,0.000,0.000
1778955729,35.14,29.29,54.50,0,1,tinyml,,,,38.933,0.000,0.000,0.000,0.000,0.000
1778955734,35.12,29.26,54.50,0,1,tinyml,,,,39.194,0.000,0.000,0.000,0.000,0.000
1778955739,35.09,29.27,54.60,0,1,tinyml,,,,39.194,0.000,0.000,0.000,0.000,0.000
1778955744,35.08,29.27,54.60,0,1,tinyml,,,,38.933,0.000,0.000,0.000,0.000,0.000
1778955749,35.07,29.27,54.60,0,1,tinyml,,,,38.933,0.000,0.000,0.000,0.000,0.000
1778955754,35.05,29.26,54.70,0,1,tinyml,,,,38.933,0.000,0.000,0.000,0.000,0.000
1778955759,35.05,29.29,54.70,0,1,tinyml,,,,38.802,0.000,0.000,0.000,0.000,0.000
1778955764,35.04,29.27,54.70,0,1,tinyml,,,,38.802,0.000,0.000,0.000,0.000,0.000
1778955769,35.01,29.29,54.70,0,1,tinyml,,,,38.933,0.000,0.000,0.000,0.000,0.000
1778955774,35.02,29.30,54.70,0,1,tinyml,,,,39.194,0.000,0.000,0.000,0.000,0.000
1778955779,34.98,29.31,54.70,0,1,tinyml,,,,38.933,0.000,0.000,0.000,0.000,0.000
1778955784,34.98,29.31,54.80,0,1,tinyml,,,,38.933,0.000,0.000,0.000,0.000,0.000
1778955789,34.97,29.33,54.80,0,1,tinyml,,,,38.933,0.000,0.000,0.000,0.000,0.000
1778955794,34.97,29.33,54.80,0,1,tinyml,,,,39.194,0.000,0.000,0.000,0.000,0.000
1778955799,34.94,29.34,54.90,0,1,tinyml,,,,38.802,0.000,0.000,0.000,0.000,0.000
1778955804,34.91,29.31,54.90,0,1,tinyml,,,,38.933,0.000,0.000,0.000,0.000,0.000
1778955809,34.92,29.29,54.80,0,1,tinyml,,,,38.933,0.000,0.000,0.000,0.000,0.000
1778955814,34.91,29.29,54.90,0,1,tinyml,,,,38.933,0.000,0.000,0.000,0.000,0.000
1778955819,34.91,29.30,54.90,0,1,tinyml,,,,38.933,0.000,0.000,0.000,0.000,0.000
1778955824,34.90,29.30,54.90,0,1,tinyml,,,,38.540,0.000,0.000,0.000,0.000,0.000
1778955829,34.88,29.30,54.90,0,1,tinyml,,,,38.540,0.000,0.000,0.000,0.000,0.000
1778955834,34.86,29.33,55.00,0,1,tinyml,,,,38.802,0.000,0.000,0.000,0.000,0.000
1778955839,34.86,29.30,55.00,0,1,tinyml,,,,38.802,0.000,0.000,0.000,0.000,0.000
1778955844,34.86,29.31,55.00,0,1,tinyml,,,,38.671,0.000,0.000,0.000,0.000,0.000
1778955849,34.83,29.33,55.00,0,1,tinyml,,,,38.540,0.000,0.000,0.000,0.000,0.000
1778955854,34.83,29.33,55.00,0,1,tinyml,,,,38.671,0.000,0.000,0.000,0.000,0.000
1778955859,34.81,29.30,55.00,0,1,tinyml,,,,38.540,0.000,0.000,0.000,0.000,0.000
1778955864,34.80,29.29,55.00,0,1,tinyml,,,,38.802,0.000,0.000,0.000,0.000,0.000
1778955869,34.77,29.30,55.00,0,1,tinyml,,,,38.540,0.000,0.000,0.000,0.000,0.000
1778955874,34.77,29.29,55.10,0,1,tinyml,,,,38.540,0.000,0.000,0.000,0.000,0.000
1778955879,34.80,29.31,55.10,0,1,tinyml,,,,38.540,0.000,0.000,0.000,0.000,0.000
1778955884,34.77,29.30,55.10,0,1,tinyml,,,,38.540,0.000,0.000,0.000,0.000,0.000
1778955889,34.76,29.29,55.10,0,1,tinyml,,,,38.540,0.000,0.000,0.000,0.000,0.000
1778955894,34.76,29.30,55.20,0,1,tinyml,,,,38.671,0.000,0.000,0.000,0.000,0.000
1778955899,34.73,29.30,55.10,0,1,tinyml,,,,38.278,0.000,0.000,0.000,0.000,0.000
1778955904,34.74,29.31,55.20,0,1,tinyml,,,,38.278,0.000,0.000,0.000,0.000,0.000
1778955909,34.71,29.31,55.20,0,1,tinyml,,,,38.278,0.000,0.000,0.000,0.000,0.000
1778955914,34.71,29.29,55.20,0,1,tinyml,,,,38.409,0.000,0.000,0.000,0.000,0.000
1778955919,34.67,29.30,55.20,0,1,tinyml,,,,38.278,0.000,0.000,0.000,0.000,0.000
1778955924,34.68,29.30,55.20,0,1,tinyml,,,,38.016,0.000,0.000,0.000,0.000,0.000
1778955929,34.67,29.31,55.30,0,1,tinyml,,,,38.016,0.000,0.000,0.000,0.000,0.000
1778955934,34.66,29.30,55.20,0,1,tinyml,,,,38.016,0.000,0.000,0.000,0.000,0.000
1778955939,34.67,29.31,55.30,0,1,tinyml,,,,38.016,0.000,0.000,0.000,0.000,0.000
1778955944,34.64,29.34,55.30,0,1,tinyml,,,,38.147,0.000,0.000,0.000,0.000,0.000
1778955949,34.63,29.31,55.30,8,1,tinyml,,,,37.754,0.000,0.000,0.000,0.000,0.000
1778955954,34.63,29.30,55.30,8,1,tinyml,,,,37.754,0.000,0.000,0.000,0.000,0.000
1778955959,34.60,29.31,55.30,8,1,tinyml,,,,37.754,0.000,0.000,0.000,0.000,0.000
1778955964,34.61,29.29,55.40,8,1,tinyml,,,,37.754,0.000,0.000,0.000,0.000,0.000
1778955969,34.63,29.27,55.30,18,1,tinyml,,,,37.493,0.000,0.000,0.000,0.000,0.000
1778955974,34.61,29.29,55.40,4,1,tinyml,,,,37.885,0.000,0.000,0.000,0.000,0.000
1778955979,34.57,29.26,55.40,8,1,tinyml,,,,37.754,0.000,0.000,0.000,0.000,0.000
1778955984,34.60,29.23,55.40,0,1,tinyml,,,,38.016,0.000,0.000,0.000,0.000,0.000
1778955989,34.57,29.26,55.40,18,1,tinyml,,,,37.493,0.000,0.000,0.000,0.000,0.000
1778955994,34.57,29.26,55.40,22,1,tinyml,,,,37.362,0.000,0.000,0.000,0.000,0.000
1778955999,34.59,29.23,55.50,27,1,tinyml,,,,37.231,0.000,0.000,0.000,0.000,0.000
1778956004,34.54,29.23,55.40,18,1,tinyml,,,,37.493,0.000,0.000,0.000,0.000,0.000
1778956009,34.54,29.22,55.40,27,1,tinyml,,,,37.231,0.000,0.000,0.000,0.000,0.000
1778956014,34.57,29.23,55.50,27,1,tinyml,,,,37.231,0.000,0.000,0.000,0.000,0.000
1778956019,34.56,29.26,55.40,37,1,tinyml,,,,36.969,0.000,0.000,0.000,0.000,0.000
1778956024,34.56,29.24,55.40,32,1,tinyml,,,,37.100,0.000,0.000,0.000,0.000,0.000
1778956029,34.57,29.24,55.40,46,1,tinyml,,,,36.707,0.000,0.000,0.000,0.000,0.000
1778956034,34.56,29.26,55.40,41,1,tinyml,,,,36.838,0.000,0.000,0.000,0.000,0.000
1778956039,34.60,29.23,55.40,55,1,tinyml,,,,36.446,0.000,0.000,0.000,0.000,0.000
1778956044,34.61,29.26,55.30,46,1,tinyml,,,,36.707,0.000,0.000,0.000,0.000,0.000
1778956049,34.68,29.26,55.20,51,1,tinyml,,,,36.576,0.000,0.000,0.000,0.000,0.000
1778956054,34.74,29.26,55.20,41,1,tinyml,,,,36.838,0.000,0.000,0.000,0.000,0.000
1778956059,34.79,29.26,55.10,41,1,tinyml,,,,36.838,0.000,0.000,0.000,0.000,0.000
1778956064,34.86,29.26,54.90,41,1,tinyml,,,,36.838,0.000,0.000,0.000,0.000,0.000
1778956069,34.94,29.26,54.80,55,1,tinyml,,,,36.446,0.000,0.000,0.000,0.000,0.000
1778956074,35.04,29.27,54.70,51,1,tinyml,,,,36.576,0.000,0.000,0.000,0.000,0.000
1778956079,35.12,29.27,54.50,46,1,tinyml,,,,36.707,0.000,0.000,0.000,0.000,0.000
1778956084,35.21,29.27,54.30,51,1,tinyml,,,,36.576,0.000,0.000,0.000,0.000,0.000
1778956089,35.35,29.27,54.10,55,1,tinyml,,,,36.446,0.000,0.000,0.000,0.000,0.000
1778956094,35.46,29.26,53.90,46,1,tinyml,,,,36.707,0.000,0.000,0.000,0.000,0.000
1778956099,35.57,29.27,53.70,55,1,tinyml,,,,36.446,0.000,0.000,0.000,0.000,0.000
1778956104,35.72,29.26,53.50,46,1,tinyml,,,,36.707,0.000,0.000,0.000,0.000,0.000
1778956109,35.83,29.27,53.20,55,1,tinyml,,,,36.446,0.000,0.000,0.000,0.000,0.000
1778956114,35.94,29.24,53.00,60,1,tinyml,,,,36.315,0.000,0.000,0.000,0.000,0.000
1778956119,36.08,29.27,52.80,55,1,tinyml,,,,36.446,0.000,0.000,0.000,0.000,0.000
1778956124,36.20,29.24,52.50,65,1,tinyml,,,,36.184,0.000,0.000,0.000,0.000,0.000
1778956129,36.38,29.26,52.20,65,1,tinyml,,,,36.184,0.000,0.000,0.000,0.000,0.000
1778956134,36.51,29.23,51.90,41,1,tinyml,,,,36.838,0.000,0.000,0.000,0.000,0.000
1778956139,36.65,29.24,51.70,55,1,tinyml,,,,36.446,0.000,0.000,0.000,0.000,0.000
1778956144,36.78,29.23,51.50,51,1,tinyml,,,,36.576,0.000,0.000,0.000,0.000,0.000
1778956149,36.94,29.23,51.20,51,1,tinyml,,,,36.576,0.000,0.000,0.000,0.000,0.000
1778956154,37.10,29.23,50.90,46,1,tinyml,,,,36.707,0.000,0.000,0.000,0.000,0.000
1778956159,37.27,29.22,50.70,55,1,tinyml,,,,36.446,0.000,0.000,0.000,0.000,0.000
1778956164,37.39,29.22,50.40,32,1,tinyml,,,,37.100,0.000,0.000,0.000,0.000,0.000
1778956169,37.51,29.20,50.20,32,1,tinyml,,,,37.100,0.000,0.000,0.000,0.000,0.000
1778956174,37.64,29.22,50.00,37,1,tinyml,,,,36.969,0.000,0.000,0.000,0.000,0.000
1778956179,37.78,29.20,49.80,37,1,tinyml,,,,36.969,0.000,0.000,0.000,0.000,0.000
1778956184,37.90,29.20,49.60,27,1,tinyml,,,,37.231,0.000,0.000,0.000,0.000,0.000
1778956189,37.96,29.20,49.30,27,1,tinyml,,,,37.231,0.000,0.000,0.000,0.000,0.000
1778956194,38.08,29.23,49.20,18,1,tinyml,,,,37.493,0.000,0.000,0.000,0.000,0.000
1778956199,38.16,29.22,49.10,27,1,tinyml,,,,37.231,0.000,0.000,0.000,0.000,0.000
1778956204,38.20,29.20,49.00,18,1,tinyml,,,,37.493,0.000,0.000,0.000,0.000,0.000
1778956209,38.24,29.20,48.90,22,1,tinyml,,,,37.362,0.000,0.000,0.000,0.000,0.000
1778956214,38.27,29.20,48.90,4,1,tinyml,,,,37.885,0.000,0.000,0.000,0.000,0.000
1778956219,38.30,29.22,48.80,18,1,tinyml,,,,37.493,0.000,0.000,0.000,0.000,0.000
1778956224,38.31,29.19,48.70,13,1,tinyml,,,,37.624,0.000,0.000,0.000,0.000,0.000
1778956229,38.33,29.19,48.70,13,1,tinyml,,,,37.624,0.000,0.000,0.000,0.000,0.000
1778956234,38.30,29.22,48.70,4,1,tinyml,,,,37.885,0.000,0.000,0.000,0.000,0.000
1778956239,38.31,29.22,48.70,13,1,tinyml,,,,37.624,0.000,0.000,0.000,0.000,0.000
1778956244,38.29,29.24,48.80,8,1,tinyml,,,,37.754,0.000,0.000,0.000,0.000,0.000
1778956249,38.26,29.22,48.80,8,1,tinyml,,,,37.754,0.000,0.000,0.000,0.000,0.000
1778956254,38.20,29.24,48.80,8,1,tinyml,,,,37.754,0.000,0.000,0.000,0.000,0.000
1778956259,38.16,29.26,48.90,8,1,tinyml,,,,37.754,0.000,0.000,0.000,0.000,0.000
1778956264,38.12,29.22,49.00,4,1,tinyml,,,,37.885,0.000,0.000,0.000,0.000,0.000
1778956269,38.05,29.26,49.20,13,1,tinyml,,,,37.624,0.000,0.000,0.000,0.000,0.000
1778956274,38.00,29.26,49.20,4,1,tinyml,,,,37.885,0.000,0.000,0.000,0.000,0.000
1778956279,37.93,29.26,49.30,4,1,tinyml,,,,37.885,0.000,0.000,0.000,0.000,0.000
1778956284,37.88,29.27,49.40,0,1,tinyml,,,,38.147,0.000,0.000,0.000,0.000,0.000
1778956289,37.83,29.24,49.50,4,1,tinyml,,,,37.885,0.000,0.000,0.000,0.000,0.000
1778956294,37.75,29.26,49.60,0,1,tinyml,,,,38.016,0.000,0.000,0.000,0.000,0.000
1778956299,37.68,29.24,49.80,4,1,tinyml,,,,37.885,0.000,0.000,0.000,0.000,0.000
1778956304,37.62,29.26,49.80,0,1,tinyml,,,,38.278,0.000,0.000,0.000,0.000,0.000
1778956309,37.57,29.30,49.90,0,1,tinyml,,,,38.278,0.000,0.000,0.000,0.000,0.000
1778956314,37.54,29.26,50.10,0,1,tinyml,,,,38.409,0.000,0.000,0.000,0.000,0.000
1778956319,37.45,29.24,50.20,0,1,tinyml,,,,38.409,0.000,0.000,0.000,0.000,0.000
1778956324,37.41,29.23,50.30,0,1,tinyml,,,,38.671,0.000,0.000,0.000,0.000,0.000
1778956329,37.35,29.26,50.40,0,1,tinyml,,,,38.409,0.000,0.000,0.000,0.000,0.000
1778956334,37.26,29.29,50.50,0,1,tinyml,,,,38.540,0.000,0.000,0.000,0.000,0.000
1778956339,37.23,29.27,50.60,0,1,tinyml,,,,38.278,0.000,0.000,0.000,0.000,0.000
1778956344,37.16,29.29,50.70,0,1,tinyml,,,,38.540,0.000,0.000,0.000,0.000,0.000
1778956349,37.10,29.30,50.80,0,1,tinyml,,,,38.540,0.000,0.000,0.000,0.000,0.000
1778956354,37.04,29.30,51.00,0,1,tinyml,,,,38.671,0.000,0.000,0.000,0.000,0.000
1778956359,36.96,29.30,51.10,0,1,tinyml,,,,38.671,0.000,0.000,0.000,0.000,0.000
1778956364,36.93,29.30,51.20,0,1,tinyml,,,,38.671,0.000,0.000,0.000,0.000,0.000
1778956369,36.89,29.26,51.20,0,1,tinyml,,,,38.802,0.000,0.000,0.000,0.000,0.000
1778956374,36.80,29.30,51.40,0,1,tinyml,,,,38.802,0.000,0.000,0.000,0.000,0.000
1778956379,36.76,29.27,51.50,0,1,tinyml,,,,38.802,0.000,0.000,0.000,0.000,0.000
1778956384,36.73,29.29,51.60,0,1,tinyml,,,,39.063,0.000,0.000,0.000,0.000,0.000
1778956389,36.66,29.29,51.70,0,1,tinyml,,,,39.063,0.000,0.000,0.000,0.000,0.000
1778956394,36.62,29.30,51.70,0,1,tinyml,,,,38.802,0.000,0.000,0.000,0.000,0.000
1778956399,36.57,29.31,51.80,0,1,tinyml,,,,38.802,0.000,0.000,0.000,0.000,0.000
1778956404,36.51,29.29,51.90,0,1,tinyml,,,,38.933,0.000,0.000,0.000,0.000,0.000
1778956409,36.45,29.29,52.00,0,1,tinyml,,,,38.933,0.000,0.000,0.000,0.000,0.000
1778956414,36.42,29.30,52.10,0,1,tinyml,,,,38.802,0.000,0.000,0.000,0.000,0.000
1778956419,36.38,29.30,52.20,0,1,tinyml,,,,38.802,0.000,0.000,0.000,0.000,0.000
1778956424,36.34,29.29,52.20,0,1,tinyml,,,,38.802,0.000,0.000,0.000,0.000,0.000
1778956429,36.29,29.26,52.30,0,1,tinyml,,,,38.933,0.000,0.000,0.000,0.000,0.000
1778956434,36.27,29.24,52.40,0,1,tinyml,,,,38.933,0.000,0.000,0.000,0.000,0.000
1778956439,36.23,29.23,52.50,0,1,tinyml,,,,39.063,0.000,0.000,0.000,0.000,0.000
1778956444,36.17,29.23,52.60,0,1,tinyml,,,,38.409,0.000,0.000,0.000,0.000,0.000
1778956449,36.12,29.23,52.70,0,1,tinyml,,,,38.802,0.000,0.000,0.000,0.000,0.000
1778956454,36.10,29.20,52.80,0,1,tinyml,,,,38.671,0.000,0.000,0.000,0.000,0.000
1778956459,36.05,29.23,52.80,0,1,tinyml,,,,38.540,0.000,0.000,0.000,0.000,0.000
1778956464,36.01,29.20,52.90,0,1,tinyml,,,,38.409,0.000,0.000,0.000,0.000,0.000
1778956469,36.00,29.20,52.90,0,1,tinyml,,,,38.540,0.000,0.000,0.000,0.000,0.000
1778956474,35.97,29.19,53.00,0,1,tinyml,,,,38.409,0.000,0.000,0.000,0.000,0.000
1778956479,35.93,29.19,53.10,0,1,tinyml,,,,38.671,0.000,0.000,0.000,0.000,0.000
1778956484,35.91,29.20,53.10,0,1,tinyml,,,,38.409,0.000,0.000,0.000,0.000,0.000
1778956489,35.86,29.17,53.20,0,1,tinyml,,,,38.278,0.000,0.000,0.000,0.000,0.000
1778956494,35.83,29.17,53.20,0,1,tinyml,,,,38.671,0.000,0.000,0.000,0.000,0.000
1778956499,35.82,29.22,53.20,0,1,tinyml,,,,38.409,0.000,0.000,0.000,0.000,0.000
1778956504,35.77,29.17,53.30,0,1,tinyml,,,,38.540,0.000,0.000,0.000,0.000,0.000
1778956508,35.77,29.16,53.40,0,1,tinyml,,,,38.802,0.000,0.000,0.000,0.000,0.000
1778956513,35.73,29.17,53.40,0,1,tinyml,,,,38.409,0.000,0.000,0.000,0.000,0.000
1778956519,35.72,29.20,53.50,0,1,tinyml,,,,38.671,0.000,0.000,0.000,0.000,0.000
1778956524,35.67,29.19,53.60,0,1,tinyml,,,,38.671,0.000,0.000,0.000,0.000,0.000
1778956529,35.65,29.19,53.60,0,1,tinyml,,,,38.540,0.000,0.000,0.000,0.000,0.000
1778956534,35.60,29.17,53.60,0,1,tinyml,,,,38.671,0.000,0.000,0.000,0.000,0.000
1778956539,35.60,29.17,53.70,0,1,tinyml,,,,38.802,0.000,0.000,0.000,0.000,0.000
1778956543,35.59,29.17,53.70,0,1,tinyml,,,,38.540,0.000,0.000,0.000,0.000,0.000
1778956548,35.55,29.20,53.80,0,1,tinyml,,,,38.671,0.000,0.000,0.000,0.000,0.000
1778956553,35.55,29.17,53.80,0,1,tinyml,,,,38.802,0.000,0.000,0.000,0.000,0.000
1778956558,35.52,29.20,53.80,0,1,tinyml,,,,38.802,0.000,0.000,0.000,0.000,0.000
1778956563,35.47,29.19,53.80,0,1,tinyml,,,,38.933,0.000,0.000,0.000,0.000,0.000
1778956568,35.47,29.20,53.90,0,1,tinyml,,,,39.063,0.000,0.000,0.000,0.000,0.000
1778956574,35.45,29.20,54.00,0,1,tinyml,,,,38.802,0.000,0.000,0.000,0.000,0.000
1778956578,35.43,29.22,54.00,0,1,tinyml,,,,39.063,0.000,0.000,0.000,0.000,0.000
1778956583,35.39,29.19,54.00,0,1,tinyml,,,,38.933,0.000,0.000,0.000,0.000,0.000
1778956588,35.39,29.19,54.00,0,1,tinyml,,,,39.063,0.000,0.000,0.000,0.000,0.000
1778956593,35.38,29.17,54.00,0,1,tinyml,,,,38.933,0.000,0.000,0.000,0.000,0.000
1778956598,35.34,29.17,54.10,0,1,tinyml,,,,38.933,0.000,0.000,0.000,0.000,0.000
1778956603,35.34,29.19,54.10,0,1,tinyml,,,,38.933,0.000,0.000,0.000,0.000,0.000
1778956608,35.31,29.17,54.10,0,1,tinyml,,,,38.802,0.000,0.000,0.000,0.000,0.000
1778956613,35.31,29.19,54.20,0,1,tinyml,,,,39.063,0.000,0.000,0.000,0.000,0.000
1778956618,35.27,29.19,54.20,0,1,tinyml,,,,39.194,0.000,0.000,0.000,0.000,0.000
1778956623,35.25,29.19,54.20,0,1,tinyml,,,,38.802,0.000,0.000,0.000,0.000,0.000
1778956629,35.25,29.22,54.30,0,1,tinyml,,,,38.933,0.000,0.000,0.000,0.000,0.000
1778956634,35.22,29.20,54.30,0,1,tinyml,,,,38.671,0.000,0.000,0.000,0.000,0.000
1778956638,35.21,29.20,54.30,0,1,tinyml,,,,39.063,0.000,0.000,0.000,0.000,0.000
1778956644,35.21,29.22,54.30,0,1,tinyml,,,,39.194,0.000,0.000,0.000,0.000,0.000
1778956648,35.18,29.19,54.40,0,1,tinyml,,,,38.802,0.000,0.000,0.000,0.000,0.000
1778956653,35.17,29.20,54.40,0,1,tinyml,,,,38.933,0.000,0.000,0.000,0.000,0.000
1778956658,35.15,29.24,54.40,0,1,tinyml,,,,38.933,0.000,0.000,0.000,0.000,0.000
1778956663,35.15,29.22,54.50,0,1,tinyml,,,,38.671,0.000,0.000,0.000,0.000,0.000
1778956668,35.11,29.24,54.50,0,1,tinyml,,,,38.933,0.000,0.000,0.000,0.000,0.000
1778956673,35.09,29.20,54.50,0,1,tinyml,,,,39.194,0.000,0.000,0.000,0.000,0.000
1778956678,35.09,29.23,54.50,0,1,tinyml,,,,39.063,0.000,0.000,0.000,0.000,0.000
1778956683,35.07,29.24,54.50,0,1,tinyml,,,,38.933,0.000,0.000,0.000,0.000,0.000
1778956688,35.08,29.24,54.60,0,1,tinyml,,,,39.063,0.000,0.000,0.000,0.000,0.000
1778956694,35.07,29.26,54.60,0,1,tinyml,,,,39.063,0.000,0.000,0.000,0.000,0.000
1778956699,35.02,29.23,54.60,0,1,tinyml,,,,38.802,0.000,0.000,0.000,0.000,0.000
1778956703,35.02,29.22,54.60,0,1,tinyml,,,,38.802,0.000,0.000,0.000,0.000,0.000
1778956709,35.02,29.23,54.60,0,1,tinyml,,,,38.933,0.000,0.000,0.000,0.000,0.000
1778956713,35.01,29.26,54.70,0,1,tinyml,,,,38.671,0.000,0.000,0.000,0.000,0.000
1778956718,34.98,29.26,54.70,0,1,tinyml,,,,38.933,0.000,0.000,0.000,0.000,0.000
1778956723,34.97,29.26,54.70,0,1,tinyml,,,,39.063,0.000,0.000,0.000,0.000,0.000
1778956728,34.95,29.26,54.70,0,1,tinyml,,,,38.933,0.000,0.000,0.000,0.000,0.000
1778956733,34.95,29.26,54.70,0,1,tinyml,,,,38.671,0.000,0.000,0.000,0.000,0.000
1778956739,34.95,29.24,54.80,0,1,tinyml,,,,38.802,0.000,0.000,0.000,0.000,0.000
1778956743,34.94,29.27,54.80,0,1,tinyml,,,,38.802,0.000,0.000,0.000,0.000,0.000
1778956749,34.92,29.26,54.80,0,1,tinyml,,,,38.802,0.000,0.000,0.000,0.000,0.000
1778956753,34.92,29.26,54.80,0,1,tinyml,,,,38.802,0.000,0.000,0.000,0.000,0.000
1778956758,34.88,29.27,54.90,0,1,tinyml,,,,38.540,0.000,0.000,0.000,0.000,0.000
1778956763,34.90,29.29,54.80,0,1,tinyml,,,,38.671,0.000,0.000,0.000,0.000,0.000
1778956768,34.88,29.29,54.90,0,1,tinyml,,,,38.802,0.000,0.000,0.000,0.000,0.000
1778956773,34.88,29.29,54.90,0,1,tinyml,,,,38.933,0.000,0.000,0.000,0.000,0.000
1778956778,34.84,29.29,54.90,0,1,tinyml,,,,38.671,0.000,0.000,0.000,0.000,0.000
1778956783,34.83,29.31,54.90,0,1,tinyml,,,,38.671,0.000,0.000,0.000,0.000,0.000
1778956788,34.86,29.34,54.90,0,1,tinyml,,,,38.671,0.000,0.000,0.000,0.000,0.000
1778956794,34.80,29.29,54.90,0,1,tinyml,,,,38.671,0.000,0.000,0.000,0.000,0.000
1778956798,34.81,29.31,55.00,0,1,tinyml,,,,38.409,0.000,0.000,0.000,0.000,0.000
1778956803,34.80,29.30,55.00,0,1,tinyml,,,,38.409,0.000,0.000,0.000,0.000,0.000
1778956809,34.79,29.31,55.00,0,1,tinyml,,,,38.540,0.000,0.000,0.000,0.000,0.000
1778956813,34.79,29.31,55.00,0,1,tinyml,,,,38.540,0.000,0.000,0.000,0.000,0.000
1778956818,34.79,29.33,55.00,0,1,tinyml,,,,38.540,0.000,0.000,0.000,0.000,0.000
1778956823,34.77,29.31,55.00,0,1,tinyml,,,,38.540,0.000,0.000,0.000,0.000,0.000
1778956828,34.74,29.31,55.10,0,1,tinyml,,,,38.278,0.000,0.000,0.000,0.000,0.000
1778956833,34.73,29.31,55.10,0,1,tinyml,,,,38.278,0.000,0.000,0.000,0.000,0.000
1778956838,34.73,29.33,55.10,0,1,tinyml,,,,38.278,0.000,0.000,0.000,0.000,0.000
1778956844,34.71,29.34,55.10,0,1,tinyml,,,,38.147,0.000,0.000,0.000,0.000,0.000
1778956848,34.73,29.31,55.10,0,1,tinyml,,,,38.409,0.000,0.000,0.000,0.000,0.000
1778956853,34.70,29.33,55.10,0,1,tinyml,,,,38.409,0.000,0.000,0.000,0.000,0.000
1778956858,34.73,29.35,55.20,0,1,tinyml,,,,38.016,0.000,0.000,0.000,0.000,0.000
1778956863,34.70,29.31,55.20,0,1,tinyml,,,,38.016,0.000,0.000,0.000,0.000,0.000
1778956868,34.66,29.33,55.20,0,1,tinyml,,,,38.016,0.000,0.000,0.000,0.000,0.000
1778956873,34.68,29.33,55.20,0,1,tinyml,,,,38.016,0.000,0.000,0.000,0.000,0.000
1778956878,34.67,29.34,55.20,0,1,tinyml,,,,38.147,0.000,0.000,0.000,0.000,0.000
1778956884,34.64,29.33,55.20,0,1,tinyml,,,,38.147,0.000,0.000,0.000,0.000,0.000
1778956888,34.64,29.33,55.20,8,1,tinyml,,,,37.754,0.000,0.000,0.000,0.000,0.000
1778956893,34.61,29.30,55.30,8,1,tinyml,,,,37.754,0.000,0.000,0.000,0.000,0.000
1778956898,34.63,29.30,55.20,8,1,tinyml,,,,37.754,0.000,0.000,0.000,0.000,0.000
1778956903,34.63,29.33,55.30,8,1,tinyml,,,,37.754,0.000,0.000,0.000,0.000,0.000
1778956908,34.60,29.33,55.30,8,1,tinyml,,,,37.754,0.000,0.000,0.000,0.000,0.000
1778956913,34.59,29.34,55.30,8,1,tinyml,,,,37.754,0.000,0.000,0.000,0.000,0.000
1778956918,34.60,29.34,55.30,13,1,tinyml,,,,37.624,0.000,0.000,0.000,0.000,0.000
1778956923,34.59,29.33,55.30,13,1,tinyml,,,,37.624,0.000,0.000,0.000,0.000,0.000
1778956928,34.59,29.30,55.30,18,1,tinyml,,,,37.493,0.000,0.000,0.000,0.000,0.000
1778956933,34.60,29.30,55.30,22,1,tinyml,,,,37.362,0.000,0.000,0.000,0.000,0.000
1778956938,34.57,29.29,55.40,27,1,tinyml,,,,37.231,0.000,0.000,0.000,0.000,0.000
1778956943,34.56,29.34,55.40,18,1,tinyml,,,,37.493,0.000,0.000,0.000,0.000,0.000
1778956948,34.56,29.30,55.40,27,1,tinyml,,,,37.231,0.000,0.000,0.000,0.000,0.000
1778956953,34.54,29.30,55.40,41,1,tinyml,,,,36.838,0.000,0.000,0.000,0.000,0.000
1778956958,34.54,29.30,55.40,32,1,tinyml,,,,37.100,0.000,0.000,0.000,0.000,0.000
1778956963,34.56,29.30,55.40,46,1,tinyml,,,,36.707,0.000,0.000,0.000,0.000,0.000
1778956968,34.53,29.29,55.30,37,1,tinyml,,,,36.969,0.000,0.000,0.000,0.000,0.000
1778956973,34.57,29.27,55.30,37,1,tinyml,,,,36.969,0.000,0.000,0.000,0.000,0.000
1778956979,34.61,29.27,55.30,41,1,tinyml,,,,36.838,0.000,0.000,0.000,0.000,0.000
1778956983,34.66,29.26,55.20,41,1,tinyml,,,,36.838,0.000,0.000,0.000,0.000,0.000
1778956988,34.68,29.30,55.20,46,1,tinyml,,,,36.707,0.000,0.000,0.000,0.000,0.000
1778956994,34.73,29.30,55.10,46,1,tinyml,,,,36.707,0.000,0.000,0.000,0.000,0.000
1778956998,34.81,29.30,55.00,41,1,tinyml,,,,36.838,0.000,0.000,0.000,0.000,0.000
1778957003,34.87,29.29,54.90,46,1,tinyml,,,,36.707,0.000,0.000,0.000,0.000,0.000
1778957008,34.91,29.26,54.80,46,1,tinyml,,,,36.707,0.000,0.000,0.000,0.000,0.000
1778957013,35.00,29.27,54.60,46,1,tinyml,,,,36.707,0.000,0.000,0.000,0.000,0.000
1778957018,35.12,29.27,54.50,41,1,tinyml,,,,36.838,0.000,0.000,0.000,0.000,0.000
1778957023,35.21,29.29,54.30,51,1,tinyml,,,,36.576,0.000,0.000,0.000,0.000,0.000
1778957028,35.31,29.31,54.20,55,1,tinyml,,,,36.446,0.000,0.000,0.000,0.000,0.000
1778957033,35.39,29.27,53.90,60,1,tinyml,,,,36.315,0.000,0.000,0.000,0.000,0.000
1778957038,35.50,29.29,53.70,51,1,tinyml,,,,36.576,0.000,0.000,0.000,0.000,0.000
1778957044,35.62,29.30,53.60,60,1,tinyml,,,,36.315,0.000,0.000,0.000,0.000,0.000
1778957048,35.73,29.30,53.30,51,1,tinyml,,,,36.576,0.000,0.000,0.000,0.000,0.000
1778957053,35.86,29.30,53.10,46,1,tinyml,,,,36.707,0.000,0.000,0.000,0.000,0.000
1778957058,35.97,29.29,52.90,51,1,tinyml,,,,36.576,0.000,0.000,0.000,0.000,0.000
1778957063,36.14,29.29,52.70,55,1,tinyml,,,,36.446,0.000,0.000,0.000,0.000,0.000
1778957068,36.27,29.27,52.40,46,1,tinyml,,,,36.707,0.000,0.000,0.000,0.000,0.000
1778957073,36.38,29.29,52.10,65,1,tinyml,,,,36.184,0.000,0.000,0.000,0.000,0.000
1778957078,36.55,29.29,51.90,55,1,tinyml,,,,36.446,0.000,0.000,0.000,0.000,0.000
1778957083,36.71,29.27,51.70,46,1,tinyml,,,,36.707,0.000,0.000,0.000,0.000,0.000
1778957088,36.84,29.26,51.40,46,1,tinyml,,,,36.707,0.000,0.000,0.000,0.000,0.000
1778957093,36.97,29.26,51.10,46,1,tinyml,,,,36.707,0.000,0.000,0.000,0.000,0.000
1778957098,37.14,29.27,50.90,51,1,tinyml,,,,36.576,0.000,0.000,0.000,0.000,0.000
1778957103,37.27,29.26,50.70,51,1,tinyml,,,,36.576,0.000,0.000,0.000,0.000,0.000
1778957108,37.38,29.26,50.40,37,1,tinyml,,,,36.969,0.000,0.000,0.000,0.000,0.000
1778957113,37.53,29.27,50.20,51,1,tinyml,,,,36.576,0.000,0.000,0.000,0.000,0.000
1778957118,37.66,29.29,50.00,37,1,tinyml,,,,36.969,0.000,0.000,0.000,0.000,0.000
1778957123,37.75,29.27,49.80,32,1,tinyml,,,,37.100,0.000,0.000,0.000,0.000,0.000
1778957128,37.86,29.27,49.60,27,1,tinyml,,,,37.231,0.000,0.000,0.000,0.000,0.000
1778957133,37.99,29.24,49.40,27,1,tinyml,,,,37.231,0.000,0.000,0.000,0.000,0.000
1778957138,38.08,29.27,49.20,18,1,tinyml,,,,37.493,0.000,0.000,0.000,0.000,0.000
1778957143,38.17,29.27,49.10,13,1,tinyml,,,,37.624,0.000,0.000,0.000,0.000,0.000
1778957148,38.24,29.24,48.90,13,1,tinyml,,,,37.624,0.000,0.000,0.000,0.000,0.000
1778957153,38.27,29.26,48.80,22,1,tinyml,,,,37.362,0.000,0.000,0.000,0.000,0.000
1778957158,38.31,29.23,48.70,13,1,tinyml,,,,37.624,0.000,0.000,0.000,0.000,0.000
1778957163,38.36,29.23,48.70,18,1,tinyml,,,,37.493,0.000,0.000,0.000,0.000,0.000
1778957168,38.37,29.24,48.60,8,1,tinyml,,,,37.754,0.000,0.000,0.000,0.000,0.000
1778957173,38.38,29.23,48.60,22,1,tinyml,,,,37.362,0.000,0.000,0.000,0.000,0.000
1778957178,38.33,29.23,48.60,8,1,tinyml,,,,37.754,0.000,0.000,0.000,0.000,0.000
1778957183,38.33,29.22,48.60,13,1,tinyml,,,,37.624,0.000,0.000,0.000,0.000,0.000
1778957188,38.33,29.22,48.70,4,1,tinyml,,,,37.885,0.000,0.000,0.000,0.000,0.000
1778957193,38.29,29.22,48.80,4,1,tinyml,,,,37.885,0.000,0.000,0.000,0.000,0.000
1778957198,38.24,29.22,48.80,4,1,tinyml,,,,37.885,0.000,0.000,0.000,0.000,0.000
1778957203,38.19,29.23,48.90,13,1,tinyml,,,,37.624,0.000,0.000,0.000,0.000,0.000
1778957208,38.16,29.23,49.00,8,1,tinyml,,,,37.754,0.000,0.000,0.000,0.000,0.000
1778957213,38.08,29.24,49.00,4,1,tinyml,,,,37.885,0.000,0.000,0.000,0.000,0.000
1778957219,38.06,29.23,49.20,4,1,tinyml,,,,37.885,0.000,0.000,0.000,0.000,0.000
1778957223,37.96,29.20,49.20,4,1,tinyml,,,,37.885,0.000,0.000,0.000,0.000,0.000
1778957228,37.92,29.23,49.40,4,1,tinyml,,,,37.885,0.000,0.000,0.000,0.000,0.000
1778957233,37.88,29.24,49.50,4,1,tinyml,,,,37.885,0.000,0.000,0.000,0.000,0.000
1778957238,37.82,29.22,49.50,0,1,tinyml,,,,38.016,0.000,0.000,0.000,0.000,0.000
1778957243,37.75,29.22,49.70,4,1,tinyml,,,,37.885,0.000,0.000,0.000,0.000,0.000
1778957248,37.69,29.20,49.80,0,1,tinyml,,,,38.278,0.000,0.000,0.000,0.000,0.000
1778957253,37.65,29.17,49.90,0,1,tinyml,,,,38.147,0.000,0.000,0.000,0.000,0.000
1778957258,37.55,29.16,50.00,0,1,tinyml,,,,38.409,0.000,0.000,0.000,0.000,0.000
1778957263,37.53,29.14,50.10,0,1,tinyml,,,,38.409,0.000,0.000,0.000,0.000,0.000
1778957268,37.47,29.17,50.20,0,1,tinyml,,,,38.147,0.000,0.000,0.000,0.000,0.000
1778957273,37.39,29.19,50.30,0,1,tinyml,,,,38.409,0.000,0.000,0.000,0.000,0.000
1778957278,37.35,29.17,50.40,0,1,tinyml,,,,38.540,0.000,0.000,0.000,0.000,0.000
1778957283,37.31,29.16,50.50,0,1,tinyml,,,,38.278,0.000,0.000,0.000,0.000,0.000
1778957288,37.23,29.14,50.60,0,1,tinyml,,,,38.540,0.000,0.000,0.000,0.000,0.000
1778957293,37.19,29.16,50.70,0,1,tinyml,,,,38.540,0.000,0.000,0.000,0.000,0.000
1778957298,37.13,29.13,50.80,0,1,tinyml,,,,38.671,0.000,0.000,0.000,0.000,0.000
1778957303,37.07,29.14,50.90,0,1,tinyml,,,,38.540,0.000,0.000,0.000,0.000,0.000
1778957308,37.01,29.14,51.00,0,1,tinyml,,,,38.671,0.000,0.000,0.000,0.000,0.000
1778957313,36.96,29.14,51.10,0,1,tinyml,,,,38.409,0.000,0.000,0.000,0.000,0.000
1778957319,36.89,29.13,51.20,0,1,tinyml,,,,38.802,0.000,0.000,0.000,0.000,0.000
1778957323,36.84,29.16,51.40,0,1,tinyml,,,,38.540,0.000,0.000,0.000,0.000,0.000
1778957328,36.82,29.13,51.40,0,1,tinyml,,,,38.409,0.000,0.000,0.000,0.000,0.000
1778957333,36.75,29.16,51.50,0,1,tinyml,,,,38.671,0.000,0.000,0.000,0.000,0.000
1778957338,36.69,29.16,51.60,0,1,tinyml,,,,38.802,0.000,0.000,0.000,0.000,0.000
1778957343,36.65,29.16,51.80,0,1,tinyml,,,,38.802,0.000,0.000,0.000,0.000,0.000
1778957348,36.59,29.16,51.80,0,1,tinyml,,,,38.933,0.000,0.000,0.000,0.000,0.000
1778957353,36.55,29.13,51.90,0,1,tinyml,,,,38.933,0.000,0.000,0.000,0.000,0.000
1778957358,36.51,29.14,52.00,0,1,tinyml,,,,38.802,0.000,0.000,0.000,0.000,0.000
1778957363,36.46,29.14,52.10,0,1,tinyml,,,,38.671,0.000,0.000,0.000,0.000,0.000
1778957368,36.41,29.16,52.20,0,1,tinyml,,,,39.063,0.000,0.000,0.000,0.000,0.000
1778957373,36.38,29.17,52.20,0,1,tinyml,,,,38.802,0.000,0.000,0.000,0.000,0.000
1778957378,36.34,29.16,52.30,0,1,tinyml,,,,38.671,0.000,0.000,0.000,0.000,0.000
1778957383,36.27,29.16,52.40,0,1,tinyml,,,,38.540,0.000,0.000,0.000,0.000,0.000
1778957388,36.25,29.16,52.40,0,1,tinyml,,,,38.540,0.000,0.000,0.000,0.000,0.000
1778957393,36.24,29.16,52.50,0,1,tinyml,,,,38.409,0.000,0.000,0.000,0.000,0.000
1778957398,36.17,29.17,52.60,0,1,tinyml,,,,38.802,0.000,0.000,0.000,0.000,0.000
1778957403,36.16,29.20,52.70,0,1,tinyml,,,,38.671,0.000,0.000,0.000,0.000,0.000
1778957408,36.10,29.19,52.80,0,1,tinyml,,,,38.671,0.000,0.000,0.000,0.000,0.000
1778957413,36.07,29.17,52.80,0,1,tinyml,,,,38.278,0.000,0.000,0.000,0.000,0.000
1778957418,36.05,29.19,52.90,0,1,tinyml,,,,38.409,0.000,0.000,0.000,0.000,0.000
1778957423,35.98,29.17,52.90,0,1,tinyml,,,,38.278,0.000,0.000,0.000,0.000,0.000
1778957428,35.97,29.17,53.00,0,1,tinyml,,,,38.278,0.000,0.000,0.000,0.000,0.000
1778957433,35.91,29.19,53.00,0,1,tinyml,,,,38.147,0.000,0.000,0.000,0.000,0.000
1778957438,35.90,29.17,53.10,0,1,tinyml,,,,38.671,0.000,0.000,0.000,0.000,0.000
1778957443,35.87,29.17,53.20,0,1,tinyml,,,,38.540,0.000,0.000,0.000,0.000,0.000
1778957448,35.86,29.19,53.20,0,1,tinyml,,,,38.540,0.000,0.000,0.000,0.000,0.000
1778957453,35.82,29.19,53.30,0,1,tinyml,,,,38.409,0.000,0.000,0.000,0.000,0.000
1778957458,35.80,29.22,53.30,0,1,tinyml,,,,38.540,0.000,0.000,0.000,0.000,0.000
1778957463,35.73,29.17,53.40,0,1,tinyml,,,,38.671,0.000,0.000,0.000,0.000,0.000
1778957468,35.74,29.19,53.50,0,1,tinyml,,,,39.063,0.000,0.000,0.000,0.000,0.000
1778957473,35.70,29.20,53.40,0,1,tinyml,,,,38.802,0.000,0.000,0.000,0.000,0.000
1778957478,35.69,29.22,53.60,0,1,tinyml,,,,39.063,0.000,0.000,0.000,0.000,0.000
1778957483,35.67,29.20,53.60,0,1,tinyml,,,,39.063,0.000,0.000,0.000,0.000,0.000
1778957488,35.65,29.23,53.60,0,1,tinyml,,,,38.802,0.000,0.000,0.000,0.000,0.000
1778957493,35.60,29.19,53.70,0,1,tinyml,,,,38.933,0.000,0.000,0.000,0.000,0.000
1778957498,35.62,29.19,53.70,0,1,tinyml,,,,39.063,0.000,0.000,0.000,0.000,0.000
1778957503,35.60,29.19,53.70,0,1,tinyml,,,,38.802,0.000,0.000,0.000,0.000,0.000
1778957508,35.55,29.22,53.80,0,1,tinyml,,,,38.802,0.000,0.000,0.000,0.000,0.000
1778957513,35.53,29.22,53.80,0,1,tinyml,,,,38.802,0.000,0.000,0.000,0.000,0.000
1778957518,35.52,29.20,53.80,0,1,tinyml,,,,39.194,0.000,0.000,0.000,0.000,0.000
1778957523,35.50,29.20,53.90,0,1,tinyml,,,,38.802,0.000,0.000,0.000,0.000,0.000
1778957528,35.50,29.20,53.90,0,1,tinyml,,,,39.194,0.000,0.000,0.000,0.000,0.000
1778957533,35.43,29.22,54.00,0,1,tinyml,,,,39.194,0.000,0.000,0.000,0.000,0.000
1778957538,35.42,29.22,54.00,0,1,tinyml,,,,39.194,0.000,0.000,0.000,0.000,0.000
1778957543,35.42,29.20,54.00,0,1,tinyml,,,,39.063,0.000,0.000,0.000,0.000,0.000
1778957548,35.41,29.22,54.00,0,1,tinyml,,,,39.194,0.000,0.000,0.000,0.000,0.000
1778957553,35.39,29.23,54.10,0,1,tinyml,,,,38.933,0.000,0.000,0.000,0.000,0.000
1778957558,35.36,29.20,54.10,0,1,tinyml,,,,39.325,0.000,0.000,0.000,0.000,0.000
1778957563,35.35,29.23,54.10,0,1,tinyml,,,,39.194,0.000,0.000,0.000,0.000,0.000
1778957568,35.32,29.23,54.20,0,1,tinyml,,,,39.063,0.000,0.000,0.000,0.000,0.000
1778957573,35.31,29.23,54.20,0,1,tinyml,,,,39.063,0.000,0.000,0.000,0.000,0.000
1778957578,35.28,29.26,54.20,0,1,tinyml,,,,38.933,0.000,0.000,0.000,0.000,0.000
1778957583,35.25,29.24,54.20,0,1,tinyml,,,,38.933,0.000,0.000,0.000,0.000,0.000
1778957588,35.27,29.24,54.20,0,1,tinyml,,,,39.325,0.000,0.000,0.000,0.000,0.000
1778957593,35.24,29.24,54.30,0,1,tinyml,,,,38.933,0.000,0.000,0.000,0.000,0.000
1778957598,35.24,29.23,54.30,0,1,tinyml,,,,39.194,0.000,0.000,0.000,0.000,0.000
1778957603,35.19,29.23,54.40,0,1,tinyml,,,,39.063,0.000,0.000,0.000,0.000,0.000
1778957608,35.18,29.19,54.40,0,1,tinyml,,,,38.933,0.000,0.000,0.000,0.000,0.000
1778957613,35.19,29.17,54.40,0,1,tinyml,,,,38.933,0.000,0.000,0.000,0.000,0.000
1778957618,35.17,29.14,54.40,0,1,tinyml,,,,39.194,0.000,0.000,0.000,0.000,0.000
1778957623,35.14,29.14,54.40,0,1,tinyml,,,,38.802,0.000,0.000,0.000,0.000,0.000
1778957628,35.14,29.14,54.50,0,1,tinyml,,,,39.194,0.000,0.000,0.000,0.000,0.000
1778957633,35.12,29.13,54.50,0,1,tinyml,,,,39.063,0.000,0.000,0.000,0.000,0.000
1778957638,35.09,29.13,54.50,0,1,tinyml,,,,38.933,0.000,0.000,0.000,0.000,0.000
1778957643,35.11,29.17,54.50,0,1,tinyml,,,,38.933,0.000,0.000,0.000,0.000,0.000
1778957648,35.08,29.14,54.50,0,1,tinyml,,,,39.063,0.000,0.000,0.000,0.000,0.000
1778957653,35.05,29.16,54.60,0,1,tinyml,,,,39.063,0.000,0.000,0.000,0.000,0.000
1778957658,35.04,29.13,54.60,0,1,tinyml,,,,38.802,0.000,0.000,0.000,0.000,0.000
1778957663,35.04,29.14,54.60,0,1,tinyml,,,,38.802,0.000,0.000,0.000,0.000,0.000
1778957668,35.04,29.14,54.60,0,1,tinyml,,,,38.933,0.000,0.000,0.000,0.000,0.000
1778957673,35.01,29.14,54.60,0,1,tinyml,,,,38.671,0.000,0.000,0.000,0.000,0.000
1778957678,35.00,29.13,54.70,0,1,tinyml,,,,38.933,0.000,0.000,0.000,0.000,0.000
1778957683,35.00,29.13,54.70,0,1,tinyml,,,,38.933,0.000,0.000,0.000,0.000,0.000
1778957688,34.98,29.07,54.70,0,1,tinyml,,,,38.933,0.000,0.000,0.000,0.000,0.000
1778957693,34.95,29.07,54.70,0,1,tinyml,,,,38.540,0.000,0.000,0.000,0.000,0.000
1778957698,34.94,29.09,54.80,0,1,tinyml,,,,38.802,0.000,0.000,0.000,0.000,0.000
1778957703,34.91,29.07,54.80,0,1,tinyml,,,,38.802,0.000,0.000,0.000,0.000,0.000
1778957708,34.94,29.07,54.80,0,1,tinyml,,,,38.802,0.000,0.000,0.000,0.000,0.000
1778957713,34.92,29.06,54.80,0,1,tinyml,,,,38.802,0.000,0.000,0.000,0.000,0.000
1778957718,34.90,29.03,54.80,0,1,tinyml,,,,38.409,0.000,0.000,0.000,0.000,0.000
1778957723,34.90,29.02,54.80,0,1,tinyml,,,,38.540,0.000,0.000,0.000,0.000,0.000
1778957728,34.87,29.03,54.80,0,1,tinyml,,,,38.802,0.000,0.000,0.000,0.000,0.000
1778957733,34.86,29.00,54.90,0,1,tinyml,,,,38.802,0.000,0.000,0.000,0.000,0.000
1778957738,34.86,28.99,54.90,0,1,tinyml,,,,38.671,0.000,0.000,0.000,0.000,0.000
1778957743,34.84,29.02,54.90,0,1,tinyml,,,,38.671,0.000,0.000,0.000,0.000,0.000
1778957748,34.83,29.02,55.00,0,1,tinyml,,,,38.540,0.000,0.000,0.000,0.000,0.000
1778957753,34.84,29.00,54.90,0,1,tinyml,,,,38.671,0.000,0.000,0.000,0.000,0.000
1778957758,34.84,29.00,55.00,0,1,tinyml,,,,38.802,0.000,0.000,0.000,0.000,0.000
1778957763,34.83,29.00,55.00,0,1,tinyml,,,,38.409,0.000,0.000,0.000,0.000,0.000
1778957768,34.79,29.02,55.00,0,1,tinyml,,,,38.409,0.000,0.000,0.000,0.000,0.000
1778957773,34.80,29.00,55.00,0,1,tinyml,,,,38.409,0.000,0.000,0.000,0.000,0.000
1778957778,34.77,29.00,55.00,0,1,tinyml,,,,38.409,0.000,0.000,0.000,0.000,0.000
1778957783,34.80,28.99,55.00,0,1,tinyml,,,,38.409,0.000,0.000,0.000,0.000,0.000
1778957788,34.77,29.00,55.00,0,1,tinyml,,,,38.016,0.000,0.000,0.000,0.000,0.000
1778957793,34.76,29.02,55.00,0,1,tinyml,,,,38.278,0.000,0.000,0.000,0.000,0.000
1778957798,34.71,29.03,55.10,0,1,tinyml,,,,38.147,0.000,0.000,0.000,0.000,0.000
1778957803,34.74,29.06,55.10,0,1,tinyml,,,,38.147,0.000,0.000,0.000,0.000,0.000
1778957808,34.70,29.06,55.10,0,1,tinyml,,,,38.278,0.000,0.000,0.000,0.000,0.000
1778957813,34.68,29.07,55.10,4,1,tinyml,,,,37.885,0.000,0.000,0.000,0.000,0.000
1778957818,34.70,29.06,55.10,4,1,tinyml,,,,37.885,0.000,0.000,0.000,0.000,0.000
1778957823,34.68,29.04,55.20,4,1,tinyml,,,,37.885,0.000,0.000,0.000,0.000,0.000
1778957828,34.68,29.04,55.20,4,1,tinyml,,,,37.885,0.000,0.000,0.000,0.000,0.000
1778957833,34.67,29.04,55.20,4,1,tinyml,,,,37.885,0.000,0.000,0.000,0.000,0.000
1778957838,34.66,29.06,55.20,4,1,tinyml,,,,37.885,0.000,0.000,0.000,0.000,0.000
1778957843,34.66,29.04,55.20,4,1,tinyml,,,,37.885,0.000,0.000,0.000,0.000,0.000
1778957848,34.68,29.03,55.20,4,1,tinyml,,,,37.885,0.000,0.000,0.000,0.000,0.000
1778957853,34.68,29.02,55.20,18,1,tinyml,,,,37.493,0.000,0.000,0.000,0.000,0.000
1778957858,34.66,29.03,55.20,13,1,tinyml,,,,37.624,0.000,0.000,0.000,0.000,0.000
1778957863,34.68,29.04,55.20,18,1,tinyml,,,,37.493,0.000,0.000,0.000,0.000,0.000
1778957868,34.67,29.06,55.20,13,1,tinyml,,,,37.624,0.000,0.000,0.000,0.000,0.000
1778957873,34.68,29.07,55.20,8,1,tinyml,,,,37.754,0.000,0.000,0.000,0.000,0.000
1778957878,34.68,29.04,55.10,22,1,tinyml,,,,37.362,0.000,0.000,0.000,0.000,0.000
1778957883,34.70,29.00,55.10,27,1,tinyml,,,,37.231,0.000,0.000,0.000,0.000,0.000
1778957888,34.70,29.04,55.10,22,1,tinyml,,,,37.362,0.000,0.000,0.000,0.000,0.000
1778957893,34.71,29.03,55.10,27,1,tinyml,,,,37.231,0.000,0.000,0.000,0.000,0.000
1778957898,34.67,29.03,55.20,37,1,tinyml,,,,36.969,0.000,0.000,0.000,0.000,0.000
1778957903,34.71,29.04,55.10,37,1,tinyml,,,,36.969,0.000,0.000,0.000,0.000,0.000
1778957908,34.73,29.06,55.10,37,1,tinyml,,,,36.969,0.000,0.000,0.000,0.000,0.000
1778957913,34.74,29.06,55.00,37,1,tinyml,,,,36.969,0.000,0.000,0.000,0.000,0.000
1778957918,34.76,29.07,55.00,46,1,tinyml,,,,36.707,0.000,0.000,0.000,0.000,0.000
1778957923,34.74,29.06,55.00,37,1,tinyml,,,,36.969,0.000,0.000,0.000,0.000,0.000
1778957928,34.80,29.04,55.00,55,1,tinyml,,,,36.446,0.000,0.000,0.000,0.000,0.000
1778957933,34.84,29.03,54.90,46,1,tinyml,,,,36.707,0.000,0.000,0.000,0.000,0.000
1778957938,34.91,29.04,54.80,41,1,tinyml,,,,36.838,0.000,0.000,0.000,0.000,0.000
1778957943,34.95,29.04,54.70,46,1,tinyml,,,,36.707,0.000,0.000,0.000,0.000,0.000
1778957948,35.04,29.04,54.60,51,1,tinyml,,,,36.576,0.000,0.000,0.000,0.000,0.000
1778957953,35.11,29.04,54.50,46,1,tinyml,,,,36.707,0.000,0.000,0.000,0.000,0.000
1778957958,35.21,29.07,54.30,60,1,tinyml,,,,36.315,0.000,0.000,0.000,0.000,0.000
1778957963,35.29,29.06,54.10,46,1,tinyml,,,,36.707,0.000,0.000,0.000,0.000,0.000
1778957968,35.38,29.06,54.00,55,1,tinyml,,,,36.446,0.000,0.000,0.000,0.000,0.000
1778957974,35.47,29.04,53.80,55,1,tinyml,,,,36.446,0.000,0.000,0.000,0.000,0.000
1778957978,35.60,29.07,53.60,55,1,tinyml,,,,36.446,0.000,0.000,0.000,0.000,0.000
1778957983,35.73,29.09,53.40,46,1,tinyml,,,,36.707,0.000,0.000,0.000,0.000,0.000
1778957988,35.87,29.07,53.20,60,1,tinyml,,,,36.315,0.000,0.000,0.000,0.000,0.000
1778957993,35.98,29.06,52.90,51,1,tinyml,,,,36.576,0.000,0.000,0.000,0.000,0.000
1778957998,36.14,29.07,52.60,70,1,tinyml,,,,36.053,0.000,0.000,0.000,0.000,0.000
1778958003,36.31,29.06,52.40,51,1,tinyml,,,,36.576,0.000,0.000,0.000,0.000,0.000
1778958008,36.45,29.10,52.10,55,1,tinyml,,,,36.446,0.000,0.000,0.000,0.000,0.000
1778958013,36.57,29.10,51.80,55,1,tinyml,,,,36.446,0.000,0.000,0.000,0.000,0.000
1778958018,36.73,29.09,51.50,51,1,tinyml,,,,36.576,0.000,0.000,0.000,0.000,0.000
1778958023,36.90,29.10,51.30,41,1,tinyml,,,,36.838,0.000,0.000,0.000,0.000,0.000
1778958028,37.06,29.09,51.00,55,1,tinyml,,,,36.446,0.000,0.000,0.000,0.000,0.000
1778958033,37.19,29.09,50.70,37,1,tinyml,,,,36.969,0.000,0.000,0.000,0.000,0.000
1778958038,37.33,29.09,50.50,51,1,tinyml,,,,36.576,0.000,0.000,0.000,0.000,0.000
1778958043,37.44,29.09,50.30,41,1,tinyml,,,,36.838,0.000,0.000,0.000,0.000,0.000
1778958048,37.60,29.09,50.10,37,1,tinyml,,,,36.969,0.000,0.000,0.000,0.000,0.000
1778958053,37.74,29.09,49.80,22,1,tinyml,,,,37.362,0.000,0.000,0.000,0.000,0.000
1778958058,37.88,29.04,49.60,41,1,tinyml,,,,36.838,0.000,0.000,0.000,0.000,0.000
1778958063,37.94,29.07,49.40,22,1,tinyml,,,,37.362,0.000,0.000,0.000,0.000,0.000
1778958068,38.05,29.06,49.20,32,1,tinyml,,,,37.100,0.000,0.000,0.000,0.000,0.000
1778958073,38.16,29.09,49.10,18,1,tinyml,,,,37.493,0.000,0.000,0.000,0.000,0.000
1778958078,38.21,29.03,49.00,27,1,tinyml,,,,37.231,0.000,0.000,0.000,0.000,0.000
1778958083,38.27,29.04,48.80,13,1,tinyml,,,,37.624,0.000,0.000,0.000,0.000,0.000
1778958088,38.34,29.04,48.70,27,1,tinyml,,,,37.231,0.000,0.000,0.000,0.000,0.000
1778958094,38.36,29.04,48.60,8,1,tinyml,,,,37.754,0.000,0.000,0.000,0.000,0.000
1778958098,38.38,29.04,48.60,32,1,tinyml,,,,37.100,0.000,0.000,0.000,0.000,0.000
1778958103,38.38,29.04,48.60,8,1,tinyml,,,,37.754,0.000,0.000,0.000,0.000,0.000
1778958112,38.38,29.02,48.50,8,1,tinyml,,,,37.754,0.000,0.000,0.000,0.000,0.000
1778958113,38.41,29.02,48.50,0,1,tinyml,,,,38.016,0.000,0.000,0.000,0.000,0.000
1778958125,38.40,29.03,48.50,4,1,tinyml,,,,37.885,0.000,0.000,0.000,0.000,0.000
1778958125,38.37,29.06,48.50,4,1,tinyml,,,,37.885,0.000,0.000,0.000,0.000,0.000
1778958128,38.31,29.04,48.60,22,1,tinyml,,,,37.362,0.000,0.000,0.000,0.000,0.000
1778958133,38.29,29.06,48.70,0,1,tinyml,,,,38.016,0.000,0.000,0.000,0.000,0.000
1778958138,38.24,29.04,48.80,18,1,tinyml,,,,37.493,0.000,0.000,0.000,0.000,0.000
1778958144,38.20,29.07,48.80,0,1,tinyml,,,,38.147,0.000,0.000,0.000,0.000,0.000
1778958148,38.16,29.04,48.90,8,1,tinyml,,,,37.754,0.000,0.000,0.000,0.000,0.000
1778958153,38.10,29.04,49.00,0,1,tinyml,,,,38.147,0.000,0.000,0.000,0.000,0.000
1778958158,38.05,29.07,49.10,8,1,tinyml,,,,37.754,0.000,0.000,0.000,0.000,0.000
1778958163,37.99,29.07,49.20,0,1,tinyml,,,,38.147,0.000,0.000,0.000,0.000,0.000
1778958168,37.96,29.06,49.30,8,1,tinyml,,,,37.754,0.000,0.000,0.000,0.000,0.000
1778958173,37.88,29.07,49.40,0,1,tinyml,,,,38.278,0.000,0.000,0.000,0.000,0.000
1778958178,37.81,29.09,49.50,4,1,tinyml,,,,37.885,0.000,0.000,0.000,0.000,0.000
1778958183,37.74,29.09,49.60,0,1,tinyml,,,,38.278,0.000,0.000,0.000,0.000,0.000
1778958188,37.69,29.07,49.80,0,1,tinyml,,,,38.278,0.000,0.000,0.000,0.000,0.000
1778958193,37.61,29.09,49.80,0,1,tinyml,,,,38.409,0.000,0.000,0.000,0.000,0.000
1778958198,37.53,29.07,49.90,0,1,tinyml,,,,38.278,0.000,0.000,0.000,0.000,0.000
1778958203,37.49,29.09,50.10,0,1,tinyml,,,,38.147,0.000,0.000,0.000,0.000,0.000
1778958208,37.41,29.07,50.30,4,1,tinyml,,,,37.885,0.000,0.000,0.000,0.000,0.000
1778958213,37.35,29.06,50.30,0,1,tinyml,,,,38.409,0.000,0.000,0.000,0.000,0.000
1778958218,37.26,29.06,50.50,0,1,tinyml,,,,38.278,0.000,0.000,0.000,0.000,0.000
1778958223,37.23,29.07,50.60,0,1,tinyml,,,,38.540,0.000,0.000,0.000,0.000,0.000
1778958228,37.16,29.09,50.70,0,1,tinyml,,,,38.540,0.000,0.000,0.000,0.000,0.000
1778958233,37.11,29.09,50.80,0,1,tinyml,,,,38.802,0.000,0.000,0.000,0.000,0.000
1778958238,37.06,29.07,50.90,0,1,tinyml,,,,38.540,0.000,0.000,0.000,0.000,0.000
1778958243,37.00,29.06,51.00,0,1,tinyml,,,,38.802,0.000,0.000,0.000,0.000,0.000
1778958248,36.93,29.09,51.10,0,1,tinyml,,,,38.671,0.000,0.000,0.000,0.000,0.000
1778958253,36.89,29.06,51.30,0,1,tinyml,,,,38.671,0.000,0.000,0.000,0.000,0.000
1778958258,36.83,29.04,51.30,0,1,tinyml,,,,38.671,0.000,0.000,0.000,0.000,0.000
1778958263,36.79,29.06,51.40,0,1,tinyml,,,,38.802,0.000,0.000,0.000,0.000,0.000
1778958268,36.73,29.04,51.50,0,1,tinyml,,,,38.671,0.000,0.000,0.000,0.000,0.000
1778958273,36.69,29.03,51.60,0,1,tinyml,,,,38.671,0.000,0.000,0.000,0.000,0.000
1778958278,36.63,29.06,51.70,0,1,tinyml,,,,38.671,0.000,0.000,0.000,0.000,0.000
1778958283,36.59,29.04,51.80,0,1,tinyml,,,,38.933,0.000,0.000,0.000,0.000,0.000
1778958288,36.53,29.03,51.90,0,1,tinyml,,,,38.802,0.000,0.000,0.000,0.000,0.000
1778958293,36.48,29.03,52.00,0,1,tinyml,,,,38.802,0.000,0.000,0.000,0.000,0.000
1778958298,36.45,29.06,52.10,0,1,tinyml,,,,38.671,0.000,0.000,0.000,0.000,0.000
1778958303,36.42,29.03,52.10,0,1,tinyml,,,,38.540,0.000,0.000,0.000,0.000,0.000
1778958308,36.35,29.03,52.20,0,1,tinyml,,,,38.409,0.000,0.000,0.000,0.000,0.000
1778958313,36.32,29.04,52.30,0,1,tinyml,,,,38.802,0.000,0.000,0.000,0.000,0.000
1778958318,36.27,29.04,52.40,0,1,tinyml,,,,38.671,0.000,0.000,0.000,0.000,0.000
1778958323,36.24,29.03,52.50,0,1,tinyml,,,,38.278,0.000,0.000,0.000,0.000,0.000
1778958328,36.23,29.04,52.60,0,1,tinyml,,,,38.409,0.000,0.000,0.000,0.000,0.000
1778958333,36.17,29.03,52.60,0,1,tinyml,,,,38.409,0.000,0.000,0.000,0.000,0.000
1778958338,36.14,29.04,52.60,0,1,tinyml,,,,38.278,0.000,0.000,0.000,0.000,0.000
1778958343,36.08,29.06,52.70,0,1,tinyml,,,,38.278,0.000,0.000,0.000,0.000,0.000
1778958348,36.04,29.06,52.80,0,1,tinyml,,,,38.409,0.000,0.000,0.000,0.000,0.000
1778958353,36.00,29.07,52.80,0,1,tinyml,,,,38.147,0.000,0.000,0.000,0.000,0.000
1778958358,36.00,29.06,52.90,0,1,tinyml,,,,38.278,0.000,0.000,0.000,0.000,0.000
1778958363,35.94,29.04,53.00,0,1,tinyml,,,,38.278,0.000,0.000,0.000,0.000,0.000
1778958368,35.89,29.07,53.00,0,1,tinyml,,,,38.147,0.000,0.000,0.000,0.000,0.000
1778958373,35.89,29.06,53.10,0,1,tinyml,,,,38.016,0.000,0.000,0.000,0.000,0.000
1778958378,35.87,29.04,53.10,0,1,tinyml,,,,38.147,0.000,0.000,0.000,0.000,0.000
1778958383,35.84,29.03,53.20,0,1,tinyml,,,,38.016,0.000,0.000,0.000,0.000,0.000
1778958388,35.83,29.06,53.30,0,1,tinyml,,,,38.409,0.000,0.000,0.000,0.000,0.000
1778958393,35.77,29.03,53.30,0,1,tinyml,,,,38.278,0.000,0.000,0.000,0.000,0.000
1778958398,35.76,29.03,53.40,0,1,tinyml,,,,38.278,0.000,0.000,0.000,0.000,0.000
1778958403,35.73,29.03,53.40,0,1,tinyml,,,,38.802,0.000,0.000,0.000,0.000,0.000
1778958408,35.69,29.02,53.50,0,1,tinyml,,,,38.671,0.000,0.000,0.000,0.000,0.000
1778958413,35.67,29.00,53.50,0,1,tinyml,,,,38.540,0.000,0.000,0.000,0.000,0.000
1778958418,35.67,29.02,53.50,0,1,tinyml,,,,38.540,0.000,0.000,0.000,0.000,0.000
1778958423,35.62,28.98,53.60,0,1,tinyml,,,,38.540,0.000,0.000,0.000,0.000,0.000
1778958428,35.63,29.00,53.60,0,1,tinyml,,,,38.802,0.000,0.000,0.000,0.000,0.000
1778958433,35.57,28.99,53.60,0,1,tinyml,,,,38.933,0.000,0.000,0.000,0.000,0.000
1778958438,35.57,28.99,53.70,0,1,tinyml,,,,39.063,0.000,0.000,0.000,0.000,0.000
1778958443,35.55,28.96,53.70,0,1,tinyml,,,,38.802,0.000,0.000,0.000,0.000,0.000
1778958448,35.52,28.99,53.80,0,1,tinyml,,,,38.933,0.000,0.000,0.000,0.000,0.000
1778958453,35.49,29.00,53.80,0,1,tinyml,,,,38.933,0.000,0.000,0.000,0.000,0.000
1778958458,35.49,29.00,53.80,0,1,tinyml,,,,38.933,0.000,0.000,0.000,0.000,0.000
1778958464,35.45,28.98,53.90,0,1,tinyml,,,,38.671,0.000,0.000,0.000,0.000,0.000
1778958468,35.42,28.98,53.90,0,1,tinyml,,,,38.933,0.000,0.000,0.000,0.000,0.000
1778958473,35.42,29.00,53.90,0,1,tinyml,,,,39.063,0.000,0.000,0.000,0.000,0.000
1778958478,35.39,28.99,54.00,0,1,tinyml,,,,39.063,0.000,0.000,0.000,0.000,0.000
1778958483,35.39,28.99,54.00,0,1,tinyml,,,,38.671,0.000,0.000,0.000,0.000,0.000
1778958489,35.35,28.98,54.00,0,1,tinyml,,,,39.063,0.000,0.000,0.000,0.000,0.000
1778958493,35.35,28.98,54.10,0,1,tinyml,,,,38.933,0.000,0.000,0.000,0.000,0.000
1778958498,35.32,28.99,54.10,0,1,tinyml,,,,38.933,0.000,0.000,0.000,0.000,0.000
1778958503,35.31,28.98,54.20,0,1,tinyml,,,,38.671,0.000,0.000,0.000,0.000,0.000
1778958508,35.27,28.99,54.10,0,1,tinyml,,,,38.671,0.000,0.000,0.000,0.000,0.000
1778958513,35.28,28.96,54.20,0,1,tinyml,,,,38.802,0.000,0.000,0.000,0.000,0.000
1778958518,35.24,28.93,54.20,0,1,tinyml,,,,38.802,0.000,0.000,0.000,0.000,0.000
1778958523,35.22,28.92,54.20,0,1,tinyml,,,,38.802,0.000,0.000,0.000,0.000,0.000
1778958528,35.19,28.93,54.30,0,1,tinyml,,,,38.933,0.000,0.000,0.000,0.000,0.000
1778958533,35.21,28.96,54.30,0,1,tinyml,,,,38.802,0.000,0.000,0.000,0.000,0.000
1778958538,35.18,28.93,54.30,0,1,tinyml,,,,38.671,0.000,0.000,0.000,0.000,0.000
1778958543,35.17,28.93,54.30,0,1,tinyml,,,,38.802,0.000,0.000,0.000,0.000,0.000
1778958548,35.17,28.93,54.30,0,1,tinyml,,,,38.671,0.000,0.000,0.000,0.000,0.000
1778958554,35.11,28.92,54.40,0,1,tinyml,,,,38.540,0.000,0.000,0.000,0.000,0.000
1778958558,35.15,28.95,54.40,0,1,tinyml,,,,38.671,0.000,0.000,0.000,0.000,0.000
1778958563,35.11,28.93,54.50,0,1,tinyml,,,,38.671,0.000,0.000,0.000,0.000,0.000
1778958569,35.09,28.93,54.40,0,1,tinyml,,,,38.540,0.000,0.000,0.000,0.000,0.000
1778958578,35.08,28.92,54.50,0,1,tinyml,,,,38.671,0.000,0.000,0.000,0.000,0.000
1778958579,35.08,28.91,54.50,0,1,tinyml,,,,38.540,0.000,0.000,0.000,0.000,0.000
1778958584,35.04,28.93,54.50,0,1,tinyml,,,,38.540,0.000,0.000,0.000,0.000,0.000
1778958593,35.04,28.91,54.60,0,1,tinyml,,,,38.540,0.000,0.000,0.000,0.000,0.000
1778958593,35.02,28.91,54.60,0,1,tinyml,,,,38.671,0.000,0.000,0.000,0.000,0.000
1778958598,35.00,28.93,54.60,0,1,tinyml,,,,38.409,0.000,0.000,0.000,0.000,0.000
1778958603,35.01,28.95,54.60,0,1,tinyml,,,,38.278,0.000,0.000,0.000,0.000,0.000
1778958608,34.98,28.96,54.60,0,1,tinyml,,,,38.278,0.000,0.000,0.000,0.000,0.000
1778958613,34.98,28.96,54.70,0,1,tinyml,,,,38.278,0.000,0.000,0.000,0.000,0.000
1778958618,34.97,28.98,54.70,0,1,tinyml,,,,38.278,0.000,0.000,0.000,0.000,0.000
1778958623,34.94,28.99,54.70,0,1,tinyml,,,,38.278,0.000,0.000,0.000,0.000,0.000
1778958629,34.95,29.00,54.70,0,1,tinyml,,,,38.540,0.000,0.000,0.000,0.000,0.000
1778958634,34.91,29.02,54.70,0,1,tinyml,,,,38.147,0.000,0.000,0.000,0.000,0.000
1778958638,34.91,29.00,54.80,0,1,tinyml,,,,38.278,0.000,0.000,0.000,0.000,0.000
1778958643,34.90,28.98,54.80,0,1,tinyml,,,,38.278,0.000,0.000,0.000,0.000,0.000
1778958648,34.90,28.98,54.80,0,1,tinyml,,,,38.147,0.000,0.000,0.000,0.000,0.000
1778958654,34.87,28.99,54.80,0,1,tinyml,,,,38.278,0.000,0.000,0.000,0.000,0.000
1778958658,34.86,28.99,54.80,0,1,tinyml,,,,38.016,0.000,0.000,0.000,0.000,0.000
1778958663,34.86,29.02,54.80,0,1,tinyml,,,,38.016,0.000,0.000,0.000,0.000,0.000
1778958668,34.86,28.99,54.90,0,1,tinyml,,,,38.147,0.000,0.000,0.000,0.000,0.000
1778958673,34.83,29.02,54.90,0,1,tinyml,,,,38.278,0.000,0.000,0.000,0.000,0.000
1778958678,34.83,29.02,54.90,4,1,tinyml,,,,37.885,0.000,0.000,0.000,0.000,0.000
1778958683,34.81,29.00,54.90,4,1,tinyml,,,,37.885,0.000,0.000,0.000,0.000,0.000
1778958688,34.84,29.02,55.00,4,1,tinyml,,,,37.885,0.000,0.000,0.000,0.000,0.000
1778958693,34.77,29.02,55.00,4,1,tinyml,,,,37.885,0.000,0.000,0.000,0.000,0.000
1778958698,34.79,29.02,54.90,0,1,tinyml,,,,38.016,0.000,0.000,0.000,0.000,0.000
1778958703,34.80,29.00,55.00,0,1,tinyml,,,,38.016,0.000,0.000,0.000,0.000,0.000
1778958708,34.77,29.00,55.00,8,1,tinyml,,,,37.754,0.000,0.000,0.000,0.000,0.000
1778958713,34.77,29.00,55.00,8,1,tinyml,,,,37.754,0.000,0.000,0.000,0.000,0.000
1778958718,34.77,28.98,55.00,13,1,tinyml,,,,37.624,0.000,0.000,0.000,0.000,0.000
1778958724,34.79,28.99,55.00,13,1,tinyml,,,,37.624,0.000,0.000,0.000,0.000,0.000
1778958728,34.76,28.96,55.00,13,1,tinyml,,,,37.624,0.000,0.000,0.000,0.000,0.000
1778958733,34.76,28.96,55.00,8,1,tinyml,,,,37.754,0.000,0.000,0.000,0.000,0.000
1778958738,34.74,28.93,55.00,18,1,tinyml,,,,37.493,0.000,0.000,0.000,0.000,0.000
1778958743,34.76,28.92,55.00,18,1,tinyml,,,,37.493,0.000,0.000,0.000,0.000,0.000
1778958749,34.74,28.91,55.00,32,1,tinyml,,,,37.100,0.000,0.000,0.000,0.000,0.000
1778958754,34.76,28.91,55.00,18,1,tinyml,,,,37.493,0.000,0.000,0.000,0.000,0.000
1778958758,34.74,28.92,55.00,22,1,tinyml,,,,37.362,0.000,0.000,0.000,0.000,0.000
1778958765,34.74,28.88,55.10,27,1,tinyml,,,,37.231,0.000,0.000,0.000,0.000,0.000
1778958768,34.74,28.88,55.00,37,1,tinyml,,,,36.969,0.000,0.000,0.000,0.000,0.000
1778958773,34.76,28.88,55.00,32,1,tinyml,,,,37.100,0.000,0.000,0.000,0.000,0.000
1778958779,34.77,28.86,55.00,41,1,tinyml,,,,36.838,0.000,0.000,0.000,0.000,0.000
1778958789,34.74,28.88,55.00,37,1,tinyml,,,,36.969,0.000,0.000,0.000,0.000,0.000
1778958789,34.76,28.88,54.90,41,1,tinyml,,,,36.838,0.000,0.000,0.000,0.000,0.000
1778958794,34.81,28.88,54.90,41,1,tinyml,,,,36.838,0.000,0.000,0.000,0.000,0.000
1778958804,34.86,28.88,54.80,51,1,tinyml,,,,36.576,0.000,0.000,0.000,0.000,0.000
1778958804,34.88,28.91,54.80,51,1,tinyml,,,,36.576,0.000,0.000,0.000,0.000,0.000
1778958809,34.92,28.89,54.70,55,1,tinyml,,,,36.446,0.000,0.000,0.000,0.000,0.000
1778958818,34.98,28.86,54.60,51,1,tinyml,,,,36.576,0.000,0.000,0.000,0.000,0.000
1778958818,35.04,28.88,54.50,55,1,tinyml,,,,36.446,0.000,0.000,0.000,0.000,0.000
1778958823,35.12,28.88,54.40,51,1,tinyml,,,,36.576,0.000,0.000,0.000,0.000,0.000
1778958830,35.24,28.89,54.30,60,1,tinyml,,,,36.315,0.000,0.000,0.000,0.000,0.000
1778958833,35.31,28.91,54.00,51,1,tinyml,,,,36.576,0.000,0.000,0.000,0.000,0.000
1778958838,35.45,28.92,53.90,55,1,tinyml,,,,36.446,0.000,0.000,0.000,0.000,0.000
1778958843,35.56,28.92,53.70,55,1,tinyml,,,,36.446,0.000,0.000,0.000,0.000,0.000
1778958848,35.69,28.93,53.50,65,1,tinyml,,,,36.184,0.000,0.000,0.000,0.000,0.000
1778958853,35.83,28.92,53.20,51,1,tinyml,,,,36.576,0.000,0.000,0.000,0.000,0.000
1778958858,36.00,28.95,52.90,60,1,tinyml,,,,36.315,0.000,0.000,0.000,0.000,0.000
1778958863,36.14,28.96,52.60,60,1,tinyml,,,,36.315,0.000,0.000,0.000,0.000,0.000
1778958868,36.27,28.96,52.40,65,1,tinyml,,,,36.184,0.000,0.000,0.000,0.000,0.000
1778958873,36.45,28.95,52.10,60,1,tinyml,,,,36.315,0.000,0.000,0.000,0.000,0.000
1778958878,36.61,28.98,51.80,51,1,tinyml,,,,36.576,0.000,0.000,0.000,0.000,0.000
1778958883,36.78,28.95,51.50,46,1,tinyml,,,,36.707,0.000,0.000,0.000,0.000,0.000
1778958888,36.93,28.99,51.20,55,1,tinyml,,,,36.446,0.000,0.000,0.000,0.000,0.000
1778958893,37.10,28.98,50.90,46,1,tinyml,,,,36.707,0.000,0.000,0.000,0.000,0.000
1778958898,37.27,28.98,50.70,55,1,tinyml,,,,36.446,0.000,0.000,0.000,0.000,0.000
1778958903,37.45,28.98,50.30,37,1,tinyml,,,,36.969,0.000,0.000,0.000,0.000,0.000
1778958908,37.58,28.98,50.10,41,1,tinyml,,,,36.838,0.000,0.000,0.000,0.000,0.000
1778958913,37.75,28.98,49.80,27,1,tinyml,,,,37.231,0.000,0.000,0.000,0.000,0.000
1778958918,37.88,28.96,49.60,32,1,tinyml,,,,37.100,0.000,0.000,0.000,0.000,0.000
1778958923,38.03,28.96,49.30,32,1,tinyml,,,,37.100,0.000,0.000,0.000,0.000,0.000
1778958928,38.12,28.95,49.20,32,1,tinyml,,,,37.100,0.000,0.000,0.000,0.000,0.000
1778958933,38.21,28.96,48.90,27,1,tinyml,,,,37.231,0.000,0.000,0.000,0.000,0.000
1778958938,38.30,28.95,48.80,32,1,tinyml,,,,37.100,0.000,0.000,0.000,0.000,0.000
1778958943,38.38,28.96,48.60,22,1,tinyml,,,,37.362,0.000,0.000,0.000,0.000,0.000
1778958948,38.44,28.98,48.50,27,1,tinyml,,,,37.231,0.000,0.000,0.000,0.000,0.000
1778958953,38.50,28.95,48.40,4,1,tinyml,,,,37.885,0.000,0.000,0.000,0.000,0.000
1778958958,38.55,28.96,48.30,18,1,tinyml,,,,37.493,0.000,0.000,0.000,0.000,0.000
1778958963,38.55,28.96,48.30,4,1,tinyml,,,,37.885,0.000,0.000,0.000,0.000,0.000
1778958968,38.57,28.93,48.20,27,1,tinyml,,,,37.231,0.000,0.000,0.000,0.000,0.000
1778958973,38.58,28.95,48.20,8,1,tinyml,,,,37.754,0.000,0.000,0.000,0.000,0.000
1778958978,38.60,28.95,48.20,4,1,tinyml,,,,37.885,0.000,0.000,0.000,0.000,0.000
1778958983,38.54,28.95,48.20,0,1,tinyml,,,,38.147,0.000,0.000,0.000,0.000,0.000
1778958988,38.53,28.92,48.30,8,1,tinyml,,,,37.754,0.000,0.000,0.000,0.000,0.000
1778958993,38.50,28.95,48.30,8,1,tinyml,,,,37.754,0.000,0.000,0.000,0.000,0.000
1778958998,38.48,28.93,48.40,22,1,tinyml,,,,37.362,0.000,0.000,0.000,0.000,0.000
1778959003,38.43,28.95,48.50,8,1,tinyml,,,,37.754,0.000,0.000,0.000,0.000,0.000
1778959008,38.37,28.98,48.50,8,1,tinyml,,,,37.754,0.000,0.000,0.000,0.000,0.000
1778959013,38.31,28.96,48.60,0,1,tinyml,,,,38.016,0.000,0.000,0.000,0.000,0.000
1778959018,38.26,28.98,48.70,4,1,tinyml,,,,37.885,0.000,0.000,0.000,0.000,0.000
1778959023,38.21,28.99,48.80,4,1,tinyml,,,,37.885,0.000,0.000,0.000,0.000,0.000
1778959028,38.15,29.00,49.00,8,1,tinyml,,,,37.754,0.000,0.000,0.000,0.000,0.000
1778959033,38.08,29.00,49.00,0,1,tinyml,,,,38.147,0.000,0.000,0.000,0.000,0.000
1778959038,37.99,29.00,49.20,0,1,tinyml,,,,38.147,0.000,0.000,0.000,0.000,0.000
1778959043,37.93,28.99,49.20,0,1,tinyml,,,,38.409,0.000,0.000,0.000,0.000,0.000
1778959048,37.88,29.02,49.40,0,1,tinyml,,,,38.278,0.000,0.000,0.000,0.000,0.000
1778959053,37.81,29.02,49.50,0,1,tinyml,,,,38.147,0.000,0.000,0.000,0.000,0.000
1778959058,37.72,29.02,49.60,0,1,tinyml,,,,38.016,0.000,0.000,0.000,0.000,0.000
1778959063,37.65,29.04,49.70,0,1,tinyml,,,,38.278,0.000,0.000,0.000,0.000,0.000
1778959068,37.60,29.06,49.90,0,1,tinyml,,,,38.278,0.000,0.000,0.000,0.000,0.000
1778959073,37.54,29.06,50.00,0,1,tinyml,,,,38.409,0.000,0.000,0.000,0.000,0.000
1778959078,37.47,29.06,50.10,0,1,tinyml,,,,38.278,0.000,0.000,0.000,0.000,0.000
1778959083,37.42,29.04,50.20,0,1,tinyml,,,,38.671,0.000,0.000,0.000,0.000,0.000
1778959088,37.34,29.07,50.40,0,1,tinyml,,,,38.540,0.000,0.000,0.000,0.000,0.000
1778959093,37.28,29.06,50.50,0,1,tinyml,,,,38.671,0.000,0.000,0.000,0.000,0.000
1778959098,37.21,29.04,50.60,0,1,tinyml,,,,38.409,0.000,0.000,0.000,0.000,0.000
1778959103,37.16,29.02,50.70,0,1,tinyml,,,,38.540,0.000,0.000,0.000,0.000,0.000
1778959108,37.10,29.02,50.80,0,1,tinyml,,,,38.540,0.000,0.000,0.000,0.000,0.000
1778959113,37.03,29.02,50.90,0,1,tinyml,,,,38.933,0.000,0.000,0.000,0.000,0.000
1778959118,36.97,29.00,51.00,0,1,tinyml,,,,38.933,0.000,0.000,0.000,0.000,0.000
1778959123,36.92,29.00,51.20,0,1,tinyml,,,,38.933,0.000,0.000,0.000,0.000,0.000
1778959128,36.89,29.03,51.30,0,1,tinyml,,,,38.540,0.000,0.000,0.000,0.000,0.000
1778959133,36.82,29.02,51.30,0,1,tinyml,,,,38.933,0.000,0.000,0.000,0.000,0.000
1778959138,36.75,29.03,51.40,0,1,tinyml,,,,38.671,0.000,0.000,0.000,0.000,0.000
1778959143,36.71,28.98,51.50,0,1,tinyml,,,,38.933,0.000,0.000,0.000,0.000,0.000
1778959148,36.66,29.00,51.70,0,1,tinyml,,,,38.802,0.000,0.000,0.000,0.000,0.000
1778959153,36.62,28.99,51.70,0,1,tinyml,,,,38.933,0.000,0.000,0.000,0.000,0.000
1778959158,36.53,28.98,51.80,0,1,tinyml,,,,38.802,0.000,0.000,0.000,0.000,0.000
1778959163,36.51,28.98,51.90,0,1,tinyml,,,,39.063,0.000,0.000,0.000,0.000,0.000
1778959168,36.46,28.99,52.00,0,1,tinyml,,,,38.540,0.000,0.000,0.000,0.000,0.000
1778959173,36.46,29.00,52.00,0,1,tinyml,,,,38.802,0.000,0.000,0.000,0.000,0.000
1778959178,36.39,28.98,52.10,0,1,tinyml,,,,38.671,0.000,0.000,0.000,0.000,0.000
1778959183,36.34,29.00,52.20,0,1,tinyml,,,,38.409,0.000,0.000,0.000,0.000,0.000
1778959188,36.29,28.99,52.30,0,1,tinyml,,,,38.409,0.000,0.000,0.000,0.000,0.000
1778959193,36.25,28.98,52.30,0,1,tinyml,,,,38.671,0.000,0.000,0.000,0.000,0.000
1778959198,36.25,29.00,52.50,0,1,tinyml,,,,38.409,0.000,0.000,0.000,0.000,0.000
1778959203,36.20,28.98,52.50,0,1,tinyml,,,,38.409,0.000,0.000,0.000,0.000,0.000
1778959208,36.14,29.00,52.60,0,1,tinyml,,,,38.278,0.000,0.000,0.000,0.000,0.000
1778959213,36.14,29.00,52.60,0,1,tinyml,,,,38.016,0.000,0.000,0.000,0.000,0.000
1778959218,36.10,29.00,52.70,0,1,tinyml,,,,38.016,0.000,0.000,0.000,0.000,0.000
1778959223,36.04,29.03,52.80,0,1,tinyml,,,,38.278,0.000,0.000,0.000,0.000,0.000
1778959228,36.01,29.04,52.80,4,1,tinyml,,,,37.885,0.000,0.000,0.000,0.000,0.000
1778959233,35.98,29.06,52.90,0,1,tinyml,,,,38.147,0.000,0.000,0.000,0.000,0.000
1778959238,35.96,29.06,53.00,4,1,tinyml,,,,37.885,0.000,0.000,0.000,0.000,0.000
1778959243,35.93,29.06,53.00,0,1,tinyml,,,,38.016,0.000,0.000,0.000,0.000,0.000
1778959248,35.91,29.09,53.10,0,1,tinyml,,,,38.016,0.000,0.000,0.000,0.000,0.000
1778959253,35.87,29.06,53.10,0,1,tinyml,,,,38.147,0.000,0.000,0.000,0.000,0.000
1778959258,35.84,29.04,53.20,0,1,tinyml,,,,38.147,0.000,0.000,0.000,0.000,0.000
1778959263,35.83,29.06,53.20,0,1,tinyml,,,,38.409,0.000,0.000,0.000,0.000,0.000
1778959268,35.82,29.07,53.20,0,1,tinyml,,,,38.540,0.000,0.000,0.000,0.000,0.000
1778959274,35.76,29.07,53.30,0,1,tinyml,,,,38.278,0.000,0.000,0.000,0.000,0.000
1778959278,35.74,29.10,53.30,0,1,tinyml,,,,38.409,0.000,0.000,0.000,0.000,0.000
1778959283,35.73,29.06,53.30,0,1,tinyml,,,,38.540,0.000,0.000,0.000,0.000,0.000
1778959288,35.72,29.06,53.40,0,1,tinyml,,,,38.409,0.000,0.000,0.000,0.000,0.000
1778959293,35.70,29.06,53.50,0,1,tinyml,,,,38.409,0.000,0.000,0.000,0.000,0.000
1778959298,35.67,29.07,53.50,0,1,tinyml,,,,38.409,0.000,0.000,0.000,0.000,0.000
1778959303,35.66,29.09,53.50,0,1,tinyml,,,,38.671,0.000,0.000,0.000,0.000,0.000
1778959308,35.63,29.12,53.50,0,1,tinyml,,,,38.802,0.000,0.000,0.000,0.000,0.000
1778959313,35.60,29.12,53.60,0,1,tinyml,,,,38.671,0.000,0.000,0.000,0.000,0.000
1778959318,35.57,29.10,53.60,0,1,tinyml,,,,38.802,0.000,0.000,0.000,0.000,0.000
1778959323,35.59,29.12,53.60,0,1,tinyml,,,,38.933,0.000,0.000,0.000,0.000,0.000
1778959328,35.55,29.13,53.70,0,1,tinyml,,,,38.802,0.000,0.000,0.000,0.000,0.000
1778959333,35.52,29.14,53.70,0,1,tinyml,,,,38.802,0.000,0.000,0.000,0.000,0.000
1778959338,35.52,29.16,53.70,0,1,tinyml,,,,39.063,0.000,0.000,0.000,0.000,0.000
1778959343,35.47,29.13,53.80,0,1,tinyml,,,,38.933,0.000,0.000,0.000,0.000,0.000
1778959348,35.47,29.14,53.80,0,1,tinyml,,,,38.933,0.000,0.000,0.000,0.000,0.000
1778959353,35.46,29.14,53.90,0,1,tinyml,,,,38.802,0.000,0.000,0.000,0.000,0.000
1778959358,35.45,29.12,53.90,0,1,tinyml,,,,38.802,0.000,0.000,0.000,0.000,0.000
1778959363,35.43,29.10,53.90,0,1,tinyml,,,,39.063,0.000,0.000,0.000,0.000,0.000
1778959368,35.42,29.13,53.90,0,1,tinyml,,,,38.802,0.000,0.000,0.000,0.000,0.000
1778959373,35.36,29.16,53.90,0,1,tinyml,,,,39.194,0.000,0.000,0.000,0.000,0.000
1778959378,35.38,29.14,54.00,0,1,tinyml,,,,39.063,0.000,0.000,0.000,0.000,0.000
1778959383,35.35,29.13,54.00,0,1,tinyml,,,,38.802,0.000,0.000,0.000,0.000,0.000
1778959388,35.32,29.12,54.00,0,1,tinyml,,,,38.802,0.000,0.000,0.000,0.000,0.000
1778959393,35.32,29.13,54.10,0,1,tinyml,,,,38.933,0.000,0.000,0.000,0.000,0.000
1778959398,35.31,29.14,54.10,0,1,tinyml,,,,38.802,0.000,0.000,0.000,0.000,0.000
1778959403,35.27,29.14,54.10,0,1,tinyml,,,,38.933,0.000,0.000,0.000,0.000,0.000
1778959408,35.27,29.13,54.20,0,1,tinyml,,,,39.063,0.000,0.000,0.000,0.000,0.000
1778959413,35.25,29.12,54.20,0,1,tinyml,,,,38.802,0.000,0.000,0.000,0.000,0.000
1778959418,35.25,29.10,54.20,0,1,tinyml,,,,38.802,0.000,0.000,0.000,0.000,0.000
1778959423,35.22,29.12,54.20,0,1,tinyml,,,,39.063,0.000,0.000,0.000,0.000,0.000
1778959428,35.21,29.10,54.20,0,1,tinyml,,,,38.671,0.000,0.000,0.000,0.000,0.000
1778959433,35.21,29.10,54.30,0,1,tinyml,,,,38.671,0.000,0.000,0.000,0.000,0.000
1778959438,35.18,29.13,54.30,0,1,tinyml,,,,38.933,0.000,0.000,0.000,0.000,0.000
1778959444,35.17,29.13,54.30,0,1,tinyml,,,,38.933,0.000,0.000,0.000,0.000,0.000
1778959448,35.15,29.13,54.30,0,1,tinyml,,,,38.802,0.000,0.000,0.000,0.000,0.000
1778959453,35.14,29.12,54.40,0,1,tinyml,,,,38.802,0.000,0.000,0.000,0.000,0.000
1778959458,35.11,29.12,54.40,0,1,tinyml,,,,38.933,0.000,0.000,0.000,0.000,0.000
1778959463,35.11,29.12,54.40,0,1,tinyml,,,,39.063,0.000,0.000,0.000,0.000,0.000
1778959468,35.09,29.12,54.40,0,1,tinyml,,,,38.671,0.000,0.000,0.000,0.000,0.000
1778959473,35.09,29.14,54.50,0,1,tinyml,,,,38.802,0.000,0.000,0.000,0.000,0.000
1778959478,35.07,29.14,54.50,0,1,tinyml,,,,38.933,0.000,0.000,0.000,0.000,0.000
1778959483,35.08,29.14,54.50,0,1,tinyml,,,,38.933,0.000,0.000,0.000,0.000,0.000
1778959488,35.05,29.13,54.50,0,1,tinyml,,,,38.933,0.000,0.000,0.000,0.000,0.000
1778959493,35.04,29.13,54.50,0,1,tinyml,,,,39.194,0.000,0.000,0.000,0.000,0.000
1778959498,35.02,29.13,54.50,0,1,tinyml,,,,38.802,0.000,0.000,0.000,0.000,0.000
1778959503,35.01,29.14,54.50,0,1,tinyml,,,,38.933,0.000,0.000,0.000,0.000,0.000
1778959508,35.00,29.13,54.60,0,1,tinyml,,,,38.933,0.000,0.000,0.000,0.000,0.000
1778959513,34.95,29.14,54.60,0,1,tinyml,,,,38.933,0.000,0.000,0.000,0.000,0.000
1778959518,34.98,29.16,54.70,0,1,tinyml,,,,38.671,0.000,0.000,0.000,0.000,0.000
1778959523,34.98,29.13,54.70,0,1,tinyml,,,,38.802,0.000,0.000,0.000,0.000,0.000
1778959528,34.97,29.14,54.60,0,1,tinyml,,,,38.933,0.000,0.000,0.000,0.000,0.000
1778959533,34.92,29.14,54.70,0,1,tinyml,,,,38.802,0.000,0.000,0.000,0.000,0.000
1778959538,34.94,29.12,54.70,0,1,tinyml,,,,38.671,0.000,0.000,0.000,0.000,0.000
1778959543,34.92,29.12,54.70,0,1,tinyml,,,,38.671,0.000,0.000,0.000,0.000,0.000
1778959548,34.88,29.10,54.70,0,1,tinyml,,,,38.933,0.000,0.000,0.000,0.000,0.000
1778959553,34.90,29.12,54.70,0,1,tinyml,,,,38.933,0.000,0.000,0.000,0.000,0.000
1778959558,34.88,29.09,54.80,0,1,tinyml,,,,38.933,0.000,0.000,0.000,0.000,0.000
1778959563,34.87,29.12,54.80,0,1,tinyml,,,,38.933,0.000,0.000,0.000,0.000,0.000
1778959568,34.87,29.09,54.80,0,1,tinyml,,,,38.671,0.000,0.000,0.000,0.000,0.000
1778959573,34.84,29.09,54.80,0,1,tinyml,,,,38.540,0.000,0.000,0.000,0.000,0.000
1778959578,34.81,29.06,54.80,0,1,tinyml,,,,38.671,0.000,0.000,0.000,0.000,0.000
1778959583,34.84,29.06,54.80,0,1,tinyml,,,,38.671,0.000,0.000,0.000,0.000,0.000
1778959588,34.81,29.03,54.90,0,1,tinyml,,,,38.409,0.000,0.000,0.000,0.000,0.000
1778959593,34.81,29.03,54.90,0,1,tinyml,,,,38.802,0.000,0.000,0.000,0.000,0.000
1778959598,34.79,29.03,54.90,0,1,tinyml,,,,38.409,0.000,0.000,0.000,0.000,0.000
1778959603,34.79,29.04,54.90,0,1,tinyml,,,,38.409,0.000,0.000,0.000,0.000,0.000
1778959608,34.77,29.03,55.00,0,1,tinyml,,,,38.409,0.000,0.000,0.000,0.000,0.000
1778959613,34.76,29.03,54.90,0,1,tinyml,,,,38.540,0.000,0.000,0.000,0.000,0.000
1778959618,34.76,29.03,55.00,0,1,tinyml,,,,38.409,0.000,0.000,0.000,0.000,0.000
1778959623,34.74,28.99,54.90,0,1,tinyml,,,,38.278,0.000,0.000,0.000,0.000,0.000
1778959628,34.73,28.98,55.00,0,1,tinyml,,,,38.409,0.000,0.000,0.000,0.000,0.000
1778959633,34.73,29.00,55.00,0,1,tinyml,,,,38.147,0.000,0.000,0.000,0.000,0.000
1778959638,34.70,29.02,55.00,0,1,tinyml,,,,38.147,0.000,0.000,0.000,0.000,0.000
1778959643,34.73,29.00,55.00,0,1,tinyml,,,,38.409,0.000,0.000,0.000,0.000,0.000
1778959648,34.71,28.99,55.00,0,1,tinyml,,,,38.278,0.000,0.000,0.000,0.000,0.000
1778959653,34.71,28.98,55.10,0,1,tinyml,,,,38.147,0.000,0.000,0.000,0.000,0.000
1778959658,34.68,28.96,55.00,0,1,tinyml,,,,38.147,0.000,0.000,0.000,0.000,0.000
1778959663,34.66,28.95,55.00,0,1,tinyml,,,,38.278,0.000,0.000,0.000,0.000,0.000
1778959668,34.67,28.93,55.10,0,1,tinyml,,,,38.016,0.000,0.000,0.000,0.000,0.000
1778959673,34.67,28.93,55.10,0,1,tinyml,,,,38.409,0.000,0.000,0.000,0.000,0.000
1778959678,34.64,28.93,55.10,0,1,tinyml,,,,38.016,0.000,0.000,0.000,0.000,0.000
1778959683,34.64,28.92,55.10,0,1,tinyml,,,,38.016,0.000,0.000,0.000,0.000,0.000
1778959688,34.61,28.96,55.10,4,1,tinyml,,,,37.885,0.000,0.000,0.000,0.000,0.000
1778959693,34.61,28.96,55.20,0,1,tinyml,,,,38.016,0.000,0.000,0.000,0.000,0.000
1778959698,34.61,28.96,55.20,18,1,tinyml,,,,37.493,0.000,0.000,0.000,0.000,0.000
1778959703,34.57,28.99,55.20,4,1,tinyml,,,,37.885,0.000,0.000,0.000,0.000,0.000
1778959708,34.60,28.98,55.20,22,1,tinyml,,,,37.362,0.000,0.000,0.000,0.000,0.000
1778959713,34.57,29.00,55.20,13,1,tinyml,,,,37.624,0.000,0.000,0.000,0.000,0.000
1778959718,34.60,29.00,55.20,27,1,tinyml,,,,37.231,0.000,0.000,0.000,0.000,0.000
1778959723,34.57,29.02,55.20,18,1,tinyml,,,,37.493,0.000,0.000,0.000,0.000,0.000
1778959728,34.59,29.00,55.20,27,1,tinyml,,,,37.231,0.000,0.000,0.000,0.000,0.000
1778959733,34.59,29.00,55.20,32,1,tinyml,,,,37.100,0.000,0.000,0.000,0.000,0.000
1778959738,34.60,28.99,55.20,37,1,tinyml,,,,36.969,0.000,0.000,0.000,0.000,0.000
1778959743,34.59,28.99,55.20,37,1,tinyml,,,,36.969,0.000,0.000,0.000,0.000,0.000
1778959748,34.59,28.98,55.20,46,1,tinyml,,,,36.707,0.000,0.000,0.000,0.000,0.000
1778959753,34.60,28.98,55.10,37,1,tinyml,,,,36.969,0.000,0.000,0.000,0.000,0.000
1778959758,34.64,28.96,55.10,55,1,tinyml,,,,36.446,0.000,0.000,0.000,0.000,0.000
1778959763,34.67,28.98,55.00,46,1,tinyml,,,,36.707,0.000,0.000,0.000,0.000,0.000
1778959768,34.73,28.96,55.00,41,1,tinyml,,,,36.838,0.000,0.000,0.000,0.000,0.000
1778959773,34.74,28.95,55.00,41,1,tinyml,,,,36.838,0.000,0.000,0.000,0.000,0.000
1778959778,34.81,28.92,54.90,41,1,tinyml,,,,36.838,0.000,0.000,0.000,0.000,0.000
1778959783,34.88,28.92,54.70,55,1,tinyml,,,,36.446,0.000,0.000,0.000,0.000,0.000
1778959788,34.98,28.91,54.60,55,1,tinyml,,,,36.446,0.000,0.000,0.000,0.000,0.000
1778959793,35.07,28.86,54.40,55,1,tinyml,,,,36.446,0.000,0.000,0.000,0.000,0.000
1778959798,35.17,28.89,54.20,51,1,tinyml,,,,36.576,0.000,0.000,0.000,0.000,0.000
1778959803,35.25,28.86,54.00,55,1,tinyml,,,,36.446,0.000,0.000,0.000,0.000,0.000
1778959808,35.39,28.89,53.90,51,1,tinyml,,,,36.576,0.000,0.000,0.000,0.000,0.000
1778959813,35.53,28.89,53.70,51,1,tinyml,,,,36.576,0.000,0.000,0.000,0.000,0.000
1778959818,35.66,28.91,53.40,65,1,tinyml,,,,36.184,0.000,0.000,0.000,0.000,0.000
1778959823,35.79,28.89,53.20,46,1,tinyml,,,,36.707,0.000,0.000,0.000,0.000,0.000
1778959828,35.91,28.88,52.90,70,1,tinyml,,,,36.053,0.000,0.000,0.000,0.000,0.000
1778959833,36.05,28.89,52.70,60,1,tinyml,,,,36.315,0.000,0.000,0.000,0.000,0.000
1778959838,36.21,28.92,52.50,55,1,tinyml,,,,36.446,0.000,0.000,0.000,0.000,0.000
1778959843,36.35,28.92,52.10,65,1,tinyml,,,,36.184,0.000,0.000,0.000,0.000,0.000
1778959848,36.53,28.93,51.80,55,1,tinyml,,,,36.446,0.000,0.000,0.000,0.000,0.000
1778959853,36.71,28.92,51.50,51,1,tinyml,,,,36.576,0.000,0.000,0.000,0.000,0.000
1778959858,36.89,28.93,51.20,51,1,tinyml,,,,36.576,0.000,0.000,0.000,0.000,0.000
1778959863,37.06,28.91,50.90,51,1,tinyml,,,,36.576,0.000,0.000,0.000,0.000,0.000
1778959868,37.20,28.92,50.60,55,1,tinyml,,,,36.446,0.000,0.000,0.000,0.000,0.000
1778959873,37.34,28.89,50.40,46,1,tinyml,,,,36.707,0.000,0.000,0.000,0.000,0.000
1778959878,37.51,28.92,50.10,41,1,tinyml,,,,36.838,0.000,0.000,0.000,0.000,0.000
1778959883,37.66,28.91,49.80,37,1,tinyml,,,,36.969,0.000,0.000,0.000,0.000,0.000
1778959888,37.82,28.91,49.50,41,1,tinyml,,,,36.838,0.000,0.000,0.000,0.000,0.000
1778959893,37.96,28.92,49.30,37,1,tinyml,,,,36.969,0.000,0.000,0.000,0.000,0.000
1778959898,38.08,28.91,49.10,37,1,tinyml,,,,36.969,0.000,0.000,0.000,0.000,0.000
1778959903,38.20,28.95,48.90,32,1,tinyml,,,,37.100,0.000,0.000,0.000,0.000,0.000
1778959908,38.30,28.95,48.80,18,1,tinyml,,,,37.493,0.000,0.000,0.000,0.000,0.000
1778959913,38.38,28.93,48.60,13,1,tinyml,,,,37.624,0.000,0.000,0.000,0.000,0.000
1778959918,38.46,28.88,48.40,18,1,tinyml,,,,37.493,0.000,0.000,0.000,0.000,0.000
1778959923,38.55,28.91,48.30,18,1,tinyml,,,,37.493,0.000,0.000,0.000,0.000,0.000
1778959928,38.58,28.89,48.20,8,1,tinyml,,,,37.754,0.000,0.000,0.000,0.000,0.000
1778959933,38.61,28.91,48.20,4,1,tinyml,,,,37.885,0.000,0.000,0.000,0.000,0.000
1778959938,38.64,28.86,48.10,8,1,tinyml,,,,37.754,0.000,0.000,0.000,0.000,0.000
1778959943,38.64,28.89,48.10,8,1,tinyml,,,,37.754,0.000,0.000,0.000,0.000,0.000
1778959948,38.64,28.88,48.10,18,1,tinyml,,,,37.493,0.000,0.000,0.000,0.000,0.000
1778959953,38.61,28.89,48.10,13,1,tinyml,,,,37.624,0.000,0.000,0.000,0.000,0.000
1778959958,38.60,28.88,48.10,4,1,tinyml,,,,37.885,0.000,0.000,0.000,0.000,0.000
1778959963,38.55,28.86,48.20,4,1,tinyml,,,,37.885,0.000,0.000,0.000,0.000,0.000
1778959968,38.53,28.83,48.20,4,1,tinyml,,,,37.885,0.000,0.000,0.000,0.000,0.000
1778959973,38.47,28.83,48.30,4,1,tinyml,,,,37.885,0.000,0.000,0.000,0.000,0.000
1778959978,38.41,28.83,48.40,8,1,tinyml,,,,37.754,0.000,0.000,0.000,0.000,0.000
1778959983,38.37,28.82,48.50,0,1,tinyml,,,,38.147,0.000,0.000,0.000,0.000,0.000
1778959988,38.33,28.82,48.50,4,1,tinyml,,,,37.885,0.000,0.000,0.000,0.000,0.000
1778959993,38.24,28.85,48.70,8,1,tinyml,,,,37.754,0.000,0.000,0.000,0.000,0.000
1778959998,38.17,28.86,48.80,0,1,tinyml,,,,38.016,0.000,0.000,0.000,0.000,0.000
1778960003,38.12,28.86,48.90,4,1,tinyml,,,,37.885,0.000,0.000,0.000,0.000,0.000
1778960008,38.05,28.85,49.00,4,1,tinyml,,,,37.885,0.000,0.000,0.000,0.000,0.000
1778960013,37.99,28.85,49.20,0,1,tinyml,,,,38.147,0.000,0.000,0.000,0.000,0.000
1778960018,37.93,28.83,49.20,4,1,tinyml,,,,37.885,0.000,0.000,0.000,0.000,0.000
1778960023,37.83,28.85,49.40,0,1,tinyml,,,,38.147,0.000,0.000,0.000,0.000,0.000
1778960028,37.81,28.83,49.50,4,1,tinyml,,,,37.885,0.000,0.000,0.000,0.000,0.000
1778960033,37.71,28.86,49.60,0,1,tinyml,,,,38.278,0.000,0.000,0.000,0.000,0.000
1778960038,37.65,28.86,49.80,0,1,tinyml,,,,38.147,0.000,0.000,0.000,0.000,0.000
1778960043,37.60,28.88,49.80,0,1,tinyml,,,,38.278,0.000,0.000,0.000,0.000,0.000
1778960048,37.53,28.86,49.90,8,1,tinyml,,,,37.754,0.000,0.000,0.000,0.000,0.000
1778960053,37.47,28.88,50.10,0,1,tinyml,,,,38.278,0.000,0.000,0.000,0.000,0.000
1778960058,37.41,28.91,50.20,0,1,tinyml,,,,38.016,0.000,0.000,0.000,0.000,0.000
1778960063,37.35,28.89,50.30,0,1,tinyml,,,,38.278,0.000,0.000,0.000,0.000,0.000
1778960068,37.30,28.91,50.40,0,1,tinyml,,,,38.147,0.000,0.000,0.000,0.000,0.000
1778960073,37.23,28.92,50.50,0,1,tinyml,,,,38.409,0.000,0.000,0.000,0.000,0.000
1778960078,37.17,28.88,50.70,0,1,tinyml,,,,38.147,0.000,0.000,0.000,0.000,0.000
1778960083,37.11,28.89,50.70,0,1,tinyml,,,,38.671,0.000,0.000,0.000,0.000,0.000
1778960088,37.04,28.91,50.80,0,1,tinyml,,,,38.278,0.000,0.000,0.000,0.000,0.000
1778960093,37.00,28.91,50.90,0,1,tinyml,,,,38.409,0.000,0.000,0.000,0.000,0.000
1778960098,36.96,28.92,51.10,0,1,tinyml,,,,38.409,0.000,0.000,0.000,0.000,0.000
1778960103,36.90,28.89,51.10,0,1,tinyml,,,,38.671,0.000,0.000,0.000,0.000,0.000
1778960108,36.83,28.89,51.20,0,1,tinyml,,,,38.540,0.000,0.000,0.000,0.000,0.000
1778960113,36.79,28.91,51.30,0,1,tinyml,,,,38.278,0.000,0.000,0.000,0.000,0.000
1778960118,36.73,28.92,51.40,0,1,tinyml,,,,38.278,0.000,0.000,0.000,0.000,0.000
1778960123,36.72,28.93,51.50,0,1,tinyml,,,,38.540,0.000,0.000,0.000,0.000,0.000
1778960128,36.63,28.91,51.60,0,1,tinyml,,,,38.278,0.000,0.000,0.000,0.000,0.000
1778960133,36.59,28.91,51.70,0,1,tinyml,,,,38.278,0.000,0.000,0.000,0.000,0.000
1778960138,36.55,28.91,51.80,0,1,tinyml,,,,38.278,0.000,0.000,0.000,0.000,0.000
1778960143,36.49,28.89,51.90,0,1,tinyml,,,,38.409,0.000,0.000,0.000,0.000,0.000
1778960148,36.46,28.89,51.90,0,1,tinyml,,,,38.147,0.000,0.000,0.000,0.000,0.000
1778960153,36.44,28.91,52.00,0,1,tinyml,,,,38.147,0.000,0.000,0.000,0.000,0.000
1778960158,36.39,28.88,52.10,4,1,tinyml,,,,37.885,0.000,0.000,0.000,0.000,0.000
1778960163,36.34,28.88,52.20,0,1,tinyml,,,,38.016,0.000,0.000,0.000,0.000,0.000
1778960168,36.29,28.86,52.30,4,1,tinyml,,,,37.885,0.000,0.000,0.000,0.000,0.000
1778960173,36.24,28.89,52.30,8,1,tinyml,,,,37.754,0.000,0.000,0.000,0.000,0.000
1778960178,36.21,28.91,52.40,13,1,tinyml,,,,37.624,0.000,0.000,0.000,0.000,0.000
1778960183,36.20,28.88,52.50,4,1,tinyml,,,,37.885,0.000,0.000,0.000,0.000,0.000
1778960188,36.17,28.89,52.50,4,1,tinyml,,,,37.885,0.000,0.000,0.000,0.000,0.000
1778960193,36.12,28.92,52.60,13,1,tinyml,,,,37.624,0.000,0.000,0.000,0.000,0.000
1778960198,36.11,28.92,52.60,13,1,tinyml,,,,37.624,0.000,0.000,0.000,0.000,0.000
1778960203,36.07,28.89,52.70,4,1,tinyml,,,,37.885,0.000,0.000,0.000,0.000,0.000
1778960208,36.07,28.91,52.80,4,1,tinyml,,,,37.885,0.000,0.000,0.000,0.000,0.000
1778960213,36.01,28.92,52.80,0,1,tinyml,,,,38.147,0.000,0.000,0.000,0.000,0.000
1778960218,36.00,28.91,52.80,4,1,tinyml,,,,37.885,0.000,0.000,0.000,0.000,0.000
1778960223,35.98,28.91,52.80,0,1,tinyml,,,,38.016,0.000,0.000,0.000,0.000,0.000
1778960228,35.97,28.95,52.90,8,1,tinyml,,,,37.754,0.000,0.000,0.000,0.000,0.000
1778960233,35.94,28.95,52.90,0,1,tinyml,,,,38.016,0.000,0.000,0.000,0.000,0.000
1778960238,35.93,28.96,53.00,4,1,tinyml,,,,37.885,0.000,0.000,0.000,0.000,0.000
1778960243,35.90,28.96,53.00,4,1,tinyml,,,,37.885,0.000,0.000,0.000,0.000,0.000
1778960248,35.89,28.98,53.00,0,1,tinyml,,,,38.147,0.000,0.000,0.000,0.000,0.000
1778960253,35.87,29.00,53.10,0,1,tinyml,,,,38.409,0.000,0.000,0.000,0.000,0.000
1778960258,35.86,28.98,53.10,0,1,tinyml,,,,38.278,0.000,0.000,0.000,0.000,0.000
1778960263,35.83,28.96,53.10,0,1,tinyml,,,,38.278,0.000,0.000,0.000,0.000,0.000
1778960268,35.82,28.99,53.20,0,1,tinyml,,,,38.147,0.000,0.000,0.000,0.000,0.000
1778960273,35.83,28.95,53.20,0,1,tinyml,,,,38.278,0.000,0.000,0.000,0.000,0.000
1778960278,35.76,28.91,53.20,0,1,tinyml,,,,38.278,0.000,0.000,0.000,0.000,0.000
1778960283,35.76,28.93,53.30,0,1,tinyml,,,,38.278,0.000,0.000,0.000,0.000,0.000
1778960288,35.74,28.95,53.30,0,1,tinyml,,,,38.409,0.000,0.000,0.000,0.000,0.000
1778960293,35.73,28.95,53.30,0,1,tinyml,,,,38.147,0.000,0.000,0.000,0.000,0.000
1778960298,35.72,28.96,53.30,0,1,tinyml,,,,38.409,0.000,0.000,0.000,0.000,0.000
1778960303,35.67,28.96,53.40,0,1,tinyml,,,,38.278,0.000,0.000,0.000,0.000,0.000
1778960308,35.66,28.91,53.40,0,1,tinyml,,,,38.409,0.000,0.000,0.000,0.000,0.000
1778960313,35.65,28.92,53.50,0,1,tinyml,,,,38.540,0.000,0.000,0.000,0.000,0.000
1778960318,35.63,28.88,53.50,0,1,tinyml,,,,38.409,0.000,0.000,0.000,0.000,0.000
1778960323,35.60,28.86,53.50,0,1,tinyml,,,,38.540,0.000,0.000,0.000,0.000,0.000
1778960328,35.57,28.85,53.50,0,1,tinyml,,,,38.671,0.000,0.000,0.000,0.000,0.000
1778960333,35.59,28.86,53.60,0,1,tinyml,,,,38.409,0.000,0.000,0.000,0.000,0.000
1778960338,35.57,28.85,53.60,0,1,tinyml,,,,38.409,0.000,0.000,0.000,0.000,0.000
1778960343,35.53,28.82,53.70,0,1,tinyml,,,,38.409,0.000,0.000,0.000,0.000,0.000
1778960348,35.50,28.80,53.70,0,1,tinyml,,,,38.409,0.000,0.000,0.000,0.000,0.000
1778960353,35.49,28.78,53.70,0,1,tinyml,,,,38.409,0.000,0.000,0.000,0.000,0.000
1778960358,35.46,28.78,53.80,0,1,tinyml,,,,38.147,0.000,0.000,0.000,0.000,0.000
1778960363,35.45,28.76,53.80,0,1,tinyml,,,,38.147,0.000,0.000,0.000,0.000,0.000
1778960368,35.42,28.78,53.80,0,1,tinyml,,,,38.409,0.000,0.000,0.000,0.000,0.000
1778960373,35.41,28.74,53.80,0,1,tinyml,,,,38.540,0.000,0.000,0.000,0.000,0.000
1778960378,35.38,28.74,53.90,0,1,tinyml,,,,38.278,0.000,0.000,0.000,0.000,0.000
1778960383,35.35,28.75,53.90,0,1,tinyml,,,,38.409,0.000,0.000,0.000,0.000,0.000
1778960388,35.36,28.76,53.90,0,1,tinyml,,,,38.016,0.000,0.000,0.000,0.000,0.000
1778960393,35.35,28.80,54.00,0,1,tinyml,,,,38.016,0.000,0.000,0.000,0.000,0.000
1778960398,35.34,28.79,54.00,0,1,tinyml,,,,38.147,0.000,0.000,0.000,0.000,0.000
1778960403,35.29,28.83,54.00,0,1,tinyml,,,,38.278,0.000,0.000,0.000,0.000,0.000
1778960408,35.29,28.82,54.00,0,1,tinyml,,,,38.016,0.000,0.000,0.000,0.000,0.000
1778960413,35.27,28.80,54.10,4,1,tinyml,,,,37.885,0.000,0.000,0.000,0.000,0.000
1778960418,35.25,28.85,54.10,0,1,tinyml,,,,38.278,0.000,0.000,0.000,0.000,0.000
1778960423,35.24,28.83,54.10,0,1,tinyml,,,,38.147,0.000,0.000,0.000,0.000,0.000
1778960428,35.24,28.83,54.10,0,1,tinyml,,,,38.016,0.000,0.000,0.000,0.000,0.000
1778960433,35.19,28.83,54.20,0,1,tinyml,,,,38.016,0.000,0.000,0.000,0.000,0.000
1778960438,35.21,28.83,54.20,0,1,tinyml,,,,38.147,0.000,0.000,0.000,0.000,0.000
1778960443,35.17,28.83,54.20,4,1,tinyml,,,,37.885,0.000,0.000,0.000,0.000,0.000
1778960448,35.17,28.83,54.20,4,1,tinyml,,,,37.885,0.000,0.000,0.000,0.000,0.000
1778960453,35.14,28.80,54.30,0,1,tinyml,,,,38.016,0.000,0.000,0.000,0.000,0.000
1778960458,35.15,28.85,54.30,8,1,tinyml,,,,37.754,0.000,0.000,0.000,0.000,0.000
1778960463,35.14,28.83,54.30,8,1,tinyml,,,,37.754,0.000,0.000,0.000,0.000,0.000
1778960468,35.11,28.85,54.30,18,1,tinyml,,,,37.493,0.000,0.000,0.000,0.000,0.000
1778960473,35.12,28.85,54.30,18,1,tinyml,,,,37.493,0.000,0.000,0.000,0.000,0.000
1778960478,35.12,28.79,54.30,18,1,tinyml,,,,37.493,0.000,0.000,0.000,0.000,0.000
1778960483,35.08,28.76,54.30,18,1,tinyml,,,,37.493,0.000,0.000,0.000,0.000,0.000
1778960488,35.08,28.74,54.30,22,1,tinyml,,,,37.362,0.000,0.000,0.000,0.000,0.000
1778960493,35.07,28.74,54.30,18,1,tinyml,,,,37.493,0.000,0.000,0.000,0.000,0.000
1778960498,35.08,28.71,54.30,18,1,tinyml,,,,37.493,0.000,0.000,0.000,0.000,0.000
1778960503,35.07,28.68,54.40,27,1,tinyml,,,,37.231,0.000,0.000,0.000,0.000,0.000
1778960508,35.07,28.66,54.40,32,1,tinyml,,,,37.100,0.000,0.000,0.000,0.000,0.000
1778960513,35.07,28.64,54.40,32,1,tinyml,,,,37.100,0.000,0.000,0.000,0.000,0.000
1778960518,35.07,28.59,54.40,27,1,tinyml,,,,37.231,0.000,0.000,0.000,0.000,0.000
1778960523,35.05,28.61,54.40,46,1,tinyml,,,,36.707,0.000,0.000,0.000,0.000,0.000
1778960528,35.07,28.61,54.40,51,1,tinyml,,,,36.576,0.000,0.000,0.000,0.000,0.000
1778960533,35.08,28.61,54.40,37,1,tinyml,,,,36.969,0.000,0.000,0.000,0.000,0.000
1778960538,35.09,28.59,54.40,51,1,tinyml,,,,36.576,0.000,0.000,0.000,0.000,0.000
1778960543,35.12,28.64,54.30,46,1,tinyml,,,,36.707,0.000,0.000,0.000,0.000,0.000
1778960548,35.15,28.58,54.20,51,1,tinyml,,,,36.576,0.000,0.000,0.000,0.000,0.000
1778960553,35.22,28.56,54.10,55,1,tinyml,,,,36.446,0.000,0.000,0.000,0.000,0.000
1778960558,35.31,28.56,54.00,60,1,tinyml,,,,36.315,0.000,0.000,0.000,0.000,0.000
1778960563,35.38,28.52,53.90,55,1,tinyml,,,,36.446,0.000,0.000,0.000,0.000,0.000
1778960568,35.45,28.55,53.80,55,1,tinyml,,,,36.446,0.000,0.000,0.000,0.000,0.000
1778960573,35.55,28.55,53.60,55,1,tinyml,,,,36.446,0.000,0.000,0.000,0.000,0.000
1778960578,35.67,28.56,53.40,55,1,tinyml,,,,36.446,0.000,0.000,0.000,0.000,0.000
1778960583,35.82,28.55,53.20,55,1,tinyml,,,,36.446,0.000,0.000,0.000,0.000,0.000
1778960588,35.91,28.56,53.00,55,1,tinyml,,,,36.446,0.000,0.000,0.000,0.000,0.000
1778960593,36.08,28.58,52.80,60,1,tinyml,,,,36.315,0.000,0.000,0.000,0.000,0.000
1778960598,36.21,28.58,52.50,65,1,tinyml,,,,36.184,0.000,0.000,0.000,0.000,0.000
1778960603,36.37,28.61,52.20,60,1,tinyml,,,,36.315,0.000,0.000,0.000,0.000,0.000
1778960608,36.51,28.64,51.90,55,1,tinyml,,,,36.446,0.000,0.000,0.000,0.000,0.000
1778960613,36.66,28.65,51.70,60,1,tinyml,,,,36.315,0.000,0.000,0.000,0.000,0.000
1778960618,36.80,28.65,51.40,60,1,tinyml,,,,36.315,0.000,0.000,0.000,0.000,0.000
1778960623,37.00,28.65,51.10,60,1,tinyml,,,,36.315,0.000,0.000,0.000,0.000,0.000
1778960628,37.13,28.66,50.80,55,1,tinyml,,,,36.446,0.000,0.000,0.000,0.000,0.000
1778960633,37.33,28.69,50.50,51,1,tinyml,,,,36.576,0.000,0.000,0.000,0.000,0.000
1778960638,37.49,28.65,50.20,46,1,tinyml,,,,36.707,0.000,0.000,0.000,0.000,0.000
1778960643,37.66,28.72,49.90,55,1,tinyml,,,,36.446,0.000,0.000,0.000,0.000,0.000
1778960648,37.82,28.71,49.60,51,1,tinyml,,,,36.576,0.000,0.000,0.000,0.000,0.000
1778960653,38.00,28.69,49.30,41,1,tinyml,,,,36.838,0.000,0.000,0.000,0.000,0.000
1778960658,38.16,28.68,49.10,41,1,tinyml,,,,36.838,0.000,0.000,0.000,0.000,0.000
1778960663,38.30,28.71,48.90,37,1,tinyml,,,,36.969,0.000,0.000,0.000,0.000,0.000
1778960668,38.43,28.69,48.60,22,1,tinyml,,,,37.362,0.000,0.000,0.000,0.000,0.000
1778960673,38.58,28.69,48.30,27,1,tinyml,,,,37.231,0.000,0.000,0.000,0.000,0.000
1778960678,38.68,28.71,48.20,13,1,tinyml,,,,37.624,0.000,0.000,0.000,0.000,0.000
1778960683,38.78,28.75,48.00,22,1,tinyml,,,,37.362,0.000,0.000,0.000,0.000,0.000
1778960688,38.92,28.75,47.90,18,1,tinyml,,,,37.493,0.000,0.000,0.000,0.000,0.000
1778960693,38.95,28.74,47.70,22,1,tinyml,,,,37.362,0.000,0.000,0.000,0.000,0.000
1778960698,38.99,28.74,47.60,13,1,tinyml,,,,37.624,0.000,0.000,0.000,0.000,0.000
1778960703,39.02,28.74,47.60,22,1,tinyml,,,,37.362,0.000,0.000,0.000,0.000,0.000
1778960708,39.05,28.75,47.50,18,1,tinyml,,,,37.493,0.000,0.000,0.000,0.000,0.000
1778960713,39.06,28.75,47.50,8,1,tinyml,,,,37.754,0.000,0.000,0.000,0.000,0.000
1778960718,39.02,28.71,47.50,13,1,tinyml,,,,37.624,0.000,0.000,0.000,0.000,0.000
1778960723,39.02,28.68,47.50,13,1,tinyml,,,,37.624,0.000,0.000,0.000,0.000,0.000
1778960728,38.99,28.65,47.60,13,1,tinyml,,,,37.624,0.000,0.000,0.000,0.000,0.000
1778960733,38.95,28.62,47.60,13,1,tinyml,,,,37.624,0.000,0.000,0.000,0.000,0.000
1778960738,38.92,28.64,47.60,22,1,tinyml,,,,37.362,0.000,0.000,0.000,0.000,0.000
1778960743,38.85,28.61,47.80,8,1,tinyml,,,,37.754,0.000,0.000,0.000,0.000,0.000
1778960748,38.79,28.58,47.80,8,1,tinyml,,,,37.754,0.000,0.000,0.000,0.000,0.000
1778960753,38.72,28.58,47.90,18,1,tinyml,,,,37.493,0.000,0.000,0.000,0.000,0.000
1778960758,38.67,28.58,48.10,4,1,tinyml,,,,37.885,0.000,0.000,0.000,0.000,0.000
1778960763,38.60,28.56,48.20,4,1,tinyml,,,,37.885,0.000,0.000,0.000,0.000,0.000
1778960768,38.53,28.62,48.30,4,1,tinyml,,,,37.885,0.000,0.000,0.000,0.000,0.000
1778960773,38.46,28.65,48.30,8,1,tinyml,,,,37.754,0.000,0.000,0.000,0.000,0.000
1778960778,38.40,28.65,48.50,4,1,tinyml,,,,37.885,0.000,0.000,0.000,0.000,0.000
1778960783,38.33,28.66,48.60,8,1,tinyml,,,,37.754,0.000,0.000,0.000,0.000,0.000
1778960788,38.24,28.71,48.70,4,1,tinyml,,,,37.885,0.000,0.000,0.000,0.000,0.000
1778960793,38.20,28.69,48.90,8,1,tinyml,,,,37.754,0.000,0.000,0.000,0.000,0.000
1778960798,38.12,28.71,49.00,4,1,tinyml,,,,37.885,0.000,0.000,0.000,0.000,0.000
1778960803,38.06,28.72,49.10,8,1,tinyml,,,,37.754,0.000,0.000,0.000,0.000,0.000
1778960808,37.98,28.76,49.20,8,1,tinyml,,,,37.754,0.000,0.000,0.000,0.000,0.000
1778960813,37.93,28.78,49.30,8,1,tinyml,,,,37.754,0.000,0.000,0.000,0.000,0.000
1778960818,37.86,28.76,49.40,13,1,tinyml,,,,37.624,0.000,0.000,0.000,0.000,0.000
1778960823,37.79,28.78,49.50,13,1,tinyml,,,,37.624,0.000,0.000,0.000,0.000,0.000
1778960828,37.74,28.76,49.70,8,1,tinyml,,,,37.754,0.000,0.000,0.000,0.000,0.000
1778960833,37.66,28.79,49.80,13,1,tinyml,,,,37.624,0.000,0.000,0.000,0.000,0.000
1778960838,37.62,28.78,49.90,13,1,tinyml,,,,37.624,0.000,0.000,0.000,0.000,0.000
1778960843,37.57,28.79,50.00,4,1,tinyml,,,,37.885,0.000,0.000,0.000,0.000,0.000
1778960848,37.47,28.80,50.10,8,1,tinyml,,,,37.754,0.000,0.000,0.000,0.000,0.000
1778960853,37.45,28.80,50.20,8,1,tinyml,,,,37.754,0.000,0.000,0.000,0.000,0.000
1778960858,37.37,28.82,50.30,4,1,tinyml,,,,37.885,0.000,0.000,0.000,0.000,0.000
1778960863,37.34,28.83,50.50,4,1,tinyml,,,,37.885,0.000,0.000,0.000,0.000,0.000
1778960868,37.26,28.80,50.50,8,1,tinyml,,,,37.754,0.000,0.000,0.000,0.000,0.000
1778960873,37.21,28.79,50.60,8,1,tinyml,,,,37.754,0.000,0.000,0.000,0.000,0.000
1778960878,37.17,28.78,50.70,8,1,tinyml,,,,37.754,0.000,0.000,0.000,0.000,0.000
1778960883,37.10,28.78,50.80,8,1,tinyml,,,,37.754,0.000,0.000,0.000,0.000,0.000
1778960888,37.06,28.75,50.90,8,1,tinyml,,,,37.754,0.000,0.000,0.000,0.000,0.000
1778960893,37.04,28.75,51.00,13,1,tinyml,,,,37.624,0.000,0.000,0.000,0.000,0.000
1778960898,36.99,28.74,51.00,13,1,tinyml,,,,37.624,0.000,0.000,0.000,0.000,0.000
1778960903,36.93,28.78,51.10,13,1,tinyml,,,,37.624,0.000,0.000,0.000,0.000,0.000
1778960908,36.89,28.75,51.20,8,1,tinyml,,,,37.754,0.000,0.000,0.000,0.000,0.000
1778960913,36.83,28.74,51.30,8,1,tinyml,,,,37.754,0.000,0.000,0.000,0.000,0.000
1778960918,36.84,28.72,51.30,18,1,tinyml,,,,37.493,0.000,0.000,0.000,0.000,0.000
1778960923,36.78,28.71,51.40,13,1,tinyml,,,,37.624,0.000,0.000,0.000,0.000,0.000
1778960928,36.73,28.71,51.50,18,1,tinyml,,,,37.493,0.000,0.000,0.000,0.000,0.000
1778960933,36.68,28.69,51.60,18,1,tinyml,,,,37.493,0.000,0.000,0.000,0.000,0.000
1778960938,36.68,28.71,51.60,27,1,tinyml,,,,37.231,0.000,0.000,0.000,0.000,0.000
1778960943,36.61,28.75,51.70,27,1,tinyml,,,,37.231,0.000,0.000,0.000,0.000,0.000
1778960948,36.59,28.72,51.80,27,1,tinyml,,,,37.231,0.000,0.000,0.000,0.000,0.000
1778960953,36.56,28.71,51.80,27,1,tinyml,,,,37.231,0.000,0.000,0.000,0.000,0.000
1778960958,36.52,28.72,51.90,27,1,tinyml,,,,37.231,0.000,0.000,0.000,0.000,0.000
1778960963,36.51,28.71,51.90,27,1,tinyml,,,,37.231,0.000,0.000,0.000,0.000,0.000
1778960968,36.48,28.69,51.90,32,1,tinyml,,,,37.100,0.000,0.000,0.000,0.000,0.000
1778960973,36.46,28.71,52.00,32,1,tinyml,,,,37.100,0.000,0.000,0.000,0.000,0.000
1778960978,36.44,28.72,52.00,32,1,tinyml,,,,37.100,0.000,0.000,0.000,0.000,0.000
1778960983,36.46,28.72,52.10,27,1,tinyml,,,,37.231,0.000,0.000,0.000,0.000,0.000
1778960988,36.44,28.75,52.00,37,1,tinyml,,,,36.969,0.000,0.000,0.000,0.000,0.000
1778960993,36.44,28.76,52.00,27,1,tinyml,,,,37.231,0.000,0.000,0.000,0.000,0.000
1778960998,36.42,28.74,52.00,46,1,tinyml,,,,36.707,0.000,0.000,0.000,0.000,0.000
1778961003,36.45,28.75,52.00,37,1,tinyml,,,,36.969,0.000,0.000,0.000,0.000,0.000
1778961008,36.45,28.76,52.00,37,1,tinyml,,,,36.969,0.000,0.000,0.000,0.000,0.000
1778961013,36.49,28.78,52.00,46,1,tinyml,,,,36.707,0.000,0.000,0.000,0.000,0.000
1778961018,36.49,28.75,51.90,41,1,tinyml,,,,36.838,0.000,0.000,0.000,0.000,0.000
1778961023,36.51,28.74,51.90,46,1,tinyml,,,,36.707,0.000,0.000,0.000,0.000,0.000
1778961028,36.55,28.75,51.80,41,1,tinyml,,,,36.838,0.000,0.000,0.000,0.000,0.000
1778961033,36.61,28.78,51.80,32,1,tinyml,,,,37.100,0.000,0.000,0.000,0.000,0.000
1778961038,36.65,28.76,51.70,32,1,tinyml,,,,37.100,0.000,0.000,0.000,0.000,0.000
1778961043,36.75,28.78,51.60,32,1,tinyml,,,,37.100,0.000,0.000,0.000,0.000,0.000
1778961048,36.79,28.78,51.40,32,1,tinyml,,,,37.100,0.000,0.000,0.000,0.000,0.000
1778961053,36.84,28.79,51.30,32,1,tinyml,,,,37.100,0.000,0.000,0.000,0.000,0.000
1778961058,36.90,28.75,51.20,37,1,tinyml,,,,36.969,0.000,0.000,0.000,0.000,0.000
1778961063,36.94,28.76,51.20,32,1,tinyml,,,,37.100,0.000,0.000,0.000,0.000,0.000
1778961068,36.97,28.75,51.00,32,1,tinyml,,,,37.100,0.000,0.000,0.000,0.000,0.000
1778961073,37.04,28.71,50.90,27,1,tinyml,,,,37.231,0.000,0.000,0.000,0.000,0.000
1778961078,37.10,28.69,50.80,32,1,tinyml,,,,37.100,0.000,0.000,0.000,0.000,0.000
1778961083,37.17,28.68,50.70,32,1,tinyml,,,,37.100,0.000,0.000,0.000,0.000,0.000
1778961088,37.19,28.68,50.70,27,1,tinyml,,,,37.231,0.000,0.000,0.000,0.000,0.000
1778961093,37.24,28.65,50.60,32,1,tinyml,,,,37.100,0.000,0.000,0.000,0.000,0.000
1778961098,37.24,28.68,50.50,27,1,tinyml,,,,37.231,0.000,0.000,0.000,0.000,0.000
1778961103,37.31,28.66,50.50,27,1,tinyml,,,,37.231,0.000,0.000,0.000,0.000,0.000
1778961108,37.33,28.71,50.50,32,1,tinyml,,,,37.100,0.000,0.000,0.000,0.000,0.000
1778961113,37.35,28.72,50.40,18,1,tinyml,,,,37.493,0.000,0.000,0.000,0.000,0.000
1778961118,37.35,28.75,50.30,32,1,tinyml,,,,37.100,0.000,0.000,0.000,0.000,0.000
1778961123,37.39,28.75,50.20,13,1,tinyml,,,,37.624,0.000,0.000,0.000,0.000,0.000
1778961128,37.41,28.74,50.30,13,1,tinyml,,,,37.624,0.000,0.000,0.000,0.000,0.000
1778961133,37.42,28.75,50.20,18,1,tinyml,,,,37.493,0.000,0.000,0.000,0.000,0.000
1778961138,37.42,28.79,50.20,18,1,tinyml,,,,37.493,0.000,0.000,0.000,0.000,0.000
1778961143,37.42,28.76,50.20,8,1,tinyml,,,,37.754,0.000,0.000,0.000,0.000,0.000
1778961148,37.41,28.79,50.20,4,1,tinyml,,,,37.885,0.000,0.000,0.000,0.000,0.000
1778961153,37.38,28.79,50.20,22,1,tinyml,,,,37.362,0.000,0.000,0.000,0.000,0.000
1778961158,37.39,28.82,50.20,8,1,tinyml,,,,37.754,0.000,0.000,0.000,0.000,0.000
1778961163,37.38,28.82,50.30,18,1,tinyml,,,,37.493,0.000,0.000,0.000,0.000,0.000
1778961168,37.35,28.82,50.30,8,1,tinyml,,,,37.754,0.000,0.000,0.000,0.000,0.000
1778961173,37.33,28.80,50.30,18,1,tinyml,,,,37.493,0.000,0.000,0.000,0.000,0.000
1778961178,37.30,28.83,50.40,18,1,tinyml,,,,37.493,0.000,0.000,0.000,0.000,0.000
1778961183,37.27,28.79,50.40,22,1,tinyml,,,,37.362,0.000,0.000,0.000,0.000,0.000
1778961188,37.27,28.80,50.50,8,1,tinyml,,,,37.754,0.000,0.000,0.000,0.000,0.000
1778961193,37.24,28.80,50.50,27,1,tinyml,,,,37.231,0.000,0.000,0.000,0.000,0.000
1778961198,37.20,28.80,50.60,8,1,tinyml,,,,37.754,0.000,0.000,0.000,0.000,0.000
1778961203,37.14,28.80,50.70,8,1,tinyml,,,,37.754,0.000,0.000,0.000,0.000,0.000
1778961208,37.14,28.76,50.70,8,1,tinyml,,,,37.754,0.000,0.000,0.000,0.000,0.000
1778961213,37.09,28.79,50.80,18,1,tinyml,,,,37.493,0.000,0.000,0.000,0.000,0.000
1778961218,37.04,28.80,50.80,18,1,tinyml,,,,37.493,0.000,0.000,0.000,0.000,0.000
1778961223,37.01,28.82,50.90,18,1,tinyml,,,,37.493,0.000,0.000,0.000,0.000,0.000
1778961228,36.97,28.83,51.00,13,1,tinyml,,,,37.624,0.000,0.000,0.000,0.000,0.000
1778961233,36.96,28.82,51.00,18,1,tinyml,,,,37.493,0.000,0.000,0.000,0.000,0.000
1778961238,36.92,28.83,51.10,13,1,tinyml,,,,37.624,0.000,0.000,0.000,0.000,0.000
1778961243,36.87,28.83,51.10,13,1,tinyml,,,,37.624,0.000,0.000,0.000,0.000,0.000
1778961248,36.86,28.83,51.20,13,1,tinyml,,,,37.624,0.000,0.000,0.000,0.000,0.000
1778961253,36.82,28.83,51.20,13,1,tinyml,,,,37.624,0.000,0.000,0.000,0.000,0.000
1778961258,36.79,28.82,51.30,8,1,tinyml,,,,37.754,0.000,0.000,0.000,0.000,0.000
1778961263,36.76,28.85,51.40,13,1,tinyml,,,,37.624,0.000,0.000,0.000,0.000,0.000
1778961268,36.71,28.82,51.40,8,1,tinyml,,,,37.754,0.000,0.000,0.000,0.000,0.000
1778961273,36.68,28.82,51.50,22,1,tinyml,,,,37.362,0.000,0.000,0.000,0.000,0.000
1778961278,36.63,28.82,51.50,8,1,tinyml,,,,37.754,0.000,0.000,0.000,0.000,0.000
1778961283,36.62,28.82,51.60,8,1,tinyml,,,,37.754,0.000,0.000,0.000,0.000,0.000
1778961288,36.57,28.82,51.70,8,1,tinyml,,,,37.754,0.000,0.000,0.000,0.000,0.000
1778961293,36.56,28.80,51.70,8,1,tinyml,,,,37.754,0.000,0.000,0.000,0.000,0.000
1778961298,36.52,28.80,51.80,8,1,tinyml,,,,37.754,0.000,0.000,0.000,0.000,0.000
1778961303,36.46,28.78,51.80,18,1,tinyml,,,,37.493,0.000,0.000,0.000,0.000,0.000
1778961308,36.45,28.76,51.90,4,1,tinyml,,,,37.885,0.000,0.000,0.000,0.000,0.000
1778961313,36.42,28.76,51.90,8,1,tinyml,,,,37.754,0.000,0.000,0.000,0.000,0.000
1778961318,36.37,28.75,52.00,4,1,tinyml,,,,37.885,0.000,0.000,0.000,0.000,0.000
1778961323,36.35,28.75,52.10,8,1,tinyml,,,,37.754,0.000,0.000,0.000,0.000,0.000
1778961328,36.35,28.75,52.10,4,1,tinyml,,,,37.885,0.000,0.000,0.000,0.000,0.000
1778961333,36.29,28.72,52.20,22,1,tinyml,,,,37.362,0.000,0.000,0.000,0.000,0.000
1778961338,36.27,28.75,52.20,18,1,tinyml,,,,37.493,0.000,0.000,0.000,0.000,0.000
1778961343,36.24,28.76,52.20,13,1,tinyml,,,,37.624,0.000,0.000,0.000,0.000,0.000
1778961348,36.23,28.74,52.30,8,1,tinyml,,,,37.754,0.000,0.000,0.000,0.000,0.000
1778961353,36.21,28.74,52.30,4,1,tinyml,,,,37.885,0.000,0.000,0.000,0.000,0.000
1778961358,36.18,28.72,52.40,0,1,tinyml,,,,38.147,0.000,0.000,0.000,0.000,0.000
1778961363,36.16,28.72,52.40,22,1,tinyml,,,,37.362,0.000,0.000,0.000,0.000,0.000
1778961368,36.16,28.69,52.40,8,1,tinyml,,,,37.754,0.000,0.000,0.000,0.000,0.000
1778961373,36.11,28.71,52.50,8,1,tinyml,,,,37.754,0.000,0.000,0.000,0.000,0.000
1778961378,36.12,28.69,52.50,0,1,tinyml,,,,38.016,0.000,0.000,0.000,0.000,0.000
1778961383,36.08,28.71,52.50,18,1,tinyml,,,,37.493,0.000,0.000,0.000,0.000,0.000
1778961388,36.08,28.66,52.60,0,1,tinyml,,,,38.016,0.000,0.000,0.000,0.000,0.000
1778961393,36.02,28.68,52.60,8,1,tinyml,,,,37.754,0.000,0.000,0.000,0.000,0.000
1778961398,36.02,28.68,52.60,0,1,tinyml,,,,38.147,0.000,0.000,0.000,0.000,0.000
1778961403,36.00,28.66,52.60,13,1,tinyml,,,,37.624,0.000,0.000,0.000,0.000,0.000
1778961408,35.98,28.64,52.70,0,1,tinyml,,,,38.016,0.000,0.000,0.000,0.000,0.000
1778961413,35.96,28.64,52.70,22,1,tinyml,,,,37.362,0.000,0.000,0.000,0.000,0.000
1778961418,35.96,28.64,52.80,8,1,tinyml,,,,37.754,0.000,0.000,0.000,0.000,0.000
1778961423,35.94,28.65,52.80,8,1,tinyml,,,,37.754,0.000,0.000,0.000,0.000,0.000
1778961428,35.91,28.65,52.80,8,1,tinyml,,,,37.754,0.000,0.000,0.000,0.000,0.000
1778961433,35.89,28.66,52.90,18,1,tinyml,,,,37.493,0.000,0.000,0.000,0.000,0.000
1778961438,35.89,28.66,52.90,13,1,tinyml,,,,37.624,0.000,0.000,0.000,0.000,0.000
1778961443,35.86,28.64,53.00,27,1,tinyml,,,,37.231,0.000,0.000,0.000,0.000,0.000
1778961448,35.83,28.68,53.00,8,1,tinyml,,,,37.754,0.000,0.000,0.000,0.000,0.000
1778961453,35.79,28.65,53.00,27,1,tinyml,,,,37.231,0.000,0.000,0.000,0.000,0.000
1778961458,35.84,28.64,53.00,22,1,tinyml,,,,37.362,0.000,0.000,0.000,0.000,0.000
1778961463,35.79,28.65,53.00,27,1,tinyml,,,,37.231,0.000,0.000,0.000,0.000,0.000
1778961468,35.77,28.56,53.10,27,1,tinyml,,,,37.231,0.000,0.000,0.000,0.000,0.000
1778961473,35.77,28.59,53.10,32,1,tinyml,,,,37.100,0.000,0.000,0.000,0.000,0.000
1778961478,35.76,28.59,53.10,22,1,tinyml,,,,37.362,0.000,0.000,0.000,0.000,0.000
1778961483,35.76,28.59,53.10,32,1,tinyml,,,,37.100,0.000,0.000,0.000,0.000,0.000
1778961488,35.77,28.59,53.10,27,1,tinyml,,,,37.231,0.000,0.000,0.000,0.000,0.000
1778961493,35.74,28.62,53.10,41,1,tinyml,,,,36.838,0.000,0.000,0.000,0.000,0.000
1778961498,35.74,28.64,53.10,27,1,tinyml,,,,37.231,0.000,0.000,0.000,0.000,0.000
1778961503,35.79,28.65,53.00,46,1,tinyml,,,,36.707,0.000,0.000,0.000,0.000,0.000
1778961508,35.79,28.65,53.00,27,1,tinyml,,,,37.231,0.000,0.000,0.000,0.000,0.000
1778961513,35.80,28.66,53.00,46,1,tinyml,,,,36.707,0.000,0.000,0.000,0.000,0.000
1778961518,35.82,28.69,53.00,37,1,tinyml,,,,36.969,0.000,0.000,0.000,0.000,0.000
1778961523,35.86,28.69,52.90,51,1,tinyml,,,,36.576,0.000,0.000,0.000,0.000,0.000
1778961528,35.90,28.71,52.90,41,1,tinyml,,,,36.838,0.000,0.000,0.000,0.000,0.000
1778961533,35.93,28.71,52.80,46,1,tinyml,,,,36.707,0.000,0.000,0.000,0.000,0.000
1778961538,36.00,28.71,52.70,46,1,tinyml,,,,36.707,0.000,0.000,0.000,0.000,0.000
1778961543,36.04,28.74,52.60,51,1,tinyml,,,,36.576,0.000,0.000,0.000,0.000,0.000
1778961548,36.12,28.74,52.50,46,1,tinyml,,,,36.707,0.000,0.000,0.000,0.000,0.000
1778961553,36.20,28.74,52.30,46,1,tinyml,,,,36.707,0.000,0.000,0.000,0.000,0.000
1778961558,36.28,28.74,52.20,46,1,tinyml,,,,36.707,0.000,0.000,0.000,0.000,0.000
1778961563,36.37,28.71,52.10,41,1,tinyml,,,,36.838,0.000,0.000,0.000,0.000,0.000
1778961568,36.46,28.71,52.00,51,1,tinyml,,,,36.576,0.000,0.000,0.000,0.000,0.000
1778961573,36.55,28.69,51.70,55,1,tinyml,,,,36.446,0.000,0.000,0.000,0.000,0.000
1778961578,36.68,28.68,51.60,46,1,tinyml,,,,36.707,0.000,0.000,0.000,0.000,0.000
1778961583,36.80,28.68,51.30,41,1,tinyml,,,,36.838,0.000,0.000,0.000,0.000,0.000
1778961588,36.87,28.66,51.20,51,1,tinyml,,,,36.576,0.000,0.000,0.000,0.000,0.000
1778961593,36.99,28.68,51.00,46,1,tinyml,,,,36.707,0.000,0.000,0.000,0.000,0.000
1778961598,37.11,28.66,50.70,41,1,tinyml,,,,36.838,0.000,0.000,0.000,0.000,0.000
1778961603,37.23,28.64,50.60,37,1,tinyml,,,,36.969,0.000,0.000,0.000,0.000,0.000
1778961608,37.33,28.61,50.40,37,1,tinyml,,,,36.969,0.000,0.000,0.000,0.000,0.000
1778961613,37.45,28.61,50.20,41,1,tinyml,,,,36.838,0.000,0.000,0.000,0.000,0.000
1778961618,37.57,28.56,50.00,41,1,tinyml,,,,36.838,0.000,0.000,0.000,0.000,0.000
1778961623,37.68,28.59,49.80,41,1,tinyml,,,,36.838,0.000,0.000,0.000,0.000,0.000
1778961628,37.74,28.59,49.60,46,1,tinyml,,,,36.707,0.000,0.000,0.000,0.000,0.000
1778961633,37.85,28.55,49.50,37,1,tinyml,,,,36.969,0.000,0.000,0.000,0.000,0.000
1778961638,37.90,28.58,49.30,37,1,tinyml,,,,36.969,0.000,0.000,0.000,0.000,0.000
1778961643,38.00,28.58,49.20,18,1,tinyml,,,,37.493,0.000,0.000,0.000,0.000,0.000
1778961648,38.09,28.56,49.00,27,1,tinyml,,,,37.231,0.000,0.000,0.000,0.000,0.000
1778961653,38.16,28.59,48.90,22,1,tinyml,,,,37.362,0.000,0.000,0.000,0.000,0.000
1778961658,38.20,28.56,48.80,27,1,tinyml,,,,37.231,0.000,0.000,0.000,0.000,0.000
1778961663,38.27,28.55,48.70,27,1,tinyml,,,,37.231,0.000,0.000,0.000,0.000,0.000
1778961668,38.30,28.58,48.60,32,1,tinyml,,,,37.100,0.000,0.000,0.000,0.000,0.000
1778961673,38.33,28.55,48.60,18,1,tinyml,,,,37.493,0.000,0.000,0.000,0.000,0.000
1778961678,38.34,28.56,48.50,22,1,tinyml,,,,37.362,0.000,0.000,0.000,0.000,0.000
1778961683,38.36,28.58,48.50,13,1,tinyml,,,,37.624,0.000,0.000,0.000,0.000,0.000
1778961688,38.37,28.54,48.50,27,1,tinyml,,,,37.231,0.000,0.000,0.000,0.000,0.000
1778961693,38.37,28.56,48.50,18,1,tinyml,,,,37.493,0.000,0.000,0.000,0.000,0.000
1778961698,38.38,28.59,48.40,27,1,tinyml,,,,37.231,0.000,0.000,0.000,0.000,0.000
1778961703,38.36,28.62,48.50,13,1,tinyml,,,,37.624,0.000,0.000,0.000,0.000,0.000
1778961708,38.34,28.62,48.50,18,1,tinyml,,,,37.493,0.000,0.000,0.000,0.000,0.000
1778961713,38.31,28.64,48.50,18,1,tinyml,,,,37.493,0.000,0.000,0.000,0.000,0.000
1778961718,38.29,28.61,48.60,27,1,tinyml,,,,37.231,0.000,0.000,0.000,0.000,0.000
1778961723,38.26,28.61,48.60,8,1,tinyml,,,,37.754,0.000,0.000,0.000,0.000,0.000
1778961728,38.23,28.61,48.70,18,1,tinyml,,,,37.493,0.000,0.000,0.000,0.000,0.000
1778961733,38.19,28.64,48.80,8,1,tinyml,,,,37.754,0.000,0.000,0.000,0.000,0.000
1778961738,38.13,28.66,48.90,13,1,tinyml,,,,37.624,0.000,0.000,0.000,0.000,0.000
1778961743,38.09,28.68,48.90,8,1,tinyml,,,,37.754,0.000,0.000,0.000,0.000,0.000
1778961748,38.05,28.68,49.00,13,1,tinyml,,,,37.624,0.000,0.000,0.000,0.000,0.000
1778961753,38.00,28.68,49.10,8,1,tinyml,,,,37.754,0.000,0.000,0.000,0.000,0.000
1778961758,37.92,28.71,49.20,8,1,tinyml,,,,37.754,0.000,0.000,0.000,0.000,0.000
1778961763,37.89,28.72,49.30,8,1,tinyml,,,,37.754,0.000,0.000,0.000,0.000,0.000
1778961768,37.85,28.75,49.30,18,1,tinyml,,,,37.493,0.000,0.000,0.000,0.000,0.000
1778961773,37.78,28.75,49.50,8,1,tinyml,,,,37.754,0.000,0.000,0.000,0.000,0.000
1778961778,37.75,28.75,49.60,18,1,tinyml,,,,37.493,0.000,0.000,0.000,0.000,0.000
1778961783,37.68,28.75,49.60,4,1,tinyml,,,,37.885,0.000,0.000,0.000,0.000,0.000
1778961788,37.64,28.76,49.70,18,1,tinyml,,,,37.493,0.000,0.000,0.000,0.000,0.000
1778961793,37.57,28.76,49.80,0,1,tinyml,,,,38.016,0.000,0.000,0.000,0.000,0.000
1778961798,37.53,28.79,50.00,18,1,tinyml,,,,37.493,0.000,0.000,0.000,0.000,0.000
1778961803,37.45,28.79,50.00,13,1,tinyml,,,,37.624,0.000,0.000,0.000,0.000,0.000
1778961808,37.38,28.76,50.10,13,1,tinyml,,,,37.624,0.000,0.000,0.000,0.000,0.000
1778961813,37.35,28.78,50.20,8,1,tinyml,,,,37.754,0.000,0.000,0.000,0.000,0.000
1778961818,37.30,28.76,50.40,8,1,tinyml,,,,37.754,0.000,0.000,0.000,0.000,0.000
1778961823,37.24,28.79,50.40,8,1,tinyml,,,,37.754,0.000,0.000,0.000,0.000,0.000
1778961828,37.20,28.80,50.50,13,1,tinyml,,,,37.624,0.000,0.000,0.000,0.000,0.000
1778961833,37.14,28.79,50.50,8,1,tinyml,,,,37.754,0.000,0.000,0.000,0.000,0.000
1778961838,37.13,28.80,50.70,18,1,tinyml,,,,37.493,0.000,0.000,0.000,0.000,0.000
1778961843,37.06,28.82,50.70,8,1,tinyml,,,,37.754,0.000,0.000,0.000,0.000,0.000
1778961848,37.01,28.80,50.80,22,1,tinyml,,,,37.362,0.000,0.000,0.000,0.000,0.000
1778961853,36.96,28.79,50.90,8,1,tinyml,,,,37.754,0.000,0.000,0.000,0.000,0.000
1778961858,36.93,28.78,51.00,22,1,tinyml,,,,37.362,0.000,0.000,0.000,0.000,0.000
1778961863,36.90,28.78,51.10,0,1,tinyml,,,,38.016,0.000,0.000,0.000,0.000,0.000
1778961868,36.84,28.76,51.10,22,1,tinyml,,,,37.362,0.000,0.000,0.000,0.000,0.000
1778961873,36.82,28.74,51.20,18,1,tinyml,,,,37.493,0.000,0.000,0.000,0.000,0.000
1778961878,36.79,28.74,51.30,18,1,tinyml,,,,37.493,0.000,0.000,0.000,0.000,0.000
1778961883,36.75,28.72,51.40,13,1,tinyml,,,,37.624,0.000,0.000,0.000,0.000,0.000
1778961888,36.73,28.69,51.40,13,1,tinyml,,,,37.624,0.000,0.000,0.000,0.000,0.000
1778961893,36.68,28.71,51.50,18,1,tinyml,,,,37.493,0.000,0.000,0.000,0.000,0.000
1778961898,36.65,28.71,51.50,8,1,tinyml,,,,37.754,0.000,0.000,0.000,0.000,0.000
1778961903,36.63,28.68,51.60,37,1,tinyml,,,,36.969,0.000,0.000,0.000,0.000,0.000
1778961908,36.57,28.66,51.60,27,1,tinyml,,,,37.231,0.000,0.000,0.000,0.000,0.000
1778961913,36.53,28.66,51.60,37,1,tinyml,,,,36.969,0.000,0.000,0.000,0.000,0.000
1778961918,36.53,28.66,51.70,22,1,tinyml,,,,37.362,0.000,0.000,0.000,0.000,0.000
1778961923,36.51,28.69,51.70,37,1,tinyml,,,,36.969,0.000,0.000,0.000,0.000,0.000
1778961928,36.48,28.69,51.80,22,1,tinyml,,,,37.362,0.000,0.000,0.000,0.000,0.000
1778961933,36.49,28.69,51.80,37,1,tinyml,,,,36.969,0.000,0.000,0.000,0.000,0.000
1778961938,36.48,28.74,51.90,32,1,tinyml,,,,37.100,0.000,0.000,0.000,0.000,0.000
1778961943,36.49,28.74,51.80,32,1,tinyml,,,,37.100,0.000,0.000,0.000,0.000,0.000
1778961948,36.48,28.74,51.80,27,1,tinyml,,,,37.231,0.000,0.000,0.000,0.000,0.000
1778961953,36.51,28.74,51.80,41,1,tinyml,,,,36.838,0.000,0.000,0.000,0.000,0.000
1778961958,36.52,28.76,51.80,32,1,tinyml,,,,37.100,0.000,0.000,0.000,0.000,0.000
1778961963,36.53,28.75,51.80,41,1,tinyml,,,,36.838,0.000,0.000,0.000,0.000,0.000
1778961968,36.55,28.74,51.70,32,1,tinyml,,,,37.100,0.000,0.000,0.000,0.000,0.000
1778961973,36.57,28.74,51.70,41,1,tinyml,,,,36.838,0.000,0.000,0.000,0.000,0.000
1778961978,36.61,28.71,51.70,37,1,tinyml,,,,36.969,0.000,0.000,0.000,0.000,0.000
1778961983,36.65,28.75,51.60,41,1,tinyml,,,,36.838,0.000,0.000,0.000,0.000,0.000
1778961988,36.68,28.74,51.50,32,1,tinyml,,,,37.100,0.000,0.000,0.000,0.000,0.000
1778961993,36.72,28.75,51.50,41,1,tinyml,,,,36.838,0.000,0.000,0.000,0.000,0.000
1778961998,36.75,28.76,51.30,32,1,tinyml,,,,37.100,0.000,0.000,0.000,0.000,0.000
1778962003,36.79,28.78,51.30,41,1,tinyml,,,,36.838,0.000,0.000,0.000,0.000,0.000
1778962008,36.84,28.76,51.20,32,1,tinyml,,,,37.100,0.000,0.000,0.000,0.000,0.000
1778962013,36.90,28.75,51.20,41,1,tinyml,,,,36.838,0.000,0.000,0.000,0.000,0.000
1778962018,36.94,28.79,51.00,27,1,tinyml,,,,37.231,0.000,0.000,0.000,0.000,0.000
1778962023,37.00,28.78,50.90,27,1,tinyml,,,,37.231,0.000,0.000,0.000,0.000,0.000
1778962028,37.07,28.79,50.80,32,1,tinyml,,,,37.100,0.000,0.000,0.000,0.000,0.000
1778962033,37.11,28.79,50.70,22,1,tinyml,,,,37.362,0.000,0.000,0.000,0.000,0.000
1778962038,37.14,28.82,50.60,22,1,tinyml,,,,37.362,0.000,0.000,0.000,0.000,0.000
1778962043,37.20,28.79,50.50,22,1,tinyml,,,,37.362,0.000,0.000,0.000,0.000,0.000
1778962048,37.24,28.78,50.50,22,1,tinyml,,,,37.362,0.000,0.000,0.000,0.000,0.000
1778962053,37.27,28.83,50.40,22,1,tinyml,,,,37.362,0.000,0.000,0.000,0.000,0.000
1778962058,37.30,28.79,50.40,22,1,tinyml,,,,37.362,0.000,0.000,0.000,0.000,0.000
1778962063,37.31,28.82,50.30,22,1,tinyml,,,,37.362,0.000,0.000,0.000,0.000,0.000
1778962068,37.33,28.82,50.30,22,1,tinyml,,,,37.362,0.000,0.000,0.000,0.000,0.000
1778962073,37.34,28.83,50.30,22,1,tinyml,,,,37.362,0.000,0.000,0.000,0.000,0.000
1778962078,37.34,28.83,50.30,22,1,tinyml,,,,37.362,0.000,0.000,0.000,0.000,0.000
1778962083,37.37,28.82,50.20,22,1,tinyml,,,,37.362,0.000,0.000,0.000,0.000,0.000
1778962088,37.35,28.82,50.30,22,1,tinyml,,,,37.362,0.000,0.000,0.000,0.000,0.000
1778962093,37.31,28.85,50.20,22,1,tinyml,,,,37.362,0.000,0.000,0.000,0.000,0.000
1778962098,37.31,28.85,50.20,13,1,tinyml,,,,37.624,0.000,0.000,0.000,0.000,0.000
1778962103,37.31,28.86,50.30,18,1,tinyml,,,,37.493,0.000,0.000,0.000,0.000,0.000
1778962108,37.30,28.85,50.30,18,1,tinyml,,,,37.493,0.000,0.000,0.000,0.000,0.000
1778962113,37.24,28.86,50.30,13,1,tinyml,,,,37.624,0.000,0.000,0.000,0.000,0.000
1778962118,37.24,28.89,50.30,18,1,tinyml,,,,37.493,0.000,0.000,0.000,0.000,0.000
1778962123,37.23,28.88,50.40,8,1,tinyml,,,,37.754,0.000,0.000,0.000,0.000,0.000
1778962128,37.19,28.88,50.40,18,1,tinyml,,,,37.493,0.000,0.000,0.000,0.000,0.000
1778962133,37.20,28.91,50.50,8,1,tinyml,,,,37.754,0.000,0.000,0.000,0.000,0.000
1778962138,37.16,28.91,50.50,13,1,tinyml,,,,37.624,0.000,0.000,0.000,0.000,0.000
1778962143,37.10,28.91,50.60,13,1,tinyml,,,,37.624,0.000,0.000,0.000,0.000,0.000
1778962148,37.07,28.92,50.70,13,1,tinyml,,,,37.624,0.000,0.000,0.000,0.000,0.000
1778962153,37.06,28.92,50.70,18,1,tinyml,,,,37.493,0.000,0.000,0.000,0.000,0.000
1778962158,37.03,28.92,50.70,13,1,tinyml,,,,37.624,0.000,0.000,0.000,0.000,0.000
1778962163,36.99,28.92,50.80,22,1,tinyml,,,,37.362,0.000,0.000,0.000,0.000,0.000
1778962168,36.96,28.96,50.90,4,1,tinyml,,,,37.885,0.000,0.000,0.000,0.000,0.000
1778962173,36.92,28.93,51.00,4,1,tinyml,,,,37.885,0.000,0.000,0.000,0.000,0.000
1778962178,36.89,28.93,51.00,18,1,tinyml,,,,37.493,0.000,0.000,0.000,0.000,0.000
1778962183,36.84,28.92,51.00,13,1,tinyml,,,,37.624,0.000,0.000,0.000,0.000,0.000
1778962188,36.82,28.93,51.10,8,1,tinyml,,,,37.754,0.000,0.000,0.000,0.000,0.000
1778962193,36.79,28.89,51.20,8,1,tinyml,,,,37.754,0.000,0.000,0.000,0.000,0.000
1778962198,36.73,28.91,51.30,0,1,tinyml,,,,38.016,0.000,0.000,0.000,0.000,0.000
1778962203,36.73,28.93,51.30,8,1,tinyml,,,,37.754,0.000,0.000,0.000,0.000,0.000
1778962208,36.69,28.88,51.40,13,1,tinyml,,,,37.624,0.000,0.000,0.000,0.000,0.000
1778962213,36.63,28.88,51.40,8,1,tinyml,,,,37.754,0.000,0.000,0.000,0.000,0.000
1778962218,36.61,28.86,51.40,4,1,tinyml,,,,37.885,0.000,0.000,0.000,0.000,0.000
1778962223,36.59,28.85,51.50,8,1,tinyml,,,,37.754,0.000,0.000,0.000,0.000,0.000
1778962228,36.56,28.85,51.60,0,1,tinyml,,,,38.147,0.000,0.000,0.000,0.000,0.000
1778962233,36.52,28.85,51.70,0,1,tinyml,,,,38.016,0.000,0.000,0.000,0.000,0.000
1778962238,36.51,28.83,51.70,4,1,tinyml,,,,37.885,0.000,0.000,0.000,0.000,0.000
1778962243,36.48,28.83,51.80,4,1,tinyml,,,,37.885,0.000,0.000,0.000,0.000,0.000
1778962248,36.44,28.83,51.80,8,1,tinyml,,,,37.754,0.000,0.000,0.000,0.000,0.000
1778962253,36.39,28.82,51.90,4,1,tinyml,,,,37.885,0.000,0.000,0.000,0.000,0.000
1778962258,36.39,28.83,51.90,0,1,tinyml,,,,38.278,0.000,0.000,0.000,0.000,0.000
1778962263,36.35,28.79,52.00,0,1,tinyml,,,,38.016,0.000,0.000,0.000,0.000,0.000
1778962268,36.31,28.79,52.00,0,1,tinyml,,,,38.016,0.000,0.000,0.000,0.000,0.000
1778962273,36.31,28.79,52.00,4,1,tinyml,,,,37.885,0.000,0.000,0.000,0.000,0.000
1778962278,36.28,28.76,52.10,8,1,tinyml,,,,37.754,0.000,0.000,0.000,0.000,0.000
1778962284,36.24,28.75,52.10,4,1,tinyml,,,,37.885,0.000,0.000,0.000,0.000,0.000
1778962288,36.27,28.76,52.10,0,1,tinyml,,,,38.016,0.000,0.000,0.000,0.000,0.000
1778962293,36.21,28.78,52.20,0,1,tinyml,,,,38.147,0.000,0.000,0.000,0.000,0.000
1778962298,36.20,28.78,52.20,4,1,tinyml,,,,37.885,0.000,0.000,0.000,0.000,0.000
1778962303,36.20,28.74,52.30,4,1,tinyml,,,,37.885,0.000,0.000,0.000,0.000,0.000
1778962308,36.14,28.75,52.20,4,1,tinyml,,,,37.885,0.000,0.000,0.000,0.000,0.000
1778962313,36.12,28.74,52.30,4,1,tinyml,,,,37.885,0.000,0.000,0.000,0.000,0.000
1778962318,36.12,28.72,52.30,0,1,tinyml,,,,38.016,0.000,0.000,0.000,0.000,0.000
1778962323,36.08,28.74,52.40,0,1,tinyml,,,,38.016,0.000,0.000,0.000,0.000,0.000
1778962328,36.07,28.78,52.50,8,1,tinyml,,,,37.754,0.000,0.000,0.000,0.000,0.000
1778962333,36.07,28.75,52.40,0,1,tinyml,,,,38.016,0.000,0.000,0.000,0.000,0.000
1778962338,36.04,28.79,52.50,8,1,tinyml,,,,37.754,0.000,0.000,0.000,0.000,0.000
1778962343,36.04,28.78,52.50,4,1,tinyml,,,,37.885,0.000,0.000,0.000,0.000,0.000
1778962348,36.02,28.78,52.50,8,1,tinyml,,,,37.754,0.000,0.000,0.000,0.000,0.000
1778962353,36.00,28.78,52.50,8,1,tinyml,,,,37.754,0.000,0.000,0.000,0.000,0.000
1778962358,35.98,28.76,52.60,4,1,tinyml,,,,37.885,0.000,0.000,0.000,0.000,0.000
1778962363,35.97,28.78,52.60,0,1,tinyml,,,,38.016,0.000,0.000,0.000,0.000,0.000
1778962368,35.96,28.80,52.70,13,1,tinyml,,,,37.624,0.000,0.000,0.000,0.000,0.000
1778962373,35.91,28.79,52.70,4,1,tinyml,,,,37.885,0.000,0.000,0.000,0.000,0.000
1778962378,35.91,28.79,52.70,18,1,tinyml,,,,37.493,0.000,0.000,0.000,0.000,0.000
1778962383,35.90,28.78,52.80,0,1,tinyml,,,,38.147,0.000,0.000,0.000,0.000,0.000
1778962388,35.89,28.75,52.80,4,1,tinyml,,,,37.885,0.000,0.000,0.000,0.000,0.000
1778962393,35.84,28.72,52.80,0,1,tinyml,,,,38.147,0.000,0.000,0.000,0.000,0.000
1778962398,35.86,28.71,52.80,8,1,tinyml,,,,37.754,0.000,0.000,0.000,0.000,0.000
1778962403,35.84,28.72,52.80,0,1,tinyml,,,,38.016,0.000,0.000,0.000,0.000,0.000
1778962408,35.82,28.71,52.80,18,1,tinyml,,,,37.493,0.000,0.000,0.000,0.000,0.000
1778962413,35.82,28.69,52.90,13,1,tinyml,,,,37.624,0.000,0.000,0.000,0.000,0.000
1778962418,35.80,28.68,52.90,22,1,tinyml,,,,37.362,0.000,0.000,0.000,0.000,0.000
1778962423,35.82,28.65,52.90,4,1,tinyml,,,,37.885,0.000,0.000,0.000,0.000,0.000
1778962428,35.76,28.65,53.00,18,1,tinyml,,,,37.493,0.000,0.000,0.000,0.000,0.000
1778962433,35.77,28.66,53.00,0,1,tinyml,,,,38.016,0.000,0.000,0.000,0.000,0.000
1778962438,35.76,28.68,53.00,27,1,tinyml,,,,37.231,0.000,0.000,0.000,0.000,0.000
1778962443,35.73,28.72,53.00,13,1,tinyml,,,,37.624,0.000,0.000,0.000,0.000,0.000
1778962448,35.74,28.74,53.00,27,1,tinyml,,,,37.231,0.000,0.000,0.000,0.000,0.000
1778962453,35.72,28.74,53.00,18,1,tinyml,,,,37.493,0.000,0.000,0.000,0.000,0.000
1778962458,35.73,28.75,53.10,27,1,tinyml,,,,37.231,0.000,0.000,0.000,0.000,0.000
1778962463,35.72,28.72,53.10,18,1,tinyml,,,,37.493,0.000,0.000,0.000,0.000,0.000
1778962468,35.70,28.75,53.10,37,1,tinyml,,,,36.969,0.000,0.000,0.000,0.000,0.000
1778962473,35.72,28.75,53.10,27,1,tinyml,,,,37.231,0.000,0.000,0.000,0.000,0.000
1778962478,35.72,28.76,53.10,37,1,tinyml,,,,36.969,0.000,0.000,0.000,0.000,0.000
1778962483,35.72,28.76,53.00,27,1,tinyml,,,,37.231,0.000,0.000,0.000,0.000,0.000
1778962488,35.70,28.76,53.10,32,1,tinyml,,,,37.100,0.000,0.000,0.000,0.000,0.000
1778962493,35.73,28.75,53.00,37,1,tinyml,,,,36.969,0.000,0.000,0.000,0.000,0.000
1778962498,35.74,28.75,53.00,37,1,tinyml,,,,36.969,0.000,0.000,0.000,0.000,0.000
1778962503,35.74,28.75,53.00,27,1,tinyml,,,,37.231,0.000,0.000,0.000,0.000,0.000
1778962508,35.79,28.78,53.00,46,1,tinyml,,,,36.707,0.000,0.000,0.000,0.000,0.000
1778962513,35.79,28.75,52.90,37,1,tinyml,,,,36.969,0.000,0.000,0.000,0.000,0.000
1778962518,35.84,28.74,52.80,41,1,tinyml,,,,36.838,0.000,0.000,0.000,0.000,0.000
1778962523,35.89,28.72,52.80,41,1,tinyml,,,,36.838,0.000,0.000,0.000,0.000,0.000
1778962528,35.91,28.71,52.70,41,1,tinyml,,,,36.838,0.000,0.000,0.000,0.000,0.000
1778962533,35.98,28.71,52.60,32,1,tinyml,,,,37.100,0.000,0.000,0.000,0.000,0.000
1778962538,36.04,28.72,52.50,46,1,tinyml,,,,36.707,0.000,0.000,0.000,0.000,0.000
1778962543,36.08,28.69,52.40,46,1,tinyml,,,,36.707,0.000,0.000,0.000,0.000,0.000
1778962548,36.14,28.69,52.20,37,1,tinyml,,,,36.969,0.000,0.000,0.000,0.000,0.000
1778962553,36.23,28.74,52.10,41,1,tinyml,,,,36.838,0.000,0.000,0.000,0.000,0.000
1778962558,36.29,28.74,52.00,51,1,tinyml,,,,36.576,0.000,0.000,0.000,0.000,0.000
1778962563,36.37,28.74,51.90,41,1,tinyml,,,,36.838,0.000,0.000,0.000,0.000,0.000
1778962568,36.45,28.76,51.80,41,1,tinyml,,,,36.838,0.000,0.000,0.000,0.000,0.000
1778962573,36.52,28.76,51.60,51,1,tinyml,,,,36.576,0.000,0.000,0.000,0.000,0.000
1778962578,36.57,28.78,51.50,37,1,tinyml,,,,36.969,0.000,0.000,0.000,0.000,0.000
1778962583,36.68,28.75,51.40,51,1,tinyml,,,,36.576,0.000,0.000,0.000,0.000,0.000
1778962588,36.78,28.72,51.20,51,1,tinyml,,,,36.576,0.000,0.000,0.000,0.000,0.000
1778962593,36.86,28.72,51.00,41,1,tinyml,,,,36.838,0.000,0.000,0.000,0.000,0.000
1778962598,36.94,28.69,50.80,41,1,tinyml,,,,36.838,0.000,0.000,0.000,0.000,0.000
1778962603,37.06,28.72,50.70,37,1,tinyml,,,,36.969,0.000,0.000,0.000,0.000,0.000
1778962608,37.17,28.69,50.50,32,1,tinyml,,,,37.100,0.000,0.000,0.000,0.000,0.000
1778962613,37.26,28.68,50.30,41,1,tinyml,,,,36.838,0.000,0.000,0.000,0.000,0.000
1778962618,37.34,28.68,50.20,46,1,tinyml,,,,36.707,0.000,0.000,0.000,0.000,0.000
1778962623,37.45,28.69,50.00,37,1,tinyml,,,,36.969,0.000,0.000,0.000,0.000,0.000
1778962628,37.53,28.66,49.80,41,1,tinyml,,,,36.838,0.000,0.000,0.000,0.000,0.000
1778962633,37.58,28.66,49.70,32,1,tinyml,,,,37.100,0.000,0.000,0.000,0.000,0.000
1778962638,37.66,28.65,49.60,37,1,tinyml,,,,36.969,0.000,0.000,0.000,0.000,0.000
1778962643,37.74,28.65,49.50,37,1,tinyml,,,,36.969,0.000,0.000,0.000,0.000,0.000
1778962648,37.82,28.66,49.40,22,1,tinyml,,,,37.362,0.000,0.000,0.000,0.000,0.000
1778962653,37.90,28.65,49.20,32,1,tinyml,,,,37.100,0.000,0.000,0.000,0.000,0.000
1778962658,37.94,28.61,49.10,27,1,tinyml,,,,37.231,0.000,0.000,0.000,0.000,0.000
1778962663,38.00,28.58,49.00,32,1,tinyml,,,,37.100,0.000,0.000,0.000,0.000,0.000
1778962668,38.06,28.54,48.90,27,1,tinyml,,,,37.231,0.000,0.000,0.000,0.000,0.000
1778962673,38.09,28.55,48.80,18,1,tinyml,,,,37.493,0.000,0.000,0.000,0.000,0.000
1778962678,38.10,28.54,48.80,22,1,tinyml,,,,37.362,0.000,0.000,0.000,0.000,0.000
1778962683,38.15,28.55,48.80,13,1,tinyml,,,,37.624,0.000,0.000,0.000,0.000,0.000
1778962688,38.16,28.58,48.80,18,1,tinyml,,,,37.493,0.000,0.000,0.000,0.000,0.000
1778962693,38.17,28.58,48.70,27,1,tinyml,,,,37.231,0.000,0.000,0.000,0.000,0.000
1778962698,38.16,28.61,48.70,22,1,tinyml,,,,37.362,0.000,0.000,0.000,0.000,0.000
1778962703,38.15,28.65,48.70,32,1,tinyml,,,,37.100,0.000,0.000,0.000,0.000,0.000
1778962708,38.12,28.64,48.70,22,1,tinyml,,,,37.362,0.000,0.000,0.000,0.000,0.000
1778962713,38.12,28.66,48.80,22,1,tinyml,,,,37.362,0.000,0.000,0.000,0.000,0.000
1778962718,38.13,28.69,48.80,8,1,tinyml,,,,37.754,0.000,0.000,0.000,0.000,0.000
1778962723,38.10,28.69,48.80,8,1,tinyml,,,,37.754,0.000,0.000,0.000,0.000,0.000
1778962728,38.08,28.68,48.80,8,1,tinyml,,,,37.754,0.000,0.000,0.000,0.000,0.000
1778962733,38.02,28.68,48.90,8,1,tinyml,,,,37.754,0.000,0.000,0.000,0.000,0.000
1778962738,37.99,28.68,49.00,8,1,tinyml,,,,37.754,0.000,0.000,0.000,0.000,0.000
1778962743,37.98,28.69,49.00,22,1,tinyml,,,,37.362,0.000,0.000,0.000,0.000,0.000
1778962748,37.92,28.71,49.10,8,1,tinyml,,,,37.754,0.000,0.000,0.000,0.000,0.000
1778962753,37.86,28.69,49.20,18,1,tinyml,,,,37.493,0.000,0.000,0.000,0.000,0.000
1778962758,37.85,28.74,49.30,4,1,tinyml,,,,37.885,0.000,0.000,0.000,0.000,0.000
1778962763,37.79,28.74,49.30,18,1,tinyml,,,,37.493,0.000,0.000,0.000,0.000,0.000
1778962768,37.75,28.75,49.40,4,1,tinyml,,,,37.885,0.000,0.000,0.000,0.000,0.000
1778962773,37.68,28.76,49.50,18,1,tinyml,,,,37.493,0.000,0.000,0.000,0.000,0.000
1778962778,37.64,28.76,49.50,13,1,tinyml,,,,37.624,0.000,0.000,0.000,0.000,0.000
1778962783,37.61,28.80,49.70,22,1,tinyml,,,,37.362,0.000,0.000,0.000,0.000,0.000
1778962788,37.53,28.79,49.70,8,1,tinyml,,,,37.754,0.000,0.000,0.000,0.000,0.000
1778962793,37.49,28.82,49.80,8,1,tinyml,,,,37.754,0.000,0.000,0.000,0.000,0.000
1778962798,37.48,28.80,49.90,13,1,tinyml,,,,37.624,0.000,0.000,0.000,0.000,0.000
