timestamp_unix,t_in,t_ext,rh,pwm,door,ctrl_mode,phase,session_id,scenario,t_pred,err,integral,kp,ki,kd
1778993189,32.76,32.47,60.80,60,1,tinyml,,,,32.760,0.000,0.000,0.000,0.000,0.000
1778993194,32.88,32.49,60.50,60,1,tinyml,,,,32.880,0.000,0.000,0.000,0.000,0.000
1778993199,33.00,32.44,60.20,60,1,tinyml,,,,33.000,0.000,0.000,0.000,0.000,0.000
1778993204,33.18,32.45,59.80,60,1,tinyml,,,,33.180,0.000,0.000,0.000,0.000,0.000
1778993209,33.30,32.48,59.40,60,1,tinyml,,,,33.300,0.000,0.000,0.000,0.000,0.000
1778993214,33.54,32.47,58.90,60,1,tinyml,,,,33.540,0.000,0.000,0.000,0.000,0.000
1778993219,33.74,32.45,58.50,60,1,tinyml,,,,33.740,0.000,0.000,0.000,0.000,0.000
1778993224,33.92,32.44,58.00,60,1,tinyml,,,,33.920,0.000,0.000,0.000,0.000,0.000
1778993229,34.13,32.47,57.60,60,1,tinyml,,,,34.130,0.000,0.000,0.000,0.000,0.000
1778993234,34.35,32.45,57.10,60,1,tinyml,,,,34.350,0.000,0.000,0.000,0.000,0.000
1778993239,34.57,32.44,56.60,60,1,tinyml,,,,34.570,0.000,0.000,0.000,0.000,0.000
1778993244,34.79,32.45,56.20,57,1,tinyml,,,,34.790,0.000,0.000,0.000,0.000,0.000
1778993249,35.04,32.45,55.60,53,1,tinyml,,,,35.040,0.000,0.000,0.000,0.000,0.000
1778993254,35.24,32.45,55.20,49,1,tinyml,,,,35.240,0.000,0.000,0.000,0.000,0.000
1778993259,35.45,32.44,54.80,45,1,tinyml,,,,35.450,0.000,0.000,0.000,0.000,0.000
1778993264,35.65,32.42,54.30,42,1,tinyml,,,,35.650,0.000,0.000,0.000,0.000,0.000
1778993269,35.86,32.42,53.90,38,1,tinyml,,,,35.860,0.000,0.000,0.000,0.000,0.000
1778993274,36.05,32.42,53.50,35,1,tinyml,,,,36.050,0.000,0.000,0.000,0.000,0.000
1778993279,36.23,32.42,53.10,31,1,tinyml,,,,36.230,0.000,0.000,0.000,0.000,0.000
1778993284,36.39,32.44,52.70,28,1,tinyml,,,,36.390,0.000,0.000,0.000,0.000,0.000
1778993289,36.57,32.41,52.40,25,1,tinyml,,,,36.570,0.000,0.000,0.000,0.000,0.000
1778993294,36.73,32.41,52.00,22,1,tinyml,,,,36.730,0.000,0.000,0.000,0.000,0.000
1778993299,36.87,32.41,51.70,20,1,tinyml,,,,36.870,0.000,0.000,0.000,0.000,0.000
1778993304,36.97,32.41,51.50,18,1,tinyml,,,,36.970,0.000,0.000,0.000,0.000,0.000
1778993309,37.03,32.41,51.20,17,1,tinyml,,,,37.030,0.000,0.000,0.000,0.000,0.000
1778993314,37.13,32.44,51.10,15,1,tinyml,,,,37.130,0.000,0.000,0.000,0.000,0.000
1778993319,37.17,32.44,50.90,14,1,tinyml,,,,37.170,0.000,0.000,0.000,0.000,0.000
1778993324,37.23,32.42,50.80,13,1,tinyml,,,,37.230,0.000,0.000,0.000,0.000,0.000
1778993329,37.26,32.42,50.70,13,1,tinyml,,,,37.260,0.000,0.000,0.000,0.000,0.000
1778993334,37.24,32.42,50.60,13,1,tinyml,,,,37.240,0.000,0.000,0.000,0.000,0.000
1778993339,37.26,32.42,50.60,13,1,tinyml,,,,37.260,0.000,0.000,0.000,0.000,0.000
1778993344,37.27,32.44,50.60,13,1,tinyml,,,,37.270,0.000,0.000,0.000,0.000,0.000
1778993349,37.24,32.42,50.60,13,1,tinyml,,,,37.240,0.000,0.000,0.000,0.000,0.000
1778993354,37.26,32.42,50.60,13,1,tinyml,,,,37.260,0.000,0.000,0.000,0.000,0.000
1778993359,37.19,32.44,50.70,14,1,tinyml,,,,37.190,0.000,0.000,0.000,0.000,0.000
1778993364,37.16,32.42,50.70,15,1,tinyml,,,,37.160,0.000,0.000,0.000,0.000,0.000
1778993369,37.14,32.42,50.80,15,1,tinyml,,,,37.140,0.000,0.000,0.000,0.000,0.000
1778993374,37.10,32.41,50.80,16,1,tinyml,,,,37.100,0.000,0.000,0.000,0.000,0.000
1778993379,37.06,32.39,50.80,16,1,tinyml,,,,37.060,0.000,0.000,0.000,0.000,0.000
1778993384,37.00,32.42,51.00,18,1,tinyml,,,,37.000,0.000,0.000,0.000,0.000,0.000
1778993389,36.97,32.42,51.00,18,1,tinyml,,,,36.970,0.000,0.000,0.000,0.000,0.000
1778993394,36.93,32.44,51.10,19,1,tinyml,,,,36.930,0.000,0.000,0.000,0.000,0.000
1778993399,36.86,32.42,51.20,20,1,tinyml,,,,36.860,0.000,0.000,0.000,0.000,0.000
1778993404,36.82,32.42,51.30,21,1,tinyml,,,,36.820,0.000,0.000,0.000,0.000,0.000
1778993409,36.76,32.42,51.30,22,1,tinyml,,,,36.760,0.000,0.000,0.000,0.000,0.000
1778993414,36.75,32.44,51.50,22,1,tinyml,,,,36.750,0.000,0.000,0.000,0.000,0.000
1778993419,36.71,32.42,51.50,23,1,tinyml,,,,36.710,0.000,0.000,0.000,0.000,0.000
1778993424,36.65,32.42,51.60,24,1,tinyml,,,,36.650,0.000,0.000,0.000,0.000,0.000
1778993429,36.59,32.42,51.60,25,1,tinyml,,,,36.590,0.000,0.000,0.000,0.000,0.000
1778993434,36.57,32.39,51.70,25,1,tinyml,,,,36.570,0.000,0.000,0.000,0.000,0.000
1778993439,36.55,32.41,51.80,26,1,tinyml,,,,36.550,0.000,0.000,0.000,0.000,0.000
1778993444,36.49,32.39,51.90,27,1,tinyml,,,,36.490,0.000,0.000,0.000,0.000,0.000
1778993449,36.48,32.41,51.90,27,1,tinyml,,,,36.480,0.000,0.000,0.000,0.000,0.000
1778993454,36.48,32.41,52.00,27,1,tinyml,,,,36.480,0.000,0.000,0.000,0.000,0.000
1778993459,36.44,32.41,52.00,28,1,tinyml,,,,36.440,0.000,0.000,0.000,0.000,0.000
1778993464,36.41,32.44,52.00,47,1,tinyml,,,,37.910,0.000,0.000,0.000,0.000,0.000
1778993469,36.39,32.41,52.10,48,1,tinyml,,,,37.890,0.000,0.000,0.000,0.000,0.000
1778993474,36.41,32.42,52.10,47,1,tinyml,,,,37.910,0.000,0.000,0.000,0.000,0.000
1778993479,36.39,32.41,52.20,48,1,tinyml,,,,37.890,0.000,0.000,0.000,0.000,0.000
1778993484,36.42,32.39,52.20,47,1,tinyml,,,,37.920,0.000,0.000,0.000,0.000,0.000
1778993489,36.45,32.41,52.10,46,1,tinyml,,,,37.950,0.000,0.000,0.000,0.000,0.000
1778993494,36.49,32.41,52.00,45,1,tinyml,,,,37.990,0.000,0.000,0.000,0.000,0.000
1778993499,36.53,32.45,52.00,44,1,tinyml,,,,38.030,0.000,0.000,0.000,0.000,0.000
1778993504,36.59,32.44,51.90,42,1,tinyml,,,,38.090,0.000,0.000,0.000,0.000,0.000
1778993509,36.69,32.44,51.80,40,1,tinyml,,,,38.190,0.000,0.000,0.000,0.000,0.000
1778993514,36.75,32.44,51.70,40,1,tinyml,,,,38.250,0.000,0.000,0.000,0.000,0.000
1778993519,36.80,32.42,51.60,40,1,tinyml,,,,38.300,0.000,0.000,0.000,0.000,0.000
1778993524,36.90,32.42,51.40,40,1,tinyml,,,,38.400,0.000,0.000,0.000,0.000,0.000
1778993529,36.97,32.44,51.30,40,1,tinyml,,,,38.470,0.000,0.000,0.000,0.000,0.000
1778993534,37.07,32.45,51.10,0,1,tinyml,,,,38.570,0.000,0.000,0.000,0.000,0.000
1778993539,37.14,32.44,51.00,0,1,tinyml,,,,38.640,0.000,0.000,0.000,0.000,0.000
1778993544,37.20,32.45,50.80,0,1,tinyml,,,,38.700,0.000,0.000,0.000,0.000,0.000
1778993549,37.27,32.48,50.70,0,1,tinyml,,,,38.770,0.000,0.000,0.000,0.000,0.000
1778993554,37.35,32.47,50.60,0,1,tinyml,,,,38.802,0.000,0.000,0.000,0.000,0.000
1778993559,37.37,32.47,50.50,0,1,tinyml,,,,38.802,0.000,0.000,0.000,0.000,0.000
1778993564,37.41,32.47,50.40,0,1,tinyml,,,,38.802,0.000,0.000,0.000,0.000,0.000
1778993569,37.45,32.47,50.30,0,1,tinyml,,,,38.950,0.000,0.000,0.000,0.000,0.000
1778993574,37.45,32.47,50.40,0,1,tinyml,,,,38.802,0.000,0.000,0.000,0.000,0.000
1778993579,37.47,32.49,50.30,0,1,tinyml,,,,38.970,0.000,0.000,0.000,0.000,0.000
1778993584,37.47,32.48,50.30,0,1,tinyml,,,,38.970,0.000,0.000,0.000,0.000,0.000
1778993589,37.48,32.49,50.30,0,1,tinyml,,,,38.980,0.000,0.000,0.000,0.000,0.000
1778993594,37.44,32.51,50.30,0,1,tinyml,,,,38.940,0.000,0.000,0.000,0.000,0.000
1778993599,37.44,32.47,50.40,0,1,tinyml,,,,38.940,0.000,0.000,0.000,0.000,0.000
1778993604,37.39,32.51,50.40,0,1,tinyml,,,,38.890,0.000,0.000,0.000,0.000,0.000
1778993609,37.39,32.51,50.40,0,1,tinyml,,,,38.890,0.000,0.000,0.000,0.000,0.000
1778993614,37.37,32.49,50.50,0,1,tinyml,,,,38.870,0.000,0.000,0.000,0.000,0.000
1778993619,37.34,32.49,50.50,0,1,tinyml,,,,38.840,0.000,0.000,0.000,0.000,0.000
1778993624,37.30,32.48,50.60,0,1,tinyml,,,,38.800,0.000,0.000,0.000,0.000,0.000
1778993629,37.23,32.48,50.70,0,1,tinyml,,,,38.730,0.000,0.000,0.000,0.000,0.000
1778993634,37.20,32.49,50.70,0,1,tinyml,,,,38.700,0.000,0.000,0.000,0.000,0.000
1778993639,37.16,32.49,50.70,0,1,tinyml,,,,38.660,0.000,0.000,0.000,0.000,0.000
1778993644,37.16,32.49,50.90,0,1,tinyml,,,,38.660,0.000,0.000,0.000,0.000,0.000
1778993649,37.07,32.49,50.80,0,1,tinyml,,,,38.570,0.000,0.000,0.000,0.000,0.000
1778993654,37.01,32.48,50.90,0,1,tinyml,,,,38.510,0.000,0.000,0.000,0.000,0.000
1778993659,37.00,32.47,51.00,0,1,tinyml,,,,38.500,0.000,0.000,0.000,0.000,0.000
1778993664,36.96,32.48,51.10,1,1,tinyml,,,,38.460,0.000,0.000,0.000,0.000,0.000
1778993669,36.90,32.48,51.10,3,1,tinyml,,,,38.400,0.000,0.000,0.000,0.000,0.000
1778993674,36.87,32.47,51.20,4,1,tinyml,,,,38.370,0.000,0.000,0.000,0.000,0.000
1778993679,36.83,32.48,51.20,5,1,tinyml,,,,38.330,0.000,0.000,0.000,0.000,0.000
1778993684,36.80,32.48,51.20,6,1,tinyml,,,,38.300,0.000,0.000,0.000,0.000,0.000
1778993689,36.78,32.48,51.30,7,1,tinyml,,,,38.280,0.000,0.000,0.000,0.000,0.000
1778993694,36.78,32.48,51.30,8,1,tinyml,,,,38.280,0.000,0.000,0.000,0.000,0.000
1778993699,36.76,32.48,51.30,9,1,tinyml,,,,38.260,0.000,0.000,0.000,0.000,0.000
1778993704,36.75,32.48,51.40,9,1,tinyml,,,,38.250,0.000,0.000,0.000,0.000,0.000
1778993709,36.73,32.45,51.30,10,1,tinyml,,,,38.230,0.000,0.000,0.000,0.000,0.000
1778993714,36.69,32.48,51.40,12,1,tinyml,,,,38.190,0.000,0.000,0.000,0.000,0.000
1778993719,36.66,32.49,51.40,13,1,tinyml,,,,38.160,0.000,0.000,0.000,0.000,0.000
1778993724,36.65,32.48,51.40,14,1,tinyml,,,,38.150,0.000,0.000,0.000,0.000,0.000
1778993729,36.65,32.51,51.40,15,1,tinyml,,,,38.150,0.000,0.000,0.000,0.000,0.000
1778993734,36.59,32.48,51.40,16,1,tinyml,,,,38.090,0.000,0.000,0.000,0.000,0.000
1778993739,36.59,32.49,51.50,17,1,tinyml,,,,38.090,0.000,0.000,0.000,0.000,0.000
1778993744,36.56,32.49,51.50,18,1,tinyml,,,,38.060,0.000,0.000,0.000,0.000,0.000
1778993749,36.55,32.49,51.50,19,1,tinyml,,,,38.050,0.000,0.000,0.000,0.000,0.000
1778993754,36.53,32.48,51.50,20,1,tinyml,,,,38.030,0.000,0.000,0.000,0.000,0.000
1778993759,36.51,32.49,51.50,21,1,tinyml,,,,38.010,0.000,0.000,0.000,0.000,0.000
1778993764,36.48,32.48,51.60,45,1,tinyml,,,,37.980,0.000,0.000,0.000,0.000,0.000
1778993769,36.48,32.49,51.60,45,1,tinyml,,,,37.980,0.000,0.000,0.000,0.000,0.000
1778993774,36.44,32.49,51.60,46,1,tinyml,,,,37.940,0.000,0.000,0.000,0.000,0.000
1778993779,36.45,32.51,51.70,46,1,tinyml,,,,37.950,0.000,0.000,0.000,0.000,0.000
1778993784,36.45,32.54,51.70,46,1,tinyml,,,,37.950,0.000,0.000,0.000,0.000,0.000
1778993789,36.51,32.52,51.70,44,1,tinyml,,,,38.010,0.000,0.000,0.000,0.000,0.000
1778993794,36.53,32.52,51.70,44,1,tinyml,,,,38.030,0.000,0.000,0.000,0.000,0.000
1778993799,36.59,32.51,51.50,42,1,tinyml,,,,38.090,0.000,0.000,0.000,0.000,0.000
1778993804,36.62,32.54,51.40,41,1,tinyml,,,,38.120,0.000,0.000,0.000,0.000,0.000
1778993809,36.69,32.52,51.30,40,1,tinyml,,,,38.190,0.000,0.000,0.000,0.000,0.000
1778993814,36.79,32.52,51.10,40,1,tinyml,,,,38.290,0.000,0.000,0.000,0.000,0.000
1778993819,36.84,32.51,51.00,40,1,tinyml,,,,38.340,0.000,0.000,0.000,0.000,0.000
1778993824,36.92,32.51,50.90,40,1,tinyml,,,,38.420,0.000,0.000,0.000,0.000,0.000
1778993829,36.99,32.51,50.70,40,1,tinyml,,,,38.490,0.000,0.000,0.000,0.000,0.000
1778993834,37.09,32.52,50.60,11,1,tinyml,,,,38.590,0.000,0.000,0.000,0.000,0.000
1778993839,37.16,32.51,50.40,11,1,tinyml,,,,38.660,0.000,0.000,0.000,0.000,0.000
1778993844,37.24,32.49,50.30,10,1,tinyml,,,,38.740,0.000,0.000,0.000,0.000,0.000
1778993849,37.33,32.51,50.10,8,1,tinyml,,,,38.830,0.000,0.000,0.000,0.000,0.000
1778993854,37.37,32.47,50.00,8,1,tinyml,,,,38.870,0.000,0.000,0.000,0.000,0.000
1778993859,37.42,32.49,49.80,7,1,tinyml,,,,38.920,0.000,0.000,0.000,0.000,0.000
1778993864,37.45,32.48,49.70,7,1,tinyml,,,,38.950,0.000,0.000,0.000,0.000,0.000
1778993869,37.51,32.47,49.70,6,1,tinyml,,,,39.010,0.000,0.000,0.000,0.000,0.000
1778993874,37.51,32.51,49.60,6,1,tinyml,,,,39.010,0.000,0.000,0.000,0.000,0.000
1778993879,37.53,32.47,49.60,6,1,tinyml,,,,39.030,0.000,0.000,0.000,0.000,0.000
1778993884,37.54,32.48,49.50,6,1,tinyml,,,,39.040,0.000,0.000,0.000,0.000,0.000
1778993889,37.54,32.48,49.50,7,1,tinyml,,,,39.040,0.000,0.000,0.000,0.000,0.000
1778993894,37.54,32.47,49.50,7,1,tinyml,,,,39.040,0.000,0.000,0.000,0.000,0.000
1778993899,37.53,32.45,49.50,7,1,tinyml,,,,39.030,0.000,0.000,0.000,0.000,0.000
1778993904,37.49,32.47,49.50,8,1,tinyml,,,,38.990,0.000,0.000,0.000,0.000,0.000
1778993909,37.48,32.47,49.60,9,1,tinyml,,,,38.980,0.000,0.000,0.000,0.000,0.000
1778993914,37.44,32.47,49.60,10,1,tinyml,,,,38.940,0.000,0.000,0.000,0.000,0.000
1778993919,37.41,32.47,49.70,10,1,tinyml,,,,38.910,0.000,0.000,0.000,0.000,0.000
1778993924,37.35,32.48,49.80,12,1,tinyml,,,,38.850,0.000,0.000,0.000,0.000,0.000
1778993929,37.35,32.45,49.80,12,1,tinyml,,,,38.850,0.000,0.000,0.000,0.000,0.000
1778993934,37.33,32.47,49.80,13,1,tinyml,,,,38.830,0.000,0.000,0.000,0.000,0.000
1778993939,37.27,32.45,49.90,14,1,tinyml,,,,38.770,0.000,0.000,0.000,0.000,0.000
1778993944,37.26,32.48,50.00,15,1,tinyml,,,,38.760,0.000,0.000,0.000,0.000,0.000
1778993949,37.21,32.48,50.00,16,1,tinyml,,,,38.710,0.000,0.000,0.000,0.000,0.000
1778993954,37.19,32.48,50.10,17,1,tinyml,,,,38.690,0.000,0.000,0.000,0.000,0.000
1778993959,37.13,32.47,50.20,18,1,tinyml,,,,38.630,0.000,0.000,0.000,0.000,0.000
1778993964,37.11,32.48,50.20,19,1,tinyml,,,,38.610,0.000,0.000,0.000,0.000,0.000
1778993969,37.07,32.47,50.30,20,1,tinyml,,,,38.570,0.000,0.000,0.000,0.000,0.000
1778993974,37.03,32.47,50.40,22,1,tinyml,,,,38.530,0.000,0.000,0.000,0.000,0.000
1778993979,37.01,32.47,50.40,22,1,tinyml,,,,38.510,0.000,0.000,0.000,0.000,0.000
1778993984,36.96,32.47,50.50,24,1,tinyml,,,,38.460,0.000,0.000,0.000,0.000,0.000
1778993989,36.94,32.48,50.50,25,1,tinyml,,,,38.440,0.000,0.000,0.000,0.000,0.000
1778993994,36.90,32.47,50.60,26,1,tinyml,,,,38.400,0.000,0.000,0.000,0.000,0.000
1778993999,36.87,32.44,50.70,27,1,tinyml,,,,38.370,0.000,0.000,0.000,0.000,0.000
1778994004,36.86,32.48,50.70,28,1,tinyml,,,,38.360,0.000,0.000,0.000,0.000,0.000
1778994009,36.87,32.47,50.70,28,1,tinyml,,,,38.370,0.000,0.000,0.000,0.000,0.000
1778994014,36.82,32.51,50.80,30,1,tinyml,,,,38.320,0.000,0.000,0.000,0.000,0.000
1778994019,36.83,32.49,50.80,30,1,tinyml,,,,38.330,0.000,0.000,0.000,0.000,0.000
1778994024,36.82,32.47,50.80,31,1,tinyml,,,,38.320,0.000,0.000,0.000,0.000,0.000
1778994029,36.82,32.48,50.80,32,1,tinyml,,,,38.320,0.000,0.000,0.000,0.000,0.000
1778994034,36.82,32.47,50.80,32,1,tinyml,,,,38.320,0.000,0.000,0.000,0.000,0.000
1778994039,36.82,32.49,50.80,33,1,tinyml,,,,38.320,0.000,0.000,0.000,0.000,0.000
1778994044,36.83,32.48,50.80,33,1,tinyml,,,,38.330,0.000,0.000,0.000,0.000,0.000
1778994049,36.86,32.49,50.80,33,1,tinyml,,,,38.360,0.000,0.000,0.000,0.000,0.000
1778994054,36.84,32.49,50.80,34,1,tinyml,,,,38.340,0.000,0.000,0.000,0.000,0.000
1778994059,36.87,32.49,50.80,34,1,tinyml,,,,38.370,0.000,0.000,0.000,0.000,0.000
1778994064,36.90,32.51,50.70,34,1,tinyml,,,,38.400,0.000,0.000,0.000,0.000,0.000
1778994069,36.93,32.48,50.70,34,1,tinyml,,,,38.430,0.000,0.000,0.000,0.000,0.000
1778994074,36.94,32.51,50.60,35,1,tinyml,,,,38.440,0.000,0.000,0.000,0.000,0.000
1778994079,36.99,32.54,50.60,34,1,tinyml,,,,38.490,0.000,0.000,0.000,0.000,0.000
1778994084,36.99,32.55,50.50,35,1,tinyml,,,,38.490,0.000,0.000,0.000,0.000,0.000
1778994089,37.06,32.58,50.50,34,1,tinyml,,,,38.560,0.000,0.000,0.000,0.000,0.000
1778994094,37.10,32.58,50.40,34,1,tinyml,,,,38.600,0.000,0.000,0.000,0.000,0.000
1778994099,37.14,32.57,50.40,33,1,tinyml,,,,38.640,0.000,0.000,0.000,0.000,0.000
1778994104,37.14,32.58,50.30,34,1,tinyml,,,,38.640,0.000,0.000,0.000,0.000,0.000
1778994109,37.20,32.58,50.30,33,1,tinyml,,,,38.700,0.000,0.000,0.000,0.000,0.000
1778994114,37.23,32.59,50.10,33,1,tinyml,,,,38.730,0.000,0.000,0.000,0.000,0.000
1778994119,37.27,32.59,50.10,33,1,tinyml,,,,38.770,0.000,0.000,0.000,0.000,0.000
1778994124,37.31,32.59,50.00,35,1,tinyml,,,,38.671,0.000,0.000,0.000,0.000,0.000
1778994129,37.37,32.58,49.90,35,1,tinyml,,,,38.671,0.000,0.000,0.000,0.000,0.000
1778994134,37.41,32.59,49.90,35,1,tinyml,,,,38.671,0.000,0.000,0.000,0.000,0.000
1778994139,37.44,32.55,49.80,33,1,tinyml,,,,38.802,0.000,0.000,0.000,0.000,0.000
1778994144,37.48,32.58,49.80,33,1,tinyml,,,,38.802,0.000,0.000,0.000,0.000,0.000
1778994149,37.53,32.57,49.70,34,1,tinyml,,,,38.802,0.000,0.000,0.000,0.000,0.000
1778994154,37.54,32.57,49.70,36,1,tinyml,,,,38.671,0.000,0.000,0.000,0.000,0.000
1778994159,37.58,32.55,49.60,34,1,tinyml,,,,38.802,0.000,0.000,0.000,0.000,0.000
1778994164,37.61,32.55,49.50,32,1,tinyml,,,,38.933,0.000,0.000,0.000,0.000,0.000
1778994169,37.65,32.61,49.50,28,1,tinyml,,,,39.150,0.000,0.000,0.000,0.000,0.000
1778994174,37.69,32.61,49.40,28,1,tinyml,,,,39.190,0.000,0.000,0.000,0.000,0.000
1778994179,37.72,32.64,49.30,28,1,tinyml,,,,39.194,0.000,0.000,0.000,0.000,0.000
1778994184,37.75,32.62,49.20,28,1,tinyml,,,,39.194,0.000,0.000,0.000,0.000,0.000
1778994189,37.79,32.62,49.20,26,1,tinyml,,,,39.290,0.000,0.000,0.000,0.000,0.000
1778994194,37.79,32.62,49.20,28,1,tinyml,,,,39.194,0.000,0.000,0.000,0.000,0.000
1778994199,37.82,32.61,49.10,26,1,tinyml,,,,39.320,0.000,0.000,0.000,0.000,0.000
1778994204,37.86,32.61,49.10,26,1,tinyml,,,,39.325,0.000,0.000,0.000,0.000,0.000
1778994209,37.86,32.62,49.10,26,1,tinyml,,,,39.325,0.000,0.000,0.000,0.000,0.000
1778994214,37.88,32.62,49.00,26,1,tinyml,,,,39.325,0.000,0.000,0.000,0.000,0.000
1778994219,37.89,32.68,49.00,24,1,tinyml,,,,39.390,0.000,0.000,0.000,0.000,0.000
1778994224,37.85,32.65,49.00,25,1,tinyml,,,,39.350,0.000,0.000,0.000,0.000,0.000
1778994229,37.89,32.67,49.00,24,1,tinyml,,,,39.390,0.000,0.000,0.000,0.000,0.000
1778994234,37.86,32.68,49.00,25,1,tinyml,,,,39.360,0.000,0.000,0.000,0.000,0.000
1778994239,37.89,32.67,49.00,24,1,tinyml,,,,39.390,0.000,0.000,0.000,0.000,0.000
1778994244,37.86,32.69,49.00,25,1,tinyml,,,,39.360,0.000,0.000,0.000,0.000,0.000
1778994249,37.88,32.65,49.00,25,1,tinyml,,,,39.380,0.000,0.000,0.000,0.000,0.000
1778994254,37.86,32.68,49.10,25,1,tinyml,,,,39.360,0.000,0.000,0.000,0.000,0.000
1778994259,37.88,32.68,49.10,25,1,tinyml,,,,39.380,0.000,0.000,0.000,0.000,0.000
1778994264,37.85,32.69,49.20,25,1,tinyml,,,,39.350,0.000,0.000,0.000,0.000,0.000
1778994269,37.85,32.71,49.10,25,1,tinyml,,,,39.350,0.000,0.000,0.000,0.000,0.000
1778994274,37.86,32.69,49.20,25,1,tinyml,,,,39.360,0.000,0.000,0.000,0.000,0.000
1778994279,37.86,32.71,49.20,25,1,tinyml,,,,39.360,0.000,0.000,0.000,0.000,0.000
1778994284,37.82,32.69,49.30,26,1,tinyml,,,,39.320,0.000,0.000,0.000,0.000,0.000
1778994289,37.83,32.72,49.30,26,1,tinyml,,,,39.330,0.000,0.000,0.000,0.000,0.000
1778994294,37.79,32.72,49.40,26,1,tinyml,,,,39.290,0.000,0.000,0.000,0.000,0.000
1778994299,37.81,32.71,49.30,26,1,tinyml,,,,39.310,0.000,0.000,0.000,0.000,0.000
1778994304,37.78,32.74,49.40,26,1,tinyml,,,,39.280,0.000,0.000,0.000,0.000,0.000
1778994309,37.79,32.69,49.40,26,1,tinyml,,,,39.290,0.000,0.000,0.000,0.000,0.000
1778994314,37.78,32.72,49.40,26,1,tinyml,,,,39.280,0.000,0.000,0.000,0.000,0.000
1778994319,37.76,32.72,49.50,27,1,tinyml,,,,39.260,0.000,0.000,0.000,0.000,0.000
1778994324,37.78,32.72,49.50,26,1,tinyml,,,,39.280,0.000,0.000,0.000,0.000,0.000
1778994329,37.76,32.74,49.60,27,1,tinyml,,,,39.260,0.000,0.000,0.000,0.000,0.000
1778994334,37.74,32.74,49.60,27,1,tinyml,,,,39.240,0.000,0.000,0.000,0.000,0.000
1778994339,37.74,32.74,49.60,27,1,tinyml,,,,39.240,0.000,0.000,0.000,0.000,0.000
1778994344,37.75,32.72,49.60,27,1,tinyml,,,,39.250,0.000,0.000,0.000,0.000,0.000
1778994349,37.75,32.71,49.70,27,1,tinyml,,,,39.250,0.000,0.000,0.000,0.000,0.000
1778994354,37.74,32.71,49.70,27,1,tinyml,,,,39.240,0.000,0.000,0.000,0.000,0.000
1778994359,37.74,32.75,49.70,27,1,tinyml,,,,39.240,0.000,0.000,0.000,0.000,0.000
1778994364,37.74,32.74,49.70,27,1,tinyml,,,,39.240,0.000,0.000,0.000,0.000,0.000
1778994369,37.71,32.75,49.80,28,1,tinyml,,,,39.210,0.000,0.000,0.000,0.000,0.000
1778994374,37.75,32.75,49.80,27,1,tinyml,,,,39.250,0.000,0.000,0.000,0.000,0.000
1778994379,37.71,32.74,49.80,28,1,tinyml,,,,39.210,0.000,0.000,0.000,0.000,0.000
1778994384,37.72,32.74,49.80,28,1,tinyml,,,,39.220,0.000,0.000,0.000,0.000,0.000
1778994389,37.71,32.74,49.70,28,1,tinyml,,,,39.210,0.000,0.000,0.000,0.000,0.000
1778994394,37.71,32.75,49.80,28,1,tinyml,,,,39.210,0.000,0.000,0.000,0.000,0.000
1778994399,37.74,32.75,49.80,27,1,tinyml,,,,39.240,0.000,0.000,0.000,0.000,0.000
1778994404,37.72,32.75,49.80,28,1,tinyml,,,,39.220,0.000,0.000,0.000,0.000,0.000
1778994409,37.74,32.76,49.80,27,1,tinyml,,,,39.240,0.000,0.000,0.000,0.000,0.000
1778994414,37.74,32.74,49.80,27,1,tinyml,,,,39.240,0.000,0.000,0.000,0.000,0.000
1778994419,37.74,32.72,49.80,27,1,tinyml,,,,39.240,0.000,0.000,0.000,0.000,0.000
1778994424,37.75,32.72,49.80,27,1,tinyml,,,,39.250,0.000,0.000,0.000,0.000,0.000
1778994429,37.74,32.76,49.80,27,1,tinyml,,,,39.240,0.000,0.000,0.000,0.000,0.000
1778994434,37.72,32.74,49.80,28,1,tinyml,,,,39.220,0.000,0.000,0.000,0.000,0.000
1778994439,37.75,32.75,49.80,27,1,tinyml,,,,39.250,0.000,0.000,0.000,0.000,0.000
1778994444,37.75,32.76,49.80,27,1,tinyml,,,,39.250,0.000,0.000,0.000,0.000,0.000
1778994449,37.78,32.74,49.80,26,1,tinyml,,,,39.280,0.000,0.000,0.000,0.000,0.000
1778994454,37.76,32.76,49.80,27,1,tinyml,,,,39.260,0.000,0.000,0.000,0.000,0.000
1778994459,37.78,32.78,49.90,26,1,tinyml,,,,39.280,0.000,0.000,0.000,0.000,0.000
1778994464,37.76,32.78,49.80,27,1,tinyml,,,,39.260,0.000,0.000,0.000,0.000,0.000
1778994469,37.79,32.78,49.80,26,1,tinyml,,,,39.290,0.000,0.000,0.000,0.000,0.000
1778994474,37.76,32.80,49.80,27,1,tinyml,,,,39.260,0.000,0.000,0.000,0.000,0.000
1778994479,37.79,32.82,49.90,26,1,tinyml,,,,39.290,0.000,0.000,0.000,0.000,0.000
1778994484,37.81,32.80,49.80,26,1,tinyml,,,,39.310,0.000,0.000,0.000,0.000,0.000
1778994489,37.81,32.78,49.80,26,1,tinyml,,,,39.310,0.000,0.000,0.000,0.000,0.000
1778994494,37.81,32.82,49.80,26,1,tinyml,,,,39.310,0.000,0.000,0.000,0.000,0.000
1778994499,37.82,32.80,49.80,26,1,tinyml,,,,39.320,0.000,0.000,0.000,0.000,0.000
1778994504,37.79,32.80,49.80,26,1,tinyml,,,,39.290,0.000,0.000,0.000,0.000,0.000
1778994509,37.79,32.79,49.80,26,1,tinyml,,,,39.290,0.000,0.000,0.000,0.000,0.000
1778994514,37.79,32.80,49.80,26,1,tinyml,,,,39.290,0.000,0.000,0.000,0.000,0.000
1778994519,37.78,32.82,49.80,26,1,tinyml,,,,39.280,0.000,0.000,0.000,0.000,0.000
1778994524,37.81,32.80,49.90,26,1,tinyml,,,,39.310,0.000,0.000,0.000,0.000,0.000
1778994529,37.79,32.82,49.90,26,1,tinyml,,,,39.290,0.000,0.000,0.000,0.000,0.000
1778994534,37.78,32.82,49.80,26,1,tinyml,,,,39.280,0.000,0.000,0.000,0.000,0.000
1778994539,37.81,32.83,49.90,26,1,tinyml,,,,39.310,0.000,0.000,0.000,0.000,0.000
1778994544,37.81,32.83,49.90,26,1,tinyml,,,,39.310,0.000,0.000,0.000,0.000,0.000
1778994549,37.79,32.82,49.90,26,1,tinyml,,,,39.290,0.000,0.000,0.000,0.000,0.000
1778994554,37.76,32.83,49.90,27,1,tinyml,,,,39.260,0.000,0.000,0.000,0.000,0.000
1778994559,37.79,32.85,49.90,26,1,tinyml,,,,39.290,0.000,0.000,0.000,0.000,0.000
1778994564,37.81,32.83,49.90,26,1,tinyml,,,,39.310,0.000,0.000,0.000,0.000,0.000
1778994569,37.79,32.85,49.80,26,1,tinyml,,,,39.290,0.000,0.000,0.000,0.000,0.000
1778994574,37.81,32.83,49.80,26,1,tinyml,,,,39.310,0.000,0.000,0.000,0.000,0.000
1778994579,37.81,32.85,49.90,26,1,tinyml,,,,39.310,0.000,0.000,0.000,0.000,0.000
1778994584,37.81,32.85,49.90,26,1,tinyml,,,,39.310,0.000,0.000,0.000,0.000,0.000
1778994589,37.81,32.85,49.90,26,1,tinyml,,,,39.310,0.000,0.000,0.000,0.000,0.000
1778994594,37.83,32.87,49.90,26,1,tinyml,,,,39.330,0.000,0.000,0.000,0.000,0.000
1778994599,37.81,32.87,49.90,26,1,tinyml,,,,39.310,0.000,0.000,0.000,0.000,0.000
1778994604,37.82,32.87,49.90,26,1,tinyml,,,,39.320,0.000,0.000,0.000,0.000,0.000
1778994609,37.82,32.87,49.90,26,1,tinyml,,,,39.320,0.000,0.000,0.000,0.000,0.000
1778994614,37.83,32.86,49.90,26,1,tinyml,,,,39.330,0.000,0.000,0.000,0.000,0.000
1778994619,37.81,32.87,49.90,26,1,tinyml,,,,39.310,0.000,0.000,0.000,0.000,0.000
1778994624,37.82,32.87,49.90,26,1,tinyml,,,,39.320,0.000,0.000,0.000,0.000,0.000
1778994629,37.78,32.87,49.90,26,1,tinyml,,,,39.280,0.000,0.000,0.000,0.000,0.000
1778994634,37.82,32.87,49.90,26,1,tinyml,,,,39.320,0.000,0.000,0.000,0.000,0.000
1778994639,37.81,32.87,49.90,26,1,tinyml,,,,39.310,0.000,0.000,0.000,0.000,0.000
1778994644,37.82,32.86,49.90,26,1,tinyml,,,,39.320,0.000,0.000,0.000,0.000,0.000
1778994649,37.81,32.87,49.90,26,1,tinyml,,,,39.310,0.000,0.000,0.000,0.000,0.000
1778994654,37.81,32.89,50.00,26,1,tinyml,,,,39.310,0.000,0.000,0.000,0.000,0.000
1778994659,37.79,32.89,50.00,26,1,tinyml,,,,39.290,0.000,0.000,0.000,0.000,0.000
1778994664,37.82,32.90,49.90,26,1,tinyml,,,,39.320,0.000,0.000,0.000,0.000,0.000
1778994669,37.81,32.90,50.00,26,1,tinyml,,,,39.310,0.000,0.000,0.000,0.000,0.000
1778994674,37.81,32.90,50.00,26,1,tinyml,,,,39.310,0.000,0.000,0.000,0.000,0.000
1778994679,37.79,32.90,50.00,26,1,tinyml,,,,39.290,0.000,0.000,0.000,0.000,0.000
1778994684,37.82,32.87,50.00,26,1,tinyml,,,,39.320,0.000,0.000,0.000,0.000,0.000
1778994689,37.82,32.90,50.00,26,1,tinyml,,,,39.320,0.000,0.000,0.000,0.000,0.000
1778994694,37.78,32.90,50.00,26,1,tinyml,,,,39.280,0.000,0.000,0.000,0.000,0.000
1778994699,37.79,32.89,50.00,26,1,tinyml,,,,39.290,0.000,0.000,0.000,0.000,0.000
1778994704,37.78,32.90,50.00,26,1,tinyml,,,,39.280,0.000,0.000,0.000,0.000,0.000
1778994709,37.81,32.90,50.00,26,1,tinyml,,,,39.310,0.000,0.000,0.000,0.000,0.000
1778994714,37.78,32.89,50.00,26,1,tinyml,,,,39.280,0.000,0.000,0.000,0.000,0.000
1778994719,37.82,32.89,50.10,26,1,tinyml,,,,39.320,0.000,0.000,0.000,0.000,0.000
1778994724,37.78,32.90,50.00,26,1,tinyml,,,,39.280,0.000,0.000,0.000,0.000,0.000
1778994729,37.82,32.92,50.00,26,1,tinyml,,,,39.320,0.000,0.000,0.000,0.000,0.000
1778994734,37.81,32.90,50.10,26,1,tinyml,,,,39.310,0.000,0.000,0.000,0.000,0.000
1778994739,37.81,32.92,50.10,26,1,tinyml,,,,39.310,0.000,0.000,0.000,0.000,0.000
1778994744,37.81,32.87,50.10,26,1,tinyml,,,,39.310,0.000,0.000,0.000,0.000,0.000
1778994749,37.81,32.89,50.00,26,1,tinyml,,,,39.310,0.000,0.000,0.000,0.000,0.000
1778994754,37.78,32.92,50.10,26,1,tinyml,,,,39.280,0.000,0.000,0.000,0.000,0.000
1778994759,37.81,32.87,50.10,26,1,tinyml,,,,39.310,0.000,0.000,0.000,0.000,0.000
1778994764,37.82,32.89,50.10,26,1,tinyml,,,,39.320,0.000,0.000,0.000,0.000,0.000
1778994769,37.82,32.87,50.10,26,1,tinyml,,,,39.320,0.000,0.000,0.000,0.000,0.000
1778994774,37.83,32.90,50.10,26,1,tinyml,,,,39.330,0.000,0.000,0.000,0.000,0.000
1778994779,37.81,32.90,50.10,26,1,tinyml,,,,39.310,0.000,0.000,0.000,0.000,0.000
1778994784,37.82,32.89,50.10,26,1,tinyml,,,,39.320,0.000,0.000,0.000,0.000,0.000
1778994789,37.82,32.89,50.10,26,1,tinyml,,,,39.320,0.000,0.000,0.000,0.000,0.000
1778994794,37.85,32.92,50.10,25,1,tinyml,,,,39.350,0.000,0.000,0.000,0.000,0.000
1778994799,37.83,32.90,50.10,26,1,tinyml,,,,39.330,0.000,0.000,0.000,0.000,0.000
1778994804,37.86,32.92,50.10,25,1,tinyml,,,,39.360,0.000,0.000,0.000,0.000,0.000
1778994809,37.83,32.92,50.10,26,1,tinyml,,,,39.330,0.000,0.000,0.000,0.000,0.000
1778994814,37.86,32.95,50.10,25,1,tinyml,,,,39.360,0.000,0.000,0.000,0.000,0.000
1778994819,37.85,32.94,50.10,25,1,tinyml,,,,39.350,0.000,0.000,0.000,0.000,0.000
1778994824,37.85,32.94,50.10,25,1,tinyml,,,,39.350,0.000,0.000,0.000,0.000,0.000
1778994829,37.86,32.90,50.00,25,1,tinyml,,,,39.360,0.000,0.000,0.000,0.000,0.000
1778994834,37.88,32.95,50.10,25,1,tinyml,,,,39.380,0.000,0.000,0.000,0.000,0.000
1778994840,37.86,32.95,50.10,25,1,tinyml,,,,39.360,0.000,0.000,0.000,0.000,0.000
1778994844,37.83,32.92,50.10,26,1,tinyml,,,,39.330,0.000,0.000,0.000,0.000,0.000
1778994849,37.88,32.94,50.10,25,1,tinyml,,,,39.380,0.000,0.000,0.000,0.000,0.000
1778994854,37.85,32.96,50.10,25,1,tinyml,,,,39.350,0.000,0.000,0.000,0.000,0.000
1778994859,37.88,32.95,50.20,25,1,tinyml,,,,39.380,0.000,0.000,0.000,0.000,0.000
1778994864,37.85,32.96,50.20,25,1,tinyml,,,,39.350,0.000,0.000,0.000,0.000,0.000
1778994869,37.86,32.98,50.20,25,1,tinyml,,,,39.360,0.000,0.000,0.000,0.000,0.000
1778994874,37.86,32.98,50.20,25,1,tinyml,,,,39.360,0.000,0.000,0.000,0.000,0.000
1778994879,37.86,32.98,50.10,25,1,tinyml,,,,39.360,0.000,0.000,0.000,0.000,0.000
1778994884,37.85,32.99,50.20,25,1,tinyml,,,,39.350,0.000,0.000,0.000,0.000,0.000
1778994889,37.85,33.00,50.20,25,1,tinyml,,,,39.350,0.000,0.000,0.000,0.000,0.000
1778994894,37.85,33.02,50.20,25,1,tinyml,,,,39.350,0.000,0.000,0.000,0.000,0.000
1778994899,37.86,33.00,50.20,25,1,tinyml,,,,39.360,0.000,0.000,0.000,0.000,0.000
1778994904,37.86,32.99,50.20,25,1,tinyml,,,,39.360,0.000,0.000,0.000,0.000,0.000
1778994909,37.86,33.02,50.20,25,1,tinyml,,,,39.360,0.000,0.000,0.000,0.000,0.000
1778994914,37.85,32.99,50.20,25,1,tinyml,,,,39.350,0.000,0.000,0.000,0.000,0.000
1778994919,37.86,33.00,50.20,25,1,tinyml,,,,39.360,0.000,0.000,0.000,0.000,0.000
1778994924,37.86,33.02,50.20,25,1,tinyml,,,,39.360,0.000,0.000,0.000,0.000,0.000
1778994929,37.86,33.00,50.30,25,1,tinyml,,,,39.360,0.000,0.000,0.000,0.000,0.000
1778994934,37.85,33.00,50.20,25,1,tinyml,,,,39.350,0.000,0.000,0.000,0.000,0.000
1778994939,37.86,33.02,50.20,25,1,tinyml,,,,39.360,0.000,0.000,0.000,0.000,0.000
1778994944,37.88,33.03,50.20,25,1,tinyml,,,,39.380,0.000,0.000,0.000,0.000,0.000
1778994949,37.85,33.05,50.30,25,1,tinyml,,,,39.350,0.000,0.000,0.000,0.000,0.000
1778994954,37.85,33.02,50.30,25,1,tinyml,,,,39.350,0.000,0.000,0.000,0.000,0.000
1778994959,37.85,33.02,50.30,25,1,tinyml,,,,39.350,0.000,0.000,0.000,0.000,0.000
1778994964,37.85,33.02,50.30,25,1,tinyml,,,,39.350,0.000,0.000,0.000,0.000,0.000
1778994969,37.85,33.00,50.30,25,1,tinyml,,,,39.350,0.000,0.000,0.000,0.000,0.000
1778994974,37.83,33.00,50.30,26,1,tinyml,,,,39.330,0.000,0.000,0.000,0.000,0.000
1778994979,37.86,33.00,50.30,25,1,tinyml,,,,39.360,0.000,0.000,0.000,0.000,0.000
1778994984,37.83,33.02,50.30,26,1,tinyml,,,,39.330,0.000,0.000,0.000,0.000,0.000
1778994989,37.86,33.02,50.30,25,1,tinyml,,,,39.360,0.000,0.000,0.000,0.000,0.000
1778994994,37.85,33.02,50.30,25,1,tinyml,,,,39.350,0.000,0.000,0.000,0.000,0.000
1778994999,37.85,33.02,50.30,25,1,tinyml,,,,39.350,0.000,0.000,0.000,0.000,0.000
1778995004,37.85,32.99,50.20,25,1,tinyml,,,,39.350,0.000,0.000,0.000,0.000,0.000
1778995009,37.85,32.98,50.20,25,1,tinyml,,,,39.350,0.000,0.000,0.000,0.000,0.000
1778995014,37.86,32.99,50.20,25,1,tinyml,,,,39.360,0.000,0.000,0.000,0.000,0.000
1778995019,37.86,32.99,50.20,25,1,tinyml,,,,39.360,0.000,0.000,0.000,0.000,0.000
1778995024,37.85,32.99,50.20,25,1,tinyml,,,,39.350,0.000,0.000,0.000,0.000,0.000
1778995029,37.86,33.00,50.20,25,1,tinyml,,,,39.360,0.000,0.000,0.000,0.000,0.000
1778995034,37.85,32.98,50.10,25,1,tinyml,,,,39.350,0.000,0.000,0.000,0.000,0.000
1778995039,37.88,32.99,50.10,25,1,tinyml,,,,39.380,0.000,0.000,0.000,0.000,0.000
1778995044,37.86,32.99,50.10,25,1,tinyml,,,,39.360,0.000,0.000,0.000,0.000,0.000
1778995049,37.89,32.99,50.10,24,1,tinyml,,,,39.390,0.000,0.000,0.000,0.000,0.000
1778995054,37.88,33.00,50.10,25,1,tinyml,,,,39.380,0.000,0.000,0.000,0.000,0.000
1778995059,37.86,32.96,50.10,25,1,tinyml,,,,39.360,0.000,0.000,0.000,0.000,0.000
1778995064,37.85,32.99,50.10,25,1,tinyml,,,,39.350,0.000,0.000,0.000,0.000,0.000
1778995069,37.86,32.98,50.10,25,1,tinyml,,,,39.360,0.000,0.000,0.000,0.000,0.000
1778995080,37.88,32.96,50.10,25,1,tinyml,,,,39.380,0.000,0.000,0.000,0.000,0.000
1778995080,37.88,32.95,50.10,25,1,tinyml,,,,39.380,0.000,0.000,0.000,0.000,0.000
1778995084,37.90,32.98,50.10,24,1,tinyml,,,,39.400,0.000,0.000,0.000,0.000,0.000
1778995089,37.89,32.96,50.10,24,1,tinyml,,,,39.390,0.000,0.000,0.000,0.000,0.000
1778995094,37.88,32.96,50.00,25,1,tinyml,,,,39.380,0.000,0.000,0.000,0.000,0.000
1778995099,37.89,32.98,50.10,24,1,tinyml,,,,39.390,0.000,0.000,0.000,0.000,0.000
1778995104,37.88,32.95,50.00,25,1,tinyml,,,,39.380,0.000,0.000,0.000,0.000,0.000
1778995109,37.89,32.96,50.00,24,1,tinyml,,,,39.390,0.000,0.000,0.000,0.000,0.000
1778995114,37.89,32.95,50.00,24,1,tinyml,,,,39.390,0.000,0.000,0.000,0.000,0.000
1778995119,37.89,32.95,50.00,24,1,tinyml,,,,39.390,0.000,0.000,0.000,0.000,0.000
1778995124,37.89,32.96,50.00,24,1,tinyml,,,,39.390,0.000,0.000,0.000,0.000,0.000
1778995129,37.90,32.94,50.00,24,1,tinyml,,,,39.400,0.000,0.000,0.000,0.000,0.000
1778995134,37.89,32.94,50.10,24,1,tinyml,,,,39.390,0.000,0.000,0.000,0.000,0.000
1778995139,37.88,32.90,50.00,25,1,tinyml,,,,39.380,0.000,0.000,0.000,0.000,0.000
1778995144,37.88,32.95,50.00,25,1,tinyml,,,,39.380,0.000,0.000,0.000,0.000,0.000
1778995149,37.88,32.92,50.00,25,1,tinyml,,,,39.380,0.000,0.000,0.000,0.000,0.000
1778995154,37.86,32.92,50.10,25,1,tinyml,,,,39.360,0.000,0.000,0.000,0.000,0.000
1778995159,37.86,32.90,50.00,25,1,tinyml,,,,39.360,0.000,0.000,0.000,0.000,0.000
1778995164,37.86,32.90,50.00,25,1,tinyml,,,,39.360,0.000,0.000,0.000,0.000,0.000
1778995169,37.89,32.92,50.00,24,1,tinyml,,,,39.390,0.000,0.000,0.000,0.000,0.000
1778995174,37.85,32.90,50.00,25,1,tinyml,,,,39.350,0.000,0.000,0.000,0.000,0.000
1778995179,37.88,32.89,50.00,25,1,tinyml,,,,39.380,0.000,0.000,0.000,0.000,0.000
1778995184,37.88,32.87,50.00,25,1,tinyml,,,,39.380,0.000,0.000,0.000,0.000,0.000
1778995189,37.86,32.87,50.00,25,1,tinyml,,,,39.360,0.000,0.000,0.000,0.000,0.000
1778995194,37.86,32.89,50.00,25,1,tinyml,,,,39.360,0.000,0.000,0.000,0.000,0.000
1778995199,37.85,32.87,50.00,25,1,tinyml,,,,39.350,0.000,0.000,0.000,0.000,0.000
1778995204,37.86,32.87,50.00,25,1,tinyml,,,,39.360,0.000,0.000,0.000,0.000,0.000
1778995209,37.86,32.87,50.00,25,1,tinyml,,,,39.360,0.000,0.000,0.000,0.000,0.000
1778995214,37.86,32.86,50.00,25,1,tinyml,,,,39.360,0.000,0.000,0.000,0.000,0.000
1778995219,37.86,32.85,49.90,25,1,tinyml,,,,39.360,0.000,0.000,0.000,0.000,0.000
1778995224,37.86,32.86,50.00,25,1,tinyml,,,,39.360,0.000,0.000,0.000,0.000,0.000
1778995229,37.88,32.86,49.90,25,1,tinyml,,,,39.380,0.000,0.000,0.000,0.000,0.000
1778995234,37.85,32.85,50.00,25,1,tinyml,,,,39.350,0.000,0.000,0.000,0.000,0.000
1778995239,37.86,32.85,50.00,25,1,tinyml,,,,39.360,0.000,0.000,0.000,0.000,0.000
1778995244,37.88,32.86,49.90,25,1,tinyml,,,,39.380,0.000,0.000,0.000,0.000,0.000
1778995249,37.86,32.83,49.90,25,1,tinyml,,,,39.360,0.000,0.000,0.000,0.000,0.000
1778995254,37.85,32.85,49.90,25,1,tinyml,,,,39.350,0.000,0.000,0.000,0.000,0.000
1778995259,37.88,32.83,49.80,25,1,tinyml,,,,39.380,0.000,0.000,0.000,0.000,0.000
1778995264,37.89,32.85,49.80,24,1,tinyml,,,,39.390,0.000,0.000,0.000,0.000,0.000
1778995269,37.86,32.83,49.80,25,1,tinyml,,,,39.360,0.000,0.000,0.000,0.000,0.000
1778995274,37.83,32.82,49.90,26,1,tinyml,,,,39.330,0.000,0.000,0.000,0.000,0.000
1778995279,37.86,32.85,49.80,25,1,tinyml,,,,39.360,0.000,0.000,0.000,0.000,0.000
1778995284,37.85,32.83,49.80,25,1,tinyml,,,,39.350,0.000,0.000,0.000,0.000,0.000
1778995289,37.85,32.82,49.80,25,1,tinyml,,,,39.350,0.000,0.000,0.000,0.000,0.000
1778995294,37.85,32.83,49.80,25,1,tinyml,,,,39.350,0.000,0.000,0.000,0.000,0.000
1778995299,37.85,32.83,49.90,25,1,tinyml,,,,39.350,0.000,0.000,0.000,0.000,0.000
1778995304,37.88,32.82,49.80,25,1,tinyml,,,,39.380,0.000,0.000,0.000,0.000,0.000
1778995309,37.89,32.82,49.90,24,1,tinyml,,,,39.390,0.000,0.000,0.000,0.000,0.000
1778995314,37.85,32.82,49.80,25,1,tinyml,,,,39.350,0.000,0.000,0.000,0.000,0.000
1778995319,37.88,32.80,49.80,25,1,tinyml,,,,39.380,0.000,0.000,0.000,0.000,0.000
1778995324,37.88,32.79,49.90,25,1,tinyml,,,,39.380,0.000,0.000,0.000,0.000,0.000
1778995329,37.88,32.80,49.90,25,1,tinyml,,,,39.380,0.000,0.000,0.000,0.000,0.000
1778995334,37.86,32.82,49.90,25,1,tinyml,,,,39.360,0.000,0.000,0.000,0.000,0.000
1778995339,37.86,32.79,49.80,25,1,tinyml,,,,39.360,0.000,0.000,0.000,0.000,0.000
1778995344,37.88,32.80,49.90,25,1,tinyml,,,,39.380,0.000,0.000,0.000,0.000,0.000
1778995349,37.88,32.79,49.80,25,1,tinyml,,,,39.380,0.000,0.000,0.000,0.000,0.000
1778995354,37.86,32.78,49.90,25,1,tinyml,,,,39.360,0.000,0.000,0.000,0.000,0.000
1778995359,37.86,32.79,49.90,25,1,tinyml,,,,39.360,0.000,0.000,0.000,0.000,0.000
1778995364,37.86,32.79,49.90,25,1,tinyml,,,,39.360,0.000,0.000,0.000,0.000,0.000
1778995369,37.89,32.79,49.80,24,1,tinyml,,,,39.390,0.000,0.000,0.000,0.000,0.000
1778995374,37.88,32.80,49.90,25,1,tinyml,,,,39.380,0.000,0.000,0.000,0.000,0.000
1778995379,37.88,32.82,49.90,25,1,tinyml,,,,39.380,0.000,0.000,0.000,0.000,0.000
1778995384,37.86,32.80,49.80,25,1,tinyml,,,,39.360,0.000,0.000,0.000,0.000,0.000
1778995389,37.88,32.83,49.90,25,1,tinyml,,,,39.380,0.000,0.000,0.000,0.000,0.000
1778995394,37.85,32.82,49.80,25,1,tinyml,,,,39.350,0.000,0.000,0.000,0.000,0.000
1778995399,37.85,32.80,49.80,25,1,tinyml,,,,39.350,0.000,0.000,0.000,0.000,0.000
1778995404,37.86,32.78,49.90,25,1,tinyml,,,,39.360,0.000,0.000,0.000,0.000,0.000
1778995409,37.86,32.80,49.80,25,1,tinyml,,,,39.360,0.000,0.000,0.000,0.000,0.000
1778995414,37.88,32.80,49.80,25,1,tinyml,,,,39.380,0.000,0.000,0.000,0.000,0.000
1778995419,37.85,32.80,49.80,25,1,tinyml,,,,39.350,0.000,0.000,0.000,0.000,0.000
1778995424,37.85,32.79,49.80,25,1,tinyml,,,,39.350,0.000,0.000,0.000,0.000,0.000
1778995429,37.86,32.78,49.80,25,1,tinyml,,,,39.360,0.000,0.000,0.000,0.000,0.000
1778995434,37.86,32.76,49.80,25,1,tinyml,,,,39.360,0.000,0.000,0.000,0.000,0.000
1778995439,37.85,32.78,49.70,25,1,tinyml,,,,39.350,0.000,0.000,0.000,0.000,0.000
1778995444,37.86,32.75,49.80,25,1,tinyml,,,,39.360,0.000,0.000,0.000,0.000,0.000
1778995449,37.85,32.76,49.80,25,1,tinyml,,,,39.350,0.000,0.000,0.000,0.000,0.000
1778995454,37.86,32.78,49.80,25,1,tinyml,,,,39.360,0.000,0.000,0.000,0.000,0.000
1778995459,37.85,32.72,49.80,25,1,tinyml,,,,39.350,0.000,0.000,0.000,0.000,0.000
1778995464,37.85,32.74,49.80,25,1,tinyml,,,,39.350,0.000,0.000,0.000,0.000,0.000
1778995469,37.85,32.75,49.80,25,1,tinyml,,,,39.350,0.000,0.000,0.000,0.000,0.000
1778995474,37.89,32.74,49.70,24,1,tinyml,,,,39.390,0.000,0.000,0.000,0.000,0.000
1778995479,37.86,32.72,49.80,25,1,tinyml,,,,39.360,0.000,0.000,0.000,0.000,0.000
1778995484,37.85,32.69,49.80,25,1,tinyml,,,,39.350,0.000,0.000,0.000,0.000,0.000
1778995489,37.88,32.72,49.80,25,1,tinyml,,,,39.380,0.000,0.000,0.000,0.000,0.000
1778995494,37.86,32.69,49.80,25,1,tinyml,,,,39.360,0.000,0.000,0.000,0.000,0.000
1778995499,37.89,32.69,49.80,24,1,tinyml,,,,39.390,0.000,0.000,0.000,0.000,0.000
1778995504,37.88,32.68,49.80,25,1,tinyml,,,,39.380,0.000,0.000,0.000,0.000,0.000
1778995509,37.90,32.67,49.80,24,1,tinyml,,,,39.400,0.000,0.000,0.000,0.000,0.000
1778995514,37.86,32.67,49.80,25,1,tinyml,,,,39.360,0.000,0.000,0.000,0.000,0.000
1778995519,37.89,32.64,49.70,24,1,tinyml,,,,39.390,0.000,0.000,0.000,0.000,0.000
1778995524,37.88,32.67,49.80,25,1,tinyml,,,,39.380,0.000,0.000,0.000,0.000,0.000
1778995529,37.88,32.65,49.80,25,1,tinyml,,,,39.380,0.000,0.000,0.000,0.000,0.000
1778995534,37.88,32.65,49.80,25,1,tinyml,,,,39.380,0.000,0.000,0.000,0.000,0.000
1778995539,37.89,32.64,49.80,24,1,tinyml,,,,39.390,0.000,0.000,0.000,0.000,0.000
1778995544,37.86,32.65,49.80,25,1,tinyml,,,,39.360,0.000,0.000,0.000,0.000,0.000
1778995549,37.90,32.68,49.80,24,1,tinyml,,,,39.400,0.000,0.000,0.000,0.000,0.000
1778995554,37.86,32.67,49.80,25,1,tinyml,,,,39.360,0.000,0.000,0.000,0.000,0.000
1778995559,37.89,32.67,49.70,24,1,tinyml,,,,39.390,0.000,0.000,0.000,0.000,0.000
1778995564,37.88,32.64,49.70,25,1,tinyml,,,,39.380,0.000,0.000,0.000,0.000,0.000
1778995569,37.88,32.65,49.80,25,1,tinyml,,,,39.380,0.000,0.000,0.000,0.000,0.000
1778995574,37.88,32.65,49.70,25,1,tinyml,,,,39.380,0.000,0.000,0.000,0.000,0.000
1778995579,37.88,32.62,49.70,25,1,tinyml,,,,39.380,0.000,0.000,0.000,0.000,0.000
1778995584,37.89,32.61,49.70,24,1,tinyml,,,,39.390,0.000,0.000,0.000,0.000,0.000
1778995589,37.89,32.61,49.70,24,1,tinyml,,,,39.390,0.000,0.000,0.000,0.000,0.000
1778995594,37.92,32.59,49.70,24,1,tinyml,,,,39.420,0.000,0.000,0.000,0.000,0.000
1778995599,37.90,32.64,49.70,24,1,tinyml,,,,39.400,0.000,0.000,0.000,0.000,0.000
1778995604,37.88,32.59,49.70,25,1,tinyml,,,,39.380,0.000,0.000,0.000,0.000,0.000
1778995609,37.86,32.62,49.60,25,1,tinyml,,,,39.360,0.000,0.000,0.000,0.000,0.000
1778995614,37.89,32.64,49.60,24,1,tinyml,,,,39.390,0.000,0.000,0.000,0.000,0.000
1778995619,37.86,32.62,49.60,25,1,tinyml,,,,39.360,0.000,0.000,0.000,0.000,0.000
1778995624,37.88,32.62,49.60,25,1,tinyml,,,,39.380,0.000,0.000,0.000,0.000,0.000
1778995629,37.88,32.62,49.60,25,1,tinyml,,,,39.380,0.000,0.000,0.000,0.000,0.000
1778995634,37.89,32.61,49.50,24,1,tinyml,,,,39.390,0.000,0.000,0.000,0.000,0.000
1778995639,37.85,32.61,49.50,25,1,tinyml,,,,39.350,0.000,0.000,0.000,0.000,0.000
1778995644,37.86,32.62,49.50,25,1,tinyml,,,,39.360,0.000,0.000,0.000,0.000,0.000
1778995649,37.88,32.59,49.50,25,1,tinyml,,,,39.380,0.000,0.000,0.000,0.000,0.000
1778995654,37.86,32.61,49.50,25,1,tinyml,,,,39.360,0.000,0.000,0.000,0.000,0.000
1778995659,37.85,32.58,49.40,25,1,tinyml,,,,39.350,0.000,0.000,0.000,0.000,0.000
1778995664,37.88,32.55,49.40,25,1,tinyml,,,,39.380,0.000,0.000,0.000,0.000,0.000
1778995669,37.86,32.54,49.40,25,1,tinyml,,,,39.360,0.000,0.000,0.000,0.000,0.000
1778995674,37.85,32.58,49.40,25,1,tinyml,,,,39.350,0.000,0.000,0.000,0.000,0.000
1778995679,37.88,32.57,49.40,25,1,tinyml,,,,39.380,0.000,0.000,0.000,0.000,0.000
1778995684,37.83,32.57,49.40,26,1,tinyml,,,,39.330,0.000,0.000,0.000,0.000,0.000
1778995689,37.85,32.55,49.40,25,1,tinyml,,,,39.350,0.000,0.000,0.000,0.000,0.000
1778995694,37.83,32.55,49.40,26,1,tinyml,,,,39.330,0.000,0.000,0.000,0.000,0.000
1778995699,37.86,32.58,49.40,25,1,tinyml,,,,39.360,0.000,0.000,0.000,0.000,0.000
1778995704,37.86,32.52,49.40,25,1,tinyml,,,,39.360,0.000,0.000,0.000,0.000,0.000
1778995709,37.85,32.52,49.40,25,1,tinyml,,,,39.350,0.000,0.000,0.000,0.000,0.000
1778995714,37.83,32.55,49.30,26,1,tinyml,,,,39.330,0.000,0.000,0.000,0.000,0.000
1778995719,37.85,32.55,49.40,25,1,tinyml,,,,39.350,0.000,0.000,0.000,0.000,0.000
1778995724,37.86,32.57,49.40,25,1,tinyml,,,,39.360,0.000,0.000,0.000,0.000,0.000
1778995729,37.86,32.57,49.30,25,1,tinyml,,,,39.360,0.000,0.000,0.000,0.000,0.000
1778995734,37.86,32.57,49.40,25,1,tinyml,,,,39.360,0.000,0.000,0.000,0.000,0.000
1778995739,37.88,32.57,49.40,25,1,tinyml,,,,39.380,0.000,0.000,0.000,0.000,0.000
1778995744,37.88,32.54,49.40,25,1,tinyml,,,,39.380,0.000,0.000,0.000,0.000,0.000
1778995749,37.88,32.55,49.40,25,1,tinyml,,,,39.380,0.000,0.000,0.000,0.000,0.000
1778995754,37.89,32.54,49.40,24,1,tinyml,,,,39.390,0.000,0.000,0.000,0.000,0.000
1778995759,37.89,32.52,49.40,24,1,tinyml,,,,39.390,0.000,0.000,0.000,0.000,0.000
1778995764,37.89,32.51,49.40,24,1,tinyml,,,,39.390,0.000,0.000,0.000,0.000,0.000
1778995769,37.89,32.52,49.40,24,1,tinyml,,,,39.390,0.000,0.000,0.000,0.000,0.000
1778995774,37.89,32.55,49.40,24,1,tinyml,,,,39.390,0.000,0.000,0.000,0.000,0.000
1778995779,37.89,32.55,49.40,24,1,tinyml,,,,39.390,0.000,0.000,0.000,0.000,0.000
1778995784,37.88,32.57,49.40,25,1,tinyml,,,,39.380,0.000,0.000,0.000,0.000,0.000
1778995789,37.89,32.55,49.50,24,1,tinyml,,,,39.390,0.000,0.000,0.000,0.000,0.000
1778995794,37.86,32.57,49.50,25,1,tinyml,,,,39.360,0.000,0.000,0.000,0.000,0.000
1778995799,37.90,32.58,49.50,24,1,tinyml,,,,39.400,0.000,0.000,0.000,0.000,0.000
1778995804,37.90,32.57,49.50,24,1,tinyml,,,,39.400,0.000,0.000,0.000,0.000,0.000
1778995809,37.89,32.58,49.50,24,1,tinyml,,,,39.390,0.000,0.000,0.000,0.000,0.000
1778995814,37.89,32.55,49.50,24,1,tinyml,,,,39.390,0.000,0.000,0.000,0.000,0.000
1778995819,37.88,32.57,49.50,25,1,tinyml,,,,39.380,0.000,0.000,0.000,0.000,0.000
1778995824,37.88,32.57,49.50,25,1,tinyml,,,,39.380,0.000,0.000,0.000,0.000,0.000
1778995829,37.88,32.57,49.50,25,1,tinyml,,,,39.380,0.000,0.000,0.000,0.000,0.000
1778995834,37.88,32.52,49.50,25,1,tinyml,,,,39.380,0.000,0.000,0.000,0.000,0.000
1778995839,37.89,32.55,49.50,24,1,tinyml,,,,39.390,0.000,0.000,0.000,0.000,0.000
1778995844,37.88,32.52,49.50,25,1,tinyml,,,,39.380,0.000,0.000,0.000,0.000,0.000
1778995849,37.86,32.55,49.60,25,1,tinyml,,,,39.360,0.000,0.000,0.000,0.000,0.000
1778995854,37.86,32.52,49.50,25,1,tinyml,,,,39.360,0.000,0.000,0.000,0.000,0.000
1778995859,37.86,32.48,49.50,25,1,tinyml,,,,39.360,0.000,0.000,0.000,0.000,0.000
1778995864,37.86,32.51,49.50,25,1,tinyml,,,,39.360,0.000,0.000,0.000,0.000,0.000
1778995869,37.83,32.49,49.50,26,1,tinyml,,,,39.330,0.000,0.000,0.000,0.000,0.000
1778995874,37.85,32.48,49.50,25,1,tinyml,,,,39.350,0.000,0.000,0.000,0.000,0.000
1778995879,37.86,32.48,49.50,25,1,tinyml,,,,39.360,0.000,0.000,0.000,0.000,0.000
1778995884,37.85,32.49,49.60,25,1,tinyml,,,,39.350,0.000,0.000,0.000,0.000,0.000
1778995889,37.88,32.49,49.50,25,1,tinyml,,,,39.380,0.000,0.000,0.000,0.000,0.000
1778995894,37.88,32.47,49.50,25,1,tinyml,,,,39.380,0.000,0.000,0.000,0.000,0.000
1778995899,37.86,32.47,49.50,25,1,tinyml,,,,39.360,0.000,0.000,0.000,0.000,0.000
1778995904,37.86,32.45,49.50,25,1,tinyml,,,,39.360,0.000,0.000,0.000,0.000,0.000
1778995909,37.85,32.44,49.50,25,1,tinyml,,,,39.350,0.000,0.000,0.000,0.000,0.000
1778995914,37.89,32.42,49.50,24,1,tinyml,,,,39.390,0.000,0.000,0.000,0.000,0.000
1778995919,37.88,32.44,49.50,25,1,tinyml,,,,39.380,0.000,0.000,0.000,0.000,0.000
1778995924,37.88,32.39,49.50,25,1,tinyml,,,,39.380,0.000,0.000,0.000,0.000,0.000
1778995929,37.88,32.42,49.50,25,1,tinyml,,,,39.380,0.000,0.000,0.000,0.000,0.000
1778995934,37.85,32.41,49.50,25,1,tinyml,,,,39.350,0.000,0.000,0.000,0.000,0.000
1778995939,37.88,32.42,49.50,25,1,tinyml,,,,39.380,0.000,0.000,0.000,0.000,0.000
1778995944,37.90,32.39,49.50,24,1,tinyml,,,,39.400,0.000,0.000,0.000,0.000,0.000
1778995949,37.86,32.41,49.50,25,1,tinyml,,,,39.360,0.000,0.000,0.000,0.000,0.000
1778995954,37.88,32.39,49.50,25,1,tinyml,,,,39.380,0.000,0.000,0.000,0.000,0.000
1778995959,37.88,32.39,49.50,25,1,tinyml,,,,39.380,0.000,0.000,0.000,0.000,0.000
1778995964,37.86,32.39,49.50,25,1,tinyml,,,,39.360,0.000,0.000,0.000,0.000,0.000
1778995969,37.86,32.39,49.50,25,1,tinyml,,,,39.360,0.000,0.000,0.000,0.000,0.000
1778995974,37.89,32.39,49.50,24,1,tinyml,,,,39.390,0.000,0.000,0.000,0.000,0.000
1778995979,37.88,32.39,49.50,25,1,tinyml,,,,39.380,0.000,0.000,0.000,0.000,0.000
1778995984,37.88,32.37,49.40,25,1,tinyml,,,,39.380,0.000,0.000,0.000,0.000,0.000
1778995989,37.86,32.37,49.50,25,1,tinyml,,,,39.360,0.000,0.000,0.000,0.000,0.000
1778995994,37.86,32.35,49.50,25,1,tinyml,,,,39.360,0.000,0.000,0.000,0.000,0.000
1778995999,37.88,32.38,49.50,25,1,tinyml,,,,39.380,0.000,0.000,0.000,0.000,0.000
1778996004,37.88,32.35,49.40,25,1,tinyml,,,,39.380,0.000,0.000,0.000,0.000,0.000
1778996009,37.86,32.37,49.40,25,1,tinyml,,,,39.360,0.000,0.000,0.000,0.000,0.000
1778996014,37.88,32.38,49.50,25,1,tinyml,,,,39.380,0.000,0.000,0.000,0.000,0.000
1778996019,37.90,32.38,49.50,24,1,tinyml,,,,39.400,0.000,0.000,0.000,0.000,0.000
1778996024,37.88,32.37,49.40,25,1,tinyml,,,,39.380,0.000,0.000,0.000,0.000,0.000
1778996029,37.86,32.38,49.40,25,1,tinyml,,,,39.360,0.000,0.000,0.000,0.000,0.000
1778996034,37.88,32.39,49.50,25,1,tinyml,,,,39.380,0.000,0.000,0.000,0.000,0.000
1778996039,37.86,32.37,49.50,25,1,tinyml,,,,39.360,0.000,0.000,0.000,0.000,0.000
1778996044,37.86,32.38,49.50,25,1,tinyml,,,,39.360,0.000,0.000,0.000,0.000,0.000
1778996049,37.89,32.35,49.50,24,1,tinyml,,,,39.390,0.000,0.000,0.000,0.000,0.000
1778996054,37.89,32.35,49.40,24,1,tinyml,,,,39.390,0.000,0.000,0.000,0.000,0.000
1778996059,37.86,32.38,49.50,25,1,tinyml,,,,39.360,0.000,0.000,0.000,0.000,0.000
1778996064,37.89,32.37,49.40,24,1,tinyml,,,,39.390,0.000,0.000,0.000,0.000,0.000
1778996069,37.89,32.35,49.40,24,1,tinyml,,,,39.390,0.000,0.000,0.000,0.000,0.000
1778996074,37.89,32.38,49.50,24,1,tinyml,,,,39.390,0.000,0.000,0.000,0.000,0.000
1778996079,37.88,32.37,49.50,25,1,tinyml,,,,39.380,0.000,0.000,0.000,0.000,0.000
1778996084,37.89,32.37,49.50,24,1,tinyml,,,,39.390,0.000,0.000,0.000,0.000,0.000
1778996089,37.86,32.37,49.50,25,1,tinyml,,,,39.360,0.000,0.000,0.000,0.000,0.000
1778996094,37.90,32.37,49.50,24,1,tinyml,,,,39.400,0.000,0.000,0.000,0.000,0.000
1778996099,37.88,32.38,49.40,25,1,tinyml,,,,39.380,0.000,0.000,0.000,0.000,0.000
1778996104,37.86,32.37,49.50,25,1,tinyml,,,,39.360,0.000,0.000,0.000,0.000,0.000
1778996109,37.86,32.35,49.50,25,1,tinyml,,,,39.360,0.000,0.000,0.000,0.000,0.000
1778996114,37.88,32.37,49.50,25,1,tinyml,,,,39.380,0.000,0.000,0.000,0.000,0.000
1778996119,37.86,32.37,49.40,25,1,tinyml,,,,39.360,0.000,0.000,0.000,0.000,0.000
1778996124,37.86,32.38,49.40,25,1,tinyml,,,,39.360,0.000,0.000,0.000,0.000,0.000
1778996145,37.89,32.37,49.50,24,1,tinyml,,,,39.390,0.000,0.000,0.000,0.000,0.000
1778996145,37.86,32.37,49.50,25,1,tinyml,,,,39.360,0.000,0.000,0.000,0.000,0.000
1778996146,37.88,32.37,49.40,25,1,tinyml,,,,39.380,0.000,0.000,0.000,0.000,0.000
1778996146,37.86,32.37,49.50,25,1,tinyml,,,,39.360,0.000,0.000,0.000,0.000,0.000
1778996180,37.86,32.35,49.50,25,1,tinyml,,,,39.360,0.000,0.000,0.000,0.000,0.000
1778996185,37.86,32.38,49.50,25,1,tinyml,,,,39.360,0.000,0.000,0.000,0.000,0.000
1778996190,37.88,32.37,49.50,25,1,tinyml,,,,39.380,0.000,0.000,0.000,0.000,0.000
1778996195,37.86,32.37,49.50,25,1,tinyml,,,,39.360,0.000,0.000,0.000,0.000,0.000
1778996200,37.88,32.37,49.50,25,1,tinyml,,,,39.380,0.000,0.000,0.000,0.000,0.000
1778996205,37.89,32.32,49.50,24,1,tinyml,,,,39.390,0.000,0.000,0.000,0.000,0.000
1778996210,37.88,32.35,49.50,25,1,tinyml,,,,39.380,0.000,0.000,0.000,0.000,0.000
1778996215,37.88,32.37,49.50,25,1,tinyml,,,,39.380,0.000,0.000,0.000,0.000,0.000
1778996220,37.88,32.34,49.40,25,1,tinyml,,,,39.380,0.000,0.000,0.000,0.000,0.000
1778996225,37.86,32.35,49.50,25,1,tinyml,,,,39.360,0.000,0.000,0.000,0.000,0.000
1778996230,37.89,32.37,49.50,24,1,tinyml,,,,39.390,0.000,0.000,0.000,0.000,0.000
1778996235,37.88,32.35,49.40,25,1,tinyml,,,,39.380,0.000,0.000,0.000,0.000,0.000
1778996240,37.88,32.35,49.50,25,1,tinyml,,,,39.380,0.000,0.000,0.000,0.000,0.000
1778996245,37.88,32.37,49.40,25,1,tinyml,,,,39.380,0.000,0.000,0.000,0.000,0.000
1778996250,37.86,32.37,49.40,25,1,tinyml,,,,39.360,0.000,0.000,0.000,0.000,0.000
1778996255,37.86,32.37,49.50,25,1,tinyml,,,,39.360,0.000,0.000,0.000,0.000,0.000
1778996260,37.88,32.37,49.50,25,1,tinyml,,,,39.380,0.000,0.000,0.000,0.000,0.000
1778996265,37.89,32.35,49.40,24,1,tinyml,,,,39.390,0.000,0.000,0.000,0.000,0.000
1778996270,37.88,32.38,49.40,25,1,tinyml,,,,39.380,0.000,0.000,0.000,0.000,0.000
1778996275,37.86,32.38,49.50,25,1,tinyml,,,,39.360,0.000,0.000,0.000,0.000,0.000
1778996280,37.88,32.35,49.40,25,1,tinyml,,,,39.380,0.000,0.000,0.000,0.000,0.000
1778996285,37.86,32.38,49.40,25,1,tinyml,,,,39.360,0.000,0.000,0.000,0.000,0.000
1778996290,37.89,32.35,49.40,24,1,tinyml,,,,39.390,0.000,0.000,0.000,0.000,0.000
1778996295,37.88,32.34,49.40,25,1,tinyml,,,,39.380,0.000,0.000,0.000,0.000,0.000
1778996300,37.86,32.35,49.40,25,1,tinyml,,,,39.360,0.000,0.000,0.000,0.000,0.000
1778996305,37.89,32.35,49.40,24,1,tinyml,,,,39.390,0.000,0.000,0.000,0.000,0.000
1778996310,37.88,32.35,49.50,25,1,tinyml,,,,39.380,0.000,0.000,0.000,0.000,0.000
1778996315,37.90,32.34,49.40,24,1,tinyml,,,,39.400,0.000,0.000,0.000,0.000,0.000
1778996320,37.88,32.32,49.40,25,1,tinyml,,,,39.380,0.000,0.000,0.000,0.000,0.000
1778996325,37.89,32.37,49.40,24,1,tinyml,,,,39.390,0.000,0.000,0.000,0.000,0.000
1778996330,37.88,32.31,49.40,25,1,tinyml,,,,39.380,0.000,0.000,0.000,0.000,0.000
1778996335,37.85,32.34,49.40,25,1,tinyml,,,,39.350,0.000,0.000,0.000,0.000,0.000
1778996340,37.86,32.35,49.40,25,1,tinyml,,,,39.360,0.000,0.000,0.000,0.000,0.000
1778996345,37.86,32.35,49.40,25,1,tinyml,,,,39.360,0.000,0.000,0.000,0.000,0.000
1778996350,37.86,32.34,49.40,25,1,tinyml,,,,39.360,0.000,0.000,0.000,0.000,0.000
1778996355,37.86,32.35,49.40,25,1,tinyml,,,,39.360,0.000,0.000,0.000,0.000,0.000
1778996360,37.86,32.31,49.40,25,1,tinyml,,,,39.360,0.000,0.000,0.000,0.000,0.000
1778996365,37.86,32.30,49.40,25,1,tinyml,,,,39.360,0.000,0.000,0.000,0.000,0.000
1778996370,37.88,32.32,49.40,25,1,tinyml,,,,39.380,0.000,0.000,0.000,0.000,0.000
1778996375,37.90,32.32,49.40,24,1,tinyml,,,,39.400,0.000,0.000,0.000,0.000,0.000
1778996380,37.86,32.35,49.40,25,1,tinyml,,,,39.360,0.000,0.000,0.000,0.000,0.000
1778996385,37.85,32.34,49.40,25,1,tinyml,,,,39.350,0.000,0.000,0.000,0.000,0.000
1778996390,37.88,32.32,49.40,25,1,tinyml,,,,39.380,0.000,0.000,0.000,0.000,0.000
1778996395,37.88,32.34,49.40,25,1,tinyml,,,,39.380,0.000,0.000,0.000,0.000,0.000
1778996400,37.88,32.32,49.40,25,1,tinyml,,,,39.380,0.000,0.000,0.000,0.000,0.000
1778996405,37.86,32.32,49.40,25,1,tinyml,,,,39.360,0.000,0.000,0.000,0.000,0.000
1778996410,37.88,32.31,49.40,25,1,tinyml,,,,39.380,0.000,0.000,0.000,0.000,0.000
1778996415,37.88,32.32,49.30,25,1,tinyml,,,,39.380,0.000,0.000,0.000,0.000,0.000
1778996420,37.88,32.32,49.40,25,1,tinyml,,,,39.380,0.000,0.000,0.000,0.000,0.000
1778996425,37.89,32.34,49.40,24,1,tinyml,,,,39.390,0.000,0.000,0.000,0.000,0.000
1778996430,37.86,32.31,49.40,25,1,tinyml,,,,39.360,0.000,0.000,0.000,0.000,0.000
1778996435,37.86,32.30,49.40,25,1,tinyml,,,,39.360,0.000,0.000,0.000,0.000,0.000
1778996440,37.86,32.31,49.30,25,1,tinyml,,,,39.360,0.000,0.000,0.000,0.000,0.000
1778996445,37.89,32.30,49.30,24,1,tinyml,,,,39.390,0.000,0.000,0.000,0.000,0.000
1778996450,37.88,32.32,49.40,25,1,tinyml,,,,39.380,0.000,0.000,0.000,0.000,0.000
1778996455,37.88,32.28,49.30,25,1,tinyml,,,,39.380,0.000,0.000,0.000,0.000,0.000
1778996460,37.89,32.28,49.40,24,1,tinyml,,,,39.390,0.000,0.000,0.000,0.000,0.000
1778996465,37.88,32.30,49.40,25,1,tinyml,,,,39.380,0.000,0.000,0.000,0.000,0.000
1778996470,37.90,32.28,49.30,24,1,tinyml,,,,39.400,0.000,0.000,0.000,0.000,0.000
1778996475,37.88,32.30,49.40,25,1,tinyml,,,,39.380,0.000,0.000,0.000,0.000,0.000
1778996480,37.88,32.28,49.30,25,1,tinyml,,,,39.380,0.000,0.000,0.000,0.000,0.000
1778996485,37.88,32.30,49.30,25,1,tinyml,,,,39.380,0.000,0.000,0.000,0.000,0.000
1778996490,37.88,32.30,49.30,25,1,tinyml,,,,39.380,0.000,0.000,0.000,0.000,0.000
1778996495,37.89,32.27,49.30,24,1,tinyml,,,,39.390,0.000,0.000,0.000,0.000,0.000
1778996500,37.88,32.28,49.30,25,1,tinyml,,,,39.380,0.000,0.000,0.000,0.000,0.000
1778996505,37.86,32.28,49.30,25,1,tinyml,,,,39.360,0.000,0.000,0.000,0.000,0.000
1778996510,37.89,32.28,49.30,24,1,tinyml,,,,39.390,0.000,0.000,0.000,0.000,0.000
1778996515,37.88,32.27,49.30,25,1,tinyml,,,,39.380,0.000,0.000,0.000,0.000,0.000
1778996520,37.86,32.27,49.30,25,1,tinyml,,,,39.360,0.000,0.000,0.000,0.000,0.000
1778996525,37.90,32.28,49.30,24,1,tinyml,,,,39.400,0.000,0.000,0.000,0.000,0.000
1778996530,37.89,32.23,49.20,24,1,tinyml,,,,39.390,0.000,0.000,0.000,0.000,0.000
1778996535,37.89,32.24,49.30,24,1,tinyml,,,,39.390,0.000,0.000,0.000,0.000,0.000
1778996540,37.86,32.25,49.30,25,1,tinyml,,,,39.360,0.000,0.000,0.000,0.000,0.000
1778996545,37.88,32.25,49.30,25,1,tinyml,,,,39.380,0.000,0.000,0.000,0.000,0.000
1778996550,37.89,32.23,49.30,24,1,tinyml,,,,39.390,0.000,0.000,0.000,0.000,0.000
1778996555,37.89,32.23,49.30,24,1,tinyml,,,,39.390,0.000,0.000,0.000,0.000,0.000
1778996560,37.88,32.20,49.30,25,1,tinyml,,,,39.380,0.000,0.000,0.000,0.000,0.000
1778996565,37.89,32.20,49.30,24,1,tinyml,,,,39.390,0.000,0.000,0.000,0.000,0.000
1778996570,37.89,32.23,49.30,24,1,tinyml,,,,39.390,0.000,0.000,0.000,0.000,0.000
1778996575,37.88,32.20,49.20,25,1,tinyml,,,,39.380,0.000,0.000,0.000,0.000,0.000
1778996580,37.88,32.18,49.30,25,1,tinyml,,,,39.380,0.000,0.000,0.000,0.000,0.000
1778996585,37.89,32.20,49.20,24,1,tinyml,,,,39.390,0.000,0.000,0.000,0.000,0.000
1778996590,37.86,32.20,49.30,25,1,tinyml,,,,39.360,0.000,0.000,0.000,0.000,0.000
1778996595,37.86,32.18,49.20,25,1,tinyml,,,,39.360,0.000,0.000,0.000,0.000,0.000
1778996600,37.89,32.20,49.20,24,1,tinyml,,,,39.390,0.000,0.000,0.000,0.000,0.000
1778996605,37.89,32.21,49.20,24,1,tinyml,,,,39.390,0.000,0.000,0.000,0.000,0.000
1778996610,37.88,32.20,49.20,25,1,tinyml,,,,39.380,0.000,0.000,0.000,0.000,0.000
1778996615,37.86,32.20,49.20,25,1,tinyml,,,,39.360,0.000,0.000,0.000,0.000,0.000
1778996620,37.86,32.17,49.20,25,1,tinyml,,,,39.360,0.000,0.000,0.000,0.000,0.000
1778996625,37.88,32.17,49.20,25,1,tinyml,,,,39.380,0.000,0.000,0.000,0.000,0.000
1778996630,37.85,32.18,49.20,25,1,tinyml,,,,39.350,0.000,0.000,0.000,0.000,0.000
1778996635,37.83,32.17,49.20,26,1,tinyml,,,,39.330,0.000,0.000,0.000,0.000,0.000
1778996640,37.85,32.17,49.20,25,1,tinyml,,,,39.350,0.000,0.000,0.000,0.000,0.000
1778996645,37.86,32.18,49.20,25,1,tinyml,,,,39.360,0.000,0.000,0.000,0.000,0.000
1778996650,37.85,32.18,49.20,25,1,tinyml,,,,39.350,0.000,0.000,0.000,0.000,0.000
1778996655,37.86,32.18,49.20,25,1,tinyml,,,,39.360,0.000,0.000,0.000,0.000,0.000
1778996660,37.85,32.17,49.20,25,1,tinyml,,,,39.350,0.000,0.000,0.000,0.000,0.000
1778996665,37.88,32.16,49.20,25,1,tinyml,,,,39.380,0.000,0.000,0.000,0.000,0.000
1778996670,37.85,32.17,49.20,25,1,tinyml,,,,39.350,0.000,0.000,0.000,0.000,0.000
1778996675,37.85,32.17,49.20,25,1,tinyml,,,,39.350,0.000,0.000,0.000,0.000,0.000
1778996680,37.83,32.20,49.20,26,1,tinyml,,,,39.330,0.000,0.000,0.000,0.000,0.000
1778996685,37.85,32.14,49.20,25,1,tinyml,,,,39.350,0.000,0.000,0.000,0.000,0.000
1778996690,37.86,32.16,49.20,25,1,tinyml,,,,39.360,0.000,0.000,0.000,0.000,0.000
1778996695,37.88,32.16,49.20,25,1,tinyml,,,,39.380,0.000,0.000,0.000,0.000,0.000
1778996700,37.86,32.16,49.20,25,1,tinyml,,,,39.360,0.000,0.000,0.000,0.000,0.000
1778996705,37.88,32.14,49.20,25,1,tinyml,,,,39.380,0.000,0.000,0.000,0.000,0.000
1778996710,37.86,32.14,49.20,25,1,tinyml,,,,39.360,0.000,0.000,0.000,0.000,0.000
1778996715,37.86,32.16,49.10,25,1,tinyml,,,,39.360,0.000,0.000,0.000,0.000,0.000
1778996720,37.86,32.16,49.10,25,1,tinyml,,,,39.360,0.000,0.000,0.000,0.000,0.000
1778996725,37.86,32.16,49.20,25,1,tinyml,,,,39.360,0.000,0.000,0.000,0.000,0.000
1778996730,37.86,32.18,49.10,25,1,tinyml,,,,39.360,0.000,0.000,0.000,0.000,0.000
1778996735,37.89,32.18,49.10,24,1,tinyml,,,,39.390,0.000,0.000,0.000,0.000,0.000
1778996740,37.85,32.17,49.10,25,1,tinyml,,,,39.350,0.000,0.000,0.000,0.000,0.000
1778996745,37.88,32.17,49.00,25,1,tinyml,,,,39.380,0.000,0.000,0.000,0.000,0.000
1778996750,37.88,32.14,49.10,25,1,tinyml,,,,39.380,0.000,0.000,0.000,0.000,0.000
1778996755,37.86,32.14,49.10,25,1,tinyml,,,,39.360,0.000,0.000,0.000,0.000,0.000
1778996760,37.89,32.16,49.10,24,1,tinyml,,,,39.390,0.000,0.000,0.000,0.000,0.000
1778996765,37.88,32.16,49.10,25,1,tinyml,,,,39.380,0.000,0.000,0.000,0.000,0.000
1778996770,37.88,32.13,49.10,25,1,tinyml,,,,39.380,0.000,0.000,0.000,0.000,0.000
1778996775,37.88,32.14,49.00,25,1,tinyml,,,,39.380,0.000,0.000,0.000,0.000,0.000
1778996780,37.88,32.14,49.10,25,1,tinyml,,,,39.380,0.000,0.000,0.000,0.000,0.000
1778996785,37.85,32.16,49.00,25,1,tinyml,,,,39.350,0.000,0.000,0.000,0.000,0.000
1778996790,37.86,32.14,49.10,25,1,tinyml,,,,39.360,0.000,0.000,0.000,0.000,0.000
1778996795,37.88,32.14,49.10,25,1,tinyml,,,,39.380,0.000,0.000,0.000,0.000,0.000
1778996800,37.85,32.14,49.10,25,1,tinyml,,,,39.350,0.000,0.000,0.000,0.000,0.000
1778996805,37.86,32.14,49.00,25,1,tinyml,,,,39.360,0.000,0.000,0.000,0.000,0.000
1778996810,37.86,32.13,49.00,25,1,tinyml,,,,39.360,0.000,0.000,0.000,0.000,0.000
1778996815,37.89,32.14,49.00,24,1,tinyml,,,,39.390,0.000,0.000,0.000,0.000,0.000
1778996820,37.85,32.13,49.00,25,1,tinyml,,,,39.350,0.000,0.000,0.000,0.000,0.000
1778996825,37.88,32.13,49.00,25,1,tinyml,,,,39.380,0.000,0.000,0.000,0.000,0.000
1778996830,37.86,32.11,49.00,25,1,tinyml,,,,39.360,0.000,0.000,0.000,0.000,0.000
1778996835,37.89,32.10,49.00,24,1,tinyml,,,,39.390,0.000,0.000,0.000,0.000,0.000
1778996840,37.86,32.14,49.00,25,1,tinyml,,,,39.360,0.000,0.000,0.000,0.000,0.000
1778996845,37.86,32.13,49.00,25,1,tinyml,,,,39.360,0.000,0.000,0.000,0.000,0.000
1778996850,37.86,32.11,49.00,25,1,tinyml,,,,39.360,0.000,0.000,0.000,0.000,0.000
1778996855,37.85,32.11,49.00,25,1,tinyml,,,,39.350,0.000,0.000,0.000,0.000,0.000
1778996860,37.88,32.10,49.00,25,1,tinyml,,,,39.380,0.000,0.000,0.000,0.000,0.000
1778996865,37.86,32.09,49.00,25,1,tinyml,,,,39.360,0.000,0.000,0.000,0.000,0.000
1778996870,37.88,32.09,49.00,25,1,tinyml,,,,39.380,0.000,0.000,0.000,0.000,0.000
1778996875,37.86,32.10,48.90,25,1,tinyml,,,,39.360,0.000,0.000,0.000,0.000,0.000
1778996880,37.86,32.11,48.90,25,1,tinyml,,,,39.360,0.000,0.000,0.000,0.000,0.000
1778996885,37.88,32.10,49.00,25,1,tinyml,,,,39.380,0.000,0.000,0.000,0.000,0.000
1778996890,37.86,32.11,49.00,25,1,tinyml,,,,39.360,0.000,0.000,0.000,0.000,0.000
1778996895,37.85,32.10,49.00,25,1,tinyml,,,,39.350,0.000,0.000,0.000,0.000,0.000
1778996900,37.86,32.10,49.00,25,1,tinyml,,,,39.360,0.000,0.000,0.000,0.000,0.000
1778996905,37.86,32.10,49.00,25,1,tinyml,,,,39.360,0.000,0.000,0.000,0.000,0.000
1778996910,37.86,32.09,48.90,25,1,tinyml,,,,39.360,0.000,0.000,0.000,0.000,0.000
1778996915,37.85,32.10,48.90,25,1,tinyml,,,,39.350,0.000,0.000,0.000,0.000,0.000
1778996920,37.88,32.09,48.90,25,1,tinyml,,,,39.380,0.000,0.000,0.000,0.000,0.000
1778996925,37.88,32.09,49.00,25,1,tinyml,,,,39.380,0.000,0.000,0.000,0.000,0.000
1778996930,37.89,32.07,49.00,24,1,tinyml,,,,39.390,0.000,0.000,0.000,0.000,0.000
1778996935,37.86,32.09,48.90,25,1,tinyml,,,,39.360,0.000,0.000,0.000,0.000,0.000
1778996940,37.88,32.06,48.90,25,1,tinyml,,,,39.380,0.000,0.000,0.000,0.000,0.000
1778996945,37.83,32.06,49.00,26,1,tinyml,,,,39.330,0.000,0.000,0.000,0.000,0.000
1778996950,37.88,32.07,49.00,25,1,tinyml,,,,39.380,0.000,0.000,0.000,0.000,0.000
1778996955,37.86,32.06,48.90,25,1,tinyml,,,,39.360,0.000,0.000,0.000,0.000,0.000
1778996960,37.85,32.06,48.90,25,1,tinyml,,,,39.350,0.000,0.000,0.000,0.000,0.000
1778996965,37.88,32.06,48.90,25,1,tinyml,,,,39.380,0.000,0.000,0.000,0.000,0.000
1778996970,37.86,32.06,48.90,25,1,tinyml,,,,39.360,0.000,0.000,0.000,0.000,0.000
1778996975,37.86,32.07,48.90,25,1,tinyml,,,,39.360,0.000,0.000,0.000,0.000,0.000
1778996980,37.85,32.07,48.90,25,1,tinyml,,,,39.350,0.000,0.000,0.000,0.000,0.000
1778996985,37.86,32.06,48.90,25,1,tinyml,,,,39.360,0.000,0.000,0.000,0.000,0.000
1778996990,37.88,32.07,49.00,25,1,tinyml,,,,39.380,0.000,0.000,0.000,0.000,0.000
1778996995,37.88,32.07,48.90,25,1,tinyml,,,,39.380,0.000,0.000,0.000,0.000,0.000
1778997000,37.88,32.04,48.90,25,1,tinyml,,,,39.380,0.000,0.000,0.000,0.000,0.000
1778997005,37.86,32.06,48.90,25,1,tinyml,,,,39.360,0.000,0.000,0.000,0.000,0.000
1778997010,37.86,32.06,48.90,25,1,tinyml,,,,39.360,0.000,0.000,0.000,0.000,0.000
1778997015,37.86,32.10,48.80,25,1,tinyml,,,,39.360,0.000,0.000,0.000,0.000,0.000
1778997020,37.86,32.09,48.90,25,1,tinyml,,,,39.360,0.000,0.000,0.000,0.000,0.000
1778997025,37.86,32.10,48.90,25,1,tinyml,,,,39.360,0.000,0.000,0.000,0.000,0.000
1778997030,37.89,32.06,48.90,24,1,tinyml,,,,39.390,0.000,0.000,0.000,0.000,0.000
1778997035,37.88,32.06,48.90,25,1,tinyml,,,,39.380,0.000,0.000,0.000,0.000,0.000
1778997040,37.88,32.09,48.90,25,1,tinyml,,,,39.380,0.000,0.000,0.000,0.000,0.000
1778997045,37.86,32.07,48.80,25,1,tinyml,,,,39.360,0.000,0.000,0.000,0.000,0.000
1778997050,37.89,32.09,48.90,24,1,tinyml,,,,39.390,0.000,0.000,0.000,0.000,0.000
1778997055,37.89,32.09,48.80,24,1,tinyml,,,,39.390,0.000,0.000,0.000,0.000,0.000
1778997060,37.89,32.07,48.80,24,1,tinyml,,,,39.390,0.000,0.000,0.000,0.000,0.000
1778997065,37.88,32.07,48.80,25,1,tinyml,,,,39.380,0.000,0.000,0.000,0.000,0.000
1778997070,37.86,32.09,48.80,25,1,tinyml,,,,39.360,0.000,0.000,0.000,0.000,0.000
1778997075,37.86,32.10,48.80,25,1,tinyml,,,,39.360,0.000,0.000,0.000,0.000,0.000
1778997080,37.86,32.10,48.80,25,1,tinyml,,,,39.360,0.000,0.000,0.000,0.000,0.000
1778997085,37.88,32.09,48.80,25,1,tinyml,,,,39.380,0.000,0.000,0.000,0.000,0.000
1778997090,37.86,32.09,48.80,25,1,tinyml,,,,39.360,0.000,0.000,0.000,0.000,0.000
1778997095,37.89,32.07,48.80,24,1,tinyml,,,,39.390,0.000,0.000,0.000,0.000,0.000
1778997100,37.86,32.11,48.80,25,1,tinyml,,,,39.360,0.000,0.000,0.000,0.000,0.000
1778997105,37.89,32.11,48.90,24,1,tinyml,,,,39.390,0.000,0.000,0.000,0.000,0.000
1778997110,37.89,32.09,48.90,24,1,tinyml,,,,39.390,0.000,0.000,0.000,0.000,0.000
1778997115,37.89,32.10,48.80,24,1,tinyml,,,,39.390,0.000,0.000,0.000,0.000,0.000
1778997120,37.89,32.07,48.80,24,1,tinyml,,,,39.390,0.000,0.000,0.000,0.000,0.000
1778997125,37.89,32.10,48.90,24,1,tinyml,,,,39.390,0.000,0.000,0.000,0.000,0.000
1778997130,37.88,32.09,48.80,25,1,tinyml,,,,39.380,0.000,0.000,0.000,0.000,0.000
1778997135,37.89,32.10,48.80,24,1,tinyml,,,,39.390,0.000,0.000,0.000,0.000,0.000
1778997140,37.89,32.09,48.80,24,1,tinyml,,,,39.390,0.000,0.000,0.000,0.000,0.000
1778997145,37.86,32.10,48.80,25,1,tinyml,,,,39.360,0.000,0.000,0.000,0.000,0.000
1778997150,37.88,32.09,48.80,25,1,tinyml,,,,39.380,0.000,0.000,0.000,0.000,0.000
1778997155,37.86,32.07,48.80,25,1,tinyml,,,,39.360,0.000,0.000,0.000,0.000,0.000
1778997160,37.88,32.07,48.80,25,1,tinyml,,,,39.380,0.000,0.000,0.000,0.000,0.000
1778997165,37.86,32.11,48.80,25,1,tinyml,,,,39.360,0.000,0.000,0.000,0.000,0.000
1778997170,37.86,32.10,48.80,25,1,tinyml,,,,39.360,0.000,0.000,0.000,0.000,0.000
1778997175,37.89,32.09,48.80,24,1,tinyml,,,,39.390,0.000,0.000,0.000,0.000,0.000
1778997180,37.89,32.11,48.80,24,1,tinyml,,,,39.390,0.000,0.000,0.000,0.000,0.000
1778997185,37.89,32.10,48.80,24,1,tinyml,,,,39.390,0.000,0.000,0.000,0.000,0.000
1778997190,37.88,32.11,48.80,25,1,tinyml,,,,39.380,0.000,0.000,0.000,0.000,0.000
1778997195,37.89,32.10,48.80,24,1,tinyml,,,,39.390,0.000,0.000,0.000,0.000,0.000
1778997200,37.86,32.07,48.80,25,1,tinyml,,,,39.360,0.000,0.000,0.000,0.000,0.000
1778997205,37.86,32.09,48.80,25,1,tinyml,,,,39.360,0.000,0.000,0.000,0.000,0.000
1778997210,37.86,32.07,48.80,25,1,tinyml,,,,39.360,0.000,0.000,0.000,0.000,0.000
1778997215,37.83,32.11,48.80,26,1,tinyml,,,,39.330,0.000,0.000,0.000,0.000,0.000
1778997220,37.86,32.07,48.80,25,1,tinyml,,,,39.360,0.000,0.000,0.000,0.000,0.000
1778997225,37.88,32.10,48.80,25,1,tinyml,,,,39.380,0.000,0.000,0.000,0.000,0.000
1778997230,37.86,32.10,48.80,25,1,tinyml,,,,39.360,0.000,0.000,0.000,0.000,0.000
1778997235,37.86,32.09,48.80,25,1,tinyml,,,,39.360,0.000,0.000,0.000,0.000,0.000
1778997240,37.88,32.10,48.70,25,1,tinyml,,,,39.380,0.000,0.000,0.000,0.000,0.000
1778997245,37.86,32.10,48.80,25,1,tinyml,,,,39.360,0.000,0.000,0.000,0.000,0.000
1778997250,37.86,32.10,48.70,25,1,tinyml,,,,39.360,0.000,0.000,0.000,0.000,0.000
1778997255,37.86,32.13,48.70,25,1,tinyml,,,,39.360,0.000,0.000,0.000,0.000,0.000
1778997260,37.88,32.13,48.70,25,1,tinyml,,,,39.380,0.000,0.000,0.000,0.000,0.000
1778997265,37.90,32.10,48.70,24,1,tinyml,,,,39.400,0.000,0.000,0.000,0.000,0.000
1778997270,37.86,32.13,48.70,25,1,tinyml,,,,39.360,0.000,0.000,0.000,0.000,0.000
1778997275,37.88,32.14,48.80,25,1,tinyml,,,,39.380,0.000,0.000,0.000,0.000,0.000
1778997280,37.88,32.13,48.70,25,1,tinyml,,,,39.380,0.000,0.000,0.000,0.000,0.000
1778997285,37.83,32.13,48.70,26,1,tinyml,,,,39.330,0.000,0.000,0.000,0.000,0.000
1778997290,37.88,32.13,48.70,25,1,tinyml,,,,39.380,0.000,0.000,0.000,0.000,0.000
1778997295,37.86,32.11,48.70,25,1,tinyml,,,,39.360,0.000,0.000,0.000,0.000,0.000
1778997300,37.85,32.09,48.70,25,1,tinyml,,,,39.350,0.000,0.000,0.000,0.000,0.000
1778997305,37.88,32.11,48.70,25,1,tinyml,,,,39.380,0.000,0.000,0.000,0.000,0.000
1778997314,37.86,32.10,48.70,25,1,tinyml,,,,39.360,0.000,0.000,0.000,0.000,0.000
1778997317,37.86,32.10,48.70,25,1,tinyml,,,,39.360,0.000,0.000,0.000,0.000,0.000
1778997324,37.85,32.13,48.70,25,1,tinyml,,,,39.350,0.000,0.000,0.000,0.000,0.000
1778997343,37.88,32.10,48.60,25,1,tinyml,,,,39.380,0.000,0.000,0.000,0.000,0.000
1778997343,37.88,32.10,48.70,25,1,tinyml,,,,39.380,0.000,0.000,0.000,0.000,0.000
1778997343,37.86,32.11,48.60,25,1,tinyml,,,,39.360,0.000,0.000,0.000,0.000,0.000
1778997343,37.86,32.10,48.70,25,1,tinyml,,,,39.360,0.000,0.000,0.000,0.000,0.000
1778997345,37.86,32.13,48.70,25,1,tinyml,,,,39.360,0.000,0.000,0.000,0.000,0.000
1778997350,37.86,32.10,48.60,25,1,tinyml,,,,39.360,0.000,0.000,0.000,0.000,0.000
1778997355,37.88,32.11,48.60,25,1,tinyml,,,,39.380,0.000,0.000,0.000,0.000,0.000
1778997360,37.85,32.14,48.60,25,1,tinyml,,,,39.350,0.000,0.000,0.000,0.000,0.000
1778997365,37.86,32.11,48.60,25,1,tinyml,,,,39.360,0.000,0.000,0.000,0.000,0.000
1778997370,37.88,32.11,48.50,25,1,tinyml,,,,39.380,0.000,0.000,0.000,0.000,0.000
1778997375,37.88,32.13,48.60,25,1,tinyml,,,,39.380,0.000,0.000,0.000,0.000,0.000
1778997380,37.86,32.10,48.50,25,1,tinyml,,,,39.360,0.000,0.000,0.000,0.000,0.000
1778997385,37.86,32.13,48.50,25,1,tinyml,,,,39.360,0.000,0.000,0.000,0.000,0.000
1778997390,37.83,32.14,48.50,26,1,tinyml,,,,39.330,0.000,0.000,0.000,0.000,0.000
1778997395,37.86,32.11,48.60,25,1,tinyml,,,,39.360,0.000,0.000,0.000,0.000,0.000
1778997400,37.83,32.10,48.60,26,1,tinyml,,,,39.330,0.000,0.000,0.000,0.000,0.000
1778997405,37.86,32.11,48.50,25,1,tinyml,,,,39.360,0.000,0.000,0.000,0.000,0.000
1778997410,37.86,32.10,48.50,25,1,tinyml,,,,39.360,0.000,0.000,0.000,0.000,0.000
1778997415,37.85,32.09,48.50,25,1,tinyml,,,,39.350,0.000,0.000,0.000,0.000,0.000
1778997420,37.88,32.10,48.50,25,1,tinyml,,,,39.380,0.000,0.000,0.000,0.000,0.000
1778997425,37.88,32.11,48.60,25,1,tinyml,,,,39.380,0.000,0.000,0.000,0.000,0.000
1778997430,37.86,32.13,48.50,25,1,tinyml,,,,39.360,0.000,0.000,0.000,0.000,0.000
1778997435,37.83,32.09,48.50,26,1,tinyml,,,,39.330,0.000,0.000,0.000,0.000,0.000
1778997440,37.85,32.11,48.50,25,1,tinyml,,,,39.350,0.000,0.000,0.000,0.000,0.000
1778997445,37.88,32.10,48.50,25,1,tinyml,,,,39.380,0.000,0.000,0.000,0.000,0.000
1778997450,37.86,32.10,48.50,25,1,tinyml,,,,39.360,0.000,0.000,0.000,0.000,0.000
1778997455,37.86,32.10,48.50,25,1,tinyml,,,,39.360,0.000,0.000,0.000,0.000,0.000
1778997460,37.86,32.10,48.50,25,1,tinyml,,,,39.360,0.000,0.000,0.000,0.000,0.000
1778997465,37.86,32.07,48.50,25,1,tinyml,,,,39.360,0.000,0.000,0.000,0.000,0.000
1778997470,37.88,32.10,48.50,25,1,tinyml,,,,39.380,0.000,0.000,0.000,0.000,0.000
1778997475,37.88,32.13,48.50,25,1,tinyml,,,,39.380,0.000,0.000,0.000,0.000,0.000
1778997480,37.86,32.09,48.50,25,1,tinyml,,,,39.360,0.000,0.000,0.000,0.000,0.000
1778997485,37.86,32.11,48.40,25,1,tinyml,,,,39.360,0.000,0.000,0.000,0.000,0.000
1778997490,37.86,32.11,48.40,25,1,tinyml,,,,39.360,0.000,0.000,0.000,0.000,0.000
1778997495,37.89,32.11,48.50,24,1,tinyml,,,,39.390,0.000,0.000,0.000,0.000,0.000
1778997500,37.88,32.10,48.50,25,1,tinyml,,,,39.380,0.000,0.000,0.000,0.000,0.000
1778997505,37.85,32.11,48.50,25,1,tinyml,,,,39.350,0.000,0.000,0.000,0.000,0.000
1778997510,37.88,32.13,48.50,25,1,tinyml,,,,39.380,0.000,0.000,0.000,0.000,0.000
1778997515,37.88,32.13,48.50,25,1,tinyml,,,,39.380,0.000,0.000,0.000,0.000,0.000
1778997520,37.86,32.13,48.50,25,1,tinyml,,,,39.360,0.000,0.000,0.000,0.000,0.000
1778997525,37.88,32.11,48.40,25,1,tinyml,,,,39.380,0.000,0.000,0.000,0.000,0.000
1778997530,37.86,32.10,48.50,25,1,tinyml,,,,39.360,0.000,0.000,0.000,0.000,0.000
1778997535,37.86,32.11,48.50,25,1,tinyml,,,,39.360,0.000,0.000,0.000,0.000,0.000
1778997540,37.88,32.11,48.50,25,1,tinyml,,,,39.380,0.000,0.000,0.000,0.000,0.000
1778997545,37.85,32.11,48.50,25,1,tinyml,,,,39.350,0.000,0.000,0.000,0.000,0.000
1778997550,37.86,32.11,48.50,25,1,tinyml,,,,39.360,0.000,0.000,0.000,0.000,0.000
1778997555,37.85,32.13,48.60,25,1,tinyml,,,,39.350,0.000,0.000,0.000,0.000,0.000
1778997560,37.85,32.13,48.50,25,1,tinyml,,,,39.350,0.000,0.000,0.000,0.000,0.000
1778997565,37.86,32.16,48.50,25,1,tinyml,,,,39.360,0.000,0.000,0.000,0.000,0.000
1778997570,37.86,32.14,48.50,25,1,tinyml,,,,39.360,0.000,0.000,0.000,0.000,0.000
1778997575,37.89,32.17,48.50,24,1,tinyml,,,,39.390,0.000,0.000,0.000,0.000,0.000
1778997580,37.89,32.20,48.60,24,1,tinyml,,,,39.390,0.000,0.000,0.000,0.000,0.000
1778997585,37.88,32.17,48.50,25,1,tinyml,,,,39.380,0.000,0.000,0.000,0.000,0.000
1778997590,37.88,32.17,48.60,25,1,tinyml,,,,39.380,0.000,0.000,0.000,0.000,0.000
1778997595,37.88,32.17,48.60,25,1,tinyml,,,,39.380,0.000,0.000,0.000,0.000,0.000
1778997600,37.88,32.18,48.60,25,1,tinyml,,,,39.380,0.000,0.000,0.000,0.000,0.000
1778997605,37.86,32.18,48.60,25,1,tinyml,,,,39.360,0.000,0.000,0.000,0.000,0.000
1778997610,37.86,32.21,48.60,25,1,tinyml,,,,39.360,0.000,0.000,0.000,0.000,0.000
1778997615,37.89,32.23,48.60,24,1,tinyml,,,,39.390,0.000,0.000,0.000,0.000,0.000
1778997620,37.88,32.21,48.60,25,1,tinyml,,,,39.380,0.000,0.000,0.000,0.000,0.000
1778997625,37.85,32.24,48.70,25,1,tinyml,,,,39.350,0.000,0.000,0.000,0.000,0.000
1778997630,37.85,32.25,48.60,25,1,tinyml,,,,39.350,0.000,0.000,0.000,0.000,0.000
1778997635,37.86,32.25,48.60,25,1,tinyml,,,,39.360,0.000,0.000,0.000,0.000,0.000
1778997640,37.86,32.27,48.70,25,1,tinyml,,,,39.360,0.000,0.000,0.000,0.000,0.000
1778997645,37.85,32.27,48.70,25,1,tinyml,,,,39.350,0.000,0.000,0.000,0.000,0.000
1778997650,37.85,32.27,48.70,25,1,tinyml,,,,39.350,0.000,0.000,0.000,0.000,0.000
1778997655,37.85,32.25,48.70,25,1,tinyml,,,,39.350,0.000,0.000,0.000,0.000,0.000
1778997660,37.88,32.25,48.70,25,1,tinyml,,,,39.380,0.000,0.000,0.000,0.000,0.000
1778997665,37.86,32.27,48.70,25,1,tinyml,,,,39.360,0.000,0.000,0.000,0.000,0.000
1778997670,37.86,32.28,48.70,25,1,tinyml,,,,39.360,0.000,0.000,0.000,0.000,0.000
1778997675,37.85,32.27,48.70,25,1,tinyml,,,,39.350,0.000,0.000,0.000,0.000,0.000
1778997680,37.88,32.28,48.60,25,1,tinyml,,,,39.380,0.000,0.000,0.000,0.000,0.000
1778997685,37.88,32.31,48.60,25,1,tinyml,,,,39.380,0.000,0.000,0.000,0.000,0.000
1778997690,37.83,32.30,48.70,26,1,tinyml,,,,39.330,0.000,0.000,0.000,0.000,0.000
1778997695,37.86,32.27,48.70,25,1,tinyml,,,,39.360,0.000,0.000,0.000,0.000,0.000
1778997700,37.86,32.27,48.60,25,1,tinyml,,,,39.360,0.000,0.000,0.000,0.000,0.000
1778997705,37.86,32.28,48.70,25,1,tinyml,,,,39.360,0.000,0.000,0.000,0.000,0.000
1778997710,37.88,32.27,48.70,25,1,tinyml,,,,39.380,0.000,0.000,0.000,0.000,0.000
1778997715,37.86,32.28,48.60,25,1,tinyml,,,,39.360,0.000,0.000,0.000,0.000,0.000
1778997720,37.88,32.27,48.70,25,1,tinyml,,,,39.380,0.000,0.000,0.000,0.000,0.000
1778997725,37.88,32.30,48.70,25,1,tinyml,,,,39.380,0.000,0.000,0.000,0.000,0.000
1778997730,37.89,32.27,48.70,24,1,tinyml,,,,39.390,0.000,0.000,0.000,0.000,0.000
1778997735,37.88,32.27,48.60,25,1,tinyml,,,,39.380,0.000,0.000,0.000,0.000,0.000
1778997740,37.86,32.27,48.60,25,1,tinyml,,,,39.360,0.000,0.000,0.000,0.000,0.000
1778997745,37.88,32.28,48.60,25,1,tinyml,,,,39.380,0.000,0.000,0.000,0.000,0.000
1778997750,37.85,32.28,48.60,25,1,tinyml,,,,39.350,0.000,0.000,0.000,0.000,0.000
1778997755,37.88,32.27,48.60,25,1,tinyml,,,,39.380,0.000,0.000,0.000,0.000,0.000
1778997760,37.86,32.25,48.70,25,1,tinyml,,,,39.360,0.000,0.000,0.000,0.000,0.000
1778997765,37.88,32.28,48.70,25,1,tinyml,,,,39.380,0.000,0.000,0.000,0.000,0.000
1778997770,37.83,32.28,48.60,26,1,tinyml,,,,39.330,0.000,0.000,0.000,0.000,0.000
1778997775,37.86,32.30,48.60,25,1,tinyml,,,,39.360,0.000,0.000,0.000,0.000,0.000
1778997780,37.88,32.28,48.70,25,1,tinyml,,,,39.380,0.000,0.000,0.000,0.000,0.000
1778997785,37.88,32.30,48.70,25,1,tinyml,,,,39.380,0.000,0.000,0.000,0.000,0.000
1778997790,37.89,32.31,48.60,24,1,tinyml,,,,39.390,0.000,0.000,0.000,0.000,0.000
1778997795,37.86,32.31,48.70,25,1,tinyml,,,,39.360,0.000,0.000,0.000,0.000,0.000
1778997800,37.88,32.30,48.70,25,1,tinyml,,,,39.380,0.000,0.000,0.000,0.000,0.000
1778997805,37.86,32.32,48.70,25,1,tinyml,,,,39.360,0.000,0.000,0.000,0.000,0.000
1778997810,37.88,32.34,48.60,25,1,tinyml,,,,39.380,0.000,0.000,0.000,0.000,0.000
1778997815,37.88,32.35,48.70,25,1,tinyml,,,,39.380,0.000,0.000,0.000,0.000,0.000
1778997820,37.89,32.37,48.70,24,1,tinyml,,,,39.390,0.000,0.000,0.000,0.000,0.000
1778997825,37.88,32.35,48.70,25,1,tinyml,,,,39.380,0.000,0.000,0.000,0.000,0.000
1778997830,37.89,32.35,48.70,24,1,tinyml,,,,39.390,0.000,0.000,0.000,0.000,0.000
1778997835,37.90,32.38,48.70,24,1,tinyml,,,,39.400,0.000,0.000,0.000,0.000,0.000
1778997840,37.89,32.38,48.70,24,1,tinyml,,,,39.390,0.000,0.000,0.000,0.000,0.000
1778997845,37.90,32.38,48.70,24,1,tinyml,,,,39.400,0.000,0.000,0.000,0.000,0.000
1778997850,37.89,32.39,48.70,24,1,tinyml,,,,39.390,0.000,0.000,0.000,0.000,0.000
1778997855,37.89,32.37,48.70,24,1,tinyml,,,,39.390,0.000,0.000,0.000,0.000,0.000
1778997860,37.86,32.39,48.70,25,1,tinyml,,,,39.360,0.000,0.000,0.000,0.000,0.000
1778997865,37.88,32.38,48.70,25,1,tinyml,,,,39.380,0.000,0.000,0.000,0.000,0.000
1778997870,37.92,32.41,48.70,24,1,tinyml,,,,39.420,0.000,0.000,0.000,0.000,0.000
1778997875,37.88,32.39,48.70,25,1,tinyml,,,,39.380,0.000,0.000,0.000,0.000,0.000
1778997880,37.90,32.41,48.70,24,1,tinyml,,,,39.400,0.000,0.000,0.000,0.000,0.000
1778997885,37.90,32.39,48.70,24,1,tinyml,,,,39.400,0.000,0.000,0.000,0.000,0.000
1778997890,37.90,32.39,48.80,24,1,tinyml,,,,39.400,0.000,0.000,0.000,0.000,0.000
1778997895,37.89,32.41,48.80,24,1,tinyml,,,,39.390,0.000,0.000,0.000,0.000,0.000
1778997900,37.89,32.42,48.80,24,1,tinyml,,,,39.390,0.000,0.000,0.000,0.000,0.000
1778997905,37.89,32.42,48.70,24,1,tinyml,,,,39.390,0.000,0.000,0.000,0.000,0.000
1778997910,37.89,32.44,48.80,24,1,tinyml,,,,39.390,0.000,0.000,0.000,0.000,0.000
1778997915,37.88,32.44,48.80,25,1,tinyml,,,,39.380,0.000,0.000,0.000,0.000,0.000
1778997920,37.86,32.44,48.80,25,1,tinyml,,,,39.360,0.000,0.000,0.000,0.000,0.000
1778997925,37.86,32.45,48.80,25,1,tinyml,,,,39.360,0.000,0.000,0.000,0.000,0.000
1778997930,37.88,32.45,48.80,25,1,tinyml,,,,39.380,0.000,0.000,0.000,0.000,0.000
1778997935,37.86,32.48,48.80,25,1,tinyml,,,,39.360,0.000,0.000,0.000,0.000,0.000
1778997940,37.88,32.47,48.80,25,1,tinyml,,,,39.380,0.000,0.000,0.000,0.000,0.000
1778997945,37.86,32.48,48.90,25,1,tinyml,,,,39.360,0.000,0.000,0.000,0.000,0.000
1778997950,37.86,32.49,48.90,25,1,tinyml,,,,39.360,0.000,0.000,0.000,0.000,0.000
1778997955,37.85,32.49,48.90,25,1,tinyml,,,,39.350,0.000,0.000,0.000,0.000,0.000
1778997960,37.85,32.47,48.80,25,1,tinyml,,,,39.350,0.000,0.000,0.000,0.000,0.000
1778997965,37.88,32.47,48.90,25,1,tinyml,,,,39.380,0.000,0.000,0.000,0.000,0.000
1778997970,37.88,32.48,48.90,25,1,tinyml,,,,39.380,0.000,0.000,0.000,0.000,0.000
1778997975,37.86,32.47,48.90,25,1,tinyml,,,,39.360,0.000,0.000,0.000,0.000,0.000
1778997980,37.86,32.45,49.00,25,1,tinyml,,,,39.360,0.000,0.000,0.000,0.000,0.000
1778997985,37.86,32.49,48.90,25,1,tinyml,,,,39.360,0.000,0.000,0.000,0.000,0.000
1778997990,37.86,32.48,48.90,25,1,tinyml,,,,39.360,0.000,0.000,0.000,0.000,0.000
1778997995,37.86,32.47,49.00,25,1,tinyml,,,,39.360,0.000,0.000,0.000,0.000,0.000
1778998000,37.86,32.47,48.90,25,1,tinyml,,,,39.360,0.000,0.000,0.000,0.000,0.000
1778998005,37.86,32.48,49.00,25,1,tinyml,,,,39.360,0.000,0.000,0.000,0.000,0.000
1778998010,37.86,32.47,48.90,25,1,tinyml,,,,39.360,0.000,0.000,0.000,0.000,0.000
1778998015,37.86,32.48,48.90,25,1,tinyml,,,,39.360,0.000,0.000,0.000,0.000,0.000
1778998020,37.86,32.48,49.00,25,1,tinyml,,,,39.360,0.000,0.000,0.000,0.000,0.000
1778998025,37.86,32.49,49.00,25,1,tinyml,,,,39.360,0.000,0.000,0.000,0.000,0.000
1778998030,37.88,32.49,49.00,25,1,tinyml,,,,39.380,0.000,0.000,0.000,0.000,0.000
1778998035,37.86,32.49,48.90,25,1,tinyml,,,,39.360,0.000,0.000,0.000,0.000,0.000
1778998040,37.89,32.52,49.00,24,1,tinyml,,,,39.390,0.000,0.000,0.000,0.000,0.000
1778998045,37.89,32.49,49.00,24,1,tinyml,,,,39.390,0.000,0.000,0.000,0.000,0.000
1778998050,37.88,32.52,49.00,25,1,tinyml,,,,39.380,0.000,0.000,0.000,0.000,0.000
1778998055,37.90,32.51,49.00,24,1,tinyml,,,,39.400,0.000,0.000,0.000,0.000,0.000
1778998060,37.88,32.52,49.00,25,1,tinyml,,,,39.380,0.000,0.000,0.000,0.000,0.000
1778998065,37.90,32.54,49.00,24,1,tinyml,,,,39.400,0.000,0.000,0.000,0.000,0.000
1778998070,37.89,32.55,49.00,24,1,tinyml,,,,39.390,0.000,0.000,0.000,0.000,0.000
1778998075,37.89,32.55,49.00,24,1,tinyml,,,,39.390,0.000,0.000,0.000,0.000,0.000
1778998080,37.88,32.55,49.00,25,1,tinyml,,,,39.380,0.000,0.000,0.000,0.000,0.000
1778998085,37.90,32.55,49.00,24,1,tinyml,,,,39.400,0.000,0.000,0.000,0.000,0.000
1778998090,37.88,32.52,49.00,25,1,tinyml,,,,39.380,0.000,0.000,0.000,0.000,0.000
1778998095,37.90,32.57,49.00,24,1,tinyml,,,,39.400,0.000,0.000,0.000,0.000,0.000
1778998100,37.89,32.57,49.00,24,1,tinyml,,,,39.390,0.000,0.000,0.000,0.000,0.000
1778998105,37.89,32.55,49.10,24,1,tinyml,,,,39.390,0.000,0.000,0.000,0.000,0.000
1778998110,37.92,32.52,49.00,24,1,tinyml,,,,39.420,0.000,0.000,0.000,0.000,0.000
1778998115,37.92,32.57,49.00,24,1,tinyml,,,,39.420,0.000,0.000,0.000,0.000,0.000
1778998120,37.92,32.57,49.00,24,1,tinyml,,,,39.420,0.000,0.000,0.000,0.000,0.000
1778998125,37.90,32.55,49.10,24,1,tinyml,,,,39.400,0.000,0.000,0.000,0.000,0.000
1778998130,37.90,32.57,49.10,24,1,tinyml,,,,39.400,0.000,0.000,0.000,0.000,0.000
1778998135,37.93,32.55,49.10,24,1,tinyml,,,,39.430,0.000,0.000,0.000,0.000,0.000
1778998140,37.92,32.55,49.00,24,1,tinyml,,,,39.420,0.000,0.000,0.000,0.000,0.000
1778998145,37.90,32.59,49.10,24,1,tinyml,,,,39.400,0.000,0.000,0.000,0.000,0.000
1778998150,37.92,32.55,49.10,24,1,tinyml,,,,39.420,0.000,0.000,0.000,0.000,0.000
1778998155,37.94,32.57,49.10,24,1,tinyml,,,,39.440,0.000,0.000,0.000,0.000,0.000
1778998160,37.90,32.57,49.10,24,1,tinyml,,,,39.400,0.000,0.000,0.000,0.000,0.000
1778998165,37.90,32.55,49.10,24,1,tinyml,,,,39.400,0.000,0.000,0.000,0.000,0.000
1778998170,37.90,32.58,49.10,24,1,tinyml,,,,39.400,0.000,0.000,0.000,0.000,0.000
1778998175,37.92,32.55,49.10,24,1,tinyml,,,,39.420,0.000,0.000,0.000,0.000,0.000
1778998180,37.88,32.59,49.10,25,1,tinyml,,,,39.380,0.000,0.000,0.000,0.000,0.000
1778998185,37.90,32.55,49.20,24,1,tinyml,,,,39.400,0.000,0.000,0.000,0.000,0.000
1778998190,37.92,32.57,49.10,24,1,tinyml,,,,39.420,0.000,0.000,0.000,0.000,0.000
1778998195,37.94,32.57,49.10,24,1,tinyml,,,,39.440,0.000,0.000,0.000,0.000,0.000
1778998200,37.90,32.55,49.10,24,1,tinyml,,,,39.400,0.000,0.000,0.000,0.000,0.000
1778998205,37.93,32.57,49.10,24,1,tinyml,,,,39.430,0.000,0.000,0.000,0.000,0.000
1778998210,37.93,32.55,49.00,24,1,tinyml,,,,39.430,0.000,0.000,0.000,0.000,0.000
1778998215,37.92,32.57,49.10,24,1,tinyml,,,,39.420,0.000,0.000,0.000,0.000,0.000
1778998220,37.94,32.57,49.10,24,1,tinyml,,,,39.440,0.000,0.000,0.000,0.000,0.000
1778998225,37.93,32.55,49.10,24,1,tinyml,,,,39.430,0.000,0.000,0.000,0.000,0.000
1778998230,37.92,32.54,49.10,24,1,tinyml,,,,39.420,0.000,0.000,0.000,0.000,0.000
1778998235,37.93,32.54,49.00,24,1,tinyml,,,,39.430,0.000,0.000,0.000,0.000,0.000
1778998240,37.93,32.54,49.00,24,1,tinyml,,,,39.430,0.000,0.000,0.000,0.000,0.000
1778998245,37.90,32.54,49.10,24,1,tinyml,,,,39.400,0.000,0.000,0.000,0.000,0.000
1778998250,37.93,32.54,49.10,24,1,tinyml,,,,39.430,0.000,0.000,0.000,0.000,0.000
1778998255,37.93,32.57,49.10,24,1,tinyml,,,,39.430,0.000,0.000,0.000,0.000,0.000
1778998260,37.93,32.55,49.10,24,1,tinyml,,,,39.430,0.000,0.000,0.000,0.000,0.000
1778998265,37.94,32.54,49.00,24,1,tinyml,,,,39.440,0.000,0.000,0.000,0.000,0.000
1778998270,37.94,32.54,49.10,24,1,tinyml,,,,39.440,0.000,0.000,0.000,0.000,0.000
1778998275,37.92,32.57,49.10,24,1,tinyml,,,,39.420,0.000,0.000,0.000,0.000,0.000
1778998280,37.93,32.52,49.10,24,1,tinyml,,,,39.430,0.000,0.000,0.000,0.000,0.000
1778998285,37.93,32.51,49.10,24,1,tinyml,,,,39.430,0.000,0.000,0.000,0.000,0.000
1778998290,37.94,32.55,49.10,24,1,tinyml,,,,39.440,0.000,0.000,0.000,0.000,0.000
1778998295,37.93,32.54,49.10,24,1,tinyml,,,,39.430,0.000,0.000,0.000,0.000,0.000
1778998300,37.94,32.55,49.10,24,1,tinyml,,,,39.440,0.000,0.000,0.000,0.000,0.000
1778998305,37.96,32.55,49.00,23,1,tinyml,,,,39.460,0.000,0.000,0.000,0.000,0.000
1778998310,37.92,32.54,49.10,24,1,tinyml,,,,39.420,0.000,0.000,0.000,0.000,0.000
1778998315,37.93,32.57,49.00,24,1,tinyml,,,,39.430,0.000,0.000,0.000,0.000,0.000
1778998320,37.94,32.57,49.10,24,1,tinyml,,,,39.440,0.000,0.000,0.000,0.000,0.000
1778998325,37.92,32.57,49.10,24,1,tinyml,,,,39.420,0.000,0.000,0.000,0.000,0.000
1778998330,37.93,32.55,49.10,24,1,tinyml,,,,39.430,0.000,0.000,0.000,0.000,0.000
1778998335,37.92,32.59,49.10,24,1,tinyml,,,,39.420,0.000,0.000,0.000,0.000,0.000
1778998340,37.92,32.58,49.10,24,1,tinyml,,,,39.420,0.000,0.000,0.000,0.000,0.000
1778998345,37.94,32.61,49.10,24,1,tinyml,,,,39.440,0.000,0.000,0.000,0.000,0.000
1778998350,37.94,32.59,49.10,24,1,tinyml,,,,39.440,0.000,0.000,0.000,0.000,0.000
1778998355,37.93,32.57,49.10,24,1,tinyml,,,,39.430,0.000,0.000,0.000,0.000,0.000
1778998360,37.90,32.57,49.10,24,1,tinyml,,,,39.400,0.000,0.000,0.000,0.000,0.000
1778998365,37.93,32.59,49.10,24,1,tinyml,,,,39.430,0.000,0.000,0.000,0.000,0.000
1778998370,37.92,32.58,49.10,24,1,tinyml,,,,39.420,0.000,0.000,0.000,0.000,0.000
1778998375,37.94,32.59,49.10,24,1,tinyml,,,,39.440,0.000,0.000,0.000,0.000,0.000
1778998380,37.94,32.61,49.10,24,1,tinyml,,,,39.440,0.000,0.000,0.000,0.000,0.000
1778998385,37.90,32.61,49.10,24,1,tinyml,,,,39.400,0.000,0.000,0.000,0.000,0.000
1778998390,37.92,32.59,49.10,24,1,tinyml,,,,39.420,0.000,0.000,0.000,0.000,0.000
1778998395,37.93,32.59,49.10,24,1,tinyml,,,,39.430,0.000,0.000,0.000,0.000,0.000
1778998400,37.92,32.59,49.10,24,1,tinyml,,,,39.420,0.000,0.000,0.000,0.000,0.000
1778998405,37.94,32.61,49.10,24,1,tinyml,,,,39.440,0.000,0.000,0.000,0.000,0.000
1778998410,37.92,32.62,49.00,24,1,tinyml,,,,39.420,0.000,0.000,0.000,0.000,0.000
1778998415,37.92,32.62,49.10,24,1,tinyml,,,,39.420,0.000,0.000,0.000,0.000,0.000
1778998420,37.92,32.64,49.10,24,1,tinyml,,,,39.420,0.000,0.000,0.000,0.000,0.000
1778998425,37.93,32.62,49.10,24,1,tinyml,,,,39.430,0.000,0.000,0.000,0.000,0.000
1778998430,37.90,32.65,49.10,24,1,tinyml,,,,39.400,0.000,0.000,0.000,0.000,0.000
1778998435,37.90,32.64,49.10,24,1,tinyml,,,,39.400,0.000,0.000,0.000,0.000,0.000
1778998440,37.92,32.64,49.10,24,1,tinyml,,,,39.420,0.000,0.000,0.000,0.000,0.000
1778998445,37.92,32.64,49.10,24,1,tinyml,,,,39.420,0.000,0.000,0.000,0.000,0.000
1778998450,37.90,32.65,49.10,24,1,tinyml,,,,39.400,0.000,0.000,0.000,0.000,0.000
1778998455,37.93,32.64,49.10,24,1,tinyml,,,,39.430,0.000,0.000,0.000,0.000,0.000
1778998460,37.90,32.67,49.10,24,1,tinyml,,,,39.400,0.000,0.000,0.000,0.000,0.000
1778998465,37.93,32.65,49.10,24,1,tinyml,,,,39.430,0.000,0.000,0.000,0.000,0.000
1778998470,37.93,32.65,49.10,24,1,tinyml,,,,39.430,0.000,0.000,0.000,0.000,0.000
1778998475,37.90,32.67,49.10,24,1,tinyml,,,,39.400,0.000,0.000,0.000,0.000,0.000
1778998480,37.92,32.67,49.00,24,1,tinyml,,,,39.420,0.000,0.000,0.000,0.000,0.000
1778998485,37.93,32.68,49.00,24,1,tinyml,,,,39.430,0.000,0.000,0.000,0.000,0.000
1778998490,37.90,32.67,49.10,24,1,tinyml,,,,39.400,0.000,0.000,0.000,0.000,0.000
1778998495,37.92,32.68,49.00,24,1,tinyml,,,,39.420,0.000,0.000,0.000,0.000,0.000
1778998500,37.90,32.68,49.10,24,1,tinyml,,,,39.400,0.000,0.000,0.000,0.000,0.000
1778998505,37.93,32.65,49.00,24,1,tinyml,,,,39.430,0.000,0.000,0.000,0.000,0.000
1778998510,37.90,32.68,49.00,24,1,tinyml,,,,39.400,0.000,0.000,0.000,0.000,0.000
1778998515,37.92,32.67,49.10,24,1,tinyml,,,,39.420,0.000,0.000,0.000,0.000,0.000
1778998520,37.92,32.65,49.10,24,1,tinyml,,,,39.420,0.000,0.000,0.000,0.000,0.000
1778998525,37.90,32.65,49.00,24,1,tinyml,,,,39.400,0.000,0.000,0.000,0.000,0.000
1778998530,37.88,32.64,49.10,25,1,tinyml,,,,39.380,0.000,0.000,0.000,0.000,0.000
1778998535,37.92,32.68,49.10,24,1,tinyml,,,,39.420,0.000,0.000,0.000,0.000,0.000
1778998540,37.90,32.68,49.10,24,1,tinyml,,,,39.400,0.000,0.000,0.000,0.000,0.000
1778998545,37.89,32.67,49.10,24,1,tinyml,,,,39.390,0.000,0.000,0.000,0.000,0.000
1778998550,37.89,32.69,49.00,24,1,tinyml,,,,39.390,0.000,0.000,0.000,0.000,0.000
1778998555,37.92,32.68,49.10,24,1,tinyml,,,,39.420,0.000,0.000,0.000,0.000,0.000
1778998560,37.89,32.69,49.10,24,1,tinyml,,,,39.390,0.000,0.000,0.000,0.000,0.000
1778998565,37.94,32.71,49.10,24,1,tinyml,,,,39.440,0.000,0.000,0.000,0.000,0.000
1778998570,37.90,32.68,49.10,24,1,tinyml,,,,39.400,0.000,0.000,0.000,0.000,0.000
1778998575,37.92,32.69,49.10,24,1,tinyml,,,,39.420,0.000,0.000,0.000,0.000,0.000
1778998580,37.90,32.69,49.10,24,1,tinyml,,,,39.400,0.000,0.000,0.000,0.000,0.000
1778998585,37.92,32.69,49.10,24,1,tinyml,,,,39.420,0.000,0.000,0.000,0.000,0.000
1778998590,37.89,32.74,49.10,24,1,tinyml,,,,39.390,0.000,0.000,0.000,0.000,0.000
1778998595,37.92,32.72,49.10,24,1,tinyml,,,,39.420,0.000,0.000,0.000,0.000,0.000
1778998600,37.90,32.75,49.10,24,1,tinyml,,,,39.400,0.000,0.000,0.000,0.000,0.000
1778998605,37.90,32.74,49.10,24,1,tinyml,,,,39.400,0.000,0.000,0.000,0.000,0.000
1778998610,37.93,32.72,49.20,24,1,tinyml,,,,39.430,0.000,0.000,0.000,0.000,0.000
1778998615,37.92,32.74,49.20,24,1,tinyml,,,,39.420,0.000,0.000,0.000,0.000,0.000
1778998620,37.93,32.76,49.10,24,1,tinyml,,,,39.430,0.000,0.000,0.000,0.000,0.000
1778998625,37.90,32.74,49.10,24,1,tinyml,,,,39.400,0.000,0.000,0.000,0.000,0.000
1778998630,37.94,32.75,49.10,24,1,tinyml,,,,39.440,0.000,0.000,0.000,0.000,0.000
1778998635,37.90,32.76,49.10,24,1,tinyml,,,,39.400,0.000,0.000,0.000,0.000,0.000
1778998640,37.92,32.75,49.10,24,1,tinyml,,,,39.420,0.000,0.000,0.000,0.000,0.000
1778998645,37.92,32.75,49.10,24,1,tinyml,,,,39.420,0.000,0.000,0.000,0.000,0.000
1778998650,37.92,32.75,49.10,24,1,tinyml,,,,39.420,0.000,0.000,0.000,0.000,0.000
1778998655,37.93,32.74,49.10,24,1,tinyml,,,,39.430,0.000,0.000,0.000,0.000,0.000
1778998660,37.93,32.74,49.10,24,1,tinyml,,,,39.430,0.000,0.000,0.000,0.000,0.000
1778998665,37.93,32.72,49.10,24,1,tinyml,,,,39.430,0.000,0.000,0.000,0.000,0.000
1778998670,37.92,32.74,49.10,24,1,tinyml,,,,39.420,0.000,0.000,0.000,0.000,0.000
1778998675,37.92,32.75,49.10,24,1,tinyml,,,,39.420,0.000,0.000,0.000,0.000,0.000
1778998680,37.90,32.74,49.10,24,1,tinyml,,,,39.400,0.000,0.000,0.000,0.000,0.000
1778998685,37.92,32.74,49.10,24,1,tinyml,,,,39.420,0.000,0.000,0.000,0.000,0.000
1778998690,37.92,32.76,49.10,24,1,tinyml,,,,39.420,0.000,0.000,0.000,0.000,0.000
1778998695,37.92,32.75,49.10,24,1,tinyml,,,,39.420,0.000,0.000,0.000,0.000,0.000
1778998700,37.90,32.76,49.10,24,1,tinyml,,,,39.400,0.000,0.000,0.000,0.000,0.000
1778998705,37.90,32.76,49.00,24,1,tinyml,,,,39.400,0.000,0.000,0.000,0.000,0.000
1778998710,37.89,32.78,49.00,24,1,tinyml,,,,39.390,0.000,0.000,0.000,0.000,0.000
1778998715,37.90,32.76,49.00,24,1,tinyml,,,,39.400,0.000,0.000,0.000,0.000,0.000
1778998720,37.89,32.76,49.00,24,1,tinyml,,,,39.390,0.000,0.000,0.000,0.000,0.000
1778998725,37.89,32.78,48.90,24,1,tinyml,,,,39.390,0.000,0.000,0.000,0.000,0.000
1778998730,37.88,32.76,49.00,25,1,tinyml,,,,39.380,0.000,0.000,0.000,0.000,0.000
1778998735,37.89,32.80,49.00,24,1,tinyml,,,,39.390,0.000,0.000,0.000,0.000,0.000
1778998740,37.88,32.76,48.90,25,1,tinyml,,,,39.380,0.000,0.000,0.000,0.000,0.000
1778998745,37.88,32.78,49.00,25,1,tinyml,,,,39.380,0.000,0.000,0.000,0.000,0.000
1778998750,37.86,32.78,48.90,25,1,tinyml,,,,39.360,0.000,0.000,0.000,0.000,0.000
1778998755,37.88,32.79,49.00,25,1,tinyml,,,,39.380,0.000,0.000,0.000,0.000,0.000
1778998760,37.89,32.82,48.90,24,1,tinyml,,,,39.390,0.000,0.000,0.000,0.000,0.000
1778998765,37.90,32.80,48.90,24,1,tinyml,,,,39.400,0.000,0.000,0.000,0.000,0.000
1778998770,37.92,32.83,48.90,24,1,tinyml,,,,39.420,0.000,0.000,0.000,0.000,0.000
1778998775,37.86,32.83,48.90,25,1,tinyml,,,,39.360,0.000,0.000,0.000,0.000,0.000
1778998780,37.89,32.83,49.00,24,1,tinyml,,,,39.390,0.000,0.000,0.000,0.000,0.000
1778998785,37.88,32.85,49.00,25,1,tinyml,,,,39.380,0.000,0.000,0.000,0.000,0.000
1778998790,37.89,32.85,48.90,24,1,tinyml,,,,39.390,0.000,0.000,0.000,0.000,0.000
1778998795,37.88,32.85,48.90,25,1,tinyml,,,,39.380,0.000,0.000,0.000,0.000,0.000
1778998800,37.89,32.86,48.90,24,1,tinyml,,,,39.390,0.000,0.000,0.000,0.000,0.000
1778998805,37.88,32.87,48.90,25,1,tinyml,,,,39.380,0.000,0.000,0.000,0.000,0.000
1778998810,37.89,32.87,48.90,24,1,tinyml,,,,39.390,0.000,0.000,0.000,0.000,0.000
1778998815,37.92,32.86,48.80,24,1,tinyml,,,,39.420,0.000,0.000,0.000,0.000,0.000
1778998820,37.90,32.87,48.80,24,1,tinyml,,,,39.400,0.000,0.000,0.000,0.000,0.000
1778998825,37.90,32.85,48.80,24,1,tinyml,,,,39.400,0.000,0.000,0.000,0.000,0.000
1778998830,37.90,32.87,48.70,24,1,tinyml,,,,39.400,0.000,0.000,0.000,0.000,0.000
1778998835,37.88,32.86,48.70,25,1,tinyml,,,,39.380,0.000,0.000,0.000,0.000,0.000
1778998840,37.92,32.87,48.70,24,1,tinyml,,,,39.420,0.000,0.000,0.000,0.000,0.000
1778998845,37.89,32.86,48.70,24,1,tinyml,,,,39.390,0.000,0.000,0.000,0.000,0.000
1778998850,37.89,32.86,48.70,24,1,tinyml,,,,39.390,0.000,0.000,0.000,0.000,0.000
1778998855,37.90,32.86,48.70,24,1,tinyml,,,,39.400,0.000,0.000,0.000,0.000,0.000
1778998860,37.90,32.86,48.70,24,1,tinyml,,,,39.400,0.000,0.000,0.000,0.000,0.000
1778998865,37.90,32.87,48.70,24,1,tinyml,,,,39.400,0.000,0.000,0.000,0.000,0.000
1778998870,37.90,32.89,48.60,24,1,tinyml,,,,39.400,0.000,0.000,0.000,0.000,0.000
1778998875,37.90,32.89,48.70,24,1,tinyml,,,,39.400,0.000,0.000,0.000,0.000,0.000
1778998880,37.92,32.87,48.70,24,1,tinyml,,,,39.420,0.000,0.000,0.000,0.000,0.000
1778998885,37.92,32.92,48.60,24,1,tinyml,,,,39.420,0.000,0.000,0.000,0.000,0.000
1778998890,37.89,32.92,48.60,24,1,tinyml,,,,39.390,0.000,0.000,0.000,0.000,0.000
1778998895,37.92,32.92,48.60,24,1,tinyml,,,,39.420,0.000,0.000,0.000,0.000,0.000
1778998900,37.89,32.94,48.60,24,1,tinyml,,,,39.390,0.000,0.000,0.000,0.000,0.000
1778998905,37.90,32.90,48.50,24,1,tinyml,,,,39.400,0.000,0.000,0.000,0.000,0.000
1778998910,37.90,32.94,48.60,24,1,tinyml,,,,39.400,0.000,0.000,0.000,0.000,0.000
1778998915,37.92,32.94,48.60,24,1,tinyml,,,,39.420,0.000,0.000,0.000,0.000,0.000
1778998920,37.92,32.90,48.60,24,1,tinyml,,,,39.420,0.000,0.000,0.000,0.000,0.000
1778998925,37.90,32.94,48.60,24,1,tinyml,,,,39.400,0.000,0.000,0.000,0.000,0.000
1778998930,37.90,32.92,48.60,24,1,tinyml,,,,39.400,0.000,0.000,0.000,0.000,0.000
1778998935,37.90,32.89,48.60,24,1,tinyml,,,,39.400,0.000,0.000,0.000,0.000,0.000
1778998940,37.90,32.89,48.60,24,1,tinyml,,,,39.400,0.000,0.000,0.000,0.000,0.000
1778998945,37.89,32.92,48.60,24,1,tinyml,,,,39.390,0.000,0.000,0.000,0.000,0.000
1778998950,37.89,32.95,48.60,24,1,tinyml,,,,39.390,0.000,0.000,0.000,0.000,0.000
1778998955,37.89,32.94,48.60,24,1,tinyml,,,,39.390,0.000,0.000,0.000,0.000,0.000
1778998960,37.89,32.96,48.60,24,1,tinyml,,,,39.390,0.000,0.000,0.000,0.000,0.000
1778998965,37.88,32.94,48.60,25,1,tinyml,,,,39.380,0.000,0.000,0.000,0.000,0.000
1778998970,37.89,32.96,48.60,24,1,tinyml,,,,39.390,0.000,0.000,0.000,0.000,0.000
1778998975,37.90,32.98,48.60,24,1,tinyml,,,,39.400,0.000,0.000,0.000,0.000,0.000
1778998980,37.92,32.95,48.60,24,1,tinyml,,,,39.420,0.000,0.000,0.000,0.000,0.000
1778998985,37.88,32.96,48.60,25,1,tinyml,,,,39.380,0.000,0.000,0.000,0.000,0.000
1778998990,37.89,32.96,48.60,24,1,tinyml,,,,39.390,0.000,0.000,0.000,0.000,0.000
1778998995,37.89,32.96,48.60,24,1,tinyml,,,,39.390,0.000,0.000,0.000,0.000,0.000
1778999000,37.90,32.94,48.60,24,1,tinyml,,,,39.400,0.000,0.000,0.000,0.000,0.000
1778999005,37.89,32.90,48.60,24,1,tinyml,,,,39.390,0.000,0.000,0.000,0.000,0.000
1778999010,37.90,32.87,48.60,24,1,tinyml,,,,39.400,0.000,0.000,0.000,0.000,0.000
1778999015,37.90,32.90,48.60,24,1,tinyml,,,,39.400,0.000,0.000,0.000,0.000,0.000
1778999020,37.90,32.89,48.50,24,1,tinyml,,,,39.400,0.000,0.000,0.000,0.000,0.000
1778999025,37.90,32.89,48.50,24,1,tinyml,,,,39.400,0.000,0.000,0.000,0.000,0.000
1778999030,37.89,32.90,48.50,24,1,tinyml,,,,39.390,0.000,0.000,0.000,0.000,0.000
1778999035,37.93,32.89,48.60,24,1,tinyml,,,,39.430,0.000,0.000,0.000,0.000,0.000
1778999040,37.89,32.90,48.50,24,1,tinyml,,,,39.390,0.000,0.000,0.000,0.000,0.000
1778999045,37.90,32.87,48.60,24,1,tinyml,,,,39.400,0.000,0.000,0.000,0.000,0.000
1778999050,37.90,32.89,48.60,24,1,tinyml,,,,39.400,0.000,0.000,0.000,0.000,0.000
1778999055,37.90,32.90,48.60,24,1,tinyml,,,,39.400,0.000,0.000,0.000,0.000,0.000
1778999060,37.92,32.87,48.60,24,1,tinyml,,,,39.420,0.000,0.000,0.000,0.000,0.000
1778999065,37.90,32.92,48.60,24,1,tinyml,,,,39.400,0.000,0.000,0.000,0.000,0.000
1778999070,37.92,32.94,48.60,24,1,tinyml,,,,39.420,0.000,0.000,0.000,0.000,0.000
1778999075,37.90,32.90,48.60,24,1,tinyml,,,,39.400,0.000,0.000,0.000,0.000,0.000
1778999080,37.92,32.92,48.50,24,1,tinyml,,,,39.420,0.000,0.000,0.000,0.000,0.000
1778999085,37.90,32.89,48.50,24,1,tinyml,,,,39.400,0.000,0.000,0.000,0.000,0.000
1778999090,37.92,32.92,48.50,24,1,tinyml,,,,39.420,0.000,0.000,0.000,0.000,0.000
1778999095,37.92,32.94,48.50,24,1,tinyml,,,,39.420,0.000,0.000,0.000,0.000,0.000
1778999100,37.90,32.90,48.50,24,1,tinyml,,,,39.400,0.000,0.000,0.000,0.000,0.000
1778999105,37.88,32.90,48.50,25,1,tinyml,,,,39.380,0.000,0.000,0.000,0.000,0.000
1778999110,37.90,32.94,48.50,24,1,tinyml,,,,39.400,0.000,0.000,0.000,0.000,0.000
1778999115,37.90,32.90,48.50,24,1,tinyml,,,,39.400,0.000,0.000,0.000,0.000,0.000
1778999120,37.89,32.86,48.50,24,1,tinyml,,,,39.390,0.000,0.000,0.000,0.000,0.000
1778999125,37.89,32.89,48.50,24,1,tinyml,,,,39.390,0.000,0.000,0.000,0.000,0.000
1778999130,37.90,32.87,48.50,24,1,tinyml,,,,39.400,0.000,0.000,0.000,0.000,0.000
1778999135,37.90,32.89,48.50,24,1,tinyml,,,,39.400,0.000,0.000,0.000,0.000,0.000
1778999140,37.90,32.90,48.50,24,1,tinyml,,,,39.400,0.000,0.000,0.000,0.000,0.000
1778999145,37.89,32.90,48.50,24,1,tinyml,,,,39.390,0.000,0.000,0.000,0.000,0.000
1778999150,37.89,32.92,48.40,24,1,tinyml,,,,39.390,0.000,0.000,0.000,0.000,0.000
1778999155,37.92,32.90,48.50,24,1,tinyml,,,,39.420,0.000,0.000,0.000,0.000,0.000
1778999160,37.89,32.92,48.40,24,1,tinyml,,,,39.390,0.000,0.000,0.000,0.000,0.000
1778999165,37.89,32.89,48.40,24,1,tinyml,,,,39.390,0.000,0.000,0.000,0.000,0.000
1778999170,37.90,32.89,48.40,24,1,tinyml,,,,39.400,0.000,0.000,0.000,0.000,0.000
1778999175,37.89,32.90,48.40,24,1,tinyml,,,,39.390,0.000,0.000,0.000,0.000,0.000
1778999180,37.90,32.94,48.40,24,1,tinyml,,,,39.400,0.000,0.000,0.000,0.000,0.000
1778999185,37.88,32.92,48.40,25,1,tinyml,,,,39.380,0.000,0.000,0.000,0.000,0.000
1778999190,37.89,32.90,48.40,24,1,tinyml,,,,39.390,0.000,0.000,0.000,0.000,0.000
1778999194,37.86,32.90,48.40,25,1,tinyml,,,,39.360,0.000,0.000,0.000,0.000,0.000
1778999200,37.89,32.89,48.40,24,1,tinyml,,,,39.390,0.000,0.000,0.000,0.000,0.000
1778999205,37.85,32.92,48.40,25,1,tinyml,,,,39.350,0.000,0.000,0.000,0.000,0.000
1778999210,37.88,32.90,48.40,25,1,tinyml,,,,39.380,0.000,0.000,0.000,0.000,0.000
1778999215,37.88,32.90,48.40,25,1,tinyml,,,,39.380,0.000,0.000,0.000,0.000,0.000
1778999219,37.88,32.92,48.40,25,1,tinyml,,,,39.380,0.000,0.000,0.000,0.000,0.000
1778999224,37.85,32.94,48.50,25,1,tinyml,,,,39.350,0.000,0.000,0.000,0.000,0.000
1778999230,37.86,32.92,48.50,25,1,tinyml,,,,39.360,0.000,0.000,0.000,0.000,0.000
1778999234,37.89,32.96,48.50,24,1,tinyml,,,,39.390,0.000,0.000,0.000,0.000,0.000
1778999239,37.89,32.98,48.50,24,1,tinyml,,,,39.390,0.000,0.000,0.000,0.000,0.000
1778999245,37.88,32.98,48.40,25,1,tinyml,,,,39.380,0.000,0.000,0.000,0.000,0.000
1778999250,37.89,32.99,48.40,24,1,tinyml,,,,39.390,0.000,0.000,0.000,0.000,0.000
1778999254,37.90,32.98,48.40,24,1,tinyml,,,,39.400,0.000,0.000,0.000,0.000,0.000
1778999259,37.88,32.98,48.40,25,1,tinyml,,,,39.380,0.000,0.000,0.000,0.000,0.000
1778999264,37.86,33.00,48.50,25,1,tinyml,,,,39.360,0.000,0.000,0.000,0.000,0.000
1778999269,37.88,32.98,48.40,25,1,tinyml,,,,39.380,0.000,0.000,0.000,0.000,0.000
1778999275,37.89,32.98,48.40,24,1,tinyml,,,,39.390,0.000,0.000,0.000,0.000,0.000
1778999279,37.89,32.98,48.40,24,1,tinyml,,,,39.390,0.000,0.000,0.000,0.000,0.000
1778999285,37.89,32.94,48.40,24,1,tinyml,,,,39.390,0.000,0.000,0.000,0.000,0.000
1778999290,37.89,32.92,48.30,24,1,tinyml,,,,39.390,0.000,0.000,0.000,0.000,0.000
1778999294,37.89,32.94,48.30,24,1,tinyml,,,,39.390,0.000,0.000,0.000,0.000,0.000
1778999299,37.90,32.90,48.30,24,1,tinyml,,,,39.400,0.000,0.000,0.000,0.000,0.000
1778999305,37.92,32.89,48.20,24,1,tinyml,,,,39.420,0.000,0.000,0.000,0.000,0.000
1778999309,37.89,32.90,48.20,24,1,tinyml,,,,39.390,0.000,0.000,0.000,0.000,0.000
1778999315,37.90,32.90,48.20,24,1,tinyml,,,,39.400,0.000,0.000,0.000,0.000,0.000
1778999319,37.90,32.90,48.20,24,1,tinyml,,,,39.400,0.000,0.000,0.000,0.000,0.000
1778999324,37.90,32.89,48.20,24,1,tinyml,,,,39.400,0.000,0.000,0.000,0.000,0.000
1778999329,37.90,32.90,48.30,24,1,tinyml,,,,39.400,0.000,0.000,0.000,0.000,0.000
1778999334,37.90,32.92,48.20,24,1,tinyml,,,,39.400,0.000,0.000,0.000,0.000,0.000
1778999339,37.92,32.92,48.20,24,1,tinyml,,,,39.420,0.000,0.000,0.000,0.000,0.000
1778999344,37.89,32.92,48.20,24,1,tinyml,,,,39.390,0.000,0.000,0.000,0.000,0.000
1778999349,37.88,32.89,48.30,25,1,tinyml,,,,39.380,0.000,0.000,0.000,0.000,0.000
1778999354,37.90,32.92,48.30,24,1,tinyml,,,,39.400,0.000,0.000,0.000,0.000,0.000
1778999359,37.88,32.95,48.20,25,1,tinyml,,,,39.380,0.000,0.000,0.000,0.000,0.000
1778999365,37.92,32.95,48.20,24,1,tinyml,,,,39.420,0.000,0.000,0.000,0.000,0.000
1778999369,37.90,32.96,48.20,24,1,tinyml,,,,39.400,0.000,0.000,0.000,0.000,0.000
1778999374,37.92,32.96,48.20,24,1,tinyml,,,,39.420,0.000,0.000,0.000,0.000,0.000
1778999380,37.90,32.96,48.10,24,1,tinyml,,,,39.400,0.000,0.000,0.000,0.000,0.000
1778999384,37.92,32.96,48.20,24,1,tinyml,,,,39.420,0.000,0.000,0.000,0.000,0.000
1778999389,37.90,32.99,48.00,24,1,tinyml,,,,39.400,0.000,0.000,0.000,0.000,0.000
1778999394,37.90,32.96,48.10,24,1,tinyml,,,,39.400,0.000,0.000,0.000,0.000,0.000
1778999399,37.92,32.96,48.10,24,1,tinyml,,,,39.420,0.000,0.000,0.000,0.000,0.000
1778999405,37.90,32.99,48.10,24,1,tinyml,,,,39.400,0.000,0.000,0.000,0.000,0.000
1778999409,37.90,33.02,48.00,24,1,tinyml,,,,39.400,0.000,0.000,0.000,0.000,0.000
1778999414,37.92,33.02,48.00,24,1,tinyml,,,,39.420,0.000,0.000,0.000,0.000,0.000
1778999420,37.92,33.02,48.10,24,1,tinyml,,,,39.420,0.000,0.000,0.000,0.000,0.000
1778999424,37.93,33.00,48.00,24,1,tinyml,,,,39.430,0.000,0.000,0.000,0.000,0.000
1778999429,37.92,33.03,48.00,24,1,tinyml,,,,39.420,0.000,0.000,0.000,0.000,0.000
1778999434,37.94,33.03,48.00,24,1,tinyml,,,,39.440,0.000,0.000,0.000,0.000,0.000
1778999439,37.96,33.00,48.10,23,1,tinyml,,,,39.460,0.000,0.000,0.000,0.000,0.000
1778999444,37.96,33.05,48.00,23,1,tinyml,,,,39.460,0.000,0.000,0.000,0.000,0.000
1778999449,37.93,33.02,48.00,24,1,tinyml,,,,39.430,0.000,0.000,0.000,0.000,0.000
1778999454,37.96,33.05,48.10,23,1,tinyml,,,,39.460,0.000,0.000,0.000,0.000,0.000
1778999459,37.94,33.03,48.00,24,1,tinyml,,,,39.440,0.000,0.000,0.000,0.000,0.000
1778999464,37.94,33.06,48.00,24,1,tinyml,,,,39.440,0.000,0.000,0.000,0.000,0.000
1778999470,37.96,33.06,48.10,23,1,tinyml,,,,39.460,0.000,0.000,0.000,0.000,0.000
1778999475,37.96,33.07,48.10,23,1,tinyml,,,,39.460,0.000,0.000,0.000,0.000,0.000
1778999479,37.94,33.06,48.10,24,1,tinyml,,,,39.440,0.000,0.000,0.000,0.000,0.000
1778999484,37.94,33.06,48.10,24,1,tinyml,,,,39.440,0.000,0.000,0.000,0.000,0.000
1778999489,37.98,33.06,48.00,23,1,tinyml,,,,39.480,0.000,0.000,0.000,0.000,0.000
1778999494,37.94,33.05,48.10,24,1,tinyml,,,,39.440,0.000,0.000,0.000,0.000,0.000
1778999499,37.94,33.05,48.10,24,1,tinyml,,,,39.440,0.000,0.000,0.000,0.000,0.000
1778999504,37.94,33.03,48.00,24,1,tinyml,,,,39.440,0.000,0.000,0.000,0.000,0.000
1778999509,37.94,33.03,48.10,24,1,tinyml,,,,39.440,0.000,0.000,0.000,0.000,0.000
1778999514,37.98,33.03,48.10,23,1,tinyml,,,,39.480,0.000,0.000,0.000,0.000,0.000
1778999519,37.99,33.03,48.10,23,1,tinyml,,,,39.490,0.000,0.000,0.000,0.000,0.000
1778999525,37.96,33.03,48.00,23,1,tinyml,,,,39.460,0.000,0.000,0.000,0.000,0.000
1778999529,38.00,33.03,48.00,23,1,tinyml,,,,39.500,0.000,0.000,0.000,0.000,0.000
1778999534,37.96,33.03,48.00,23,1,tinyml,,,,39.460,0.000,0.000,0.000,0.000,0.000
1778999539,37.98,33.02,48.00,23,1,tinyml,,,,39.480,0.000,0.000,0.000,0.000,0.000
1778999544,37.96,33.00,47.90,23,1,tinyml,,,,39.460,0.000,0.000,0.000,0.000,0.000
1778999549,37.96,33.00,48.00,23,1,tinyml,,,,39.460,0.000,0.000,0.000,0.000,0.000
1778999554,37.99,33.00,47.90,23,1,tinyml,,,,39.490,0.000,0.000,0.000,0.000,0.000
1778999559,37.99,32.98,47.90,23,1,tinyml,,,,39.490,0.000,0.000,0.000,0.000,0.000
1778999565,37.98,32.96,47.90,23,1,tinyml,,,,39.480,0.000,0.000,0.000,0.000,0.000
1778999569,37.96,32.96,47.90,23,1,tinyml,,,,39.460,0.000,0.000,0.000,0.000,0.000
1778999574,37.96,32.96,47.90,23,1,tinyml,,,,39.460,0.000,0.000,0.000,0.000,0.000
1778999579,37.96,32.95,47.90,23,1,tinyml,,,,39.460,0.000,0.000,0.000,0.000,0.000
1778999584,37.98,32.92,47.90,23,1,tinyml,,,,39.480,0.000,0.000,0.000,0.000,0.000
1778999589,37.98,32.95,47.90,23,1,tinyml,,,,39.480,0.000,0.000,0.000,0.000,0.000
1778999594,37.99,32.95,47.90,23,1,tinyml,,,,39.490,0.000,0.000,0.000,0.000,0.000
1778999599,37.96,32.94,47.80,23,1,tinyml,,,,39.460,0.000,0.000,0.000,0.000,0.000
1778999605,37.96,32.94,47.90,23,1,tinyml,,,,39.460,0.000,0.000,0.000,0.000,0.000
1778999609,37.96,32.95,47.90,23,1,tinyml,,,,39.460,0.000,0.000,0.000,0.000,0.000
1778999614,37.98,32.94,47.80,23,1,tinyml,,,,39.480,0.000,0.000,0.000,0.000,0.000
1778999619,37.94,32.94,47.90,24,1,tinyml,,,,39.440,0.000,0.000,0.000,0.000,0.000
1778999624,37.94,32.95,47.90,24,1,tinyml,,,,39.440,0.000,0.000,0.000,0.000,0.000
1778999629,37.96,32.92,47.90,23,1,tinyml,,,,39.460,0.000,0.000,0.000,0.000,0.000
1778999634,37.96,32.92,47.90,23,1,tinyml,,,,39.460,0.000,0.000,0.000,0.000,0.000
1778999639,37.98,32.90,47.80,23,1,tinyml,,,,39.480,0.000,0.000,0.000,0.000,0.000
1778999644,37.98,32.87,47.90,23,1,tinyml,,,,39.480,0.000,0.000,0.000,0.000,0.000
1778999649,37.94,32.89,47.80,24,1,tinyml,,,,39.440,0.000,0.000,0.000,0.000,0.000
1778999654,37.96,32.87,47.80,23,1,tinyml,,,,39.460,0.000,0.000,0.000,0.000,0.000
1778999659,37.93,32.87,47.80,24,1,tinyml,,,,39.430,0.000,0.000,0.000,0.000,0.000
1778999664,37.93,32.86,47.80,24,1,tinyml,,,,39.430,0.000,0.000,0.000,0.000,0.000
1778999669,37.94,32.85,47.80,24,1,tinyml,,,,39.440,0.000,0.000,0.000,0.000,0.000
1778999674,37.94,32.86,47.80,24,1,tinyml,,,,39.440,0.000,0.000,0.000,0.000,0.000
1778999679,37.93,32.83,47.80,24,1,tinyml,,,,39.430,0.000,0.000,0.000,0.000,0.000
1778999684,37.96,32.83,47.80,23,1,tinyml,,,,39.460,0.000,0.000,0.000,0.000,0.000
1778999689,37.98,32.83,47.80,23,1,tinyml,,,,39.480,0.000,0.000,0.000,0.000,0.000
1778999694,37.93,32.83,47.80,24,1,tinyml,,,,39.430,0.000,0.000,0.000,0.000,0.000
1778999699,37.93,32.83,47.80,24,1,tinyml,,,,39.430,0.000,0.000,0.000,0.000,0.000
1778999704,37.98,32.85,47.80,23,1,tinyml,,,,39.480,0.000,0.000,0.000,0.000,0.000
1778999710,37.96,32.82,47.80,23,1,tinyml,,,,39.460,0.000,0.000,0.000,0.000,0.000
1778999714,37.96,32.82,47.80,23,1,tinyml,,,,39.460,0.000,0.000,0.000,0.000,0.000
1778999719,37.96,32.83,47.80,23,1,tinyml,,,,39.460,0.000,0.000,0.000,0.000,0.000
1778999724,37.98,32.85,47.70,23,1,tinyml,,,,39.480,0.000,0.000,0.000,0.000,0.000
1778999729,37.98,32.83,47.70,23,1,tinyml,,,,39.480,0.000,0.000,0.000,0.000,0.000
1778999734,37.99,32.83,47.70,23,1,tinyml,,,,39.490,0.000,0.000,0.000,0.000,0.000
1778999739,37.98,32.82,47.70,23,1,tinyml,,,,39.480,0.000,0.000,0.000,0.000,0.000
1778999744,37.96,32.82,47.70,23,1,tinyml,,,,39.460,0.000,0.000,0.000,0.000,0.000
1778999749,37.98,32.82,47.70,23,1,tinyml,,,,39.480,0.000,0.000,0.000,0.000,0.000
1778999754,37.96,32.82,47.70,23,1,tinyml,,,,39.460,0.000,0.000,0.000,0.000,0.000
1778999759,37.98,32.80,47.60,23,1,tinyml,,,,39.480,0.000,0.000,0.000,0.000,0.000
1778999764,37.98,32.82,47.60,23,1,tinyml,,,,39.480,0.000,0.000,0.000,0.000,0.000
1778999769,37.98,32.82,47.60,23,1,tinyml,,,,39.480,0.000,0.000,0.000,0.000,0.000
1778999774,37.96,32.82,47.60,23,1,tinyml,,,,39.460,0.000,0.000,0.000,0.000,0.000
1778999779,37.98,32.83,47.60,23,1,tinyml,,,,39.480,0.000,0.000,0.000,0.000,0.000
1778999784,37.96,32.82,47.60,23,1,tinyml,,,,39.460,0.000,0.000,0.000,0.000,0.000
1778999789,37.96,32.80,47.60,23,1,tinyml,,,,39.460,0.000,0.000,0.000,0.000,0.000
1778999794,37.94,32.83,47.60,24,1,tinyml,,,,39.440,0.000,0.000,0.000,0.000,0.000
1778999799,37.94,32.80,47.60,24,1,tinyml,,,,39.440,0.000,0.000,0.000,0.000,0.000
1778999804,37.94,32.80,47.60,24,1,tinyml,,,,39.440,0.000,0.000,0.000,0.000,0.000
1778999809,37.93,32.83,47.60,24,1,tinyml,,,,39.430,0.000,0.000,0.000,0.000,0.000
1778999814,37.94,32.82,47.60,24,1,tinyml,,,,39.440,0.000,0.000,0.000,0.000,0.000
1778999819,37.94,32.82,47.60,24,1,tinyml,,,,39.440,0.000,0.000,0.000,0.000,0.000
1778999824,37.94,32.82,47.60,24,1,tinyml,,,,39.440,0.000,0.000,0.000,0.000,0.000
1778999829,37.96,32.79,47.60,23,1,tinyml,,,,39.460,0.000,0.000,0.000,0.000,0.000
1778999834,37.96,32.79,47.70,23,1,tinyml,,,,39.460,0.000,0.000,0.000,0.000,0.000
1778999839,37.98,32.79,47.60,23,1,tinyml,,,,39.480,0.000,0.000,0.000,0.000,0.000
1778999844,37.94,32.78,47.60,24,1,tinyml,,,,39.440,0.000,0.000,0.000,0.000,0.000
1778999849,37.94,32.78,47.60,24,1,tinyml,,,,39.440,0.000,0.000,0.000,0.000,0.000
1778999854,37.96,32.79,47.60,23,1,tinyml,,,,39.460,0.000,0.000,0.000,0.000,0.000
1778999859,37.94,32.79,47.60,24,1,tinyml,,,,39.440,0.000,0.000,0.000,0.000,0.000
1778999864,37.94,32.80,47.70,24,1,tinyml,,,,39.440,0.000,0.000,0.000,0.000,0.000
1778999869,37.94,32.82,47.60,24,1,tinyml,,,,39.440,0.000,0.000,0.000,0.000,0.000
1778999874,37.94,32.79,47.70,24,1,tinyml,,,,39.440,0.000,0.000,0.000,0.000,0.000
1778999880,37.96,32.83,47.60,23,1,tinyml,,,,39.460,0.000,0.000,0.000,0.000,0.000
1778999884,37.96,32.80,47.60,23,1,tinyml,,,,39.460,0.000,0.000,0.000,0.000,0.000
1778999889,37.96,32.80,47.60,23,1,tinyml,,,,39.460,0.000,0.000,0.000,0.000,0.000
1778999894,37.94,32.78,47.60,24,1,tinyml,,,,39.440,0.000,0.000,0.000,0.000,0.000
1778999899,37.94,32.78,47.60,24,1,tinyml,,,,39.440,0.000,0.000,0.000,0.000,0.000
1778999904,37.96,32.80,47.50,23,1,tinyml,,,,39.460,0.000,0.000,0.000,0.000,0.000
1778999909,37.94,32.78,47.50,24,1,tinyml,,,,39.440,0.000,0.000,0.000,0.000,0.000
1778999914,37.94,32.75,47.50,24,1,tinyml,,,,39.440,0.000,0.000,0.000,0.000,0.000
1778999919,37.96,32.76,47.50,23,1,tinyml,,,,39.460,0.000,0.000,0.000,0.000,0.000
1778999924,37.96,32.76,47.60,23,1,tinyml,,,,39.460,0.000,0.000,0.000,0.000,0.000
1778999929,37.94,32.75,47.50,24,1,tinyml,,,,39.440,0.000,0.000,0.000,0.000,0.000
1778999934,37.96,32.76,47.50,23,1,tinyml,,,,39.460,0.000,0.000,0.000,0.000,0.000
1778999939,37.96,32.76,47.50,23,1,tinyml,,,,39.460,0.000,0.000,0.000,0.000,0.000
1778999944,37.96,32.75,47.50,23,1,tinyml,,,,39.460,0.000,0.000,0.000,0.000,0.000
1778999949,37.92,32.76,47.50,24,1,tinyml,,,,39.420,0.000,0.000,0.000,0.000,0.000
1778999954,37.94,32.75,47.50,24,1,tinyml,,,,39.440,0.000,0.000,0.000,0.000,0.000
1778999959,37.96,32.72,47.50,23,1,tinyml,,,,39.460,0.000,0.000,0.000,0.000,0.000
1778999964,37.98,32.72,47.40,23,1,tinyml,,,,39.480,0.000,0.000,0.000,0.000,0.000
1778999969,37.96,32.71,47.50,23,1,tinyml,,,,39.460,0.000,0.000,0.000,0.000,0.000
1778999974,37.93,32.72,47.50,24,1,tinyml,,,,39.430,0.000,0.000,0.000,0.000,0.000
1778999979,37.96,32.71,47.40,23,1,tinyml,,,,39.460,0.000,0.000,0.000,0.000,0.000
1778999984,37.96,32.71,47.40,23,1,tinyml,,,,39.460,0.000,0.000,0.000,0.000,0.000
1778999989,37.94,32.69,47.50,24,1,tinyml,,,,39.440,0.000,0.000,0.000,0.000,0.000
1778999994,37.94,32.68,47.40,24,1,tinyml,,,,39.440,0.000,0.000,0.000,0.000,0.000
1778999999,37.99,32.68,47.40,23,1,tinyml,,,,39.490,0.000,0.000,0.000,0.000,0.000
1779000004,37.94,32.67,47.40,24,1,tinyml,,,,39.440,0.000,0.000,0.000,0.000,0.000
1779000009,37.96,32.69,47.40,23,1,tinyml,,,,39.460,0.000,0.000,0.000,0.000,0.000
1779000014,37.93,32.65,47.40,24,1,tinyml,,,,39.430,0.000,0.000,0.000,0.000,0.000
1779000019,37.92,32.67,47.40,24,1,tinyml,,,,39.420,0.000,0.000,0.000,0.000,0.000
1779000024,37.93,32.62,47.40,24,1,tinyml,,,,39.430,0.000,0.000,0.000,0.000,0.000
1779000029,37.93,32.67,47.40,24,1,tinyml,,,,39.430,0.000,0.000,0.000,0.000,0.000
1779000034,37.93,32.62,47.40,24,1,tinyml,,,,39.430,0.000,0.000,0.000,0.000,0.000
1779000039,37.92,32.62,47.40,24,1,tinyml,,,,39.420,0.000,0.000,0.000,0.000,0.000
1779000044,37.94,32.61,47.40,24,1,tinyml,,,,39.440,0.000,0.000,0.000,0.000,0.000
1779000050,37.94,32.61,47.40,24,1,tinyml,,,,39.440,0.000,0.000,0.000,0.000,0.000
1779000054,37.93,32.59,47.40,24,1,tinyml,,,,39.430,0.000,0.000,0.000,0.000,0.000
1779000059,37.94,32.59,47.40,24,1,tinyml,,,,39.440,0.000,0.000,0.000,0.000,0.000
1779000064,37.94,32.59,47.40,24,1,tinyml,,,,39.440,0.000,0.000,0.000,0.000,0.000
1779000069,37.96,32.59,47.30,23,1,tinyml,,,,39.460,0.000,0.000,0.000,0.000,0.000
1779000074,37.96,32.57,47.40,23,1,tinyml,,,,39.460,0.000,0.000,0.000,0.000,0.000
1779000079,37.94,32.59,47.40,24,1,tinyml,,,,39.440,0.000,0.000,0.000,0.000,0.000
1779000084,37.94,32.58,47.40,24,1,tinyml,,,,39.440,0.000,0.000,0.000,0.000,0.000
1779000089,37.94,32.57,47.30,24,1,tinyml,,,,39.440,0.000,0.000,0.000,0.000,0.000
1779000094,37.94,32.57,47.40,24,1,tinyml,,,,39.440,0.000,0.000,0.000,0.000,0.000
1779000099,37.96,32.57,47.40,23,1,tinyml,,,,39.460,0.000,0.000,0.000,0.000,0.000
1779000105,37.96,32.57,47.30,23,1,tinyml,,,,39.460,0.000,0.000,0.000,0.000,0.000
1779000114,37.94,32.54,47.30,24,1,tinyml,,,,39.440,0.000,0.000,0.000,0.000,0.000
1779000114,37.94,32.54,47.30,24,1,tinyml,,,,39.440,0.000,0.000,0.000,0.000,0.000
1779000119,37.99,32.51,47.30,23,1,tinyml,,,,39.490,0.000,0.000,0.000,0.000,0.000
1779000124,37.96,32.54,47.30,23,1,tinyml,,,,39.460,0.000,0.000,0.000,0.000,0.000
1779000129,37.99,32.52,47.30,23,1,tinyml,,,,39.490,0.000,0.000,0.000,0.000,0.000
1779000134,37.96,32.52,47.30,23,1,tinyml,,,,39.460,0.000,0.000,0.000,0.000,0.000
1779000139,37.94,32.54,47.30,24,1,tinyml,,,,39.440,0.000,0.000,0.000,0.000,0.000
1779000144,37.98,32.52,47.30,23,1,tinyml,,,,39.480,0.000,0.000,0.000,0.000,0.000
1779000149,37.98,32.55,47.30,23,1,tinyml,,,,39.480,0.000,0.000,0.000,0.000,0.000
1779000154,37.96,32.52,47.30,23,1,tinyml,,,,39.460,0.000,0.000,0.000,0.000,0.000
1779000159,37.99,32.51,47.30,23,1,tinyml,,,,39.490,0.000,0.000,0.000,0.000,0.000
1779000164,37.96,32.52,47.30,23,1,tinyml,,,,39.460,0.000,0.000,0.000,0.000,0.000
1779000169,37.98,32.48,47.30,23,1,tinyml,,,,39.480,0.000,0.000,0.000,0.000,0.000
1779000174,37.98,32.52,47.30,23,1,tinyml,,,,39.480,0.000,0.000,0.000,0.000,0.000
1779000179,37.94,32.51,47.30,24,1,tinyml,,,,39.440,0.000,0.000,0.000,0.000,0.000
1779000184,37.96,32.52,47.30,23,1,tinyml,,,,39.460,0.000,0.000,0.000,0.000,0.000
1779000189,37.93,32.52,47.30,24,1,tinyml,,,,39.430,0.000,0.000,0.000,0.000,0.000
1779000194,37.96,32.51,47.30,23,1,tinyml,,,,39.460,0.000,0.000,0.000,0.000,0.000
1779000199,37.93,32.52,47.30,24,1,tinyml,,,,39.430,0.000,0.000,0.000,0.000,0.000
1779000204,37.94,32.52,47.20,24,1,tinyml,,,,39.440,0.000,0.000,0.000,0.000,0.000
1779000209,37.94,32.51,47.30,24,1,tinyml,,,,39.440,0.000,0.000,0.000,0.000,0.000
1779000214,37.92,32.52,47.30,24,1,tinyml,,,,39.420,0.000,0.000,0.000,0.000,0.000
1779000219,37.96,32.51,47.30,23,1,tinyml,,,,39.460,0.000,0.000,0.000,0.000,0.000
1779000224,37.94,32.52,47.20,24,1,tinyml,,,,39.440,0.000,0.000,0.000,0.000,0.000
1779000229,37.93,32.52,47.30,24,1,tinyml,,,,39.430,0.000,0.000,0.000,0.000,0.000
1779000234,37.94,32.52,47.30,24,1,tinyml,,,,39.440,0.000,0.000,0.000,0.000,0.000
1779000240,37.94,32.52,47.20,24,1,tinyml,,,,39.440,0.000,0.000,0.000,0.000,0.000
1779000244,37.98,32.54,47.20,23,1,tinyml,,,,39.480,0.000,0.000,0.000,0.000,0.000
1779000249,37.94,32.52,47.20,24,1,tinyml,,,,39.440,0.000,0.000,0.000,0.000,0.000
1779000254,37.96,32.51,47.20,23,1,tinyml,,,,39.460,0.000,0.000,0.000,0.000,0.000
1779000259,37.93,32.49,47.20,24,1,tinyml,,,,39.430,0.000,0.000,0.000,0.000,0.000
1779000264,37.93,32.51,47.20,24,1,tinyml,,,,39.430,0.000,0.000,0.000,0.000,0.000
1779000269,37.96,32.51,47.20,23,1,tinyml,,,,39.460,0.000,0.000,0.000,0.000,0.000
1779000274,37.94,32.51,47.20,24,1,tinyml,,,,39.440,0.000,0.000,0.000,0.000,0.000
1779000279,37.93,32.51,47.20,24,1,tinyml,,,,39.430,0.000,0.000,0.000,0.000,0.000
1779000284,37.98,32.52,47.20,23,1,tinyml,,,,39.480,0.000,0.000,0.000,0.000,0.000
1779000289,37.94,32.54,47.20,24,1,tinyml,,,,39.440,0.000,0.000,0.000,0.000,0.000
1779000294,37.94,32.51,47.20,24,1,tinyml,,,,39.440,0.000,0.000,0.000,0.000,0.000
1779000299,37.93,32.51,47.10,24,1,tinyml,,,,39.430,0.000,0.000,0.000,0.000,0.000
1779000304,37.94,32.49,47.20,24,1,tinyml,,,,39.440,0.000,0.000,0.000,0.000,0.000
1779000309,37.96,32.49,47.10,23,1,tinyml,,,,39.460,0.000,0.000,0.000,0.000,0.000
1779000314,37.96,32.49,47.10,23,1,tinyml,,,,39.460,0.000,0.000,0.000,0.000,0.000
1779000319,37.96,32.51,47.10,23,1,tinyml,,,,39.460,0.000,0.000,0.000,0.000,0.000
1779000324,37.96,32.49,47.10,23,1,tinyml,,,,39.460,0.000,0.000,0.000,0.000,0.000
1779000329,37.96,32.49,47.10,23,1,tinyml,,,,39.460,0.000,0.000,0.000,0.000,0.000
1779000334,37.96,32.49,47.10,23,1,tinyml,,,,39.460,0.000,0.000,0.000,0.000,0.000
1779000339,37.94,32.47,47.00,24,1,tinyml,,,,39.440,0.000,0.000,0.000,0.000,0.000
1779000344,37.96,32.48,47.00,23,1,tinyml,,,,39.460,0.000,0.000,0.000,0.000,0.000
1779000349,37.94,32.47,47.10,24,1,tinyml,,,,39.440,0.000,0.000,0.000,0.000,0.000
1779000354,37.93,32.47,47.00,24,1,tinyml,,,,39.430,0.000,0.000,0.000,0.000,0.000
1779000359,37.93,32.48,47.00,24,1,tinyml,,,,39.430,0.000,0.000,0.000,0.000,0.000
1779000364,37.93,32.48,47.00,24,1,tinyml,,,,39.430,0.000,0.000,0.000,0.000,0.000
1779000370,37.94,32.47,47.00,24,1,tinyml,,,,39.440,0.000,0.000,0.000,0.000,0.000
1779000376,37.94,32.48,47.00,24,1,tinyml,,,,39.440,0.000,0.000,0.000,0.000,0.000
1779000380,37.94,32.48,46.90,24,1,tinyml,,,,39.440,0.000,0.000,0.000,0.000,0.000
1779000384,37.92,32.48,46.90,24,1,tinyml,,,,39.420,0.000,0.000,0.000,0.000,0.000
1779000389,37.94,32.45,47.00,24,1,tinyml,,,,39.440,0.000,0.000,0.000,0.000,0.000
1779000394,37.93,32.49,46.90,24,1,tinyml,,,,39.430,0.000,0.000,0.000,0.000,0.000
1779000399,37.92,32.45,46.90,24,1,tinyml,,,,39.420,0.000,0.000,0.000,0.000,0.000
1779000404,37.92,32.48,46.90,24,1,tinyml,,,,39.420,0.000,0.000,0.000,0.000,0.000
1779000409,37.90,32.47,47.00,24,1,tinyml,,,,39.400,0.000,0.000,0.000,0.000,0.000
1779000414,37.93,32.47,46.90,24,1,tinyml,,,,39.430,0.000,0.000,0.000,0.000,0.000
1779000419,37.93,32.45,46.90,24,1,tinyml,,,,39.430,0.000,0.000,0.000,0.000,0.000
1779000424,37.94,32.44,46.90,24,1,tinyml,,,,39.440,0.000,0.000,0.000,0.000,0.000
1779000429,37.93,32.44,46.80,24,1,tinyml,,,,39.430,0.000,0.000,0.000,0.000,0.000
1779000434,37.94,32.45,46.90,24,1,tinyml,,,,39.440,0.000,0.000,0.000,0.000,0.000
1779000439,37.93,32.45,46.80,24,1,tinyml,,,,39.430,0.000,0.000,0.000,0.000,0.000
1779000445,37.93,32.44,46.80,24,1,tinyml,,,,39.430,0.000,0.000,0.000,0.000,0.000
1779000449,37.94,32.45,46.80,24,1,tinyml,,,,39.440,0.000,0.000,0.000,0.000,0.000
1779000454,37.94,32.47,46.80,24,1,tinyml,,,,39.440,0.000,0.000,0.000,0.000,0.000
1779000459,37.92,32.44,46.80,24,1,tinyml,,,,39.420,0.000,0.000,0.000,0.000,0.000
1779000464,37.94,32.44,46.80,24,1,tinyml,,,,39.440,0.000,0.000,0.000,0.000,0.000
1779000469,37.93,32.45,46.80,24,1,tinyml,,,,39.430,0.000,0.000,0.000,0.000,0.000
1779000474,37.93,32.47,46.80,24,1,tinyml,,,,39.430,0.000,0.000,0.000,0.000,0.000
1779000479,37.94,32.45,46.70,24,1,tinyml,,,,39.440,0.000,0.000,0.000,0.000,0.000
1779000484,37.94,32.45,46.80,24,1,tinyml,,,,39.440,0.000,0.000,0.000,0.000,0.000
1779000489,37.93,32.47,46.80,24,1,tinyml,,,,39.430,0.000,0.000,0.000,0.000,0.000
1779000494,37.94,32.48,46.70,24,1,tinyml,,,,39.440,0.000,0.000,0.000,0.000,0.000
1779000499,37.93,32.47,46.70,24,1,tinyml,,,,39.430,0.000,0.000,0.000,0.000,0.000
1779000504,37.92,32.48,46.80,24,1,tinyml,,,,39.420,0.000,0.000,0.000,0.000,0.000
1779000509,37.92,32.52,46.70,24,1,tinyml,,,,39.420,0.000,0.000,0.000,0.000,0.000
1779000514,37.94,32.48,46.70,24,1,tinyml,,,,39.440,0.000,0.000,0.000,0.000,0.000
1779000519,37.94,32.49,46.70,24,1,tinyml,,,,39.440,0.000,0.000,0.000,0.000,0.000
1779000524,37.93,32.49,46.70,24,1,tinyml,,,,39.430,0.000,0.000,0.000,0.000,0.000
1779000529,37.92,32.51,46.70,24,1,tinyml,,,,39.420,0.000,0.000,0.000,0.000,0.000
1779000534,37.94,32.51,46.80,24,1,tinyml,,,,39.440,0.000,0.000,0.000,0.000,0.000
1779000539,37.92,32.51,46.80,24,1,tinyml,,,,39.420,0.000,0.000,0.000,0.000,0.000
1779000544,37.96,32.51,46.70,23,1,tinyml,,,,39.460,0.000,0.000,0.000,0.000,0.000
1779000549,37.94,32.51,46.70,24,1,tinyml,,,,39.440,0.000,0.000,0.000,0.000,0.000
1779000554,37.96,32.49,46.70,23,1,tinyml,,,,39.460,0.000,0.000,0.000,0.000,0.000
1779000559,37.93,32.52,46.70,24,1,tinyml,,,,39.430,0.000,0.000,0.000,0.000,0.000
1779000564,37.94,32.54,46.60,24,1,tinyml,,,,39.440,0.000,0.000,0.000,0.000,0.000
1779000569,37.94,32.55,46.70,24,1,tinyml,,,,39.440,0.000,0.000,0.000,0.000,0.000
1779000574,37.94,32.54,46.70,24,1,tinyml,,,,39.440,0.000,0.000,0.000,0.000,0.000
1779000579,37.98,32.55,46.70,23,1,tinyml,,,,39.480,0.000,0.000,0.000,0.000,0.000
1779000584,37.93,32.54,46.70,24,1,tinyml,,,,39.430,0.000,0.000,0.000,0.000,0.000
1779000589,37.94,32.57,46.70,24,1,tinyml,,,,39.440,0.000,0.000,0.000,0.000,0.000
1779000594,37.94,32.57,46.70,24,1,tinyml,,,,39.440,0.000,0.000,0.000,0.000,0.000
1779000599,37.94,32.58,46.70,24,1,tinyml,,,,39.440,0.000,0.000,0.000,0.000,0.000
1779000604,37.96,32.59,46.80,23,1,tinyml,,,,39.460,0.000,0.000,0.000,0.000,0.000
1779000609,37.94,32.59,46.70,24,1,tinyml,,,,39.440,0.000,0.000,0.000,0.000,0.000
1779000614,37.94,32.57,46.70,24,1,tinyml,,,,39.440,0.000,0.000,0.000,0.000,0.000
1779000619,37.96,32.59,46.70,23,1,tinyml,,,,39.460,0.000,0.000,0.000,0.000,0.000
1779000624,37.94,32.59,46.70,24,1,tinyml,,,,39.440,0.000,0.000,0.000,0.000,0.000
1779000629,37.96,32.58,46.60,23,1,tinyml,,,,39.460,0.000,0.000,0.000,0.000,0.000
1779000634,37.93,32.59,46.70,24,1,tinyml,,,,39.430,0.000,0.000,0.000,0.000,0.000
1779000639,37.94,32.55,46.70,24,1,tinyml,,,,39.440,0.000,0.000,0.000,0.000,0.000
1779000644,37.93,32.57,46.70,24,1,tinyml,,,,39.430,0.000,0.000,0.000,0.000,0.000
1779000649,37.93,32.58,46.60,24,1,tinyml,,,,39.430,0.000,0.000,0.000,0.000,0.000
1779000654,37.94,32.58,46.70,24,1,tinyml,,,,39.440,0.000,0.000,0.000,0.000,0.000
1779000659,37.93,32.58,46.60,24,1,tinyml,,,,39.430,0.000,0.000,0.000,0.000,0.000
1779000664,37.94,32.59,46.60,24,1,tinyml,,,,39.440,0.000,0.000,0.000,0.000,0.000
1779000669,37.96,32.57,46.70,23,1,tinyml,,,,39.460,0.000,0.000,0.000,0.000,0.000
1779000674,37.93,32.58,46.60,24,1,tinyml,,,,39.430,0.000,0.000,0.000,0.000,0.000
1779000679,37.96,32.57,46.70,23,1,tinyml,,,,39.460,0.000,0.000,0.000,0.000,0.000
1779000684,37.92,32.58,46.70,24,1,tinyml,,,,39.420,0.000,0.000,0.000,0.000,0.000
1779000689,37.94,32.57,46.70,24,1,tinyml,,,,39.440,0.000,0.000,0.000,0.000,0.000
1779000694,37.93,32.58,46.60,24,1,tinyml,,,,39.430,0.000,0.000,0.000,0.000,0.000
1779000699,37.93,32.58,46.70,24,1,tinyml,,,,39.430,0.000,0.000,0.000,0.000,0.000
1779000704,37.93,32.61,46.70,24,1,tinyml,,,,39.430,0.000,0.000,0.000,0.000,0.000
1779000709,37.96,32.59,46.60,23,1,tinyml,,,,39.460,0.000,0.000,0.000,0.000,0.000
1779000714,37.93,32.61,46.70,24,1,tinyml,,,,39.430,0.000,0.000,0.000,0.000,0.000
1779000719,37.96,32.64,46.70,23,1,tinyml,,,,39.460,0.000,0.000,0.000,0.000,0.000
1779000724,37.94,32.59,46.60,24,1,tinyml,,,,39.440,0.000,0.000,0.000,0.000,0.000
1779000729,37.96,32.59,46.60,23,1,tinyml,,,,39.460,0.000,0.000,0.000,0.000,0.000
1779000734,37.93,32.61,46.70,24,1,tinyml,,,,39.430,0.000,0.000,0.000,0.000,0.000
1779000739,37.99,32.61,46.70,23,1,tinyml,,,,39.490,0.000,0.000,0.000,0.000,0.000
1779000745,37.94,32.58,46.70,24,1,tinyml,,,,39.440,0.000,0.000,0.000,0.000,0.000
1779000749,37.94,32.61,46.70,24,1,tinyml,,,,39.440,0.000,0.000,0.000,0.000,0.000
1779000754,37.94,32.59,46.70,24,1,tinyml,,,,39.440,0.000,0.000,0.000,0.000,0.000
1779000759,37.94,32.58,46.70,24,1,tinyml,,,,39.440,0.000,0.000,0.000,0.000,0.000
1779000764,37.94,32.61,46.70,24,1,tinyml,,,,39.440,0.000,0.000,0.000,0.000,0.000
1779000770,37.94,32.61,46.70,24,1,tinyml,,,,39.440,0.000,0.000,0.000,0.000,0.000
1779000774,37.96,32.61,46.70,23,1,tinyml,,,,39.460,0.000,0.000,0.000,0.000,0.000
1779000779,37.94,32.61,46.70,24,1,tinyml,,,,39.440,0.000,0.000,0.000,0.000,0.000
1779000784,37.93,32.61,46.70,24,1,tinyml,,,,39.430,0.000,0.000,0.000,0.000,0.000
1779000789,37.94,32.61,46.70,24,1,tinyml,,,,39.440,0.000,0.000,0.000,0.000,0.000
1779000794,37.94,32.59,46.70,24,1,tinyml,,,,39.440,0.000,0.000,0.000,0.000,0.000
1779000799,37.96,32.61,46.70,23,1,tinyml,,,,39.460,0.000,0.000,0.000,0.000,0.000
1779000805,37.96,32.59,46.60,23,1,tinyml,,,,39.460,0.000,0.000,0.000,0.000,0.000
1779000810,37.93,32.61,46.70,24,1,tinyml,,,,39.430,0.000,0.000,0.000,0.000,0.000
1779000815,37.94,32.58,46.60,24,1,tinyml,,,,39.440,0.000,0.000,0.000,0.000,0.000
1779000820,37.94,32.58,46.60,24,1,tinyml,,,,39.440,0.000,0.000,0.000,0.000,0.000
1779000824,37.94,32.57,46.60,24,1,tinyml,,,,39.440,0.000,0.000,0.000,0.000,0.000
1779000829,37.94,32.58,46.60,24,1,tinyml,,,,39.440,0.000,0.000,0.000,0.000,0.000
1779000835,37.93,32.58,46.60,24,1,tinyml,,,,39.430,0.000,0.000,0.000,0.000,0.000
1779000839,37.96,32.61,46.60,23,1,tinyml,,,,39.460,0.000,0.000,0.000,0.000,0.000
1779000844,37.96,32.61,46.50,23,1,tinyml,,,,39.460,0.000,0.000,0.000,0.000,0.000
1779000849,37.96,32.62,46.50,23,1,tinyml,,,,39.460,0.000,0.000,0.000,0.000,0.000
1779000854,37.98,32.59,46.60,23,1,tinyml,,,,39.480,0.000,0.000,0.000,0.000,0.000
1779000860,37.96,32.61,46.50,23,1,tinyml,,,,39.460,0.000,0.000,0.000,0.000,0.000
1779000864,37.96,32.61,46.50,23,1,tinyml,,,,39.460,0.000,0.000,0.000,0.000,0.000
1779000869,37.94,32.59,46.60,24,1,tinyml,,,,39.440,0.000,0.000,0.000,0.000,0.000
1779000875,37.94,32.62,46.50,24,1,tinyml,,,,39.440,0.000,0.000,0.000,0.000,0.000
1779000879,37.94,32.61,46.50,24,1,tinyml,,,,39.440,0.000,0.000,0.000,0.000,0.000
1779000884,37.96,32.61,46.60,23,1,tinyml,,,,39.460,0.000,0.000,0.000,0.000,0.000
1779000889,37.93,32.61,46.50,24,1,tinyml,,,,39.430,0.000,0.000,0.000,0.000,0.000
1779000894,37.98,32.58,46.60,23,1,tinyml,,,,39.480,0.000,0.000,0.000,0.000,0.000
1779000900,37.93,32.58,46.50,24,1,tinyml,,,,39.430,0.000,0.000,0.000,0.000,0.000
1779000904,37.94,32.62,46.50,24,1,tinyml,,,,39.440,0.000,0.000,0.000,0.000,0.000
1779000909,37.94,32.62,46.60,24,1,tinyml,,,,39.440,0.000,0.000,0.000,0.000,0.000
1779000914,37.98,32.64,46.60,23,1,tinyml,,,,39.480,0.000,0.000,0.000,0.000,0.000
1779000919,37.94,32.64,46.60,24,1,tinyml,,,,39.440,0.000,0.000,0.000,0.000,0.000
1779000924,37.94,32.64,46.60,24,1,tinyml,,,,39.440,0.000,0.000,0.000,0.000,0.000
1779000929,37.94,32.68,46.60,24,1,tinyml,,,,39.440,0.000,0.000,0.000,0.000,0.000
1779000934,37.94,32.71,46.60,24,1,tinyml,,,,39.440,0.000,0.000,0.000,0.000,0.000
1779000939,37.94,32.69,46.60,24,1,tinyml,,,,39.440,0.000,0.000,0.000,0.000,0.000
1779000944,37.94,32.68,46.60,24,1,tinyml,,,,39.440,0.000,0.000,0.000,0.000,0.000
1779000950,37.94,32.67,46.70,24,1,tinyml,,,,39.440,0.000,0.000,0.000,0.000,0.000
1779000954,37.96,32.68,46.60,23,1,tinyml,,,,39.460,0.000,0.000,0.000,0.000,0.000
1779000959,37.93,32.68,46.60,24,1,tinyml,,,,39.430,0.000,0.000,0.000,0.000,0.000
1779000965,37.94,32.68,46.60,24,1,tinyml,,,,39.440,0.000,0.000,0.000,0.000,0.000
1779000969,37.94,32.67,46.60,24,1,tinyml,,,,39.440,0.000,0.000,0.000,0.000,0.000
1779000975,37.96,32.65,46.60,23,1,tinyml,,,,39.460,0.000,0.000,0.000,0.000,0.000
1779000979,37.96,32.65,46.60,23,1,tinyml,,,,39.460,0.000,0.000,0.000,0.000,0.000
1779000984,37.96,32.65,46.60,23,1,tinyml,,,,39.460,0.000,0.000,0.000,0.000,0.000
1779000989,37.93,32.64,46.60,24,1,tinyml,,,,39.430,0.000,0.000,0.000,0.000,0.000
1779000994,37.96,32.65,46.60,23,1,tinyml,,,,39.460,0.000,0.000,0.000,0.000,0.000
1779001000,37.96,32.62,46.60,23,1,tinyml,,,,39.460,0.000,0.000,0.000,0.000,0.000
1779001004,37.94,32.64,46.60,24,1,tinyml,,,,39.440,0.000,0.000,0.000,0.000,0.000
1779001009,37.98,32.65,46.60,23,1,tinyml,,,,39.480,0.000,0.000,0.000,0.000,0.000
1779001015,37.94,32.67,46.70,24,1,tinyml,,,,39.440,0.000,0.000,0.000,0.000,0.000
1779001019,37.94,32.71,46.60,24,1,tinyml,,,,39.440,0.000,0.000,0.000,0.000,0.000
1779001024,37.96,32.68,46.60,23,1,tinyml,,,,39.460,0.000,0.000,0.000,0.000,0.000
1779001029,37.94,32.68,46.60,24,1,tinyml,,,,39.440,0.000,0.000,0.000,0.000,0.000
1779001034,37.96,32.67,46.70,23,1,tinyml,,,,39.460,0.000,0.000,0.000,0.000,0.000
1779001039,37.96,32.71,46.70,23,1,tinyml,,,,39.460,0.000,0.000,0.000,0.000,0.000
1779001044,37.98,32.71,46.70,23,1,tinyml,,,,39.480,0.000,0.000,0.000,0.000,0.000
1779001049,37.98,32.69,46.70,23,1,tinyml,,,,39.480,0.000,0.000,0.000,0.000,0.000
1779001055,37.98,32.72,46.70,23,1,tinyml,,,,39.480,0.000,0.000,0.000,0.000,0.000
1779001059,37.98,32.69,46.60,23,1,tinyml,,,,39.480,0.000,0.000,0.000,0.000,0.000
1779001064,37.98,32.71,46.70,23,1,tinyml,,,,39.480,0.000,0.000,0.000,0.000,0.000
1779001069,38.00,32.71,46.70,23,1,tinyml,,,,39.500,0.000,0.000,0.000,0.000,0.000
1779001074,37.96,32.68,46.70,23,1,tinyml,,,,39.460,0.000,0.000,0.000,0.000,0.000
1779001079,37.94,32.68,46.70,24,1,tinyml,,,,39.440,0.000,0.000,0.000,0.000,0.000
1779001084,37.98,32.68,46.70,23,1,tinyml,,,,39.480,0.000,0.000,0.000,0.000,0.000
1779001089,37.92,32.68,46.70,24,1,tinyml,,,,39.420,0.000,0.000,0.000,0.000,0.000
1779001094,37.94,32.69,46.70,24,1,tinyml,,,,39.440,0.000,0.000,0.000,0.000,0.000
1779001100,37.98,32.65,46.70,23,1,tinyml,,,,39.480,0.000,0.000,0.000,0.000,0.000
1779001104,37.98,32.65,46.70,23,1,tinyml,,,,39.480,0.000,0.000,0.000,0.000,0.000
1779001109,37.98,32.65,46.70,23,1,tinyml,,,,39.480,0.000,0.000,0.000,0.000,0.000
1779001114,37.98,32.69,46.70,23,1,tinyml,,,,39.480,0.000,0.000,0.000,0.000,0.000
1779001119,37.94,32.69,46.70,24,1,tinyml,,,,39.440,0.000,0.000,0.000,0.000,0.000
1779001124,37.94,32.67,46.70,24,1,tinyml,,,,39.440,0.000,0.000,0.000,0.000,0.000
1779001129,37.98,32.67,46.60,23,1,tinyml,,,,39.480,0.000,0.000,0.000,0.000,0.000
1779001134,37.98,32.67,46.70,23,1,tinyml,,,,39.480,0.000,0.000,0.000,0.000,0.000
1779001139,37.94,32.69,46.70,24,1,tinyml,,,,39.440,0.000,0.000,0.000,0.000,0.000
1779001144,37.96,32.65,46.60,23,1,tinyml,,,,39.460,0.000,0.000,0.000,0.000,0.000
1779001149,37.94,32.67,46.60,24,1,tinyml,,,,39.440,0.000,0.000,0.000,0.000,0.000
1779001155,37.96,32.68,46.60,23,1,tinyml,,,,39.460,0.000,0.000,0.000,0.000,0.000
1779001159,37.96,32.65,46.70,23,1,tinyml,,,,39.460,0.000,0.000,0.000,0.000,0.000
1779001164,37.94,32.68,46.60,24,1,tinyml,,,,39.440,0.000,0.000,0.000,0.000,0.000
1779001169,37.96,32.68,46.60,23,1,tinyml,,,,39.460,0.000,0.000,0.000,0.000,0.000
1779001174,37.93,32.69,46.70,24,1,tinyml,,,,39.430,0.000,0.000,0.000,0.000,0.000
1779001179,37.98,32.72,46.70,23,1,tinyml,,,,39.480,0.000,0.000,0.000,0.000,0.000
1779001184,37.96,32.74,46.70,23,1,tinyml,,,,39.460,0.000,0.000,0.000,0.000,0.000
1779001190,37.99,32.74,46.70,23,1,tinyml,,,,39.490,0.000,0.000,0.000,0.000,0.000
1779001194,37.96,32.71,46.70,23,1,tinyml,,,,39.460,0.000,0.000,0.000,0.000,0.000
1779001200,37.96,32.72,46.70,23,1,tinyml,,,,39.460,0.000,0.000,0.000,0.000,0.000
1779001204,37.98,32.74,46.70,23,1,tinyml,,,,39.480,0.000,0.000,0.000,0.000,0.000
1779001210,37.94,32.75,46.70,24,1,tinyml,,,,39.440,0.000,0.000,0.000,0.000,0.000
1779001214,37.93,32.71,46.70,24,1,tinyml,,,,39.430,0.000,0.000,0.000,0.000,0.000
1779001219,37.94,32.75,46.70,24,1,tinyml,,,,39.440,0.000,0.000,0.000,0.000,0.000
1779001224,37.93,32.74,46.70,24,1,tinyml,,,,39.430,0.000,0.000,0.000,0.000,0.000
1779001229,37.93,32.74,46.70,24,1,tinyml,,,,39.430,0.000,0.000,0.000,0.000,0.000
1779001235,37.96,32.72,46.70,23,1,tinyml,,,,39.460,0.000,0.000,0.000,0.000,0.000
1779001239,37.94,32.75,46.70,24,1,tinyml,,,,39.440,0.000,0.000,0.000,0.000,0.000
1779001244,37.94,32.74,46.70,24,1,tinyml,,,,39.440,0.000,0.000,0.000,0.000,0.000
1779001249,37.96,32.75,46.70,23,1,tinyml,,,,39.460,0.000,0.000,0.000,0.000,0.000
1779001255,37.96,32.74,46.70,23,1,tinyml,,,,39.460,0.000,0.000,0.000,0.000,0.000
1779001259,37.96,32.75,46.70,23,1,tinyml,,,,39.460,0.000,0.000,0.000,0.000,0.000
1779001264,37.96,32.76,46.70,23,1,tinyml,,,,39.460,0.000,0.000,0.000,0.000,0.000
1779001269,37.94,32.74,46.70,24,1,tinyml,,,,39.440,0.000,0.000,0.000,0.000,0.000
1779001274,37.94,32.75,46.80,24,1,tinyml,,,,39.440,0.000,0.000,0.000,0.000,0.000
1779001279,37.96,32.76,46.70,23,1,tinyml,,,,39.460,0.000,0.000,0.000,0.000,0.000
1779001284,37.98,32.76,46.70,23,1,tinyml,,,,39.480,0.000,0.000,0.000,0.000,0.000
1779001289,37.96,32.76,46.70,23,1,tinyml,,,,39.460,0.000,0.000,0.000,0.000,0.000
1779001294,37.96,32.79,46.70,23,1,tinyml,,,,39.460,0.000,0.000,0.000,0.000,0.000
1779001299,37.99,32.76,46.70,23,1,tinyml,,,,39.490,0.000,0.000,0.000,0.000,0.000
1779001304,37.98,32.76,46.70,23,1,tinyml,,,,39.480,0.000,0.000,0.000,0.000,0.000
1779001309,37.99,32.79,46.70,23,1,tinyml,,,,39.490,0.000,0.000,0.000,0.000,0.000
1779001314,37.96,32.78,46.70,23,1,tinyml,,,,39.460,0.000,0.000,0.000,0.000,0.000
1779001319,37.98,32.79,46.70,23,1,tinyml,,,,39.480,0.000,0.000,0.000,0.000,0.000
1779001325,37.98,32.78,46.70,23,1,tinyml,,,,39.480,0.000,0.000,0.000,0.000,0.000
1779001339,37.96,32.79,46.70,23,1,tinyml,,,,39.460,0.000,0.000,0.000,0.000,0.000
1779001339,37.94,32.80,46.70,24,1,tinyml,,,,39.440,0.000,0.000,0.000,0.000,0.000
1779001339,37.99,32.82,46.80,23,1,tinyml,,,,39.490,0.000,0.000,0.000,0.000,0.000
1779001344,37.96,32.80,46.70,23,1,tinyml,,,,39.460,0.000,0.000,0.000,0.000,0.000
1779001349,37.96,32.82,46.70,23,1,tinyml,,,,39.460,0.000,0.000,0.000,0.000,0.000
1779001354,37.96,32.83,46.70,23,1,tinyml,,,,39.460,0.000,0.000,0.000,0.000,0.000
1779001360,37.94,32.80,46.70,24,1,tinyml,,,,39.440,0.000,0.000,0.000,0.000,0.000
1779001364,37.99,32.80,46.70,23,1,tinyml,,,,39.490,0.000,0.000,0.000,0.000,0.000
1779001369,37.99,32.83,46.70,23,1,tinyml,,,,39.490,0.000,0.000,0.000,0.000,0.000
1779001374,37.96,32.83,46.80,23,1,tinyml,,,,39.460,0.000,0.000,0.000,0.000,0.000
1779001379,37.96,32.85,46.80,23,1,tinyml,,,,39.460,0.000,0.000,0.000,0.000,0.000
1779001384,37.94,32.83,46.80,24,1,tinyml,,,,39.440,0.000,0.000,0.000,0.000,0.000
1779001389,37.94,32.83,46.70,24,1,tinyml,,,,39.440,0.000,0.000,0.000,0.000,0.000
1779001394,37.94,32.85,46.80,24,1,tinyml,,,,39.440,0.000,0.000,0.000,0.000,0.000
1779001400,37.96,32.85,46.70,23,1,tinyml,,,,39.460,0.000,0.000,0.000,0.000,0.000
1779001404,37.94,32.83,46.80,24,1,tinyml,,,,39.440,0.000,0.000,0.000,0.000,0.000
1779001409,37.96,32.85,46.80,23,1,tinyml,,,,39.460,0.000,0.000,0.000,0.000,0.000
1779001415,37.96,32.85,46.80,23,1,tinyml,,,,39.460,0.000,0.000,0.000,0.000,0.000
1779001419,37.94,32.85,46.80,24,1,tinyml,,,,39.440,0.000,0.000,0.000,0.000,0.000
1779001424,37.94,32.83,46.80,24,1,tinyml,,,,39.440,0.000,0.000,0.000,0.000,0.000
1779001429,37.96,32.83,46.80,23,1,tinyml,,,,39.460,0.000,0.000,0.000,0.000,0.000
1779001435,37.98,32.86,46.80,23,1,tinyml,,,,39.480,0.000,0.000,0.000,0.000,0.000
1779001439,37.94,32.86,46.80,24,1,tinyml,,,,39.440,0.000,0.000,0.000,0.000,0.000
1779001444,37.96,32.85,46.70,23,1,tinyml,,,,39.460,0.000,0.000,0.000,0.000,0.000
1779001449,37.96,32.83,46.70,23,1,tinyml,,,,39.460,0.000,0.000,0.000,0.000,0.000
1779001454,37.96,32.80,46.70,23,1,tinyml,,,,39.460,0.000,0.000,0.000,0.000,0.000
1779001459,37.99,32.82,46.70,23,1,tinyml,,,,39.490,0.000,0.000,0.000,0.000,0.000
1779001464,37.98,32.83,46.70,23,1,tinyml,,,,39.480,0.000,0.000,0.000,0.000,0.000
1779001469,37.94,32.85,46.70,24,1,tinyml,,,,39.440,0.000,0.000,0.000,0.000,0.000
1779001474,37.96,32.82,46.70,23,1,tinyml,,,,39.460,0.000,0.000,0.000,0.000,0.000
1779001479,37.94,32.85,46.70,24,1,tinyml,,,,39.440,0.000,0.000,0.000,0.000,0.000
1779001484,37.94,32.80,46.70,24,1,tinyml,,,,39.440,0.000,0.000,0.000,0.000,0.000
1779001489,37.93,32.82,46.70,24,1,tinyml,,,,39.430,0.000,0.000,0.000,0.000,0.000
1779001494,37.96,32.83,46.70,23,1,tinyml,,,,39.460,0.000,0.000,0.000,0.000,0.000
1779001499,37.96,32.82,46.70,23,1,tinyml,,,,39.460,0.000,0.000,0.000,0.000,0.000
1779001504,37.96,32.85,46.70,23,1,tinyml,,,,39.460,0.000,0.000,0.000,0.000,0.000
1779001509,37.94,32.83,46.70,24,1,tinyml,,,,39.440,0.000,0.000,0.000,0.000,0.000
1779001514,37.96,32.82,46.70,23,1,tinyml,,,,39.460,0.000,0.000,0.000,0.000,0.000
1779001519,37.93,32.82,46.60,24,1,tinyml,,,,39.430,0.000,0.000,0.000,0.000,0.000
1779001524,37.94,32.83,46.60,24,1,tinyml,,,,39.440,0.000,0.000,0.000,0.000,0.000
1779001529,37.94,32.86,46.60,24,1,tinyml,,,,39.440,0.000,0.000,0.000,0.000,0.000
1779001535,37.98,32.82,46.60,23,1,tinyml,,,,39.480,0.000,0.000,0.000,0.000,0.000
1779001539,37.94,32.80,46.60,24,1,tinyml,,,,39.440,0.000,0.000,0.000,0.000,0.000
1779001544,37.94,32.78,46.50,24,1,tinyml,,,,39.440,0.000,0.000,0.000,0.000,0.000
1779001549,37.94,32.80,46.50,24,1,tinyml,,,,39.440,0.000,0.000,0.000,0.000,0.000
1779001554,37.96,32.80,46.50,23,1,tinyml,,,,39.460,0.000,0.000,0.000,0.000,0.000
1779001559,37.93,32.79,46.50,24,1,tinyml,,,,39.430,0.000,0.000,0.000,0.000,0.000
1779001564,37.98,32.79,46.50,23,1,tinyml,,,,39.480,0.000,0.000,0.000,0.000,0.000
1779001570,37.94,32.80,46.40,24,1,tinyml,,,,39.440,0.000,0.000,0.000,0.000,0.000
1779001574,37.96,32.82,46.50,23,1,tinyml,,,,39.460,0.000,0.000,0.000,0.000,0.000
1779001579,37.94,32.80,46.50,24,1,tinyml,,,,39.440,0.000,0.000,0.000,0.000,0.000
1779001584,37.94,32.82,46.50,24,1,tinyml,,,,39.440,0.000,0.000,0.000,0.000,0.000
1779001590,37.96,32.83,46.50,23,1,tinyml,,,,39.460,0.000,0.000,0.000,0.000,0.000
1779001595,37.94,32.83,46.50,24,1,tinyml,,,,39.440,0.000,0.000,0.000,0.000,0.000
1779001599,37.94,32.82,46.40,24,1,tinyml,,,,39.440,0.000,0.000,0.000,0.000,0.000
1779001604,37.94,32.85,46.40,24,1,tinyml,,,,39.440,0.000,0.000,0.000,0.000,0.000
1779001610,37.96,32.82,46.40,23,1,tinyml,,,,39.460,0.000,0.000,0.000,0.000,0.000
1779001614,37.94,32.82,46.50,24,1,tinyml,,,,39.440,0.000,0.000,0.000,0.000,0.000
1779001620,37.96,32.85,46.50,23,1,tinyml,,,,39.460,0.000,0.000,0.000,0.000,0.000
1779001625,37.93,32.86,46.40,24,1,tinyml,,,,39.430,0.000,0.000,0.000,0.000,0.000
1779001629,37.94,32.87,46.50,24,1,tinyml,,,,39.440,0.000,0.000,0.000,0.000,0.000
1779001635,37.96,32.87,46.50,23,1,tinyml,,,,39.460,0.000,0.000,0.000,0.000,0.000
1779001639,37.98,32.87,46.50,23,1,tinyml,,,,39.480,0.000,0.000,0.000,0.000,0.000
1779001644,37.98,32.89,46.50,23,1,tinyml,,,,39.480,0.000,0.000,0.000,0.000,0.000
1779001649,37.96,32.92,46.50,23,1,tinyml,,,,39.460,0.000,0.000,0.000,0.000,0.000
1779001654,37.96,32.90,46.50,23,1,tinyml,,,,39.460,0.000,0.000,0.000,0.000,0.000
1779001659,37.98,32.90,46.50,23,1,tinyml,,,,39.480,0.000,0.000,0.000,0.000,0.000
1779001664,37.94,32.90,46.50,24,1,tinyml,,,,39.440,0.000,0.000,0.000,0.000,0.000
1779001669,37.96,32.94,46.50,23,1,tinyml,,,,39.460,0.000,0.000,0.000,0.000,0.000
1779001674,37.96,32.89,46.50,23,1,tinyml,,,,39.460,0.000,0.000,0.000,0.000,0.000
1779001680,37.94,32.94,46.50,24,1,tinyml,,,,39.440,0.000,0.000,0.000,0.000,0.000
1779001684,37.94,32.92,46.50,24,1,tinyml,,,,39.440,0.000,0.000,0.000,0.000,0.000
1779001689,37.94,32.89,46.50,24,1,tinyml,,,,39.440,0.000,0.000,0.000,0.000,0.000
1779001694,37.93,32.89,46.50,24,1,tinyml,,,,39.430,0.000,0.000,0.000,0.000,0.000
1779001699,37.96,32.89,46.40,23,1,tinyml,,,,39.460,0.000,0.000,0.000,0.000,0.000
1779001704,37.94,32.89,46.50,24,1,tinyml,,,,39.440,0.000,0.000,0.000,0.000,0.000
1779001709,37.96,32.90,46.50,23,1,tinyml,,,,39.460,0.000,0.000,0.000,0.000,0.000
1779001714,37.94,32.87,46.50,24,1,tinyml,,,,39.440,0.000,0.000,0.000,0.000,0.000
1779001719,37.94,32.89,46.50,24,1,tinyml,,,,39.440,0.000,0.000,0.000,0.000,0.000
1779001724,37.98,32.86,46.50,23,1,tinyml,,,,39.480,0.000,0.000,0.000,0.000,0.000
1779001729,37.99,32.90,46.50,23,1,tinyml,,,,39.490,0.000,0.000,0.000,0.000,0.000
1779001734,37.98,32.90,46.50,23,1,tinyml,,,,39.480,0.000,0.000,0.000,0.000,0.000
1779001739,37.98,32.89,46.50,23,1,tinyml,,,,39.480,0.000,0.000,0.000,0.000,0.000
1779001744,37.98,32.89,46.50,23,1,tinyml,,,,39.480,0.000,0.000,0.000,0.000,0.000
1779001750,37.96,32.90,46.50,23,1,tinyml,,,,39.460,0.000,0.000,0.000,0.000,0.000
1779001754,37.98,32.90,46.50,23,1,tinyml,,,,39.480,0.000,0.000,0.000,0.000,0.000
1779001759,37.96,32.90,46.50,23,1,tinyml,,,,39.460,0.000,0.000,0.000,0.000,0.000
1779001764,37.96,32.92,46.50,23,1,tinyml,,,,39.460,0.000,0.000,0.000,0.000,0.000
1779001769,37.96,32.92,46.50,23,1,tinyml,,,,39.460,0.000,0.000,0.000,0.000,0.000
1779001774,37.94,32.90,46.60,24,1,tinyml,,,,39.440,0.000,0.000,0.000,0.000,0.000
1779001780,37.96,32.92,46.50,23,1,tinyml,,,,39.460,0.000,0.000,0.000,0.000,0.000
1779001784,37.96,32.94,46.50,23,1,tinyml,,,,39.460,0.000,0.000,0.000,0.000,0.000
1779001789,37.98,32.92,46.50,23,1,tinyml,,,,39.480,0.000,0.000,0.000,0.000,0.000
1779001794,37.98,32.90,46.50,23,1,tinyml,,,,39.480,0.000,0.000,0.000,0.000,0.000
1779001799,37.94,32.87,46.50,24,1,tinyml,,,,39.440,0.000,0.000,0.000,0.000,0.000
1779001804,37.94,32.90,46.50,24,1,tinyml,,,,39.440,0.000,0.000,0.000,0.000,0.000
1779001809,37.96,32.90,46.60,23,1,tinyml,,,,39.460,0.000,0.000,0.000,0.000,0.000
1779001814,37.94,32.87,46.50,24,1,tinyml,,,,39.440,0.000,0.000,0.000,0.000,0.000
1779001820,37.94,32.87,46.60,24,1,tinyml,,,,39.440,0.000,0.000,0.000,0.000,0.000
1779001824,37.94,32.86,46.60,24,1,tinyml,,,,39.440,0.000,0.000,0.000,0.000,0.000
1779001829,37.96,32.86,46.60,23,1,tinyml,,,,39.460,0.000,0.000,0.000,0.000,0.000
1779001834,37.96,32.87,46.60,23,1,tinyml,,,,39.460,0.000,0.000,0.000,0.000,0.000
1779001839,37.98,32.87,46.50,23,1,tinyml,,,,39.480,0.000,0.000,0.000,0.000,0.000
1779001844,37.96,32.86,46.50,23,1,tinyml,,,,39.460,0.000,0.000,0.000,0.000,0.000
1779001849,37.94,32.87,46.50,24,1,tinyml,,,,39.440,0.000,0.000,0.000,0.000,0.000
1779001854,37.96,32.86,46.50,23,1,tinyml,,,,39.460,0.000,0.000,0.000,0.000,0.000
1779001860,37.94,32.87,46.50,24,1,tinyml,,,,39.440,0.000,0.000,0.000,0.000,0.000
1779001864,37.96,32.87,46.50,23,1,tinyml,,,,39.460,0.000,0.000,0.000,0.000,0.000
1779001869,37.96,32.89,46.50,23,1,tinyml,,,,39.460,0.000,0.000,0.000,0.000,0.000
1779001874,37.93,32.89,46.50,24,1,tinyml,,,,39.430,0.000,0.000,0.000,0.000,0.000
1779001880,37.96,32.89,46.50,23,1,tinyml,,,,39.460,0.000,0.000,0.000,0.000,0.000
1779001884,37.94,32.94,46.50,24,1,tinyml,,,,39.440,0.000,0.000,0.000,0.000,0.000
1779001889,37.93,32.92,46.50,24,1,tinyml,,,,39.430,0.000,0.000,0.000,0.000,0.000
1779001894,37.96,32.94,46.50,23,1,tinyml,,,,39.460,0.000,0.000,0.000,0.000,0.000
1779001899,37.94,32.94,46.60,24,1,tinyml,,,,39.440,0.000,0.000,0.000,0.000,0.000
1779001904,37.96,32.95,46.60,23,1,tinyml,,,,39.460,0.000,0.000,0.000,0.000,0.000
1779001909,37.96,32.96,46.60,23,1,tinyml,,,,39.460,0.000,0.000,0.000,0.000,0.000
1779001914,37.94,32.98,46.50,24,1,tinyml,,,,39.440,0.000,0.000,0.000,0.000,0.000
1779001920,37.96,32.98,46.60,23,1,tinyml,,,,39.460,0.000,0.000,0.000,0.000,0.000
1779001924,37.96,32.96,46.60,23,1,tinyml,,,,39.460,0.000,0.000,0.000,0.000,0.000
1779001930,37.94,32.99,46.50,24,1,tinyml,,,,39.440,0.000,0.000,0.000,0.000,0.000
1779001934,37.98,32.99,46.50,23,1,tinyml,,,,39.480,0.000,0.000,0.000,0.000,0.000
1779001939,37.94,33.00,46.50,24,1,tinyml,,,,39.440,0.000,0.000,0.000,0.000,0.000
1779001945,37.96,32.98,46.60,23,1,tinyml,,,,39.460,0.000,0.000,0.000,0.000,0.000
1779001949,37.96,32.98,46.50,23,1,tinyml,,,,39.460,0.000,0.000,0.000,0.000,0.000
1779001954,37.98,32.96,46.50,23,1,tinyml,,,,39.480,0.000,0.000,0.000,0.000,0.000
1779001959,37.96,32.94,46.60,23,1,tinyml,,,,39.460,0.000,0.000,0.000,0.000,0.000
1779001964,37.94,32.95,46.50,24,1,tinyml,,,,39.440,0.000,0.000,0.000,0.000,0.000
1779001969,37.96,32.95,46.50,23,1,tinyml,,,,39.460,0.000,0.000,0.000,0.000,0.000
1779001974,37.94,32.96,46.50,24,1,tinyml,,,,39.440,0.000,0.000,0.000,0.000,0.000
1779001979,37.94,32.98,46.50,24,1,tinyml,,,,39.440,0.000,0.000,0.000,0.000,0.000
1779001984,37.94,32.99,46.50,24,1,tinyml,,,,39.440,0.000,0.000,0.000,0.000,0.000
1779001990,37.94,32.98,46.50,24,1,tinyml,,,,39.440,0.000,0.000,0.000,0.000,0.000
1779001994,37.93,32.98,46.50,24,1,tinyml,,,,39.430,0.000,0.000,0.000,0.000,0.000
1779001999,37.96,33.00,46.50,23,1,tinyml,,,,39.460,0.000,0.000,0.000,0.000,0.000
1779002004,37.96,33.00,46.50,23,1,tinyml,,,,39.460,0.000,0.000,0.000,0.000,0.000
1779002010,37.98,33.05,46.50,23,1,tinyml,,,,39.480,0.000,0.000,0.000,0.000,0.000
1779002014,37.94,33.06,46.50,24,1,tinyml,,,,39.440,0.000,0.000,0.000,0.000,0.000
1779002019,37.96,33.05,46.50,23,1,tinyml,,,,39.460,0.000,0.000,0.000,0.000,0.000
1779002024,37.98,33.06,46.50,23,1,tinyml,,,,39.480,0.000,0.000,0.000,0.000,0.000
1779002029,37.96,33.06,46.60,23,1,tinyml,,,,39.460,0.000,0.000,0.000,0.000,0.000
1779002034,37.96,33.12,46.60,23,1,tinyml,,,,39.460,0.000,0.000,0.000,0.000,0.000
1779002039,37.96,33.07,46.60,23,1,tinyml,,,,39.460,0.000,0.000,0.000,0.000,0.000
1779002044,37.96,33.07,46.50,23,1,tinyml,,,,39.460,0.000,0.000,0.000,0.000,0.000
1779002049,37.94,33.06,46.60,24,1,tinyml,,,,39.440,0.000,0.000,0.000,0.000,0.000
1779002054,37.94,33.07,46.60,24,1,tinyml,,,,39.440,0.000,0.000,0.000,0.000,0.000
1779002059,37.94,33.06,46.60,24,1,tinyml,,,,39.440,0.000,0.000,0.000,0.000,0.000
1779002064,37.94,33.06,46.60,24,1,tinyml,,,,39.440,0.000,0.000,0.000,0.000,0.000
1779002069,37.96,33.05,46.50,23,1,tinyml,,,,39.460,0.000,0.000,0.000,0.000,0.000
1779002074,37.98,33.06,46.50,23,1,tinyml,,,,39.480,0.000,0.000,0.000,0.000,0.000
1779002079,37.98,33.06,46.50,23,1,tinyml,,,,39.480,0.000,0.000,0.000,0.000,0.000
1779002084,37.96,33.03,46.50,23,1,tinyml,,,,39.460,0.000,0.000,0.000,0.000,0.000
1779002089,37.98,33.02,46.50,23,1,tinyml,,,,39.480,0.000,0.000,0.000,0.000,0.000
1779002094,37.94,33.00,46.50,24,1,tinyml,,,,39.440,0.000,0.000,0.000,0.000,0.000
1779002099,37.96,32.99,46.50,23,1,tinyml,,,,39.460,0.000,0.000,0.000,0.000,0.000
1779002104,37.94,33.00,46.50,24,1,tinyml,,,,39.440,0.000,0.000,0.000,0.000,0.000
1779002109,37.93,33.00,46.50,24,1,tinyml,,,,39.430,0.000,0.000,0.000,0.000,0.000
1779002114,37.96,32.95,46.50,23,1,tinyml,,,,39.460,0.000,0.000,0.000,0.000,0.000
1779002119,37.96,32.96,46.50,23,1,tinyml,,,,39.460,0.000,0.000,0.000,0.000,0.000
1779002124,37.98,32.96,46.50,23,1,tinyml,,,,39.480,0.000,0.000,0.000,0.000,0.000
1779002129,37.94,32.95,46.50,24,1,tinyml,,,,39.440,0.000,0.000,0.000,0.000,0.000
1779002134,37.94,32.95,46.50,24,1,tinyml,,,,39.440,0.000,0.000,0.000,0.000,0.000
1779002139,37.94,32.94,46.50,24,1,tinyml,,,,39.440,0.000,0.000,0.000,0.000,0.000
1779002144,37.94,32.90,46.50,24,1,tinyml,,,,39.440,0.000,0.000,0.000,0.000,0.000
1779002149,37.94,32.87,46.50,24,1,tinyml,,,,39.440,0.000,0.000,0.000,0.000,0.000
1779002154,37.99,32.90,46.50,23,1,tinyml,,,,39.490,0.000,0.000,0.000,0.000,0.000
1779002159,37.94,32.90,46.50,24,1,tinyml,,,,39.440,0.000,0.000,0.000,0.000,0.000
1779002164,37.94,32.89,46.50,24,1,tinyml,,,,39.440,0.000,0.000,0.000,0.000,0.000
1779002169,37.93,32.92,46.50,24,1,tinyml,,,,39.430,0.000,0.000,0.000,0.000,0.000
1779002174,37.96,32.86,46.50,23,1,tinyml,,,,39.460,0.000,0.000,0.000,0.000,0.000
1779002179,37.96,32.87,46.50,23,1,tinyml,,,,39.460,0.000,0.000,0.000,0.000,0.000
1779002184,37.96,32.86,46.50,23,1,tinyml,,,,39.460,0.000,0.000,0.000,0.000,0.000
1779002189,37.96,32.85,46.50,23,1,tinyml,,,,39.460,0.000,0.000,0.000,0.000,0.000
1779002194,37.98,32.85,46.40,23,1,tinyml,,,,39.480,0.000,0.000,0.000,0.000,0.000
1779002199,37.96,32.83,46.50,23,1,tinyml,,,,39.460,0.000,0.000,0.000,0.000,0.000
1779002204,37.96,32.82,46.40,23,1,tinyml,,,,39.460,0.000,0.000,0.000,0.000,0.000
1779002209,37.96,32.80,46.50,23,1,tinyml,,,,39.460,0.000,0.000,0.000,0.000,0.000
1779002214,37.93,32.80,46.40,24,1,tinyml,,,,39.430,0.000,0.000,0.000,0.000,0.000
1779002219,37.96,32.79,46.40,23,1,tinyml,,,,39.460,0.000,0.000,0.000,0.000,0.000
1779002224,37.96,32.78,46.40,23,1,tinyml,,,,39.460,0.000,0.000,0.000,0.000,0.000
1779002230,37.96,32.78,46.40,23,1,tinyml,,,,39.460,0.000,0.000,0.000,0.000,0.000
1779002234,37.98,32.78,46.40,23,1,tinyml,,,,39.480,0.000,0.000,0.000,0.000,0.000
1779002239,37.99,32.79,46.40,23,1,tinyml,,,,39.490,0.000,0.000,0.000,0.000,0.000
1779002244,37.98,32.78,46.40,23,1,tinyml,,,,39.480,0.000,0.000,0.000,0.000,0.000
1779002249,37.96,32.76,46.40,23,1,tinyml,,,,39.460,0.000,0.000,0.000,0.000,0.000
1779002254,37.96,32.78,46.40,23,1,tinyml,,,,39.460,0.000,0.000,0.000,0.000,0.000
1779002259,37.94,32.74,46.40,24,1,tinyml,,,,39.440,0.000,0.000,0.000,0.000,0.000
1779002264,37.93,32.75,46.40,24,1,tinyml,,,,39.430,0.000,0.000,0.000,0.000,0.000
1779002269,37.94,32.75,46.40,24,1,tinyml,,,,39.440,0.000,0.000,0.000,0.000,0.000
1779002274,37.96,32.76,46.30,23,1,tinyml,,,,39.460,0.000,0.000,0.000,0.000,0.000
1779002279,37.94,32.75,46.40,24,1,tinyml,,,,39.440,0.000,0.000,0.000,0.000,0.000
1779002284,37.98,32.74,46.40,23,1,tinyml,,,,39.480,0.000,0.000,0.000,0.000,0.000
1779002289,37.94,32.72,46.30,24,1,tinyml,,,,39.440,0.000,0.000,0.000,0.000,0.000
1779002294,37.94,32.75,46.30,24,1,tinyml,,,,39.440,0.000,0.000,0.000,0.000,0.000
1779002299,37.96,32.75,46.30,23,1,tinyml,,,,39.460,0.000,0.000,0.000,0.000,0.000
1779002304,37.96,32.78,46.40,23,1,tinyml,,,,39.460,0.000,0.000,0.000,0.000,0.000
1779002309,37.93,32.74,46.40,24,1,tinyml,,,,39.430,0.000,0.000,0.000,0.000,0.000
1779002314,37.94,32.76,46.30,24,1,tinyml,,,,39.440,0.000,0.000,0.000,0.000,0.000
1779002319,37.94,32.78,46.40,24,1,tinyml,,,,39.440,0.000,0.000,0.000,0.000,0.000
1779002324,37.96,32.76,46.40,23,1,tinyml,,,,39.460,0.000,0.000,0.000,0.000,0.000
1779002329,37.96,32.78,46.30,23,1,tinyml,,,,39.460,0.000,0.000,0.000,0.000,0.000
1779002334,37.94,32.75,46.30,24,1,tinyml,,,,39.440,0.000,0.000,0.000,0.000,0.000
1779002339,37.96,32.75,46.40,23,1,tinyml,,,,39.460,0.000,0.000,0.000,0.000,0.000
1779002345,37.93,32.76,46.30,24,1,tinyml,,,,39.430,0.000,0.000,0.000,0.000,0.000
1779002349,37.94,32.78,46.30,24,1,tinyml,,,,39.440,0.000,0.000,0.000,0.000,0.000
1779002354,37.94,32.76,46.30,24,1,tinyml,,,,39.440,0.000,0.000,0.000,0.000,0.000
1779002359,37.96,32.76,46.30,23,1,tinyml,,,,39.460,0.000,0.000,0.000,0.000,0.000
1779002364,37.93,32.79,46.30,24,1,tinyml,,,,39.430,0.000,0.000,0.000,0.000,0.000
1779002369,37.94,32.78,46.30,24,1,tinyml,,,,39.440,0.000,0.000,0.000,0.000,0.000
1779002374,37.93,32.79,46.30,24,1,tinyml,,,,39.430,0.000,0.000,0.000,0.000,0.000
1779002379,37.93,32.82,46.30,24,1,tinyml,,,,39.430,0.000,0.000,0.000,0.000,0.000
1779002384,37.98,32.79,46.30,23,1,tinyml,,,,39.480,0.000,0.000,0.000,0.000,0.000
1779002389,37.96,32.82,46.30,23,1,tinyml,,,,39.460,0.000,0.000,0.000,0.000,0.000
1779002394,37.96,32.82,46.30,23,1,tinyml,,,,39.460,0.000,0.000,0.000,0.000,0.000
1779002399,37.98,32.80,46.30,23,1,tinyml,,,,39.480,0.000,0.000,0.000,0.000,0.000
1779002404,37.96,32.82,46.30,23,1,tinyml,,,,39.460,0.000,0.000,0.000,0.000,0.000
1779002409,37.99,32.82,46.30,23,1,tinyml,,,,39.490,0.000,0.000,0.000,0.000,0.000
1779002414,37.99,32.83,46.30,23,1,tinyml,,,,39.490,0.000,0.000,0.000,0.000,0.000
1779002419,37.96,32.85,46.30,23,1,tinyml,,,,39.460,0.000,0.000,0.000,0.000,0.000
1779002424,37.98,32.86,46.30,23,1,tinyml,,,,39.480,0.000,0.000,0.000,0.000,0.000
1779002429,37.94,32.82,46.30,24,1,tinyml,,,,39.440,0.000,0.000,0.000,0.000,0.000
1779002434,37.96,32.85,46.30,23,1,tinyml,,,,39.460,0.000,0.000,0.000,0.000,0.000
1779002439,37.98,32.85,46.40,23,1,tinyml,,,,39.480,0.000,0.000,0.000,0.000,0.000
1779002444,37.96,32.86,46.30,23,1,tinyml,,,,39.460,0.000,0.000,0.000,0.000,0.000
1779002449,37.99,32.86,46.30,23,1,tinyml,,,,39.490,0.000,0.000,0.000,0.000,0.000
1779002454,37.94,32.87,46.40,24,1,tinyml,,,,39.440,0.000,0.000,0.000,0.000,0.000
1779002459,37.94,32.87,46.30,24,1,tinyml,,,,39.440,0.000,0.000,0.000,0.000,0.000
1779002464,37.98,32.87,46.30,23,1,tinyml,,,,39.480,0.000,0.000,0.000,0.000,0.000
1779002469,37.96,32.87,46.40,23,1,tinyml,,,,39.460,0.000,0.000,0.000,0.000,0.000
1779002474,37.98,32.89,46.40,23,1,tinyml,,,,39.480,0.000,0.000,0.000,0.000,0.000
1779002479,37.99,32.89,46.30,23,1,tinyml,,,,39.490,0.000,0.000,0.000,0.000,0.000
1779002484,37.96,32.92,46.30,23,1,tinyml,,,,39.460,0.000,0.000,0.000,0.000,0.000
1779002489,37.98,32.89,46.30,23,1,tinyml,,,,39.480,0.000,0.000,0.000,0.000,0.000
1779002494,37.98,32.87,46.30,23,1,tinyml,,,,39.480,0.000,0.000,0.000,0.000,0.000
1779002499,37.98,32.89,46.30,23,1,tinyml,,,,39.480,0.000,0.000,0.000,0.000,0.000
1779002504,37.96,32.86,46.30,23,1,tinyml,,,,39.460,0.000,0.000,0.000,0.000,0.000
1779002509,37.98,32.90,46.30,23,1,tinyml,,,,39.480,0.000,0.000,0.000,0.000,0.000
1779002514,37.98,32.92,46.30,23,1,tinyml,,,,39.480,0.000,0.000,0.000,0.000,0.000
1779002519,37.98,32.92,46.30,23,1,tinyml,,,,39.480,0.000,0.000,0.000,0.000,0.000
1779002524,37.94,32.87,46.40,24,1,tinyml,,,,39.440,0.000,0.000,0.000,0.000,0.000
1779002529,37.96,32.92,46.30,23,1,tinyml,,,,39.460,0.000,0.000,0.000,0.000,0.000
1779002534,37.96,32.90,46.30,23,1,tinyml,,,,39.460,0.000,0.000,0.000,0.000,0.000
1779002539,37.98,32.89,46.40,23,1,tinyml,,,,39.480,0.000,0.000,0.000,0.000,0.000
1779002544,37.96,32.92,46.40,23,1,tinyml,,,,39.460,0.000,0.000,0.000,0.000,0.000
1779002549,37.96,32.90,46.40,23,1,tinyml,,,,39.460,0.000,0.000,0.000,0.000,0.000
1779002554,37.94,32.90,46.30,24,1,tinyml,,,,39.440,0.000,0.000,0.000,0.000,0.000
1779002559,37.98,32.90,46.30,23,1,tinyml,,,,39.480,0.000,0.000,0.000,0.000,0.000
1779002564,37.96,32.90,46.30,23,1,tinyml,,,,39.460,0.000,0.000,0.000,0.000,0.000
1779002569,37.98,32.92,46.30,23,1,tinyml,,,,39.480,0.000,0.000,0.000,0.000,0.000
1779002575,37.94,32.90,46.30,24,1,tinyml,,,,39.440,0.000,0.000,0.000,0.000,0.000
1779002579,37.98,32.90,46.30,23,1,tinyml,,,,39.480,0.000,0.000,0.000,0.000,0.000
1779002584,37.96,32.89,46.30,23,1,tinyml,,,,39.460,0.000,0.000,0.000,0.000,0.000
1779002589,37.98,32.92,46.30,23,1,tinyml,,,,39.480,0.000,0.000,0.000,0.000,0.000
1779002594,37.94,32.90,46.30,24,1,tinyml,,,,39.440,0.000,0.000,0.000,0.000,0.000
1779002599,37.96,32.92,46.30,23,1,tinyml,,,,39.460,0.000,0.000,0.000,0.000,0.000
1779002604,37.96,32.90,46.30,23,1,tinyml,,,,39.460,0.000,0.000,0.000,0.000,0.000
1779002609,37.94,32.90,46.30,24,1,tinyml,,,,39.440,0.000,0.000,0.000,0.000,0.000
1779002614,37.94,32.92,46.30,24,1,tinyml,,,,39.440,0.000,0.000,0.000,0.000,0.000
1779002619,37.98,32.90,46.20,23,1,tinyml,,,,39.480,0.000,0.000,0.000,0.000,0.000
1779002624,37.98,32.90,46.30,23,1,tinyml,,,,39.480,0.000,0.000,0.000,0.000,0.000
1779002629,37.96,32.92,46.30,23,1,tinyml,,,,39.460,0.000,0.000,0.000,0.000,0.000
1779002634,37.98,32.94,46.30,23,1,tinyml,,,,39.480,0.000,0.000,0.000,0.000,0.000
1779002639,37.98,32.89,46.30,23,1,tinyml,,,,39.480,0.000,0.000,0.000,0.000,0.000
1779002644,37.98,32.94,46.20,23,1,tinyml,,,,39.480,0.000,0.000,0.000,0.000,0.000
1779002649,37.98,32.92,46.30,23,1,tinyml,,,,39.480,0.000,0.000,0.000,0.000,0.000
1779002654,37.98,32.94,46.20,23,1,tinyml,,,,39.480,0.000,0.000,0.000,0.000,0.000
1779002659,37.98,32.95,46.30,23,1,tinyml,,,,39.480,0.000,0.000,0.000,0.000,0.000
1779002664,37.98,32.95,46.30,23,1,tinyml,,,,39.480,0.000,0.000,0.000,0.000,0.000
1779002669,37.96,32.96,46.30,23,1,tinyml,,,,39.460,0.000,0.000,0.000,0.000,0.000
1779002674,37.99,32.96,46.30,23,1,tinyml,,,,39.490,0.000,0.000,0.000,0.000,0.000
1779002679,37.98,32.96,46.30,23,1,tinyml,,,,39.480,0.000,0.000,0.000,0.000,0.000
1779002684,37.98,32.95,46.30,23,1,tinyml,,,,39.480,0.000,0.000,0.000,0.000,0.000
1779002689,37.98,32.95,46.30,23,1,tinyml,,,,39.480,0.000,0.000,0.000,0.000,0.000
1779002694,38.00,32.96,46.30,23,1,tinyml,,,,39.500,0.000,0.000,0.000,0.000,0.000
1779002699,37.98,32.95,46.30,23,1,tinyml,,,,39.480,0.000,0.000,0.000,0.000,0.000
