timestamp_unix,t_in,t_ext,rh,pwm,door,ctrl_mode,phase,session_id,scenario,t_pred,err,integral,kp,ki,kd
1778307609,57.42,35.66,25.20,0,1,,DISTURB,,,0.000,0.000,0.000,0.000,0.000,0.000
1778307614,57.42,35.69,25.20,0,1,,DISTURB,,,0.000,0.000,0.000,0.000,0.000,0.000
1778307619,57.42,35.66,25.10,0,1,,DISTURB,,,0.000,0.000,0.000,0.000,0.000,0.000
1778307624,57.46,35.66,25.10,0,1,,DISTURB,,,0.000,0.000,0.000,0.000,0.000,0.000
1778307629,57.49,35.71,25.10,0,1,,DISTURB,,,0.000,0.000,0.000,0.000,0.000,0.000
1778307634,57.51,35.76,25.10,0,1,,DISTURB,,,0.000,0.000,0.000,0.000,0.000,0.000
1778307639,57.50,35.82,25.10,0,1,,DISTURB,,,0.000,0.000,0.000,0.000,0.000,0.000
1778307644,57.47,35.83,25.10,0,1,,DISTURB,,,0.000,0.000,0.000,0.000,0.000,0.000
1778307649,57.40,35.86,25.10,0,1,,DISTURB,,,0.000,0.000,0.000,0.000,0.000,0.000
1778307654,57.33,35.88,25.10,0,1,,DISTURB,,,0.000,0.000,0.000,0.000,0.000,0.000
1778307659,57.25,35.88,25.20,0,1,,DISTURB,,,0.000,0.000,0.000,0.000,0.000,0.000
1778307664,57.19,35.85,25.20,0,1,,DISTURB,,,0.000,0.000,0.000,0.000,0.000,0.000
1778307669,57.07,35.86,25.30,0,1,,DISTURB,,,0.000,0.000,0.000,0.000,0.000,0.000
1778307674,57.02,35.89,25.40,0,1,,DISTURB,,,0.000,0.000,0.000,0.000,0.000,0.000
1778307679,56.90,35.83,25.50,0,1,,DISTURB,,,0.000,0.000,0.000,0.000,0.000,0.000
1778307684,56.78,35.72,25.60,0,1,,DISTURB,,,0.000,0.000,0.000,0.000,0.000,0.000
1778307689,56.68,35.71,25.60,0,1,,DISTURB,,,0.000,0.000,0.000,0.000,0.000,0.000
1778307694,56.57,35.62,25.70,0,1,,DISTURB,,,0.000,0.000,0.000,0.000,0.000,0.000
1778307699,56.40,35.53,25.80,0,1,,DISTURB,,,0.000,0.000,0.000,0.000,0.000,0.000
1778307704,56.31,35.46,25.90,0,1,,DISTURB,,,0.000,0.000,0.000,0.000,0.000,0.000
1778307709,56.19,35.44,25.90,0,1,,DISTURB,,,0.000,0.000,0.000,0.000,0.000,0.000
1778307714,56.06,35.49,26.00,0,1,,DISTURB,,,0.000,0.000,0.000,0.000,0.000,0.000
1778307719,55.89,35.52,26.10,0,1,,DISTURB,,,0.000,0.000,0.000,0.000,0.000,0.000
1778307724,55.80,35.53,26.20,0,1,,DISTURB,,,0.000,0.000,0.000,0.000,0.000,0.000
1778307729,55.68,35.56,26.30,0,1,,DISTURB,,,0.000,0.000,0.000,0.000,0.000,0.000
1778307734,55.53,35.63,26.40,0,1,,DISTURB,,,0.000,0.000,0.000,0.000,0.000,0.000
1778307739,55.41,35.61,26.50,0,1,,DISTURB,,,0.000,0.000,0.000,0.000,0.000,0.000
1778307744,55.28,35.63,26.60,0,1,,DISTURB,,,0.000,0.000,0.000,0.000,0.000,0.000
1778307749,55.14,35.61,26.70,0,1,,DISTURB,,,0.000,0.000,0.000,0.000,0.000,0.000
1778307754,55.06,35.62,26.80,0,1,,DISTURB,,,0.000,0.000,0.000,0.000,0.000,0.000
1778307759,54.91,35.61,26.80,100,1,,DISTURB,,,0.000,0.000,0.000,0.000,0.000,0.000
1778307764,54.80,35.55,26.90,100,1,,DISTURB,,,0.000,0.000,0.000,0.000,0.000,0.000
1778307769,54.69,35.49,27.00,100,1,,DISTURB,,,0.000,0.000,0.000,0.000,0.000,0.000
1778307774,54.56,35.37,27.10,100,1,,DISTURB,,,0.000,0.000,0.000,0.000,0.000,0.000
1778307779,54.49,35.25,27.20,100,1,,DISTURB,,,0.000,0.000,0.000,0.000,0.000,0.000
1778307784,54.41,35.18,27.20,100,1,,DISTURB,,,0.000,0.000,0.000,0.000,0.000,0.000
1778307789,54.36,35.11,27.20,100,1,,DISTURB,,,0.000,0.000,0.000,0.000,0.000,0.000
1778307794,54.31,35.08,27.30,100,1,,DISTURB,,,0.000,0.000,0.000,0.000,0.000,0.000
1778307799,54.28,35.03,27.30,100,1,,DISTURB,,,0.000,0.000,0.000,0.000,0.000,0.000
1778307804,54.25,34.98,27.40,100,1,,DISTURB,,,0.000,0.000,0.000,0.000,0.000,0.000
1778307809,54.25,34.96,27.30,100,1,,DISTURB,,,0.000,0.000,0.000,0.000,0.000,0.000
1778307814,54.31,34.94,27.30,100,1,,DISTURB,,,0.000,0.000,0.000,0.000,0.000,0.000
1778307819,54.31,34.94,27.30,25,1,,DISTURB,,,0.000,0.000,0.000,0.000,0.000,0.000
1778307824,54.29,35.00,27.30,25,1,,DISTURB,,,0.000,0.000,0.000,0.000,0.000,0.000
1778307829,54.35,34.94,27.30,25,1,,DISTURB,,,0.000,0.000,0.000,0.000,0.000,0.000
1778307834,54.38,34.83,27.20,25,1,,DISTURB,,,0.000,0.000,0.000,0.000,0.000,0.000
1778307839,54.39,34.79,27.30,25,1,,DISTURB,,,0.000,0.000,0.000,0.000,0.000,0.000
1778307844,54.39,34.76,27.20,25,1,,DISTURB,,,0.000,0.000,0.000,0.000,0.000,0.000
1778307849,54.42,34.71,27.20,25,1,,DISTURB,,,0.000,0.000,0.000,0.000,0.000,0.000
1778307854,54.41,34.73,27.20,25,1,,DISTURB,,,0.000,0.000,0.000,0.000,0.000,0.000
1778307859,54.39,34.77,27.20,25,1,,DISTURB,,,0.000,0.000,0.000,0.000,0.000,0.000
1778307864,54.38,34.80,27.20,25,1,,DISTURB,,,0.000,0.000,0.000,0.000,0.000,0.000
1778307869,54.35,34.86,27.20,25,1,,DISTURB,,,0.000,0.000,0.000,0.000,0.000,0.000
1778307874,54.35,34.96,27.20,25,1,,DISTURB,,,0.000,0.000,0.000,0.000,0.000,0.000
1778307879,54.31,35.01,27.20,25,1,,DISTURB,,,0.000,0.000,0.000,0.000,0.000,0.000
1778307884,54.26,35.04,27.30,25,1,,DISTURB,,,0.000,0.000,0.000,0.000,0.000,0.000
1778307889,54.24,35.05,27.30,25,1,,DISTURB,,,0.000,0.000,0.000,0.000,0.000,0.000
1778307894,54.18,35.10,27.40,25,1,,DISTURB,,,0.000,0.000,0.000,0.000,0.000,0.000
1778307899,54.15,35.14,27.40,25,1,,DISTURB,,,0.000,0.000,0.000,0.000,0.000,0.000
1778307904,54.11,35.13,27.40,25,1,,DISTURB,,,0.000,0.000,0.000,0.000,0.000,0.000
1778307909,54.05,35.08,27.40,25,1,,DISTURB,,,0.000,0.000,0.000,0.000,0.000,0.000
1778307914,54.01,35.01,27.40,25,1,,DISTURB,,,0.000,0.000,0.000,0.000,0.000,0.000
1778307919,53.95,34.90,27.50,25,1,,DISTURB,,,0.000,0.000,0.000,0.000,0.000,0.000
1778307924,53.91,34.80,27.50,25,1,,DISTURB,,,0.000,0.000,0.000,0.000,0.000,0.000
1778307929,53.84,34.80,27.50,25,1,,DISTURB,,,0.000,0.000,0.000,0.000,0.000,0.000
1778307934,53.80,34.74,27.60,25,1,,DISTURB,,,0.000,0.000,0.000,0.000,0.000,0.000
1778307939,53.71,34.74,27.70,25,1,,DISTURB,,,0.000,0.000,0.000,0.000,0.000,0.000
1778307944,53.66,34.74,27.70,25,1,,DISTURB,,,0.000,0.000,0.000,0.000,0.000,0.000
1778307949,53.61,34.79,27.70,25,1,,DISTURB,,,0.000,0.000,0.000,0.000,0.000,0.000
1778307954,53.53,34.79,27.80,25,1,,DISTURB,,,0.000,0.000,0.000,0.000,0.000,0.000
1778307959,53.49,34.82,27.90,25,1,,DISTURB,,,0.000,0.000,0.000,0.000,0.000,0.000
1778307964,53.42,34.87,27.90,25,1,,DISTURB,,,0.000,0.000,0.000,0.000,0.000,0.000
1778307969,53.37,34.90,27.90,25,1,,DISTURB,,,0.000,0.000,0.000,0.000,0.000,0.000
1778307974,53.29,34.97,28.00,25,1,,DISTURB,,,0.000,0.000,0.000,0.000,0.000,0.000
1778307979,53.25,34.96,28.00,25,1,,DISTURB,,,0.000,0.000,0.000,0.000,0.000,0.000
1778307984,53.22,34.91,28.10,25,1,,DISTURB,,,0.000,0.000,0.000,0.000,0.000,0.000
1778307989,53.15,34.93,28.10,25,1,,DISTURB,,,0.000,0.000,0.000,0.000,0.000,0.000
1778307994,53.09,34.87,28.20,25,1,,DISTURB,,,0.000,0.000,0.000,0.000,0.000,0.000
1778307999,53.02,34.84,28.20,25,1,,DISTURB,,,0.000,0.000,0.000,0.000,0.000,0.000
1778308004,52.98,34.84,28.20,25,1,,DISTURB,,,0.000,0.000,0.000,0.000,0.000,0.000
1778308009,52.94,34.86,28.20,25,1,,DISTURB,,,0.000,0.000,0.000,0.000,0.000,0.000
1778308014,52.85,34.90,28.30,25,1,,DISTURB,,,0.000,0.000,0.000,0.000,0.000,0.000
1778308019,52.82,34.97,28.40,25,1,,DISTURB,,,0.000,0.000,0.000,0.000,0.000,0.000
1778308024,52.77,35.08,28.40,25,1,,DISTURB,,,0.000,0.000,0.000,0.000,0.000,0.000
1778308029,52.71,35.13,28.40,25,1,,DISTURB,,,0.000,0.000,0.000,0.000,0.000,0.000
1778308034,52.65,35.11,28.50,25,1,,DISTURB,,,0.000,0.000,0.000,0.000,0.000,0.000
1778308039,52.60,35.11,28.50,25,1,,DISTURB,,,0.000,0.000,0.000,0.000,0.000,0.000
1778308044,52.57,35.15,28.60,25,1,,DISTURB,,,0.000,0.000,0.000,0.000,0.000,0.000
1778308049,52.50,35.19,28.60,25,1,,DISTURB,,,0.000,0.000,0.000,0.000,0.000,0.000
1778308054,52.47,35.15,28.60,25,1,,DISTURB,,,0.000,0.000,0.000,0.000,0.000,0.000
1778308059,52.42,35.13,28.70,25,1,,DISTURB,,,0.000,0.000,0.000,0.000,0.000,0.000
1778308064,52.37,35.05,28.70,25,1,,DISTURB,,,0.000,0.000,0.000,0.000,0.000,0.000
1778308069,52.34,35.00,28.80,25,1,,DISTURB,,,0.000,0.000,0.000,0.000,0.000,0.000
1778308074,52.26,34.93,28.80,25,1,,DISTURB,,,0.000,0.000,0.000,0.000,0.000,0.000
1778308079,52.21,34.86,28.80,25,1,,DISTURB,,,0.000,0.000,0.000,0.000,0.000,0.000
1778308084,52.20,34.80,28.80,25,1,,DISTURB,,,0.000,0.000,0.000,0.000,0.000,0.000
1778308089,52.15,34.77,28.90,25,1,,DISTURB,,,0.000,0.000,0.000,0.000,0.000,0.000
1778308094,52.10,34.67,28.90,25,1,,DISTURB,,,0.000,0.000,0.000,0.000,0.000,0.000
1778308099,52.06,34.64,28.90,25,1,,DISTURB,,,0.000,0.000,0.000,0.000,0.000,0.000
1778308104,52.03,34.57,29.00,25,1,,DISTURB,,,0.000,0.000,0.000,0.000,0.000,0.000
1778308109,51.99,34.56,29.00,25,1,,DISTURB,,,0.000,0.000,0.000,0.000,0.000,0.000
1778308114,51.96,34.53,29.00,25,1,,DISTURB,,,0.000,0.000,0.000,0.000,0.000,0.000
1778308119,51.92,34.53,29.10,25,1,,DISTURB,,,0.000,0.000,0.000,0.000,0.000,0.000
1778308124,51.86,34.60,29.10,25,1,,DISTURB,,,0.000,0.000,0.000,0.000,0.000,0.000
1778308129,51.82,34.68,29.20,25,1,,DISTURB,,,0.000,0.000,0.000,0.000,0.000,0.000
1778308134,51.76,34.73,29.20,25,1,,DISTURB,,,0.000,0.000,0.000,0.000,0.000,0.000
1778308139,51.78,34.76,29.20,25,1,,DISTURB,,,0.000,0.000,0.000,0.000,0.000,0.000
1778308144,51.69,34.71,29.20,25,1,,DISTURB,,,0.000,0.000,0.000,0.000,0.000,0.000
1778308149,51.69,34.64,29.20,25,1,,DISTURB,,,0.000,0.000,0.000,0.000,0.000,0.000
1778308154,51.64,34.55,29.40,25,1,,DISTURB,,,0.000,0.000,0.000,0.000,0.000,0.000
1778308159,51.60,34.50,29.40,25,1,,DISTURB,,,0.000,0.000,0.000,0.000,0.000,0.000
1778308164,51.58,34.49,29.30,25,1,,DISTURB,,,0.000,0.000,0.000,0.000,0.000,0.000
1778308169,51.54,34.45,29.40,25,1,,DISTURB,,,0.000,0.000,0.000,0.000,0.000,0.000
1778308174,51.49,34.40,29.40,25,1,,DISTURB,,,0.000,0.000,0.000,0.000,0.000,0.000
1778308179,51.46,34.38,29.40,25,1,,DISTURB,,,0.000,0.000,0.000,0.000,0.000,0.000
1778308184,51.42,34.42,29.50,25,1,,DISTURB,,,0.000,0.000,0.000,0.000,0.000,0.000
1778308189,51.41,34.48,29.50,25,1,,DISTURB,,,0.000,0.000,0.000,0.000,0.000,0.000
1778308194,51.38,34.53,29.50,25,1,,DISTURB,,,0.000,0.000,0.000,0.000,0.000,0.000
1778308199,51.33,34.59,29.50,25,1,,DISTURB,,,0.000,0.000,0.000,0.000,0.000,0.000
1778308204,51.31,34.63,29.50,25,1,,DISTURB,,,0.000,0.000,0.000,0.000,0.000,0.000
1778308209,51.26,34.67,29.60,25,1,,DISTURB,,,0.000,0.000,0.000,0.000,0.000,0.000
1778308214,51.26,34.63,29.60,25,1,,DISTURB,,,0.000,0.000,0.000,0.000,0.000,0.000
1778308219,51.21,34.57,29.60,25,1,,DISTURB,,,0.000,0.000,0.000,0.000,0.000,0.000
1778308224,51.18,34.49,29.60,25,1,,DISTURB,,,0.000,0.000,0.000,0.000,0.000,0.000
1778308229,51.13,34.42,29.60,25,1,,DISTURB,,,0.000,0.000,0.000,0.000,0.000,0.000
1778308234,51.13,34.32,29.70,25,1,,DISTURB,,,0.000,0.000,0.000,0.000,0.000,0.000
1778308239,51.08,34.33,29.70,25,1,,DISTURB,,,0.000,0.000,0.000,0.000,0.000,0.000
1778308244,51.03,34.35,29.80,25,1,,DISTURB,,,0.000,0.000,0.000,0.000,0.000,0.000
1778308249,51.03,34.38,29.80,25,1,,DISTURB,,,0.000,0.000,0.000,0.000,0.000,0.000
1778308254,51.01,34.35,29.80,25,1,,DISTURB,,,0.000,0.000,0.000,0.000,0.000,0.000
1778308259,50.96,34.39,29.80,25,1,,DISTURB,,,0.000,0.000,0.000,0.000,0.000,0.000
1778308264,50.94,34.43,29.80,25,1,,DISTURB,,,0.000,0.000,0.000,0.000,0.000,0.000
1778308269,50.90,34.48,29.80,25,1,,DISTURB,,,0.000,0.000,0.000,0.000,0.000,0.000
1778308274,50.89,34.46,29.90,25,1,,DISTURB,,,0.000,0.000,0.000,0.000,0.000,0.000
1778308279,50.86,34.48,30.00,25,1,,DISTURB,,,0.000,0.000,0.000,0.000,0.000,0.000
1778308284,50.82,34.43,29.90,25,1,,DISTURB,,,0.000,0.000,0.000,0.000,0.000,0.000
1778308289,50.77,34.35,29.90,25,1,,DISTURB,,,0.000,0.000,0.000,0.000,0.000,0.000
1778308294,50.76,34.38,30.00,25,1,,DISTURB,,,0.000,0.000,0.000,0.000,0.000,0.000
1778308299,50.73,34.38,30.00,25,1,,DISTURB,,,0.000,0.000,0.000,0.000,0.000,0.000
1778308304,50.69,34.32,30.00,25,1,,DISTURB,,,0.000,0.000,0.000,0.000,0.000,0.000
1778308309,50.67,34.23,30.10,25,1,,DISTURB,,,0.000,0.000,0.000,0.000,0.000,0.000
1778308314,50.64,34.26,30.10,25,1,,DISTURB,,,0.000,0.000,0.000,0.000,0.000,0.000
1778308319,50.63,34.25,30.00,25,1,,DISTURB,,,0.000,0.000,0.000,0.000,0.000,0.000
1778308324,50.59,34.33,30.10,25,1,,DISTURB,,,0.000,0.000,0.000,0.000,0.000,0.000
1778308329,50.56,34.32,30.20,25,1,,DISTURB,,,0.000,0.000,0.000,0.000,0.000,0.000
1778308334,50.56,34.32,30.20,25,1,,DISTURB,,,0.000,0.000,0.000,0.000,0.000,0.000
1778308339,50.51,34.35,30.20,25,1,,DISTURB,,,0.000,0.000,0.000,0.000,0.000,0.000
1778308344,50.49,34.35,30.20,25,1,,DISTURB,,,0.000,0.000,0.000,0.000,0.000,0.000
1778308349,50.46,34.36,30.30,25,1,,DISTURB,,,0.000,0.000,0.000,0.000,0.000,0.000
1778308354,50.42,34.28,30.30,25,1,,DISTURB,,,0.000,0.000,0.000,0.000,0.000,0.000
1778308359,50.39,34.20,30.30,25,1,,DISTURB,,,0.000,0.000,0.000,0.000,0.000,0.000
1778308364,50.38,34.12,30.30,25,1,,DISTURB,,,0.000,0.000,0.000,0.000,0.000,0.000
1778308369,50.36,34.15,30.40,25,1,,DISTURB,,,0.000,0.000,0.000,0.000,0.000,0.000
1778308374,50.32,34.11,30.30,25,1,,DISTURB,,,0.000,0.000,0.000,0.000,0.000,0.000
1778308379,50.32,34.08,30.40,25,1,,DISTURB,,,0.000,0.000,0.000,0.000,0.000,0.000
1778308384,50.28,34.08,30.40,25,1,,DISTURB,,,0.000,0.000,0.000,0.000,0.000,0.000
1778308389,50.27,34.09,30.40,25,1,,DISTURB,,,0.000,0.000,0.000,0.000,0.000,0.000
1778308394,50.28,34.08,30.40,25,1,,DISTURB,,,0.000,0.000,0.000,0.000,0.000,0.000
1778308399,50.21,34.13,30.40,25,1,,DISTURB,,,0.000,0.000,0.000,0.000,0.000,0.000
1778308404,50.18,34.20,30.50,25,1,,DISTURB,,,0.000,0.000,0.000,0.000,0.000,0.000
1778308409,50.17,34.29,30.50,25,1,,DISTURB,,,0.000,0.000,0.000,0.000,0.000,0.000
1778308414,50.17,34.38,30.50,25,1,,DISTURB,,,0.000,0.000,0.000,0.000,0.000,0.000
1778308419,50.14,34.40,30.50,25,1,,DISTURB,,,0.000,0.000,0.000,0.000,0.000,0.000
1778308424,50.14,34.36,30.60,25,1,,DISTURB,,,0.000,0.000,0.000,0.000,0.000,0.000
1778308429,50.11,34.35,30.50,25,1,,DISTURB,,,0.000,0.000,0.000,0.000,0.000,0.000
1778308434,50.07,34.35,30.60,25,1,,DISTURB,,,0.000,0.000,0.000,0.000,0.000,0.000
1778308439,50.07,34.39,30.50,25,1,,DISTURB,,,0.000,0.000,0.000,0.000,0.000,0.000
1778308444,50.04,34.31,30.60,25,1,,DISTURB,,,0.000,0.000,0.000,0.000,0.000,0.000
1778308449,50.04,34.29,30.60,25,1,,DISTURB,,,0.000,0.000,0.000,0.000,0.000,0.000
1778308454,50.01,34.29,30.60,25,1,,DISTURB,,,0.000,0.000,0.000,0.000,0.000,0.000
1778308459,50.01,34.33,30.60,25,1,,DISTURB,,,0.000,0.000,0.000,0.000,0.000,0.000
1778308464,49.97,34.43,30.60,25,1,,DISTURB,,,0.000,0.000,0.000,0.000,0.000,0.000
1778308469,49.95,34.50,30.70,25,1,,DISTURB,,,0.000,0.000,0.000,0.000,0.000,0.000
1778308474,49.92,34.57,30.70,25,1,,DISTURB,,,0.000,0.000,0.000,0.000,0.000,0.000
1778308479,49.91,34.61,30.80,25,1,,DISTURB,,,0.000,0.000,0.000,0.000,0.000,0.000
1778308484,49.91,34.64,30.80,25,1,,DISTURB,,,0.000,0.000,0.000,0.000,0.000,0.000
1778308489,49.85,34.66,30.80,25,1,,DISTURB,,,0.000,0.000,0.000,0.000,0.000,0.000
1778308494,49.85,34.63,30.80,25,1,,DISTURB,,,0.000,0.000,0.000,0.000,0.000,0.000
1778308499,49.84,34.66,30.80,25,1,,DISTURB,,,0.000,0.000,0.000,0.000,0.000,0.000
1778308504,49.81,34.61,30.80,25,1,,DISTURB,,,0.000,0.000,0.000,0.000,0.000,0.000
1778308509,49.80,34.49,30.80,25,1,,DISTURB,,,0.000,0.000,0.000,0.000,0.000,0.000
1778308514,49.74,34.40,30.80,25,1,,DISTURB,,,0.000,0.000,0.000,0.000,0.000,0.000
1778308519,49.74,34.33,30.90,25,1,,DISTURB,,,0.000,0.000,0.000,0.000,0.000,0.000
1778308524,49.73,34.26,30.90,25,1,,DISTURB,,,0.000,0.000,0.000,0.000,0.000,0.000
1778308529,49.69,34.23,30.90,25,1,,DISTURB,,,0.000,0.000,0.000,0.000,0.000,0.000
1778308534,49.66,34.25,30.90,25,1,,DISTURB,,,0.000,0.000,0.000,0.000,0.000,0.000
1778308539,49.64,34.31,30.90,25,1,,DISTURB,,,0.000,0.000,0.000,0.000,0.000,0.000
1778308544,49.66,34.36,31.00,25,1,,DISTURB,,,0.000,0.000,0.000,0.000,0.000,0.000
1778308549,49.63,34.45,31.00,25,1,,DISTURB,,,0.000,0.000,0.000,0.000,0.000,0.000
1778308554,49.60,34.46,31.00,25,1,,DISTURB,,,0.000,0.000,0.000,0.000,0.000,0.000
1778308559,49.57,34.46,31.00,25,1,,DISTURB,,,0.000,0.000,0.000,0.000,0.000,0.000
1778308564,49.57,34.52,31.00,25,1,,DISTURB,,,0.000,0.000,0.000,0.000,0.000,0.000
1778308569,49.57,34.57,31.00,25,1,,DISTURB,,,0.000,0.000,0.000,0.000,0.000,0.000
1778308574,49.53,34.55,31.10,25,1,,DISTURB,,,0.000,0.000,0.000,0.000,0.000,0.000
1778308579,49.53,34.48,31.10,25,1,,DISTURB,,,0.000,0.000,0.000,0.000,0.000,0.000
1778308584,49.52,34.36,31.00,25,1,,DISTURB,,,0.000,0.000,0.000,0.000,0.000,0.000
1778308589,49.45,34.29,31.10,25,1,,DISTURB,,,0.000,0.000,0.000,0.000,0.000,0.000
1778308594,49.47,34.28,31.10,25,1,,DISTURB,,,0.000,0.000,0.000,0.000,0.000,0.000
1778308599,49.43,34.22,31.10,25,1,,DISTURB,,,0.000,0.000,0.000,0.000,0.000,0.000
1778308604,49.39,34.19,31.10,25,1,,DISTURB,,,0.000,0.000,0.000,0.000,0.000,0.000
1778308609,49.39,34.18,31.20,25,1,,DISTURB,,,0.000,0.000,0.000,0.000,0.000,0.000
1778308614,49.39,34.23,31.20,25,1,,DISTURB,,,0.000,0.000,0.000,0.000,0.000,0.000
1778308619,49.37,34.22,31.10,25,1,,DISTURB,,,0.000,0.000,0.000,0.000,0.000,0.000
1778308624,49.36,34.25,31.10,25,1,,DISTURB,,,0.000,0.000,0.000,0.000,0.000,0.000
1778308629,49.32,34.31,31.20,25,1,,DISTURB,,,0.000,0.000,0.000,0.000,0.000,0.000
1778308634,49.32,34.33,31.10,25,1,,DISTURB,,,0.000,0.000,0.000,0.000,0.000,0.000
1778308639,49.30,34.46,31.30,25,1,,DISTURB,,,0.000,0.000,0.000,0.000,0.000,0.000
1778308644,49.28,34.50,31.30,25,1,,DISTURB,,,0.000,0.000,0.000,0.000,0.000,0.000
1778308649,49.25,34.60,31.20,25,1,,DISTURB,,,0.000,0.000,0.000,0.000,0.000,0.000
1778308654,49.23,34.59,31.30,25,1,,DISTURB,,,0.000,0.000,0.000,0.000,0.000,0.000
1778308659,49.23,34.61,31.30,25,1,,DISTURB,,,0.000,0.000,0.000,0.000,0.000,0.000
1778308664,49.19,34.61,31.30,25,1,,DISTURB,,,0.000,0.000,0.000,0.000,0.000,0.000
1778308669,49.15,34.66,31.30,25,1,,DISTURB,,,0.000,0.000,0.000,0.000,0.000,0.000
1778308674,49.16,34.64,31.40,25,1,,DISTURB,,,0.000,0.000,0.000,0.000,0.000,0.000
1778308679,49.10,34.53,31.30,25,1,,DISTURB,,,0.000,0.000,0.000,0.000,0.000,0.000
1778308684,49.10,34.45,31.40,25,1,,DISTURB,,,0.000,0.000,0.000,0.000,0.000,0.000
1778308689,49.09,34.40,31.30,25,1,,DISTURB,,,0.000,0.000,0.000,0.000,0.000,0.000
1778308694,49.06,34.35,31.40,25,1,,DISTURB,,,0.000,0.000,0.000,0.000,0.000,0.000
1778308699,49.05,34.36,31.40,25,1,,DISTURB,,,0.000,0.000,0.000,0.000,0.000,0.000
1778308704,49.05,34.40,31.50,25,1,,DISTURB,,,0.000,0.000,0.000,0.000,0.000,0.000
1778308709,49.05,34.42,31.50,25,1,,DISTURB,,,0.000,0.000,0.000,0.000,0.000,0.000
1778308714,49.02,34.43,31.50,25,1,,DISTURB,,,0.000,0.000,0.000,0.000,0.000,0.000
1778308719,48.98,34.36,31.40,25,1,,DISTURB,,,0.000,0.000,0.000,0.000,0.000,0.000
1778308724,48.98,34.28,31.50,25,1,,DISTURB,,,0.000,0.000,0.000,0.000,0.000,0.000
1778308729,48.99,34.18,31.50,25,1,,DISTURB,,,0.000,0.000,0.000,0.000,0.000,0.000
1778308734,48.98,34.12,31.50,25,1,,DISTURB,,,0.000,0.000,0.000,0.000,0.000,0.000
1778308739,48.95,34.02,31.50,25,1,,DISTURB,,,0.000,0.000,0.000,0.000,0.000,0.000
1778308744,48.92,33.95,31.50,25,1,,DISTURB,,,0.000,0.000,0.000,0.000,0.000,0.000
1778308749,48.91,33.91,31.50,25,1,,DISTURB,,,0.000,0.000,0.000,0.000,0.000,0.000
1778308754,48.91,33.87,31.60,25,1,,DISTURB,,,0.000,0.000,0.000,0.000,0.000,0.000
1778308759,48.87,33.80,31.50,25,1,,DISTURB,,,0.000,0.000,0.000,0.000,0.000,0.000
1778308764,48.84,33.84,31.60,25,1,,DISTURB,,,0.000,0.000,0.000,0.000,0.000,0.000
1778308769,48.84,33.87,31.60,25,1,,DISTURB,,,0.000,0.000,0.000,0.000,0.000,0.000
1778308774,48.85,33.91,31.70,25,1,,DISTURB,,,0.000,0.000,0.000,0.000,0.000,0.000
1778308779,48.81,33.95,31.60,25,1,,DISTURB,,,0.000,0.000,0.000,0.000,0.000,0.000
1778308784,48.78,33.97,31.70,25,1,,DISTURB,,,0.000,0.000,0.000,0.000,0.000,0.000
1778308789,48.78,34.02,31.70,25,1,,DISTURB,,,0.000,0.000,0.000,0.000,0.000,0.000
1778308794,48.75,34.12,31.70,25,1,,DISTURB,,,0.000,0.000,0.000,0.000,0.000,0.000
1778308799,48.72,34.18,31.70,25,1,,DISTURB,,,0.000,0.000,0.000,0.000,0.000,0.000
1778308804,48.72,34.22,31.70,25,1,,DISTURB,,,0.000,0.000,0.000,0.000,0.000,0.000
1778308809,48.70,34.26,31.70,25,1,,DISTURB,,,0.000,0.000,0.000,0.000,0.000,0.000
1778308814,48.71,34.23,31.70,25,1,,DISTURB,,,0.000,0.000,0.000,0.000,0.000,0.000
1778308819,48.67,34.18,31.70,25,1,,DISTURB,,,0.000,0.000,0.000,0.000,0.000,0.000
1778308824,48.67,34.06,31.80,25,1,,DISTURB,,,0.000,0.000,0.000,0.000,0.000,0.000
1778308829,48.64,34.01,31.80,25,1,,DISTURB,,,0.000,0.000,0.000,0.000,0.000,0.000
1778308834,48.61,34.02,31.80,25,1,,DISTURB,,,0.000,0.000,0.000,0.000,0.000,0.000
1778308839,48.57,34.04,31.90,25,1,,DISTURB,,,0.000,0.000,0.000,0.000,0.000,0.000
1778308844,48.58,34.02,31.80,25,1,,DISTURB,,,0.000,0.000,0.000,0.000,0.000,0.000
1778308849,48.55,33.98,31.80,25,1,,DISTURB,,,0.000,0.000,0.000,0.000,0.000,0.000
1778308854,48.55,33.98,31.80,25,1,,DISTURB,,,0.000,0.000,0.000,0.000,0.000,0.000
1778308859,48.53,33.92,31.90,25,1,,DISTURB,,,0.000,0.000,0.000,0.000,0.000,0.000
1778308864,48.51,33.90,31.90,25,1,,DISTURB,,,0.000,0.000,0.000,0.000,0.000,0.000
1778308869,48.51,33.90,31.90,25,1,,DISTURB,,,0.000,0.000,0.000,0.000,0.000,0.000
1778308874,48.48,33.98,32.00,25,1,,DISTURB,,,0.000,0.000,0.000,0.000,0.000,0.000
1778308879,48.46,34.01,32.00,25,1,,DISTURB,,,0.000,0.000,0.000,0.000,0.000,0.000
1778308884,48.44,34.05,32.00,25,1,,DISTURB,,,0.000,0.000,0.000,0.000,0.000,0.000
1778308889,48.43,34.02,32.00,25,1,,DISTURB,,,0.000,0.000,0.000,0.000,0.000,0.000
1778308894,48.42,33.94,32.00,25,1,,DISTURB,,,0.000,0.000,0.000,0.000,0.000,0.000
1778308899,48.38,33.94,32.00,25,1,,DISTURB,,,0.000,0.000,0.000,0.000,0.000,0.000
1778308904,48.40,33.87,32.00,25,1,,DISTURB,,,0.000,0.000,0.000,0.000,0.000,0.000
1778308909,48.38,33.85,32.00,25,1,,DISTURB,,,0.000,0.000,0.000,0.000,0.000,0.000
1778308914,48.34,33.78,32.00,25,1,,DISTURB,,,0.000,0.000,0.000,0.000,0.000,0.000
1778308919,48.36,33.68,32.00,25,1,,DISTURB,,,0.000,0.000,0.000,0.000,0.000,0.000
1778308924,48.31,33.63,32.00,25,1,,DISTURB,,,0.000,0.000,0.000,0.000,0.000,0.000
1778308929,48.30,33.61,32.10,25,1,,DISTURB,,,0.000,0.000,0.000,0.000,0.000,0.000
1778308934,48.29,33.64,32.00,25,1,,DISTURB,,,0.000,0.000,0.000,0.000,0.000,0.000
1778308939,48.27,33.58,32.10,25,1,,DISTURB,,,0.000,0.000,0.000,0.000,0.000,0.000
1778308944,48.26,33.60,32.10,25,1,,DISTURB,,,0.000,0.000,0.000,0.000,0.000,0.000
1778308949,48.23,33.61,32.10,25,1,,DISTURB,,,0.000,0.000,0.000,0.000,0.000,0.000
1778308954,48.21,33.61,32.20,25,1,,DISTURB,,,0.000,0.000,0.000,0.000,0.000,0.000
1778308959,48.21,33.67,32.10,25,1,,DISTURB,,,0.000,0.000,0.000,0.000,0.000,0.000
1778308964,48.19,33.77,32.20,25,1,,DISTURB,,,0.000,0.000,0.000,0.000,0.000,0.000
1778308969,48.19,33.85,32.20,25,1,,DISTURB,,,0.000,0.000,0.000,0.000,0.000,0.000
1778308974,48.16,33.95,32.20,25,1,,DISTURB,,,0.000,0.000,0.000,0.000,0.000,0.000
1778308979,48.13,33.92,32.20,25,1,,DISTURB,,,0.000,0.000,0.000,0.000,0.000,0.000
1778308984,48.12,33.94,32.20,25,1,,DISTURB,,,0.000,0.000,0.000,0.000,0.000,0.000
1778308989,48.13,33.90,32.20,25,1,,DISTURB,,,0.000,0.000,0.000,0.000,0.000,0.000
1778308994,48.10,33.87,32.20,25,1,,DISTURB,,,0.000,0.000,0.000,0.000,0.000,0.000
1778308999,48.09,33.87,32.30,25,1,,DISTURB,,,0.000,0.000,0.000,0.000,0.000,0.000
1778309004,48.06,33.82,32.30,25,1,,DISTURB,,,0.000,0.000,0.000,0.000,0.000,0.000
1778309009,48.06,33.77,32.30,25,1,,DISTURB,,,0.000,0.000,0.000,0.000,0.000,0.000
1778309014,48.05,33.74,32.30,25,1,,DISTURB,,,0.000,0.000,0.000,0.000,0.000,0.000
1778309019,48.05,33.75,32.30,25,1,,DISTURB,,,0.000,0.000,0.000,0.000,0.000,0.000
1778309024,48.02,33.71,32.30,25,1,,DISTURB,,,0.000,0.000,0.000,0.000,0.000,0.000
1778309029,48.02,33.72,32.30,25,1,,DISTURB,,,0.000,0.000,0.000,0.000,0.000,0.000
1778309034,47.97,33.68,32.40,25,1,,DISTURB,,,0.000,0.000,0.000,0.000,0.000,0.000
1778309039,47.96,33.63,32.30,25,1,,DISTURB,,,0.000,0.000,0.000,0.000,0.000,0.000
1778309044,47.96,33.60,32.40,25,1,,DISTURB,,,0.000,0.000,0.000,0.000,0.000,0.000
1778309049,47.92,33.58,32.40,25,1,,DISTURB,,,0.000,0.000,0.000,0.000,0.000,0.000
1778309054,47.92,33.61,32.50,25,1,,DISTURB,,,0.000,0.000,0.000,0.000,0.000,0.000
1778309059,47.91,33.63,32.50,25,1,,DISTURB,,,0.000,0.000,0.000,0.000,0.000,0.000
1778309064,47.92,33.67,32.40,25,1,,DISTURB,,,0.000,0.000,0.000,0.000,0.000,0.000
1778309069,47.86,33.70,32.50,25,1,,DISTURB,,,0.000,0.000,0.000,0.000,0.000,0.000
1778309074,47.86,33.72,32.40,25,1,,DISTURB,,,0.000,0.000,0.000,0.000,0.000,0.000
1778309079,47.83,33.74,32.50,25,1,,DISTURB,,,0.000,0.000,0.000,0.000,0.000,0.000
1778309084,47.82,33.67,32.50,25,1,,DISTURB,,,0.000,0.000,0.000,0.000,0.000,0.000
1778309089,47.82,33.65,32.50,25,1,,DISTURB,,,0.000,0.000,0.000,0.000,0.000,0.000
1778309094,47.81,33.60,32.50,25,1,,DISTURB,,,0.000,0.000,0.000,0.000,0.000,0.000
1778309099,47.79,33.58,32.50,25,1,,DISTURB,,,0.000,0.000,0.000,0.000,0.000,0.000
1778309104,47.76,33.57,32.50,25,1,,DISTURB,,,0.000,0.000,0.000,0.000,0.000,0.000
1778309109,47.74,33.50,32.60,25,1,,DISTURB,,,0.000,0.000,0.000,0.000,0.000,0.000
1778309114,47.74,33.47,32.50,25,1,,DISTURB,,,0.000,0.000,0.000,0.000,0.000,0.000
1778309119,47.74,33.43,32.60,25,1,,DISTURB,,,0.000,0.000,0.000,0.000,0.000,0.000
1778309124,47.72,33.44,32.60,25,1,,DISTURB,,,0.000,0.000,0.000,0.000,0.000,0.000
1778309129,47.69,33.46,32.60,25,1,,DISTURB,,,0.000,0.000,0.000,0.000,0.000,0.000
1778309134,47.71,33.44,32.70,25,1,,DISTURB,,,0.000,0.000,0.000,0.000,0.000,0.000
1778309139,47.68,33.50,32.60,25,1,,DISTURB,,,0.000,0.000,0.000,0.000,0.000,0.000
1778309144,47.68,33.50,32.60,25,1,,DISTURB,,,0.000,0.000,0.000,0.000,0.000,0.000
1778309149,47.65,33.49,32.70,25,1,,DISTURB,,,0.000,0.000,0.000,0.000,0.000,0.000
1778309154,47.64,33.53,32.70,25,1,,DISTURB,,,0.000,0.000,0.000,0.000,0.000,0.000
1778309159,47.61,33.50,32.70,25,1,,DISTURB,,,0.000,0.000,0.000,0.000,0.000,0.000
1778309164,47.62,33.50,32.70,25,1,,DISTURB,,,0.000,0.000,0.000,0.000,0.000,0.000
1778309169,47.59,33.58,32.60,25,1,,DISTURB,,,0.000,0.000,0.000,0.000,0.000,0.000
1778309174,47.56,33.58,32.70,25,1,,DISTURB,,,0.000,0.000,0.000,0.000,0.000,0.000
1778309179,47.55,33.53,32.70,25,1,,DISTURB,,,0.000,0.000,0.000,0.000,0.000,0.000
1778309184,47.54,33.50,32.70,25,1,,DISTURB,,,0.000,0.000,0.000,0.000,0.000,0.000
1778309189,47.54,33.44,32.70,25,1,,DISTURB,,,0.000,0.000,0.000,0.000,0.000,0.000
1778309194,47.52,33.40,32.70,25,1,,DISTURB,,,0.000,0.000,0.000,0.000,0.000,0.000
1778309199,47.51,33.36,32.90,25,1,,DISTURB,,,0.000,0.000,0.000,0.000,0.000,0.000
1778309204,47.48,33.36,32.70,25,1,,DISTURB,,,0.000,0.000,0.000,0.000,0.000,0.000
1778309209,47.48,33.39,32.80,25,1,,DISTURB,,,0.000,0.000,0.000,0.000,0.000,0.000
1778309214,47.47,33.40,32.80,25,1,,DISTURB,,,0.000,0.000,0.000,0.000,0.000,0.000
1778309219,47.47,33.39,32.80,25,1,,DISTURB,,,0.000,0.000,0.000,0.000,0.000,0.000
1778309224,47.44,33.39,32.80,25,1,,DISTURB,,,0.000,0.000,0.000,0.000,0.000,0.000
1778309229,47.44,33.44,32.80,25,1,,DISTURB,,,0.000,0.000,0.000,0.000,0.000,0.000
1778309234,47.39,33.44,32.90,25,1,,DISTURB,,,0.000,0.000,0.000,0.000,0.000,0.000
1778309239,47.39,33.44,32.80,25,1,,DISTURB,,,0.000,0.000,0.000,0.000,0.000,0.000
1778309244,47.38,33.44,32.80,25,1,,DISTURB,,,0.000,0.000,0.000,0.000,0.000,0.000
1778309249,47.38,33.42,32.90,25,1,,DISTURB,,,0.000,0.000,0.000,0.000,0.000,0.000
1778309254,47.34,33.40,32.90,25,1,,DISTURB,,,0.000,0.000,0.000,0.000,0.000,0.000
1778309259,47.35,33.40,32.90,25,1,,DISTURB,,,0.000,0.000,0.000,0.000,0.000,0.000
1778309264,47.34,33.34,32.90,25,1,,DISTURB,,,0.000,0.000,0.000,0.000,0.000,0.000
1778309269,47.31,33.31,32.90,25,1,,DISTURB,,,0.000,0.000,0.000,0.000,0.000,0.000
1778309274,47.31,33.36,32.90,25,1,,DISTURB,,,0.000,0.000,0.000,0.000,0.000,0.000
1778309279,47.30,33.39,32.90,25,1,,DISTURB,,,0.000,0.000,0.000,0.000,0.000,0.000
1778309284,47.28,33.40,33.00,25,1,,DISTURB,,,0.000,0.000,0.000,0.000,0.000,0.000
1778309289,47.30,33.40,33.00,25,1,,DISTURB,,,0.000,0.000,0.000,0.000,0.000,0.000
1778309294,47.27,33.40,33.00,25,1,,DISTURB,,,0.000,0.000,0.000,0.000,0.000,0.000
1778309299,47.26,33.43,33.10,25,1,,DISTURB,,,0.000,0.000,0.000,0.000,0.000,0.000
1778309304,47.24,33.44,33.00,25,1,,DISTURB,,,0.000,0.000,0.000,0.000,0.000,0.000
1778309309,47.24,33.49,33.00,25,1,,DISTURB,,,0.000,0.000,0.000,0.000,0.000,0.000
1778309314,47.24,33.46,33.00,25,1,,DISTURB,,,0.000,0.000,0.000,0.000,0.000,0.000
1778309319,47.21,33.49,33.10,25,1,,DISTURB,,,0.000,0.000,0.000,0.000,0.000,0.000
1778309324,47.18,33.46,33.00,25,1,,DISTURB,,,0.000,0.000,0.000,0.000,0.000,0.000
1778309329,47.20,33.47,33.10,25,1,,DISTURB,,,0.000,0.000,0.000,0.000,0.000,0.000
1778309334,47.18,33.50,33.00,25,1,,DISTURB,,,0.000,0.000,0.000,0.000,0.000,0.000
1778309339,47.18,33.50,33.10,25,1,,DISTURB,,,0.000,0.000,0.000,0.000,0.000,0.000
1778309344,47.14,33.47,33.10,25,1,,DISTURB,,,0.000,0.000,0.000,0.000,0.000,0.000
1778309349,47.13,33.44,33.10,25,1,,DISTURB,,,0.000,0.000,0.000,0.000,0.000,0.000
1778309354,47.13,33.46,33.10,25,1,,DISTURB,,,0.000,0.000,0.000,0.000,0.000,0.000
1778309359,47.10,33.49,33.10,25,1,,DISTURB,,,0.000,0.000,0.000,0.000,0.000,0.000
1778309364,47.09,33.55,33.10,25,1,,DISTURB,,,0.000,0.000,0.000,0.000,0.000,0.000
1778309369,47.09,33.60,33.20,25,1,,DISTURB,,,0.000,0.000,0.000,0.000,0.000,0.000
1778309374,47.07,33.60,33.10,25,1,,DISTURB,,,0.000,0.000,0.000,0.000,0.000,0.000
1778309379,47.09,33.61,33.20,25,1,,DISTURB,,,0.000,0.000,0.000,0.000,0.000,0.000
1778309384,47.04,33.54,33.20,25,1,,DISTURB,,,0.000,0.000,0.000,0.000,0.000,0.000
1778309389,47.03,33.55,33.20,25,1,,DISTURB,,,0.000,0.000,0.000,0.000,0.000,0.000
1778309394,47.00,33.60,33.20,25,1,,DISTURB,,,0.000,0.000,0.000,0.000,0.000,0.000
1778309399,47.00,33.57,33.20,25,1,,DISTURB,,,0.000,0.000,0.000,0.000,0.000,0.000
1778309404,46.97,33.57,33.20,25,1,,DISTURB,,,0.000,0.000,0.000,0.000,0.000,0.000
1778309409,47.00,33.65,33.20,25,1,,DISTURB,,,0.000,0.000,0.000,0.000,0.000,0.000
1778309414,46.97,33.68,33.30,25,1,,DISTURB,,,0.000,0.000,0.000,0.000,0.000,0.000
1778309419,46.93,33.70,33.20,25,1,,DISTURB,,,0.000,0.000,0.000,0.000,0.000,0.000
1778309424,46.96,33.68,33.20,25,1,,DISTURB,,,0.000,0.000,0.000,0.000,0.000,0.000
1778309429,46.93,33.65,33.20,25,1,,DISTURB,,,0.000,0.000,0.000,0.000,0.000,0.000
1778309434,46.92,33.70,33.30,25,1,,DISTURB,,,0.000,0.000,0.000,0.000,0.000,0.000
1778309439,46.92,33.71,33.30,25,1,,DISTURB,,,0.000,0.000,0.000,0.000,0.000,0.000
1778309444,46.92,33.72,33.30,25,1,,DISTURB,,,0.000,0.000,0.000,0.000,0.000,0.000
1778309449,46.87,33.72,33.30,25,1,,DISTURB,,,0.000,0.000,0.000,0.000,0.000,0.000
1778309454,46.89,33.67,33.30,25,1,,DISTURB,,,0.000,0.000,0.000,0.000,0.000,0.000
1778309459,46.89,33.64,33.30,25,1,,DISTURB,,,0.000,0.000,0.000,0.000,0.000,0.000
1778309464,46.86,33.57,33.30,25,1,,DISTURB,,,0.000,0.000,0.000,0.000,0.000,0.000
1778309469,46.84,33.57,33.40,25,1,,DISTURB,,,0.000,0.000,0.000,0.000,0.000,0.000
1778309474,46.84,33.57,33.30,25,1,,DISTURB,,,0.000,0.000,0.000,0.000,0.000,0.000
1778309479,46.84,33.55,33.30,25,1,,DISTURB,,,0.000,0.000,0.000,0.000,0.000,0.000
1778309484,46.84,33.54,33.30,25,1,,DISTURB,,,0.000,0.000,0.000,0.000,0.000,0.000
1778309489,46.84,33.51,33.40,25,1,,DISTURB,,,0.000,0.000,0.000,0.000,0.000,0.000
1778309494,46.82,33.51,33.40,25,1,,DISTURB,,,0.000,0.000,0.000,0.000,0.000,0.000
1778309499,46.79,33.51,33.30,25,1,,DISTURB,,,0.000,0.000,0.000,0.000,0.000,0.000
1778309504,46.80,33.51,33.40,25,1,,DISTURB,,,0.000,0.000,0.000,0.000,0.000,0.000
1778309509,46.76,33.49,33.40,25,1,,DISTURB,,,0.000,0.000,0.000,0.000,0.000,0.000
1778309514,46.75,33.47,33.40,25,1,,DISTURB,,,0.000,0.000,0.000,0.000,0.000,0.000
1778309519,46.73,33.44,33.40,25,1,,DISTURB,,,0.000,0.000,0.000,0.000,0.000,0.000
1778309524,46.72,33.46,33.40,25,1,,DISTURB,,,0.000,0.000,0.000,0.000,0.000,0.000
1778309529,46.73,33.46,33.40,25,1,,DISTURB,,,0.000,0.000,0.000,0.000,0.000,0.000
1778309534,46.70,33.49,33.40,25,1,,DISTURB,,,0.000,0.000,0.000,0.000,0.000,0.000
1778309539,46.69,33.54,33.40,25,1,,DISTURB,,,0.000,0.000,0.000,0.000,0.000,0.000
1778309544,46.69,33.53,33.40,25,1,,DISTURB,,,0.000,0.000,0.000,0.000,0.000,0.000
1778309549,46.65,33.49,33.40,25,1,,DISTURB,,,0.000,0.000,0.000,0.000,0.000,0.000
1778309554,46.66,33.44,33.40,25,1,,DISTURB,,,0.000,0.000,0.000,0.000,0.000,0.000
1778309559,46.65,33.43,33.50,25,1,,DISTURB,,,0.000,0.000,0.000,0.000,0.000,0.000
1778309564,46.63,33.40,33.50,25,1,,DISTURB,,,0.000,0.000,0.000,0.000,0.000,0.000
1778309569,46.63,33.34,33.50,25,1,,DISTURB,,,0.000,0.000,0.000,0.000,0.000,0.000
1778309574,46.59,33.37,33.50,25,1,,DISTURB,,,0.000,0.000,0.000,0.000,0.000,0.000
1778309579,46.59,33.34,33.50,25,1,,DISTURB,,,0.000,0.000,0.000,0.000,0.000,0.000
1778309584,46.59,33.34,33.50,25,1,,DISTURB,,,0.000,0.000,0.000,0.000,0.000,0.000
1778309589,46.59,33.37,33.50,25,1,,DISTURB,,,0.000,0.000,0.000,0.000,0.000,0.000
1778309594,46.59,33.36,33.60,25,1,,DISTURB,,,0.000,0.000,0.000,0.000,0.000,0.000
1778309599,46.56,33.39,33.50,25,1,,DISTURB,,,0.000,0.000,0.000,0.000,0.000,0.000
1778309604,46.55,33.46,33.60,25,1,,DISTURB,,,0.000,0.000,0.000,0.000,0.000,0.000
1778309609,46.56,33.51,33.60,25,1,,DISTURB,,,0.000,0.000,0.000,0.000,0.000,0.000
1778309614,46.54,33.49,33.60,25,1,,DISTURB,,,0.000,0.000,0.000,0.000,0.000,0.000
1778309619,46.54,33.49,33.60,25,1,,DISTURB,,,0.000,0.000,0.000,0.000,0.000,0.000
1778309624,46.49,33.55,33.50,25,1,,DISTURB,,,0.000,0.000,0.000,0.000,0.000,0.000
1778309629,46.48,33.61,33.60,25,1,,DISTURB,,,0.000,0.000,0.000,0.000,0.000,0.000
1778309634,46.48,33.61,33.60,25,1,,DISTURB,,,0.000,0.000,0.000,0.000,0.000,0.000
1778309639,46.45,33.63,33.70,25,1,,DISTURB,,,0.000,0.000,0.000,0.000,0.000,0.000
1778309644,46.42,33.65,33.70,25,1,,DISTURB,,,0.000,0.000,0.000,0.000,0.000,0.000
1778309649,46.46,33.60,33.70,25,1,,DISTURB,,,0.000,0.000,0.000,0.000,0.000,0.000
1778309654,46.43,33.54,33.70,25,1,,DISTURB,,,0.000,0.000,0.000,0.000,0.000,0.000
1778309659,46.42,33.49,33.60,25,1,,DISTURB,,,0.000,0.000,0.000,0.000,0.000,0.000
1778309664,46.43,33.44,33.70,25,1,,DISTURB,,,0.000,0.000,0.000,0.000,0.000,0.000
1778309669,46.40,33.40,33.70,25,1,,DISTURB,,,0.000,0.000,0.000,0.000,0.000,0.000
1778309674,46.39,33.33,33.60,25,1,,DISTURB,,,0.000,0.000,0.000,0.000,0.000,0.000
1778309679,46.38,33.31,33.70,25,1,,DISTURB,,,0.000,0.000,0.000,0.000,0.000,0.000
1778309684,46.38,33.30,33.70,25,1,,DISTURB,,,0.000,0.000,0.000,0.000,0.000,0.000
1778309689,46.36,33.30,33.80,25,1,,DISTURB,,,0.000,0.000,0.000,0.000,0.000,0.000
1778309694,46.35,33.30,33.80,25,1,,DISTURB,,,0.000,0.000,0.000,0.000,0.000,0.000
1778309699,46.33,33.37,33.80,25,1,,DISTURB,,,0.000,0.000,0.000,0.000,0.000,0.000
1778309704,46.31,33.47,33.70,25,1,,DISTURB,,,0.000,0.000,0.000,0.000,0.000,0.000
1778309709,46.29,33.53,33.80,25,1,,DISTURB,,,0.000,0.000,0.000,0.000,0.000,0.000
1778309714,46.29,33.54,33.80,25,1,,DISTURB,,,0.000,0.000,0.000,0.000,0.000,0.000
1778309719,46.27,33.51,33.80,25,1,,DISTURB,,,0.000,0.000,0.000,0.000,0.000,0.000
1778309724,46.28,33.50,33.80,25,1,,DISTURB,,,0.000,0.000,0.000,0.000,0.000,0.000
1778309729,46.24,33.43,33.80,25,1,,DISTURB,,,0.000,0.000,0.000,0.000,0.000,0.000
1778309734,46.25,33.39,33.80,25,1,,DISTURB,,,0.000,0.000,0.000,0.000,0.000,0.000
1778309739,46.21,33.43,33.90,25,1,,DISTURB,,,0.000,0.000,0.000,0.000,0.000,0.000
1778309744,46.24,33.49,33.80,25,1,,DISTURB,,,0.000,0.000,0.000,0.000,0.000,0.000
1778309749,46.21,33.51,33.90,25,1,,DISTURB,,,0.000,0.000,0.000,0.000,0.000,0.000
1778309754,46.21,33.50,33.90,25,1,,DISTURB,,,0.000,0.000,0.000,0.000,0.000,0.000
1778309759,46.21,33.47,33.90,25,1,,DISTURB,,,0.000,0.000,0.000,0.000,0.000,0.000
1778309764,46.21,33.46,33.90,25,1,,DISTURB,,,0.000,0.000,0.000,0.000,0.000,0.000
1778309769,46.18,33.49,33.90,25,1,,DISTURB,,,0.000,0.000,0.000,0.000,0.000,0.000
1778309774,46.17,33.49,33.90,25,1,,DISTURB,,,0.000,0.000,0.000,0.000,0.000,0.000
1778309779,46.17,33.44,33.90,25,1,,DISTURB,,,0.000,0.000,0.000,0.000,0.000,0.000
1778309784,46.14,33.46,33.90,25,1,,DISTURB,,,0.000,0.000,0.000,0.000,0.000,0.000
1778309789,46.15,33.46,34.00,25,1,,DISTURB,,,0.000,0.000,0.000,0.000,0.000,0.000
1778309794,46.14,33.50,33.90,25,1,,DISTURB,,,0.000,0.000,0.000,0.000,0.000,0.000
1778309799,46.12,33.57,34.00,25,1,,DISTURB,,,0.000,0.000,0.000,0.000,0.000,0.000
1778309804,46.11,33.67,33.90,25,1,,DISTURB,,,0.000,0.000,0.000,0.000,0.000,0.000
1778309809,46.10,33.75,34.00,25,1,,DISTURB,,,0.000,0.000,0.000,0.000,0.000,0.000
1778309814,46.08,33.78,34.00,25,1,,DISTURB,,,0.000,0.000,0.000,0.000,0.000,0.000
1778309819,46.05,33.85,34.00,25,1,,DISTURB,,,0.000,0.000,0.000,0.000,0.000,0.000
1778309824,46.05,33.80,34.00,25,1,,DISTURB,,,0.000,0.000,0.000,0.000,0.000,0.000
1778309829,46.08,33.78,34.00,25,1,,DISTURB,,,0.000,0.000,0.000,0.000,0.000,0.000
1778309834,46.02,33.75,34.00,25,1,,DISTURB,,,0.000,0.000,0.000,0.000,0.000,0.000
1778309839,46.02,33.71,34.00,25,1,,DISTURB,,,0.000,0.000,0.000,0.000,0.000,0.000
1778309844,46.04,33.63,34.10,25,1,,DISTURB,,,0.000,0.000,0.000,0.000,0.000,0.000
1778309849,46.00,33.60,34.10,25,1,,DISTURB,,,0.000,0.000,0.000,0.000,0.000,0.000
1778309854,45.97,33.58,34.10,25,1,,DISTURB,,,0.000,0.000,0.000,0.000,0.000,0.000
1778309859,45.97,33.55,34.10,25,1,,DISTURB,,,0.000,0.000,0.000,0.000,0.000,0.000
1778309864,45.97,33.54,34.10,25,1,,DISTURB,,,0.000,0.000,0.000,0.000,0.000,0.000
1778309869,45.94,33.57,34.10,25,1,,DISTURB,,,0.000,0.000,0.000,0.000,0.000,0.000
1778309874,45.94,33.63,34.20,25,1,,DISTURB,,,0.000,0.000,0.000,0.000,0.000,0.000
1778309879,45.95,33.64,34.10,25,1,,DISTURB,,,0.000,0.000,0.000,0.000,0.000,0.000
1778309884,45.94,33.67,34.10,25,1,,DISTURB,,,0.000,0.000,0.000,0.000,0.000,0.000
1778309889,45.93,33.65,34.10,25,1,,DISTURB,,,0.000,0.000,0.000,0.000,0.000,0.000
1778309894,45.93,33.60,34.10,25,1,,DISTURB,,,0.000,0.000,0.000,0.000,0.000,0.000
1778309899,45.94,33.58,34.10,25,1,,DISTURB,,,0.000,0.000,0.000,0.000,0.000,0.000
1778309904,45.91,33.61,34.20,25,1,,DISTURB,,,0.000,0.000,0.000,0.000,0.000,0.000
1778309909,45.90,33.65,34.20,25,1,,DISTURB,,,0.000,0.000,0.000,0.000,0.000,0.000
1778309914,45.87,33.65,34.20,25,1,,DISTURB,,,0.000,0.000,0.000,0.000,0.000,0.000
1778309919,45.87,33.58,34.20,25,1,,DISTURB,,,0.000,0.000,0.000,0.000,0.000,0.000
1778309924,45.87,33.55,34.20,25,1,,DISTURB,,,0.000,0.000,0.000,0.000,0.000,0.000
1778309929,45.84,33.54,34.30,25,1,,DISTURB,,,0.000,0.000,0.000,0.000,0.000,0.000
1778309934,45.83,33.54,34.20,25,1,,DISTURB,,,0.000,0.000,0.000,0.000,0.000,0.000
1778309939,45.83,33.51,34.20,25,1,,DISTURB,,,0.000,0.000,0.000,0.000,0.000,0.000
1778309944,45.81,33.51,34.20,25,1,,DISTURB,,,0.000,0.000,0.000,0.000,0.000,0.000
1778309949,45.81,33.51,34.30,25,1,,DISTURB,,,0.000,0.000,0.000,0.000,0.000,0.000
1778309954,45.83,33.53,34.20,25,1,,DISTURB,,,0.000,0.000,0.000,0.000,0.000,0.000
1778309959,45.80,33.60,34.30,25,1,,DISTURB,,,0.000,0.000,0.000,0.000,0.000,0.000
1778309964,45.80,33.65,34.30,25,1,,DISTURB,,,0.000,0.000,0.000,0.000,0.000,0.000
1778309969,45.80,33.65,34.30,25,1,,DISTURB,,,0.000,0.000,0.000,0.000,0.000,0.000
1778309974,45.78,33.63,34.30,25,1,,DISTURB,,,0.000,0.000,0.000,0.000,0.000,0.000
1778309979,45.77,33.60,34.30,25,1,,DISTURB,,,0.000,0.000,0.000,0.000,0.000,0.000
1778309984,45.76,33.50,34.30,25,1,,DISTURB,,,0.000,0.000,0.000,0.000,0.000,0.000
1778309989,45.74,33.49,34.30,25,1,,DISTURB,,,0.000,0.000,0.000,0.000,0.000,0.000
1778309994,45.73,33.50,34.30,25,1,,DISTURB,,,0.000,0.000,0.000,0.000,0.000,0.000
1778309999,45.73,33.49,34.30,25,1,,DISTURB,,,0.000,0.000,0.000,0.000,0.000,0.000
1778310004,45.70,33.43,34.40,25,1,,DISTURB,,,0.000,0.000,0.000,0.000,0.000,0.000
1778310009,45.69,33.37,34.30,25,1,,DISTURB,,,0.000,0.000,0.000,0.000,0.000,0.000
1778310014,45.72,33.36,34.40,25,1,,DISTURB,,,0.000,0.000,0.000,0.000,0.000,0.000
1778310019,45.69,33.37,34.40,25,1,,DISTURB,,,0.000,0.000,0.000,0.000,0.000,0.000
1778310024,45.69,33.34,34.30,25,1,,DISTURB,,,0.000,0.000,0.000,0.000,0.000,0.000
1778310029,45.66,33.33,34.40,25,1,,DISTURB,,,0.000,0.000,0.000,0.000,0.000,0.000
1778310034,45.66,33.30,34.40,25,1,,DISTURB,,,0.000,0.000,0.000,0.000,0.000,0.000
1778310039,45.66,33.31,34.40,25,1,,DISTURB,,,0.000,0.000,0.000,0.000,0.000,0.000
1778310044,45.63,33.36,34.50,25,1,,DISTURB,,,0.000,0.000,0.000,0.000,0.000,0.000
1778310049,45.61,33.43,34.50,25,1,,DISTURB,,,0.000,0.000,0.000,0.000,0.000,0.000
1778310054,45.63,33.44,34.50,25,1,,DISTURB,,,0.000,0.000,0.000,0.000,0.000,0.000
1778310059,45.61,33.43,34.40,25,1,,DISTURB,,,0.000,0.000,0.000,0.000,0.000,0.000
1778310064,45.61,33.34,34.50,25,1,,DISTURB,,,0.000,0.000,0.000,0.000,0.000,0.000
1778310069,45.58,33.33,34.50,25,1,,DISTURB,,,0.000,0.000,0.000,0.000,0.000,0.000
1778310074,45.61,33.42,34.50,25,1,,DISTURB,,,0.000,0.000,0.000,0.000,0.000,0.000
1778310079,45.57,33.44,34.50,25,1,,DISTURB,,,0.000,0.000,0.000,0.000,0.000,0.000
1778310084,45.52,33.47,34.50,25,1,,DISTURB,,,0.000,0.000,0.000,0.000,0.000,0.000
1778310089,45.56,33.49,34.50,25,1,,DISTURB,,,0.000,0.000,0.000,0.000,0.000,0.000
1778310094,45.52,33.54,34.50,25,1,,DISTURB,,,0.000,0.000,0.000,0.000,0.000,0.000
1778310099,45.52,33.57,34.50,25,1,,DISTURB,,,0.000,0.000,0.000,0.000,0.000,0.000
1778310104,45.52,33.57,34.50,25,1,,DISTURB,,,0.000,0.000,0.000,0.000,0.000,0.000
1778310109,45.52,33.51,34.50,25,1,,DISTURB,,,0.000,0.000,0.000,0.000,0.000,0.000
1778310114,45.49,33.51,34.60,25,1,,DISTURB,,,0.000,0.000,0.000,0.000,0.000,0.000
1778310119,45.49,33.50,34.50,25,1,,DISTURB,,,0.000,0.000,0.000,0.000,0.000,0.000
1778310124,45.49,33.49,34.60,25,1,,DISTURB,,,0.000,0.000,0.000,0.000,0.000,0.000
1778310129,45.46,33.44,34.60,25,1,,DISTURB,,,0.000,0.000,0.000,0.000,0.000,0.000
1778310134,45.46,33.39,34.50,25,1,,DISTURB,,,0.000,0.000,0.000,0.000,0.000,0.000
1778310139,45.43,33.37,34.50,25,1,,DISTURB,,,0.000,0.000,0.000,0.000,0.000,0.000
1778310144,45.43,33.37,34.60,25,1,,DISTURB,,,0.000,0.000,0.000,0.000,0.000,0.000
1778310149,45.45,33.39,34.60,25,1,,DISTURB,,,0.000,0.000,0.000,0.000,0.000,0.000
1778310154,45.43,33.43,34.60,25,1,,DISTURB,,,0.000,0.000,0.000,0.000,0.000,0.000
1778310159,45.42,33.43,34.60,25,1,,DISTURB,,,0.000,0.000,0.000,0.000,0.000,0.000
1778310164,45.39,33.39,34.60,25,1,,DISTURB,,,0.000,0.000,0.000,0.000,0.000,0.000
1778310169,45.40,33.36,34.60,25,1,,DISTURB,,,0.000,0.000,0.000,0.000,0.000,0.000
1778310174,45.40,33.33,34.70,25,1,,DISTURB,,,0.000,0.000,0.000,0.000,0.000,0.000
1778310179,45.38,33.30,34.60,25,1,,DISTURB,,,0.000,0.000,0.000,0.000,0.000,0.000
1778310184,45.38,33.27,34.60,25,1,,DISTURB,,,0.000,0.000,0.000,0.000,0.000,0.000
1778310189,45.36,33.27,34.70,25,1,,DISTURB,,,0.000,0.000,0.000,0.000,0.000,0.000
1778310194,45.36,33.26,34.60,25,1,,DISTURB,,,0.000,0.000,0.000,0.000,0.000,0.000
1778310199,45.36,33.27,34.70,25,1,,DISTURB,,,0.000,0.000,0.000,0.000,0.000,0.000
1778310204,45.35,33.26,34.70,25,1,,DISTURB,,,0.000,0.000,0.000,0.000,0.000,0.000
1778310209,45.35,33.27,34.70,25,1,,DISTURB,,,0.000,0.000,0.000,0.000,0.000,0.000
1778310214,45.33,33.29,34.70,25,1,,DISTURB,,,0.000,0.000,0.000,0.000,0.000,0.000
1778310219,45.33,33.36,34.70,25,1,,DISTURB,,,0.000,0.000,0.000,0.000,0.000,0.000
1778310224,45.30,33.46,34.70,25,1,,DISTURB,,,0.000,0.000,0.000,0.000,0.000,0.000
1778310229,45.32,33.50,34.70,25,1,,DISTURB,,,0.000,0.000,0.000,0.000,0.000,0.000
1778310234,45.32,33.55,34.70,25,1,,DISTURB,,,0.000,0.000,0.000,0.000,0.000,0.000
1778310239,45.28,33.57,34.70,25,1,,DISTURB,,,0.000,0.000,0.000,0.000,0.000,0.000
1778310244,45.29,33.51,34.70,25,1,,DISTURB,,,0.000,0.000,0.000,0.000,0.000,0.000
1778310249,45.28,33.46,34.70,25,1,,DISTURB,,,0.000,0.000,0.000,0.000,0.000,0.000
1778310254,45.28,33.39,34.70,25,1,,DISTURB,,,0.000,0.000,0.000,0.000,0.000,0.000
1778310259,45.26,33.33,34.70,25,1,,DISTURB,,,0.000,0.000,0.000,0.000,0.000,0.000
1778310264,45.23,33.29,34.80,25,1,,DISTURB,,,0.000,0.000,0.000,0.000,0.000,0.000
1778310269,45.23,33.31,34.80,25,1,,DISTURB,,,0.000,0.000,0.000,0.000,0.000,0.000
1778310274,45.23,33.30,34.80,25,1,,DISTURB,,,0.000,0.000,0.000,0.000,0.000,0.000
1778310279,45.23,33.29,34.80,25,1,,DISTURB,,,0.000,0.000,0.000,0.000,0.000,0.000
1778310284,45.23,33.24,34.80,25,1,,DISTURB,,,0.000,0.000,0.000,0.000,0.000,0.000
1778310289,45.21,33.24,34.80,25,1,,DISTURB,,,0.000,0.000,0.000,0.000,0.000,0.000
1778310294,45.18,33.23,34.80,25,1,,DISTURB,,,0.000,0.000,0.000,0.000,0.000,0.000
1778310299,45.16,33.24,34.90,25,1,,DISTURB,,,0.000,0.000,0.000,0.000,0.000,0.000
1778310304,45.19,33.24,34.80,25,1,,DISTURB,,,0.000,0.000,0.000,0.000,0.000,0.000
1778310309,45.16,33.30,34.90,25,1,,DISTURB,,,0.000,0.000,0.000,0.000,0.000,0.000
1778310314,45.13,33.36,34.90,25,1,,DISTURB,,,0.000,0.000,0.000,0.000,0.000,0.000
1778310319,45.13,33.43,34.90,25,1,,DISTURB,,,0.000,0.000,0.000,0.000,0.000,0.000
1778310324,45.12,33.49,34.90,25,1,,DISTURB,,,0.000,0.000,0.000,0.000,0.000,0.000
1778310329,45.12,33.51,35.00,25,1,,DISTURB,,,0.000,0.000,0.000,0.000,0.000,0.000
1778310334,45.09,33.57,34.90,25,1,,DISTURB,,,0.000,0.000,0.000,0.000,0.000,0.000
1778310339,45.12,33.55,34.90,25,1,,DISTURB,,,0.000,0.000,0.000,0.000,0.000,0.000
1778310344,45.11,33.57,35.00,25,1,,DISTURB,,,0.000,0.000,0.000,0.000,0.000,0.000
1778310349,45.08,33.60,35.00,25,1,,DISTURB,,,0.000,0.000,0.000,0.000,0.000,0.000
1778310354,45.05,33.61,35.00,25,1,,DISTURB,,,0.000,0.000,0.000,0.000,0.000,0.000
1778310359,45.09,33.60,34.90,25,1,,DISTURB,,,0.000,0.000,0.000,0.000,0.000,0.000
1778310364,45.05,33.53,34.90,25,1,,DISTURB,,,0.000,0.000,0.000,0.000,0.000,0.000
1778310369,45.02,33.49,35.00,25,1,,DISTURB,,,0.000,0.000,0.000,0.000,0.000,0.000
1778310374,45.05,33.43,35.00,25,1,,DISTURB,,,0.000,0.000,0.000,0.000,0.000,0.000
1778310379,45.05,33.40,35.00,25,1,,DISTURB,,,0.000,0.000,0.000,0.000,0.000,0.000
1778310384,45.05,33.36,35.00,25,1,,DISTURB,,,0.000,0.000,0.000,0.000,0.000,0.000
1778310389,45.05,33.33,35.00,25,1,,DISTURB,,,0.000,0.000,0.000,0.000,0.000,0.000
1778310394,45.06,33.31,35.00,25,1,,DISTURB,,,0.000,0.000,0.000,0.000,0.000,0.000
1778310399,45.03,33.33,35.00,25,1,,DISTURB,,,0.000,0.000,0.000,0.000,0.000,0.000
1778310404,45.03,33.31,35.00,25,1,,DISTURB,,,0.000,0.000,0.000,0.000,0.000,0.000
1778310409,45.02,33.31,35.00,25,1,,DISTURB,,,0.000,0.000,0.000,0.000,0.000,0.000
1778310414,44.99,33.29,35.10,25,1,,DISTURB,,,0.000,0.000,0.000,0.000,0.000,0.000
1778310419,44.98,33.23,35.10,25,1,,DISTURB,,,0.000,0.000,0.000,0.000,0.000,0.000
1778310424,44.98,33.22,35.10,25,1,,DISTURB,,,0.000,0.000,0.000,0.000,0.000,0.000
1778310429,44.99,33.24,35.10,25,1,,DISTURB,,,0.000,0.000,0.000,0.000,0.000,0.000
1778310434,44.97,33.26,35.00,25,1,,DISTURB,,,0.000,0.000,0.000,0.000,0.000,0.000
1778310439,44.95,33.26,35.10,25,1,,DISTURB,,,0.000,0.000,0.000,0.000,0.000,0.000
1778310444,44.95,33.27,35.00,25,1,,DISTURB,,,0.000,0.000,0.000,0.000,0.000,0.000
1778310449,44.98,33.24,35.00,25,1,,DISTURB,,,0.000,0.000,0.000,0.000,0.000,0.000
1778310454,44.95,33.23,35.10,25,1,,DISTURB,,,0.000,0.000,0.000,0.000,0.000,0.000
1778310459,44.94,33.23,35.00,25,1,,DISTURB,,,0.000,0.000,0.000,0.000,0.000,0.000
1778310464,44.95,33.22,35.10,25,1,,DISTURB,,,0.000,0.000,0.000,0.000,0.000,0.000
1778310469,44.91,33.19,35.10,25,1,,DISTURB,,,0.000,0.000,0.000,0.000,0.000,0.000
1778310474,44.92,33.17,35.10,25,1,,DISTURB,,,0.000,0.000,0.000,0.000,0.000,0.000
1778310479,44.91,33.13,35.10,25,1,,DISTURB,,,0.000,0.000,0.000,0.000,0.000,0.000
1778310484,44.92,33.10,35.10,25,1,,DISTURB,,,0.000,0.000,0.000,0.000,0.000,0.000
1778310489,44.91,33.10,35.10,25,1,,DISTURB,,,0.000,0.000,0.000,0.000,0.000,0.000
1778310494,44.90,33.07,35.20,25,1,,DISTURB,,,0.000,0.000,0.000,0.000,0.000,0.000
1778310499,44.90,33.07,35.20,25,1,,DISTURB,,,0.000,0.000,0.000,0.000,0.000,0.000
1778310504,44.88,33.07,35.10,25,1,,DISTURB,,,0.000,0.000,0.000,0.000,0.000,0.000
1778310509,44.88,33.05,35.20,25,1,,DISTURB,,,0.000,0.000,0.000,0.000,0.000,0.000
1778310514,44.88,33.07,35.10,25,1,,DISTURB,,,0.000,0.000,0.000,0.000,0.000,0.000
1778310519,44.86,33.12,35.20,25,1,,DISTURB,,,0.000,0.000,0.000,0.000,0.000,0.000
1778310524,44.84,33.12,35.20,25,1,,DISTURB,,,0.000,0.000,0.000,0.000,0.000,0.000
1778310529,44.84,33.12,35.20,25,1,,DISTURB,,,0.000,0.000,0.000,0.000,0.000,0.000
1778310534,44.85,33.15,35.20,25,1,,DISTURB,,,0.000,0.000,0.000,0.000,0.000,0.000
1778310539,44.82,33.15,35.20,25,1,,DISTURB,,,0.000,0.000,0.000,0.000,0.000,0.000
1778310544,44.82,33.15,35.20,25,1,,DISTURB,,,0.000,0.000,0.000,0.000,0.000,0.000
1778310549,44.82,33.15,35.20,25,1,,DISTURB,,,0.000,0.000,0.000,0.000,0.000,0.000
1778310554,44.82,33.16,35.20,25,1,,DISTURB,,,0.000,0.000,0.000,0.000,0.000,0.000
1778310559,44.81,33.19,35.30,25,1,,DISTURB,,,0.000,0.000,0.000,0.000,0.000,0.000
1778310564,44.81,33.19,35.20,25,1,,DISTURB,,,0.000,0.000,0.000,0.000,0.000,0.000
1778310569,44.78,33.22,35.20,25,1,,DISTURB,,,0.000,0.000,0.000,0.000,0.000,0.000
1778310574,44.78,33.22,35.30,25,1,,DISTURB,,,0.000,0.000,0.000,0.000,0.000,0.000
1778310579,44.78,33.23,35.30,25,1,,DISTURB,,,0.000,0.000,0.000,0.000,0.000,0.000
1778310584,44.78,33.24,35.30,25,1,,DISTURB,,,0.000,0.000,0.000,0.000,0.000,0.000
1778310589,44.75,33.31,35.30,25,1,,DISTURB,,,0.000,0.000,0.000,0.000,0.000,0.000
1778310594,44.78,33.33,35.30,25,1,,DISTURB,,,0.000,0.000,0.000,0.000,0.000,0.000
1778310599,44.74,33.30,35.30,25,1,,DISTURB,,,0.000,0.000,0.000,0.000,0.000,0.000
1778310604,44.74,33.34,35.30,25,1,,DISTURB,,,0.000,0.000,0.000,0.000,0.000,0.000
1778310609,44.72,33.30,35.30,25,1,,DISTURB,,,0.000,0.000,0.000,0.000,0.000,0.000
1778310614,44.74,33.34,35.30,25,1,,DISTURB,,,0.000,0.000,0.000,0.000,0.000,0.000
1778310619,44.72,33.30,35.30,25,1,,DISTURB,,,0.000,0.000,0.000,0.000,0.000,0.000
1778310624,44.71,33.34,35.30,25,1,,DISTURB,,,0.000,0.000,0.000,0.000,0.000,0.000
1778310629,44.70,33.31,35.40,25,1,,DISTURB,,,0.000,0.000,0.000,0.000,0.000,0.000
1778310634,44.71,33.34,35.40,25,1,,DISTURB,,,0.000,0.000,0.000,0.000,0.000,0.000
1778310639,44.70,33.36,35.30,25,1,,DISTURB,,,0.000,0.000,0.000,0.000,0.000,0.000
1778310644,44.70,33.34,35.30,25,1,,DISTURB,,,0.000,0.000,0.000,0.000,0.000,0.000
1778310649,44.70,33.37,35.30,25,1,,DISTURB,,,0.000,0.000,0.000,0.000,0.000,0.000
1778310654,44.67,33.34,35.30,25,1,,DISTURB,,,0.000,0.000,0.000,0.000,0.000,0.000
1778310659,44.67,33.40,35.40,25,1,,DISTURB,,,0.000,0.000,0.000,0.000,0.000,0.000
1778310664,44.64,33.40,35.40,25,1,,DISTURB,,,0.000,0.000,0.000,0.000,0.000,0.000
1778310669,44.67,33.44,35.40,25,1,,DISTURB,,,0.000,0.000,0.000,0.000,0.000,0.000
1778310674,44.64,33.46,35.40,25,1,,DISTURB,,,0.000,0.000,0.000,0.000,0.000,0.000
1778310679,44.63,33.49,35.40,25,1,,DISTURB,,,0.000,0.000,0.000,0.000,0.000,0.000
1778310684,44.64,33.47,35.40,25,1,,DISTURB,,,0.000,0.000,0.000,0.000,0.000,0.000
1778310689,44.64,33.51,35.40,25,1,,DISTURB,,,0.000,0.000,0.000,0.000,0.000,0.000
1778310694,44.61,33.47,35.50,25,1,,DISTURB,,,0.000,0.000,0.000,0.000,0.000,0.000
1778310699,44.63,33.50,35.50,25,1,,DISTURB,,,0.000,0.000,0.000,0.000,0.000,0.000
1778310704,44.66,33.49,35.50,25,1,,DISTURB,,,0.000,0.000,0.000,0.000,0.000,0.000
1778310709,44.61,33.47,35.50,25,1,,DISTURB,,,0.000,0.000,0.000,0.000,0.000,0.000
1778310714,44.60,33.44,35.50,25,1,,DISTURB,,,0.000,0.000,0.000,0.000,0.000,0.000
1778310719,44.60,33.46,35.50,25,1,,DISTURB,,,0.000,0.000,0.000,0.000,0.000,0.000
1778310724,44.57,33.46,35.50,25,1,,DISTURB,,,0.000,0.000,0.000,0.000,0.000,0.000
1778310729,44.57,33.46,35.50,25,1,,DISTURB,,,0.000,0.000,0.000,0.000,0.000,0.000
1778310734,44.54,33.49,35.50,25,1,,DISTURB,,,0.000,0.000,0.000,0.000,0.000,0.000
1778310739,44.56,33.46,35.50,25,1,,DISTURB,,,0.000,0.000,0.000,0.000,0.000,0.000
1778310744,44.53,33.50,35.60,25,1,,DISTURB,,,0.000,0.000,0.000,0.000,0.000,0.000
1778310749,44.53,33.50,35.60,25,1,,DISTURB,,,0.000,0.000,0.000,0.000,0.000,0.000
1778310754,44.53,33.51,35.60,25,1,,DISTURB,,,0.000,0.000,0.000,0.000,0.000,0.000
1778310759,44.51,33.50,35.60,25,1,,DISTURB,,,0.000,0.000,0.000,0.000,0.000,0.000
1778310764,44.51,33.53,35.50,25,1,,DISTURB,,,0.000,0.000,0.000,0.000,0.000,0.000
1778310769,44.50,33.54,35.60,25,1,,DISTURB,,,0.000,0.000,0.000,0.000,0.000,0.000
1778310774,44.47,33.57,35.60,25,1,,DISTURB,,,0.000,0.000,0.000,0.000,0.000,0.000
1778310779,44.48,33.55,35.60,25,1,,DISTURB,,,0.000,0.000,0.000,0.000,0.000,0.000
1778310784,44.47,33.58,35.60,25,1,,DISTURB,,,0.000,0.000,0.000,0.000,0.000,0.000
1778310789,44.47,33.55,35.60,25,1,,DISTURB,,,0.000,0.000,0.000,0.000,0.000,0.000
1778310794,44.47,33.55,35.60,25,1,,DISTURB,,,0.000,0.000,0.000,0.000,0.000,0.000
1778310799,44.44,33.54,35.70,25,1,,DISTURB,,,0.000,0.000,0.000,0.000,0.000,0.000
1778310804,44.45,33.55,35.70,25,1,,DISTURB,,,0.000,0.000,0.000,0.000,0.000,0.000
1778310809,44.43,33.57,35.60,25,1,,DISTURB,,,0.000,0.000,0.000,0.000,0.000,0.000
1778310814,44.43,33.53,35.70,25,1,,DISTURB,,,0.000,0.000,0.000,0.000,0.000,0.000
1778310819,44.40,33.53,35.60,25,1,,DISTURB,,,0.000,0.000,0.000,0.000,0.000,0.000
1778310824,44.44,33.47,35.60,25,1,,DISTURB,,,0.000,0.000,0.000,0.000,0.000,0.000
1778310829,44.41,33.50,35.60,25,1,,DISTURB,,,0.000,0.000,0.000,0.000,0.000,0.000
1778310834,44.40,33.46,35.70,25,1,,DISTURB,,,0.000,0.000,0.000,0.000,0.000,0.000
1778310839,44.40,33.43,35.70,25,1,,DISTURB,,,0.000,0.000,0.000,0.000,0.000,0.000
1778310844,44.40,33.44,35.70,25,1,,DISTURB,,,0.000,0.000,0.000,0.000,0.000,0.000
1778310849,44.39,33.47,35.60,25,1,,DISTURB,,,0.000,0.000,0.000,0.000,0.000,0.000
1778310854,44.37,33.49,35.80,25,1,,DISTURB,,,0.000,0.000,0.000,0.000,0.000,0.000
1778310859,44.36,33.51,35.70,25,1,,DISTURB,,,0.000,0.000,0.000,0.000,0.000,0.000
1778310864,44.37,33.49,35.70,25,1,,DISTURB,,,0.000,0.000,0.000,0.000,0.000,0.000
1778310869,44.36,33.50,35.70,25,1,,DISTURB,,,0.000,0.000,0.000,0.000,0.000,0.000
1778310874,44.37,33.47,35.60,25,1,,DISTURB,,,0.000,0.000,0.000,0.000,0.000,0.000
1778310879,44.37,33.49,35.70,25,1,,DISTURB,,,0.000,0.000,0.000,0.000,0.000,0.000
1778310884,44.36,33.50,35.70,25,1,,DISTURB,,,0.000,0.000,0.000,0.000,0.000,0.000
1778310889,44.34,33.50,35.70,25,1,,DISTURB,,,0.000,0.000,0.000,0.000,0.000,0.000
1778310894,44.33,33.53,35.70,25,1,,DISTURB,,,0.000,0.000,0.000,0.000,0.000,0.000
1778310899,44.31,33.50,35.70,25,1,,DISTURB,,,0.000,0.000,0.000,0.000,0.000,0.000
1778310904,44.34,33.54,35.70,25,1,,DISTURB,,,0.000,0.000,0.000,0.000,0.000,0.000
1778310909,44.34,33.50,35.70,25,1,,DISTURB,,,0.000,0.000,0.000,0.000,0.000,0.000
1778310914,44.31,33.50,35.70,25,1,,DISTURB,,,0.000,0.000,0.000,0.000,0.000,0.000
1778310919,44.33,33.49,35.70,25,1,,DISTURB,,,0.000,0.000,0.000,0.000,0.000,0.000
1778310924,44.30,33.53,35.70,25,1,,DISTURB,,,0.000,0.000,0.000,0.000,0.000,0.000
1778310929,44.30,33.50,35.70,25,1,,DISTURB,,,0.000,0.000,0.000,0.000,0.000,0.000
1778310934,44.30,33.46,35.80,25,1,,DISTURB,,,0.000,0.000,0.000,0.000,0.000,0.000
1778310939,44.29,33.49,35.70,25,1,,DISTURB,,,0.000,0.000,0.000,0.000,0.000,0.000
1778310944,44.26,33.50,35.80,25,1,,DISTURB,,,0.000,0.000,0.000,0.000,0.000,0.000
1778310949,44.24,33.51,35.80,25,1,,DISTURB,,,0.000,0.000,0.000,0.000,0.000,0.000
1778310954,44.27,33.51,35.80,25,1,,DISTURB,,,0.000,0.000,0.000,0.000,0.000,0.000
1778310959,44.26,33.49,35.80,25,1,,DISTURB,,,0.000,0.000,0.000,0.000,0.000,0.000
1778310964,44.24,33.51,35.90,25,1,,DISTURB,,,0.000,0.000,0.000,0.000,0.000,0.000
1778310969,44.23,33.53,35.80,25,1,,DISTURB,,,0.000,0.000,0.000,0.000,0.000,0.000
1778310974,44.23,33.49,35.80,25,1,,DISTURB,,,0.000,0.000,0.000,0.000,0.000,0.000
1778310979,44.23,33.54,35.80,25,1,,DISTURB,,,0.000,0.000,0.000,0.000,0.000,0.000
1778310984,44.20,33.51,35.90,25,1,,DISTURB,,,0.000,0.000,0.000,0.000,0.000,0.000
1778310989,44.20,33.54,35.80,25,1,,DISTURB,,,0.000,0.000,0.000,0.000,0.000,0.000
1778310994,44.20,33.50,35.80,25,1,,DISTURB,,,0.000,0.000,0.000,0.000,0.000,0.000
1778310999,44.20,33.51,35.80,25,1,,DISTURB,,,0.000,0.000,0.000,0.000,0.000,0.000
1778311004,44.22,33.49,35.80,25,1,,DISTURB,,,0.000,0.000,0.000,0.000,0.000,0.000
1778311009,44.17,33.51,35.80,25,1,,DISTURB,,,0.000,0.000,0.000,0.000,0.000,0.000
1778311014,44.20,33.53,35.80,25,1,,DISTURB,,,0.000,0.000,0.000,0.000,0.000,0.000
1778311019,44.19,33.50,35.80,25,1,,DISTURB,,,0.000,0.000,0.000,0.000,0.000,0.000
1778311024,44.19,33.51,35.80,25,1,,DISTURB,,,0.000,0.000,0.000,0.000,0.000,0.000
1778311029,44.19,33.53,35.80,25,1,,DISTURB,,,0.000,0.000,0.000,0.000,0.000,0.000
1778311034,44.17,33.51,35.80,25,1,,DISTURB,,,0.000,0.000,0.000,0.000,0.000,0.000
1778311039,44.15,33.53,35.80,25,1,,DISTURB,,,0.000,0.000,0.000,0.000,0.000,0.000
1778311044,44.17,33.54,35.80,25,1,,DISTURB,,,0.000,0.000,0.000,0.000,0.000,0.000
1778311049,44.15,33.54,35.80,25,1,,DISTURB,,,0.000,0.000,0.000,0.000,0.000,0.000
1778311054,44.16,33.60,35.80,25,1,,DISTURB,,,0.000,0.000,0.000,0.000,0.000,0.000
1778311059,44.16,33.53,35.80,25,1,,DISTURB,,,0.000,0.000,0.000,0.000,0.000,0.000
1778311064,44.16,33.60,35.80,25,1,,DISTURB,,,0.000,0.000,0.000,0.000,0.000,0.000
1778311069,44.12,33.57,35.80,25,1,,DISTURB,,,0.000,0.000,0.000,0.000,0.000,0.000
1778311074,44.13,33.58,35.80,25,1,,DISTURB,,,0.000,0.000,0.000,0.000,0.000,0.000
1778311079,44.12,33.57,35.80,25,1,,DISTURB,,,0.000,0.000,0.000,0.000,0.000,0.000
1778311084,44.13,33.60,35.90,25,1,,DISTURB,,,0.000,0.000,0.000,0.000,0.000,0.000
1778311089,44.10,33.61,35.80,25,1,,DISTURB,,,0.000,0.000,0.000,0.000,0.000,0.000
1778311094,44.10,33.61,35.80,25,1,,DISTURB,,,0.000,0.000,0.000,0.000,0.000,0.000
1778311099,44.07,33.60,35.90,25,1,,DISTURB,,,0.000,0.000,0.000,0.000,0.000,0.000
1778311104,44.09,33.63,35.80,25,1,,DISTURB,,,0.000,0.000,0.000,0.000,0.000,0.000
1778311109,44.07,33.61,35.80,25,1,,DISTURB,,,0.000,0.000,0.000,0.000,0.000,0.000
1778311114,44.09,33.55,35.90,25,1,,DISTURB,,,0.000,0.000,0.000,0.000,0.000,0.000
1778311119,44.09,33.61,35.90,25,1,,DISTURB,,,0.000,0.000,0.000,0.000,0.000,0.000
1778311124,44.07,33.58,35.80,25,1,,DISTURB,,,0.000,0.000,0.000,0.000,0.000,0.000
1778311129,44.04,33.60,35.90,25,1,,DISTURB,,,0.000,0.000,0.000,0.000,0.000,0.000
1778311134,44.06,33.57,35.80,25,1,,DISTURB,,,0.000,0.000,0.000,0.000,0.000,0.000
1778311139,44.04,33.61,35.80,25,1,,DISTURB,,,0.000,0.000,0.000,0.000,0.000,0.000
1778311144,44.03,33.60,35.90,25,1,,DISTURB,,,0.000,0.000,0.000,0.000,0.000,0.000
1778311149,44.02,33.68,35.90,25,1,,DISTURB,,,0.000,0.000,0.000,0.000,0.000,0.000
1778311154,44.03,33.61,35.90,25,1,,DISTURB,,,0.000,0.000,0.000,0.000,0.000,0.000
1778311159,44.00,33.65,35.90,25,1,,DISTURB,,,0.000,0.000,0.000,0.000,0.000,0.000
1778311164,44.00,33.63,35.90,25,1,,DISTURB,,,0.000,0.000,0.000,0.000,0.000,0.000
1778311169,44.00,33.58,35.80,25,1,,DISTURB,,,0.000,0.000,0.000,0.000,0.000,0.000
1778311174,43.99,33.57,35.80,25,1,,DISTURB,,,0.000,0.000,0.000,0.000,0.000,0.000
1778311179,43.97,33.60,35.80,25,1,,DISTURB,,,0.000,0.000,0.000,0.000,0.000,0.000
1778311184,43.99,33.60,35.90,25,1,,DISTURB,,,0.000,0.000,0.000,0.000,0.000,0.000
1778311189,43.97,33.58,35.80,25,1,,DISTURB,,,0.000,0.000,0.000,0.000,0.000,0.000
1778311194,43.96,33.61,35.90,25,1,,DISTURB,,,0.000,0.000,0.000,0.000,0.000,0.000
1778311199,43.96,33.58,35.80,25,1,,DISTURB,,,0.000,0.000,0.000,0.000,0.000,0.000
1778311204,43.95,33.57,35.90,25,1,,DISTURB,,,0.000,0.000,0.000,0.000,0.000,0.000
1778296809,52.58,32.76,29.70,75,1,,PRBS,,,0.000,0.000,0.000,0.000,0.000,0.000
1778296814,52.58,32.74,29.80,75,1,,PRBS,,,0.000,0.000,0.000,0.000,0.000,0.000
1778296819,52.54,32.75,29.70,75,1,,PRBS,,,0.000,0.000,0.000,0.000,0.000,0.000
1778296824,52.55,32.69,29.70,75,1,,PRBS,,,0.000,0.000,0.000,0.000,0.000,0.000
1778296829,52.55,32.69,29.80,75,1,,PRBS,,,0.000,0.000,0.000,0.000,0.000,0.000
1778296834,52.60,32.69,29.80,75,1,,PRBS,,,0.000,0.000,0.000,0.000,0.000,0.000
1778296839,52.65,32.68,29.70,75,1,,PRBS,,,0.000,0.000,0.000,0.000,0.000,0.000
1778296844,52.68,32.67,29.60,75,1,,PRBS,,,0.000,0.000,0.000,0.000,0.000,0.000
1778296849,52.78,32.65,29.60,75,1,,PRBS,,,0.000,0.000,0.000,0.000,0.000,0.000
1778296854,52.89,32.67,29.50,75,1,,PRBS,,,0.000,0.000,0.000,0.000,0.000,0.000
1778296859,52.98,32.65,29.40,75,1,,PRBS,,,0.000,0.000,0.000,0.000,0.000,0.000
1778296864,53.08,32.64,29.30,75,1,,PRBS,,,0.000,0.000,0.000,0.000,0.000,0.000
1778296869,53.21,32.67,29.20,75,1,,PRBS,,,0.000,0.000,0.000,0.000,0.000,0.000
1778296874,53.29,32.67,29.10,75,1,,PRBS,,,0.000,0.000,0.000,0.000,0.000,0.000
1778296879,53.37,32.68,29.00,75,1,,PRBS,,,0.000,0.000,0.000,0.000,0.000,0.000
1778296884,53.49,32.67,28.90,75,1,,PRBS,,,0.000,0.000,0.000,0.000,0.000,0.000
1778296889,53.60,32.69,28.80,75,1,,PRBS,,,0.000,0.000,0.000,0.000,0.000,0.000
1778296894,53.73,32.72,28.70,75,1,,PRBS,,,0.000,0.000,0.000,0.000,0.000,0.000
1778296899,53.83,32.65,28.60,75,1,,PRBS,,,0.000,0.000,0.000,0.000,0.000,0.000
1778296904,53.95,32.67,28.50,75,1,,PRBS,,,0.000,0.000,0.000,0.000,0.000,0.000
1778296909,54.07,32.72,28.50,75,1,,PRBS,,,0.000,0.000,0.000,0.000,0.000,0.000
1778296914,54.18,32.72,28.30,75,1,,PRBS,,,0.000,0.000,0.000,0.000,0.000,0.000
1778296919,54.26,32.76,28.20,75,1,,PRBS,,,0.000,0.000,0.000,0.000,0.000,0.000
1778296924,54.36,32.79,28.20,75,1,,PRBS,,,0.000,0.000,0.000,0.000,0.000,0.000
1778296929,54.51,32.80,28.00,75,1,,PRBS,,,0.000,0.000,0.000,0.000,0.000,0.000
1778296934,54.60,32.85,27.90,75,1,,PRBS,,,0.000,0.000,0.000,0.000,0.000,0.000
1778296939,54.74,32.87,27.70,75,1,,PRBS,,,0.000,0.000,0.000,0.000,0.000,0.000
1778296944,54.79,32.86,27.80,75,1,,PRBS,,,0.000,0.000,0.000,0.000,0.000,0.000
1778296949,54.94,32.89,27.70,75,1,,PRBS,,,0.000,0.000,0.000,0.000,0.000,0.000
1778296954,55.01,32.87,27.60,75,1,,PRBS,,,0.000,0.000,0.000,0.000,0.000,0.000
1778296959,55.07,32.87,27.50,75,1,,PRBS,,,0.000,0.000,0.000,0.000,0.000,0.000
1778296964,55.18,32.90,27.40,75,1,,PRBS,,,0.000,0.000,0.000,0.000,0.000,0.000
1778296969,55.30,32.86,27.30,75,1,,PRBS,,,0.000,0.000,0.000,0.000,0.000,0.000
1778296974,55.35,32.87,27.30,75,1,,PRBS,,,0.000,0.000,0.000,0.000,0.000,0.000
1778296979,55.46,32.89,27.20,75,1,,PRBS,,,0.000,0.000,0.000,0.000,0.000,0.000
1778296984,55.52,32.87,27.20,75,1,,PRBS,,,0.000,0.000,0.000,0.000,0.000,0.000
1778296989,55.63,32.82,27.10,75,1,,PRBS,,,0.000,0.000,0.000,0.000,0.000,0.000
1778296994,55.75,32.86,27.00,75,1,,PRBS,,,0.000,0.000,0.000,0.000,0.000,0.000
1778296999,55.88,32.86,27.00,75,1,,PRBS,,,0.000,0.000,0.000,0.000,0.000,0.000
1778297004,55.92,32.82,26.90,75,1,,PRBS,,,0.000,0.000,0.000,0.000,0.000,0.000
1778297009,56.07,32.89,26.80,75,1,,PRBS,,,0.000,0.000,0.000,0.000,0.000,0.000
1778297014,56.14,32.85,26.80,75,1,,PRBS,,,0.000,0.000,0.000,0.000,0.000,0.000
1778297019,56.26,32.87,26.70,75,1,,PRBS,,,0.000,0.000,0.000,0.000,0.000,0.000
1778297024,56.33,32.86,26.60,75,1,,PRBS,,,0.000,0.000,0.000,0.000,0.000,0.000
1778297029,56.38,32.87,26.60,75,1,,PRBS,,,0.000,0.000,0.000,0.000,0.000,0.000
1778297034,56.48,32.90,26.50,75,1,,PRBS,,,0.000,0.000,0.000,0.000,0.000,0.000
1778297039,56.55,32.90,26.50,75,1,,PRBS,,,0.000,0.000,0.000,0.000,0.000,0.000
1778297044,56.62,32.94,26.40,75,1,,PRBS,,,0.000,0.000,0.000,0.000,0.000,0.000
1778297049,56.71,32.96,26.30,75,1,,PRBS,,,0.000,0.000,0.000,0.000,0.000,0.000
1778297054,56.72,32.94,26.30,75,1,,PRBS,,,0.000,0.000,0.000,0.000,0.000,0.000
1778297059,56.82,32.94,26.30,75,1,,PRBS,,,0.000,0.000,0.000,0.000,0.000,0.000
1778297064,56.90,32.94,26.20,75,1,,PRBS,,,0.000,0.000,0.000,0.000,0.000,0.000
1778297069,56.96,32.95,26.10,75,1,,PRBS,,,0.000,0.000,0.000,0.000,0.000,0.000
1778297074,57.03,32.94,26.10,75,1,,PRBS,,,0.000,0.000,0.000,0.000,0.000,0.000
1778297079,57.07,32.96,26.10,75,1,,PRBS,,,0.000,0.000,0.000,0.000,0.000,0.000
1778297084,57.15,32.96,26.00,75,1,,PRBS,,,0.000,0.000,0.000,0.000,0.000,0.000
1778297089,57.23,32.99,26.00,75,1,,PRBS,,,0.000,0.000,0.000,0.000,0.000,0.000
1778297094,57.26,32.99,25.90,75,1,,PRBS,,,0.000,0.000,0.000,0.000,0.000,0.000
1778297099,57.32,32.99,25.90,25,1,,PRBS,,,0.000,0.000,0.000,0.000,0.000,0.000
1778297104,57.40,32.98,25.90,25,1,,PRBS,,,0.000,0.000,0.000,0.000,0.000,0.000
1778297109,57.44,32.96,25.80,25,1,,PRBS,,,0.000,0.000,0.000,0.000,0.000,0.000
1778297114,57.46,33.00,25.80,25,1,,PRBS,,,0.000,0.000,0.000,0.000,0.000,0.000
1778297119,57.47,33.02,25.70,25,1,,PRBS,,,0.000,0.000,0.000,0.000,0.000,0.000
1778297124,57.42,33.02,25.70,25,1,,PRBS,,,0.000,0.000,0.000,0.000,0.000,0.000
1778297129,57.42,33.03,25.80,25,1,,PRBS,,,0.000,0.000,0.000,0.000,0.000,0.000
1778297134,57.33,33.05,25.70,25,1,,PRBS,,,0.000,0.000,0.000,0.000,0.000,0.000
1778297139,57.26,33.07,25.80,25,1,,PRBS,,,0.000,0.000,0.000,0.000,0.000,0.000
1778297144,57.16,33.07,25.80,25,1,,PRBS,,,0.000,0.000,0.000,0.000,0.000,0.000
1778297149,57.07,33.06,25.90,25,1,,PRBS,,,0.000,0.000,0.000,0.000,0.000,0.000
1778297154,56.98,33.12,25.90,25,1,,PRBS,,,0.000,0.000,0.000,0.000,0.000,0.000
1778297159,56.85,33.12,26.00,25,1,,PRBS,,,0.000,0.000,0.000,0.000,0.000,0.000
1778297164,56.72,33.09,26.00,25,1,,PRBS,,,0.000,0.000,0.000,0.000,0.000,0.000
1778297169,56.58,33.09,26.10,25,1,,PRBS,,,0.000,0.000,0.000,0.000,0.000,0.000
1778297174,56.47,33.09,26.10,25,1,,PRBS,,,0.000,0.000,0.000,0.000,0.000,0.000
1778297179,56.30,33.07,26.30,25,1,,PRBS,,,0.000,0.000,0.000,0.000,0.000,0.000
1778297184,56.19,33.03,26.30,25,1,,PRBS,,,0.000,0.000,0.000,0.000,0.000,0.000
1778297189,56.06,32.99,26.50,25,1,,PRBS,,,0.000,0.000,0.000,0.000,0.000,0.000
1778297194,55.89,32.95,26.60,25,1,,PRBS,,,0.000,0.000,0.000,0.000,0.000,0.000
1778297199,55.73,32.92,26.70,25,1,,PRBS,,,0.000,0.000,0.000,0.000,0.000,0.000
1778297204,55.63,32.90,26.80,25,1,,PRBS,,,0.000,0.000,0.000,0.000,0.000,0.000
1778297209,55.46,32.89,27.00,25,1,,PRBS,,,0.000,0.000,0.000,0.000,0.000,0.000
1778297214,55.33,32.89,27.00,25,1,,PRBS,,,0.000,0.000,0.000,0.000,0.000,0.000
1778297219,55.21,32.87,27.10,25,1,,PRBS,,,0.000,0.000,0.000,0.000,0.000,0.000
1778297224,55.07,32.85,27.20,25,1,,PRBS,,,0.000,0.000,0.000,0.000,0.000,0.000
1778297229,54.91,32.83,27.30,25,1,,PRBS,,,0.000,0.000,0.000,0.000,0.000,0.000
1778297234,54.79,32.82,27.40,25,1,,PRBS,,,0.000,0.000,0.000,0.000,0.000,0.000
1778297239,54.64,32.82,27.50,25,1,,PRBS,,,0.000,0.000,0.000,0.000,0.000,0.000
1778297244,54.52,32.80,27.70,25,1,,PRBS,,,0.000,0.000,0.000,0.000,0.000,0.000
1778297249,54.38,32.82,27.70,25,1,,PRBS,,,0.000,0.000,0.000,0.000,0.000,0.000
1778297254,54.31,32.76,27.90,25,1,,PRBS,,,0.000,0.000,0.000,0.000,0.000,0.000
1778297259,54.17,32.75,28.00,25,1,,PRBS,,,0.000,0.000,0.000,0.000,0.000,0.000
1778297264,54.08,32.74,28.00,25,1,,PRBS,,,0.000,0.000,0.000,0.000,0.000,0.000
1778297269,53.94,32.74,28.10,25,1,,PRBS,,,0.000,0.000,0.000,0.000,0.000,0.000
1778297274,53.83,32.79,28.30,25,1,,PRBS,,,0.000,0.000,0.000,0.000,0.000,0.000
1778297279,53.73,32.79,28.30,25,1,,PRBS,,,0.000,0.000,0.000,0.000,0.000,0.000
1778297284,53.61,32.80,28.50,25,1,,PRBS,,,0.000,0.000,0.000,0.000,0.000,0.000
1778297289,53.50,32.83,28.50,25,1,,PRBS,,,0.000,0.000,0.000,0.000,0.000,0.000
1778297294,53.37,32.86,28.60,25,1,,PRBS,,,0.000,0.000,0.000,0.000,0.000,0.000
1778297299,53.27,32.86,28.70,25,1,,PRBS,,,0.000,0.000,0.000,0.000,0.000,0.000
1778297304,53.18,32.83,28.80,25,1,,PRBS,,,0.000,0.000,0.000,0.000,0.000,0.000
1778297309,53.06,32.79,28.90,25,1,,PRBS,,,0.000,0.000,0.000,0.000,0.000,0.000
1778297314,52.99,32.79,29.00,25,1,,PRBS,,,0.000,0.000,0.000,0.000,0.000,0.000
1778297319,52.87,32.78,29.10,25,1,,PRBS,,,0.000,0.000,0.000,0.000,0.000,0.000
1778297324,52.80,32.76,29.20,25,1,,PRBS,,,0.000,0.000,0.000,0.000,0.000,0.000
1778297329,52.70,32.78,29.20,25,1,,PRBS,,,0.000,0.000,0.000,0.000,0.000,0.000
1778297334,52.61,32.75,29.30,75,1,,PRBS,,,0.000,0.000,0.000,0.000,0.000,0.000
1778297339,52.51,32.78,29.40,75,1,,PRBS,,,0.000,0.000,0.000,0.000,0.000,0.000
1778297344,52.43,32.79,29.40,75,1,,PRBS,,,0.000,0.000,0.000,0.000,0.000,0.000
1778297349,52.36,32.75,29.60,75,1,,PRBS,,,0.000,0.000,0.000,0.000,0.000,0.000
1778297354,52.33,32.74,29.60,75,1,,PRBS,,,0.000,0.000,0.000,0.000,0.000,0.000
1778297359,52.31,32.76,29.60,75,1,,PRBS,,,0.000,0.000,0.000,0.000,0.000,0.000
1778297364,52.30,32.79,29.60,75,1,,PRBS,,,0.000,0.000,0.000,0.000,0.000,0.000
1778297369,52.33,32.80,29.60,75,1,,PRBS,,,0.000,0.000,0.000,0.000,0.000,0.000
1778297374,52.33,32.79,29.50,75,1,,PRBS,,,0.000,0.000,0.000,0.000,0.000,0.000
1778297379,52.37,32.82,29.50,75,1,,PRBS,,,0.000,0.000,0.000,0.000,0.000,0.000
1778297384,52.43,32.83,29.40,75,1,,PRBS,,,0.000,0.000,0.000,0.000,0.000,0.000
1778297389,52.51,32.78,29.40,75,1,,PRBS,,,0.000,0.000,0.000,0.000,0.000,0.000
1778297394,52.61,32.80,29.30,75,1,,PRBS,,,0.000,0.000,0.000,0.000,0.000,0.000
1778297399,52.71,32.80,29.10,75,1,,PRBS,,,0.000,0.000,0.000,0.000,0.000,0.000
1778297404,52.85,32.80,29.00,75,1,,PRBS,,,0.000,0.000,0.000,0.000,0.000,0.000
1778297409,52.94,32.82,28.90,75,1,,PRBS,,,0.000,0.000,0.000,0.000,0.000,0.000
1778297414,53.06,32.85,28.80,75,1,,PRBS,,,0.000,0.000,0.000,0.000,0.000,0.000
1778297419,53.18,32.85,28.70,75,1,,PRBS,,,0.000,0.000,0.000,0.000,0.000,0.000
1778297424,53.29,32.83,28.60,75,1,,PRBS,,,0.000,0.000,0.000,0.000,0.000,0.000
1778297429,53.40,32.82,28.40,75,1,,PRBS,,,0.000,0.000,0.000,0.000,0.000,0.000
1778297434,53.53,32.80,28.30,75,1,,PRBS,,,0.000,0.000,0.000,0.000,0.000,0.000
1778297439,53.69,32.82,28.20,75,1,,PRBS,,,0.000,0.000,0.000,0.000,0.000,0.000
1778297444,53.74,32.79,28.10,75,1,,PRBS,,,0.000,0.000,0.000,0.000,0.000,0.000
1778297449,53.85,32.80,28.00,75,1,,PRBS,,,0.000,0.000,0.000,0.000,0.000,0.000
1778297454,53.98,32.82,27.90,75,1,,PRBS,,,0.000,0.000,0.000,0.000,0.000,0.000
1778297459,54.12,32.82,27.80,75,1,,PRBS,,,0.000,0.000,0.000,0.000,0.000,0.000
1778297464,54.21,32.83,27.70,75,1,,PRBS,,,0.000,0.000,0.000,0.000,0.000,0.000
1778297469,54.35,32.83,27.60,75,1,,PRBS,,,0.000,0.000,0.000,0.000,0.000,0.000
1778297474,54.48,32.85,27.50,75,1,,PRBS,,,0.000,0.000,0.000,0.000,0.000,0.000
1778297479,54.63,32.85,27.40,75,1,,PRBS,,,0.000,0.000,0.000,0.000,0.000,0.000
1778297484,54.76,32.87,27.40,75,1,,PRBS,,,0.000,0.000,0.000,0.000,0.000,0.000
1778297489,54.90,32.86,27.20,75,1,,PRBS,,,0.000,0.000,0.000,0.000,0.000,0.000
1778297494,55.03,32.86,27.00,75,1,,PRBS,,,0.000,0.000,0.000,0.000,0.000,0.000
1778297499,55.11,32.89,27.00,75,1,,PRBS,,,0.000,0.000,0.000,0.000,0.000,0.000
1778297504,55.24,32.89,26.90,75,1,,PRBS,,,0.000,0.000,0.000,0.000,0.000,0.000
1778297509,55.37,32.89,26.90,75,1,,PRBS,,,0.000,0.000,0.000,0.000,0.000,0.000
1778297514,55.45,32.92,26.70,75,1,,PRBS,,,0.000,0.000,0.000,0.000,0.000,0.000
1778297519,55.55,32.89,26.60,75,1,,PRBS,,,0.000,0.000,0.000,0.000,0.000,0.000
1778297524,55.65,32.90,26.70,75,1,,PRBS,,,0.000,0.000,0.000,0.000,0.000,0.000
1778297529,55.75,32.92,26.50,75,1,,PRBS,,,0.000,0.000,0.000,0.000,0.000,0.000
1778297534,55.90,32.96,26.40,75,1,,PRBS,,,0.000,0.000,0.000,0.000,0.000,0.000
1778297539,55.99,32.95,26.30,75,1,,PRBS,,,0.000,0.000,0.000,0.000,0.000,0.000
1778297544,56.07,32.96,26.20,75,1,,PRBS,,,0.000,0.000,0.000,0.000,0.000,0.000
1778297549,56.14,32.99,26.20,75,1,,PRBS,,,0.000,0.000,0.000,0.000,0.000,0.000
1778297554,56.23,32.98,26.20,75,1,,PRBS,,,0.000,0.000,0.000,0.000,0.000,0.000
1778297559,56.34,32.98,26.10,75,1,,PRBS,,,0.000,0.000,0.000,0.000,0.000,0.000
1778297564,56.43,32.98,26.10,75,1,,PRBS,,,0.000,0.000,0.000,0.000,0.000,0.000
1778297569,56.52,32.98,26.00,75,1,,PRBS,,,0.000,0.000,0.000,0.000,0.000,0.000
1778297574,56.57,32.99,25.90,75,1,,PRBS,,,0.000,0.000,0.000,0.000,0.000,0.000
1778297579,56.65,32.99,25.90,75,1,,PRBS,,,0.000,0.000,0.000,0.000,0.000,0.000
1778297584,56.71,33.00,25.90,75,1,,PRBS,,,0.000,0.000,0.000,0.000,0.000,0.000
1778297589,56.86,32.99,25.80,75,1,,PRBS,,,0.000,0.000,0.000,0.000,0.000,0.000
1778297594,56.95,32.95,25.80,75,1,,PRBS,,,0.000,0.000,0.000,0.000,0.000,0.000
1778297599,57.03,32.94,25.70,75,1,,PRBS,,,0.000,0.000,0.000,0.000,0.000,0.000
1778297604,57.10,32.89,25.70,75,1,,PRBS,,,0.000,0.000,0.000,0.000,0.000,0.000
1778297609,57.20,32.90,25.60,75,1,,PRBS,,,0.000,0.000,0.000,0.000,0.000,0.000
1778297614,57.27,32.90,25.60,75,1,,PRBS,,,0.000,0.000,0.000,0.000,0.000,0.000
1778297619,57.39,32.94,25.50,25,1,,PRBS,,,0.000,0.000,0.000,0.000,0.000,0.000
1778297624,57.47,32.92,25.50,25,1,,PRBS,,,0.000,0.000,0.000,0.000,0.000,0.000
1778297629,57.54,32.89,25.50,25,1,,PRBS,,,0.000,0.000,0.000,0.000,0.000,0.000
1778297634,57.60,32.90,25.50,25,1,,PRBS,,,0.000,0.000,0.000,0.000,0.000,0.000
1778297639,57.61,32.89,25.50,25,1,,PRBS,,,0.000,0.000,0.000,0.000,0.000,0.000
1778297644,57.62,32.87,25.50,25,1,,PRBS,,,0.000,0.000,0.000,0.000,0.000,0.000
1778297649,57.62,32.87,25.50,25,1,,PRBS,,,0.000,0.000,0.000,0.000,0.000,0.000
1778297654,57.58,32.90,25.50,25,1,,PRBS,,,0.000,0.000,0.000,0.000,0.000,0.000
1778297659,57.51,32.90,25.50,25,1,,PRBS,,,0.000,0.000,0.000,0.000,0.000,0.000
1778297664,57.47,32.94,25.60,25,1,,PRBS,,,0.000,0.000,0.000,0.000,0.000,0.000
1778297669,57.39,32.90,25.60,25,1,,PRBS,,,0.000,0.000,0.000,0.000,0.000,0.000
1778297674,57.32,32.89,25.70,25,1,,PRBS,,,0.000,0.000,0.000,0.000,0.000,0.000
1778297679,57.22,32.90,25.90,25,1,,PRBS,,,0.000,0.000,0.000,0.000,0.000,0.000
1778297684,57.12,32.92,25.90,25,1,,PRBS,,,0.000,0.000,0.000,0.000,0.000,0.000
1778297689,56.99,32.89,26.00,25,1,,PRBS,,,0.000,0.000,0.000,0.000,0.000,0.000
1778297694,56.86,32.94,26.10,25,1,,PRBS,,,0.000,0.000,0.000,0.000,0.000,0.000
1778297699,56.75,32.92,26.20,25,1,,PRBS,,,0.000,0.000,0.000,0.000,0.000,0.000
1778297704,56.62,32.92,26.30,25,1,,PRBS,,,0.000,0.000,0.000,0.000,0.000,0.000
1778297709,56.48,32.92,26.50,25,1,,PRBS,,,0.000,0.000,0.000,0.000,0.000,0.000
1778297714,56.33,32.92,26.50,25,1,,PRBS,,,0.000,0.000,0.000,0.000,0.000,0.000
1778297719,56.21,32.95,26.60,25,1,,PRBS,,,0.000,0.000,0.000,0.000,0.000,0.000
1778297724,56.04,32.98,26.70,25,1,,PRBS,,,0.000,0.000,0.000,0.000,0.000,0.000
1778297729,55.90,32.98,26.90,25,1,,PRBS,,,0.000,0.000,0.000,0.000,0.000,0.000
1778297734,55.80,32.98,27.00,25,1,,PRBS,,,0.000,0.000,0.000,0.000,0.000,0.000
1778297739,55.65,32.96,27.20,25,1,,PRBS,,,0.000,0.000,0.000,0.000,0.000,0.000
1778297744,55.51,32.95,27.30,25,1,,PRBS,,,0.000,0.000,0.000,0.000,0.000,0.000
1778297749,55.40,32.95,27.40,25,1,,PRBS,,,0.000,0.000,0.000,0.000,0.000,0.000
1778297754,55.24,32.98,27.50,25,1,,PRBS,,,0.000,0.000,0.000,0.000,0.000,0.000
1778297759,55.13,32.98,27.60,25,1,,PRBS,,,0.000,0.000,0.000,0.000,0.000,0.000
1778297764,54.94,32.96,27.70,25,1,,PRBS,,,0.000,0.000,0.000,0.000,0.000,0.000
1778297769,54.81,32.95,27.80,25,1,,PRBS,,,0.000,0.000,0.000,0.000,0.000,0.000
1778297774,54.67,32.95,27.90,25,1,,PRBS,,,0.000,0.000,0.000,0.000,0.000,0.000
1778297779,54.56,32.96,28.00,25,1,,PRBS,,,0.000,0.000,0.000,0.000,0.000,0.000
1778297784,54.43,32.96,28.10,25,1,,PRBS,,,0.000,0.000,0.000,0.000,0.000,0.000
1778297789,54.32,32.96,28.30,25,1,,PRBS,,,0.000,0.000,0.000,0.000,0.000,0.000
1778297794,54.19,32.96,28.30,25,1,,PRBS,,,0.000,0.000,0.000,0.000,0.000,0.000
1778297799,54.07,32.95,28.50,25,1,,PRBS,,,0.000,0.000,0.000,0.000,0.000,0.000
1778297804,53.97,32.94,28.50,25,1,,PRBS,,,0.000,0.000,0.000,0.000,0.000,0.000
1778297809,53.84,32.98,28.60,25,1,,PRBS,,,0.000,0.000,0.000,0.000,0.000,0.000
1778297814,53.76,32.95,28.70,25,1,,PRBS,,,0.000,0.000,0.000,0.000,0.000,0.000
1778297819,53.64,32.95,28.80,25,1,,PRBS,,,0.000,0.000,0.000,0.000,0.000,0.000
1778297824,53.56,32.95,28.90,25,1,,PRBS,,,0.000,0.000,0.000,0.000,0.000,0.000
1778297829,53.43,32.95,29.00,25,1,,PRBS,,,0.000,0.000,0.000,0.000,0.000,0.000
1778297834,53.36,32.95,29.10,25,1,,PRBS,,,0.000,0.000,0.000,0.000,0.000,0.000
1778297839,53.27,32.95,29.20,25,1,,PRBS,,,0.000,0.000,0.000,0.000,0.000,0.000
1778297844,53.14,32.94,29.20,25,1,,PRBS,,,0.000,0.000,0.000,0.000,0.000,0.000
1778297849,53.03,32.94,29.30,25,1,,PRBS,,,0.000,0.000,0.000,0.000,0.000,0.000
1778297854,52.98,32.92,29.40,25,1,,PRBS,,,0.000,0.000,0.000,0.000,0.000,0.000
1778297859,52.88,32.94,29.50,25,1,,PRBS,,,0.000,0.000,0.000,0.000,0.000,0.000
1778297864,52.81,32.94,29.60,25,1,,PRBS,,,0.000,0.000,0.000,0.000,0.000,0.000
1778297869,52.74,32.95,29.70,25,1,,PRBS,,,0.000,0.000,0.000,0.000,0.000,0.000
1778297874,52.65,32.96,29.70,25,1,,PRBS,,,0.000,0.000,0.000,0.000,0.000,0.000
1778297879,52.60,32.96,29.80,25,1,,PRBS,,,0.000,0.000,0.000,0.000,0.000,0.000
1778297884,52.48,32.95,29.90,25,1,,PRBS,,,0.000,0.000,0.000,0.000,0.000,0.000
1778297889,52.43,32.98,30.00,25,1,,PRBS,,,0.000,0.000,0.000,0.000,0.000,0.000
1778297894,52.36,33.00,30.00,25,1,,PRBS,,,0.000,0.000,0.000,0.000,0.000,0.000
1778297899,52.30,33.00,30.00,25,1,,PRBS,,,0.000,0.000,0.000,0.000,0.000,0.000
1778297904,52.23,33.00,30.10,25,1,,PRBS,,,0.000,0.000,0.000,0.000,0.000,0.000
1778297909,52.16,33.02,30.10,25,1,,PRBS,,,0.000,0.000,0.000,0.000,0.000,0.000
1778297914,52.07,33.02,30.30,25,1,,PRBS,,,0.000,0.000,0.000,0.000,0.000,0.000
1778297919,51.99,33.02,30.30,25,1,,PRBS,,,0.000,0.000,0.000,0.000,0.000,0.000
1778297924,51.92,33.06,30.40,25,1,,PRBS,,,0.000,0.000,0.000,0.000,0.000,0.000
1778297929,51.86,33.09,30.40,25,1,,PRBS,,,0.000,0.000,0.000,0.000,0.000,0.000
1778297934,51.78,33.10,30.50,25,1,,PRBS,,,0.000,0.000,0.000,0.000,0.000,0.000
1778297939,51.71,33.13,30.50,25,1,,PRBS,,,0.000,0.000,0.000,0.000,0.000,0.000
1778297944,51.65,33.12,30.60,25,1,,PRBS,,,0.000,0.000,0.000,0.000,0.000,0.000
1778297949,51.60,33.16,30.70,25,1,,PRBS,,,0.000,0.000,0.000,0.000,0.000,0.000
1778297954,51.55,33.16,30.70,25,1,,PRBS,,,0.000,0.000,0.000,0.000,0.000,0.000
1778297959,51.48,33.16,30.70,25,1,,PRBS,,,0.000,0.000,0.000,0.000,0.000,0.000
1778297964,51.44,33.16,30.70,25,1,,PRBS,,,0.000,0.000,0.000,0.000,0.000,0.000
1778297969,51.35,33.15,30.80,25,1,,PRBS,,,0.000,0.000,0.000,0.000,0.000,0.000
1778297974,51.31,33.15,30.90,25,1,,PRBS,,,0.000,0.000,0.000,0.000,0.000,0.000
1778297979,51.26,33.15,30.90,25,1,,PRBS,,,0.000,0.000,0.000,0.000,0.000,0.000
1778297984,51.18,33.13,30.90,25,1,,PRBS,,,0.000,0.000,0.000,0.000,0.000,0.000
1778297989,51.14,33.13,30.90,25,1,,PRBS,,,0.000,0.000,0.000,0.000,0.000,0.000
1778297994,51.07,33.13,31.00,25,1,,PRBS,,,0.000,0.000,0.000,0.000,0.000,0.000
1778297999,51.03,33.10,31.10,25,1,,PRBS,,,0.000,0.000,0.000,0.000,0.000,0.000
1778298004,50.99,33.10,31.10,25,1,,PRBS,,,0.000,0.000,0.000,0.000,0.000,0.000
1778298009,50.91,33.10,31.10,25,1,,PRBS,,,0.000,0.000,0.000,0.000,0.000,0.000
1778298014,50.87,33.10,31.10,25,1,,PRBS,,,0.000,0.000,0.000,0.000,0.000,0.000
1778298019,50.82,33.13,31.20,25,1,,PRBS,,,0.000,0.000,0.000,0.000,0.000,0.000
1778298024,50.79,33.13,31.20,25,1,,PRBS,,,0.000,0.000,0.000,0.000,0.000,0.000
1778298029,50.74,33.10,31.20,25,1,,PRBS,,,0.000,0.000,0.000,0.000,0.000,0.000
1778298034,50.70,33.10,31.20,25,1,,PRBS,,,0.000,0.000,0.000,0.000,0.000,0.000
1778298039,50.63,33.10,31.20,25,1,,PRBS,,,0.000,0.000,0.000,0.000,0.000,0.000
1778298044,50.62,33.12,31.40,25,1,,PRBS,,,0.000,0.000,0.000,0.000,0.000,0.000
1778298049,50.55,33.09,31.40,25,1,,PRBS,,,0.000,0.000,0.000,0.000,0.000,0.000
1778298054,50.51,33.09,31.40,25,1,,PRBS,,,0.000,0.000,0.000,0.000,0.000,0.000
1778298059,50.45,33.07,31.40,25,1,,PRBS,,,0.000,0.000,0.000,0.000,0.000,0.000
1778298064,50.41,33.05,31.50,25,1,,PRBS,,,0.000,0.000,0.000,0.000,0.000,0.000
1778298069,50.39,32.99,31.60,25,1,,PRBS,,,0.000,0.000,0.000,0.000,0.000,0.000
1778298074,50.33,32.98,31.60,25,1,,PRBS,,,0.000,0.000,0.000,0.000,0.000,0.000
1778298079,50.29,32.95,31.60,25,1,,PRBS,,,0.000,0.000,0.000,0.000,0.000,0.000
1778298084,50.27,32.98,31.70,25,1,,PRBS,,,0.000,0.000,0.000,0.000,0.000,0.000
1778298089,50.22,32.99,31.60,25,1,,PRBS,,,0.000,0.000,0.000,0.000,0.000,0.000
1778298094,50.17,33.03,31.60,25,1,,PRBS,,,0.000,0.000,0.000,0.000,0.000,0.000
1778298099,50.14,33.00,31.70,25,1,,PRBS,,,0.000,0.000,0.000,0.000,0.000,0.000
1778298104,50.14,33.02,31.80,25,1,,PRBS,,,0.000,0.000,0.000,0.000,0.000,0.000
1778298109,50.07,33.00,31.80,25,1,,PRBS,,,0.000,0.000,0.000,0.000,0.000,0.000
1778298114,50.05,33.02,31.80,25,1,,PRBS,,,0.000,0.000,0.000,0.000,0.000,0.000
1778298119,50.03,33.00,31.80,25,1,,PRBS,,,0.000,0.000,0.000,0.000,0.000,0.000
1778298124,49.98,33.03,31.90,25,1,,PRBS,,,0.000,0.000,0.000,0.000,0.000,0.000
1778298129,49.92,33.00,31.90,25,1,,PRBS,,,0.000,0.000,0.000,0.000,0.000,0.000
1778298134,49.87,32.98,32.00,25,1,,PRBS,,,0.000,0.000,0.000,0.000,0.000,0.000
1778298139,49.83,32.99,32.00,25,1,,PRBS,,,0.000,0.000,0.000,0.000,0.000,0.000
1778298144,49.81,32.98,32.00,25,1,,PRBS,,,0.000,0.000,0.000,0.000,0.000,0.000
1778298149,49.78,32.95,32.00,25,1,,PRBS,,,0.000,0.000,0.000,0.000,0.000,0.000
1778298154,49.72,32.98,32.00,25,1,,PRBS,,,0.000,0.000,0.000,0.000,0.000,0.000
1778298159,49.70,32.96,32.00,25,1,,PRBS,,,0.000,0.000,0.000,0.000,0.000,0.000
1778298164,49.66,32.95,32.00,25,1,,PRBS,,,0.000,0.000,0.000,0.000,0.000,0.000
1778298169,49.64,32.94,32.10,25,1,,PRBS,,,0.000,0.000,0.000,0.000,0.000,0.000
1778298174,49.58,32.92,32.10,25,1,,PRBS,,,0.000,0.000,0.000,0.000,0.000,0.000
1778298179,49.54,32.94,32.10,25,1,,PRBS,,,0.000,0.000,0.000,0.000,0.000,0.000
1778298184,49.52,32.92,32.10,25,1,,PRBS,,,0.000,0.000,0.000,0.000,0.000,0.000
1778298189,49.49,32.87,32.10,25,1,,PRBS,,,0.000,0.000,0.000,0.000,0.000,0.000
1778298194,49.47,32.85,32.20,25,1,,PRBS,,,0.000,0.000,0.000,0.000,0.000,0.000
1778298199,49.45,32.80,32.10,25,1,,PRBS,,,0.000,0.000,0.000,0.000,0.000,0.000
1778298204,49.40,32.79,32.20,25,1,,PRBS,,,0.000,0.000,0.000,0.000,0.000,0.000
1778298209,49.39,32.78,32.20,25,1,,PRBS,,,0.000,0.000,0.000,0.000,0.000,0.000
1778298214,49.35,32.72,32.20,25,1,,PRBS,,,0.000,0.000,0.000,0.000,0.000,0.000
1778298219,49.32,32.67,32.20,25,1,,PRBS,,,0.000,0.000,0.000,0.000,0.000,0.000
1778298224,49.32,32.59,32.30,25,1,,PRBS,,,0.000,0.000,0.000,0.000,0.000,0.000
1778298229,49.30,32.48,32.30,25,1,,PRBS,,,0.000,0.000,0.000,0.000,0.000,0.000
1778298234,49.26,32.41,32.40,25,1,,PRBS,,,0.000,0.000,0.000,0.000,0.000,0.000
1778298239,49.25,32.38,32.40,25,1,,PRBS,,,0.000,0.000,0.000,0.000,0.000,0.000
1778298244,49.22,32.34,32.40,25,1,,PRBS,,,0.000,0.000,0.000,0.000,0.000,0.000
1778298249,49.18,32.30,32.50,25,1,,PRBS,,,0.000,0.000,0.000,0.000,0.000,0.000
1778298254,49.18,32.25,32.50,25,1,,PRBS,,,0.000,0.000,0.000,0.000,0.000,0.000
1778298259,49.15,32.24,32.50,25,1,,PRBS,,,0.000,0.000,0.000,0.000,0.000,0.000
1778298264,49.12,32.23,32.50,25,1,,PRBS,,,0.000,0.000,0.000,0.000,0.000,0.000
1778298269,49.08,32.23,32.50,25,1,,PRBS,,,0.000,0.000,0.000,0.000,0.000,0.000
1778298274,49.05,32.17,32.60,25,1,,PRBS,,,0.000,0.000,0.000,0.000,0.000,0.000
1778298279,49.02,32.17,32.50,25,1,,PRBS,,,0.000,0.000,0.000,0.000,0.000,0.000
1778298284,49.02,32.16,32.60,25,1,,PRBS,,,0.000,0.000,0.000,0.000,0.000,0.000
1778298289,48.98,32.17,32.50,25,1,,PRBS,,,0.000,0.000,0.000,0.000,0.000,0.000
1778298294,48.95,32.18,32.60,25,1,,PRBS,,,0.000,0.000,0.000,0.000,0.000,0.000
1778298299,48.92,32.20,32.60,25,1,,PRBS,,,0.000,0.000,0.000,0.000,0.000,0.000
1778298304,48.91,32.20,32.60,25,1,,PRBS,,,0.000,0.000,0.000,0.000,0.000,0.000
1778298309,48.88,32.23,32.60,25,1,,PRBS,,,0.000,0.000,0.000,0.000,0.000,0.000
1778298314,48.82,32.24,32.70,25,1,,PRBS,,,0.000,0.000,0.000,0.000,0.000,0.000
1778298319,48.79,32.21,32.70,25,1,,PRBS,,,0.000,0.000,0.000,0.000,0.000,0.000
1778298324,48.79,32.24,32.70,25,1,,PRBS,,,0.000,0.000,0.000,0.000,0.000,0.000
1778298329,48.75,32.18,32.70,25,1,,PRBS,,,0.000,0.000,0.000,0.000,0.000,0.000
1778298334,48.70,32.21,32.70,25,1,,PRBS,,,0.000,0.000,0.000,0.000,0.000,0.000
1778298339,48.67,32.23,32.70,25,1,,PRBS,,,0.000,0.000,0.000,0.000,0.000,0.000
1778298344,48.64,32.24,32.80,25,1,,PRBS,,,0.000,0.000,0.000,0.000,0.000,0.000
1778298349,48.63,32.30,32.80,25,1,,PRBS,,,0.000,0.000,0.000,0.000,0.000,0.000
1778298354,48.57,32.30,32.80,25,1,,PRBS,,,0.000,0.000,0.000,0.000,0.000,0.000
1778298359,48.54,32.28,32.80,25,1,,PRBS,,,0.000,0.000,0.000,0.000,0.000,0.000
1778298364,48.54,32.28,32.80,25,1,,PRBS,,,0.000,0.000,0.000,0.000,0.000,0.000
1778298369,48.48,32.30,32.80,25,1,,PRBS,,,0.000,0.000,0.000,0.000,0.000,0.000
1778298374,48.44,32.28,32.80,25,1,,PRBS,,,0.000,0.000,0.000,0.000,0.000,0.000
1778298379,48.43,32.31,32.90,25,1,,PRBS,,,0.000,0.000,0.000,0.000,0.000,0.000
1778298384,48.38,32.32,32.90,25,1,,PRBS,,,0.000,0.000,0.000,0.000,0.000,0.000
1778298389,48.36,32.30,32.90,25,1,,PRBS,,,0.000,0.000,0.000,0.000,0.000,0.000
1778298394,48.33,32.31,32.90,25,1,,PRBS,,,0.000,0.000,0.000,0.000,0.000,0.000
1778298399,48.31,32.31,32.90,25,1,,PRBS,,,0.000,0.000,0.000,0.000,0.000,0.000
1778298404,48.29,32.31,32.90,25,1,,PRBS,,,0.000,0.000,0.000,0.000,0.000,0.000
1778298409,48.26,32.31,32.90,25,1,,PRBS,,,0.000,0.000,0.000,0.000,0.000,0.000
1778298414,48.24,32.30,33.00,25,1,,PRBS,,,0.000,0.000,0.000,0.000,0.000,0.000
1778298419,48.21,32.27,32.90,25,1,,PRBS,,,0.000,0.000,0.000,0.000,0.000,0.000
1778298424,48.17,32.27,32.90,25,1,,PRBS,,,0.000,0.000,0.000,0.000,0.000,0.000
1778298429,48.15,32.27,33.00,25,1,,PRBS,,,0.000,0.000,0.000,0.000,0.000,0.000
1778298434,48.12,32.27,32.90,25,1,,PRBS,,,0.000,0.000,0.000,0.000,0.000,0.000
1778298439,48.09,32.25,33.00,25,1,,PRBS,,,0.000,0.000,0.000,0.000,0.000,0.000
1778298444,48.03,32.24,32.90,25,1,,PRBS,,,0.000,0.000,0.000,0.000,0.000,0.000
1778298449,48.00,32.18,32.90,25,1,,PRBS,,,0.000,0.000,0.000,0.000,0.000,0.000
1778298454,47.99,32.14,33.00,25,1,,PRBS,,,0.000,0.000,0.000,0.000,0.000,0.000
1778298459,47.97,32.16,33.00,25,1,,PRBS,,,0.000,0.000,0.000,0.000,0.000,0.000
1778298464,47.93,32.18,33.00,25,1,,PRBS,,,0.000,0.000,0.000,0.000,0.000,0.000
1778298469,47.92,32.18,33.00,25,1,,PRBS,,,0.000,0.000,0.000,0.000,0.000,0.000
1778298474,47.91,32.21,33.10,25,1,,PRBS,,,0.000,0.000,0.000,0.000,0.000,0.000
1778298479,47.86,32.23,33.10,25,1,,PRBS,,,0.000,0.000,0.000,0.000,0.000,0.000
1778298484,47.86,32.24,33.10,25,1,,PRBS,,,0.000,0.000,0.000,0.000,0.000,0.000
1778298489,47.85,32.27,33.10,25,1,,PRBS,,,0.000,0.000,0.000,0.000,0.000,0.000
1778298494,47.82,32.20,33.10,25,1,,PRBS,,,0.000,0.000,0.000,0.000,0.000,0.000
1778298499,47.78,32.17,33.10,25,1,,PRBS,,,0.000,0.000,0.000,0.000,0.000,0.000
1778298504,47.76,32.14,33.10,25,1,,PRBS,,,0.000,0.000,0.000,0.000,0.000,0.000
1778298509,47.74,32.17,33.10,25,1,,PRBS,,,0.000,0.000,0.000,0.000,0.000,0.000
1778298514,47.69,32.18,33.20,25,1,,PRBS,,,0.000,0.000,0.000,0.000,0.000,0.000
1778298519,47.68,32.20,33.20,25,1,,PRBS,,,0.000,0.000,0.000,0.000,0.000,0.000
1778298524,47.65,32.18,33.20,25,1,,PRBS,,,0.000,0.000,0.000,0.000,0.000,0.000
1778298529,47.62,32.17,33.20,25,1,,PRBS,,,0.000,0.000,0.000,0.000,0.000,0.000
1778298534,47.59,32.21,33.20,25,1,,PRBS,,,0.000,0.000,0.000,0.000,0.000,0.000
1778298539,47.58,32.24,33.20,25,1,,PRBS,,,0.000,0.000,0.000,0.000,0.000,0.000
1778298544,47.56,32.23,33.20,25,1,,PRBS,,,0.000,0.000,0.000,0.000,0.000,0.000
1778298549,47.55,32.24,33.30,25,1,,PRBS,,,0.000,0.000,0.000,0.000,0.000,0.000
1778298554,47.51,32.27,33.30,25,1,,PRBS,,,0.000,0.000,0.000,0.000,0.000,0.000
1778298559,47.47,32.25,33.30,25,1,,PRBS,,,0.000,0.000,0.000,0.000,0.000,0.000
1778298564,47.45,32.23,33.30,25,1,,PRBS,,,0.000,0.000,0.000,0.000,0.000,0.000
1778298569,47.42,32.21,33.40,25,1,,PRBS,,,0.000,0.000,0.000,0.000,0.000,0.000
1778298574,47.42,32.20,33.50,75,1,,PRBS,,,0.000,0.000,0.000,0.000,0.000,0.000
1778298579,47.39,32.16,33.50,75,1,,PRBS,,,0.000,0.000,0.000,0.000,0.000,0.000
1778298584,47.38,32.11,33.50,75,1,,PRBS,,,0.000,0.000,0.000,0.000,0.000,0.000
1778298589,47.39,32.07,33.40,75,1,,PRBS,,,0.000,0.000,0.000,0.000,0.000,0.000
1778298594,47.39,32.07,33.40,75,1,,PRBS,,,0.000,0.000,0.000,0.000,0.000,0.000
1778298599,47.44,32.06,33.40,75,1,,PRBS,,,0.000,0.000,0.000,0.000,0.000,0.000
1778298604,47.54,32.04,33.30,75,1,,PRBS,,,0.000,0.000,0.000,0.000,0.000,0.000
1778298609,47.58,32.07,33.20,75,1,,PRBS,,,0.000,0.000,0.000,0.000,0.000,0.000
1778298614,47.71,32.09,33.20,75,1,,PRBS,,,0.000,0.000,0.000,0.000,0.000,0.000
1778298619,47.78,32.13,33.00,75,1,,PRBS,,,0.000,0.000,0.000,0.000,0.000,0.000
1778298624,47.92,32.17,32.90,75,1,,PRBS,,,0.000,0.000,0.000,0.000,0.000,0.000
1778298629,48.03,32.23,32.80,75,1,,PRBS,,,0.000,0.000,0.000,0.000,0.000,0.000
1778298634,48.17,32.28,32.60,75,1,,PRBS,,,0.000,0.000,0.000,0.000,0.000,0.000
1778298639,48.30,32.30,32.40,75,1,,PRBS,,,0.000,0.000,0.000,0.000,0.000,0.000
1778298644,48.50,32.34,32.30,75,1,,PRBS,,,0.000,0.000,0.000,0.000,0.000,0.000
1778298649,48.65,32.35,32.10,75,1,,PRBS,,,0.000,0.000,0.000,0.000,0.000,0.000
1778298654,48.82,32.35,32.00,75,1,,PRBS,,,0.000,0.000,0.000,0.000,0.000,0.000
1778298659,48.98,32.41,31.90,75,1,,PRBS,,,0.000,0.000,0.000,0.000,0.000,0.000
1778298664,49.18,32.42,31.60,75,1,,PRBS,,,0.000,0.000,0.000,0.000,0.000,0.000
1778298669,49.39,32.44,31.50,75,1,,PRBS,,,0.000,0.000,0.000,0.000,0.000,0.000
1778298674,49.56,32.45,31.20,75,1,,PRBS,,,0.000,0.000,0.000,0.000,0.000,0.000
1778298679,49.72,32.49,31.10,75,1,,PRBS,,,0.000,0.000,0.000,0.000,0.000,0.000
1778298684,49.90,32.54,30.90,75,1,,PRBS,,,0.000,0.000,0.000,0.000,0.000,0.000
1778298689,50.09,32.54,30.70,75,1,,PRBS,,,0.000,0.000,0.000,0.000,0.000,0.000
1778298694,50.22,32.58,30.50,75,1,,PRBS,,,0.000,0.000,0.000,0.000,0.000,0.000
1778298699,50.44,32.58,30.40,75,1,,PRBS,,,0.000,0.000,0.000,0.000,0.000,0.000
1778298704,50.55,32.58,30.20,75,1,,PRBS,,,0.000,0.000,0.000,0.000,0.000,0.000
1778298709,50.69,32.65,30.00,75,1,,PRBS,,,0.000,0.000,0.000,0.000,0.000,0.000
1778298714,50.82,32.69,29.90,75,1,,PRBS,,,0.000,0.000,0.000,0.000,0.000,0.000
1778298719,50.99,32.69,29.80,75,1,,PRBS,,,0.000,0.000,0.000,0.000,0.000,0.000
1778298724,51.11,32.74,29.70,75,1,,PRBS,,,0.000,0.000,0.000,0.000,0.000,0.000
1778298729,51.24,32.78,29.50,75,1,,PRBS,,,0.000,0.000,0.000,0.000,0.000,0.000
1778298734,51.34,32.78,29.40,75,1,,PRBS,,,0.000,0.000,0.000,0.000,0.000,0.000
1778298739,51.46,32.79,29.20,75,1,,PRBS,,,0.000,0.000,0.000,0.000,0.000,0.000
1778298744,51.60,32.80,29.10,75,1,,PRBS,,,0.000,0.000,0.000,0.000,0.000,0.000
1778298749,51.69,32.78,29.00,75,1,,PRBS,,,0.000,0.000,0.000,0.000,0.000,0.000
1778298754,51.86,32.82,29.00,75,1,,PRBS,,,0.000,0.000,0.000,0.000,0.000,0.000
1778298759,51.99,32.80,28.80,75,1,,PRBS,,,0.000,0.000,0.000,0.000,0.000,0.000
1778298764,52.13,32.75,28.60,75,1,,PRBS,,,0.000,0.000,0.000,0.000,0.000,0.000
1778298769,52.23,32.68,28.50,75,1,,PRBS,,,0.000,0.000,0.000,0.000,0.000,0.000
1778298774,52.37,32.69,28.50,75,1,,PRBS,,,0.000,0.000,0.000,0.000,0.000,0.000
1778298779,52.46,32.72,28.40,75,1,,PRBS,,,0.000,0.000,0.000,0.000,0.000,0.000
1778298784,52.62,32.76,28.20,75,1,,PRBS,,,0.000,0.000,0.000,0.000,0.000,0.000
1778298789,52.68,32.79,28.10,75,1,,PRBS,,,0.000,0.000,0.000,0.000,0.000,0.000
1778298794,52.81,32.79,28.10,75,1,,PRBS,,,0.000,0.000,0.000,0.000,0.000,0.000
1778298799,52.91,32.78,28.00,75,1,,PRBS,,,0.000,0.000,0.000,0.000,0.000,0.000
1778298804,53.03,32.74,28.00,75,1,,PRBS,,,0.000,0.000,0.000,0.000,0.000,0.000
1778298809,53.15,32.75,27.80,75,1,,PRBS,,,0.000,0.000,0.000,0.000,0.000,0.000
1778298814,53.26,32.71,27.70,75,1,,PRBS,,,0.000,0.000,0.000,0.000,0.000,0.000
1778298819,53.36,32.74,27.70,75,1,,PRBS,,,0.000,0.000,0.000,0.000,0.000,0.000
1778298824,53.46,32.76,27.60,75,1,,PRBS,,,0.000,0.000,0.000,0.000,0.000,0.000
1778298829,53.61,32.79,27.50,75,1,,PRBS,,,0.000,0.000,0.000,0.000,0.000,0.000
1778298834,53.71,32.82,27.40,75,1,,PRBS,,,0.000,0.000,0.000,0.000,0.000,0.000
1778298839,53.81,32.87,27.30,75,1,,PRBS,,,0.000,0.000,0.000,0.000,0.000,0.000
1778298844,53.92,32.85,27.20,75,1,,PRBS,,,0.000,0.000,0.000,0.000,0.000,0.000
1778298849,54.00,32.82,27.20,75,1,,PRBS,,,0.000,0.000,0.000,0.000,0.000,0.000
1778298854,54.11,32.79,27.10,75,1,,PRBS,,,0.000,0.000,0.000,0.000,0.000,0.000
1778298859,54.19,32.76,27.10,75,1,,PRBS,,,0.000,0.000,0.000,0.000,0.000,0.000
1778298864,54.29,32.75,27.00,75,1,,PRBS,,,0.000,0.000,0.000,0.000,0.000,0.000
1778298869,54.39,32.75,27.00,75,1,,PRBS,,,0.000,0.000,0.000,0.000,0.000,0.000
1778298874,54.46,32.75,26.90,75,1,,PRBS,,,0.000,0.000,0.000,0.000,0.000,0.000
1778298879,54.58,32.67,26.90,75,1,,PRBS,,,0.000,0.000,0.000,0.000,0.000,0.000
1778298884,54.63,32.61,26.90,75,1,,PRBS,,,0.000,0.000,0.000,0.000,0.000,0.000
1778298889,54.74,32.59,26.80,75,1,,PRBS,,,0.000,0.000,0.000,0.000,0.000,0.000
1778298894,54.83,32.59,26.70,75,1,,PRBS,,,0.000,0.000,0.000,0.000,0.000,0.000
1778298899,54.91,32.64,26.70,75,1,,PRBS,,,0.000,0.000,0.000,0.000,0.000,0.000
1778298904,54.98,32.62,26.70,75,1,,PRBS,,,0.000,0.000,0.000,0.000,0.000,0.000
1778298909,55.11,32.61,26.70,75,1,,PRBS,,,0.000,0.000,0.000,0.000,0.000,0.000
1778298914,55.19,32.54,26.60,75,1,,PRBS,,,0.000,0.000,0.000,0.000,0.000,0.000
1778298919,55.28,32.55,26.50,75,1,,PRBS,,,0.000,0.000,0.000,0.000,0.000,0.000
1778298924,55.34,32.52,26.50,75,1,,PRBS,,,0.000,0.000,0.000,0.000,0.000,0.000
1778298929,55.44,32.49,26.50,75,1,,PRBS,,,0.000,0.000,0.000,0.000,0.000,0.000
1778298934,55.53,32.51,26.50,75,1,,PRBS,,,0.000,0.000,0.000,0.000,0.000,0.000
1778298939,55.61,32.47,26.40,75,1,,PRBS,,,0.000,0.000,0.000,0.000,0.000,0.000
1778298944,55.73,32.47,26.40,75,1,,PRBS,,,0.000,0.000,0.000,0.000,0.000,0.000
1778298949,55.78,32.44,26.30,75,1,,PRBS,,,0.000,0.000,0.000,0.000,0.000,0.000
1778298954,55.85,32.42,26.20,75,1,,PRBS,,,0.000,0.000,0.000,0.000,0.000,0.000
1778298959,55.90,32.49,26.20,75,1,,PRBS,,,0.000,0.000,0.000,0.000,0.000,0.000
1778298964,55.96,32.51,26.20,75,1,,PRBS,,,0.000,0.000,0.000,0.000,0.000,0.000
1778298969,56.06,32.51,26.10,75,1,,PRBS,,,0.000,0.000,0.000,0.000,0.000,0.000
1778298974,56.10,32.51,26.10,75,1,,PRBS,,,0.000,0.000,0.000,0.000,0.000,0.000
1778298979,56.13,32.57,26.10,75,1,,PRBS,,,0.000,0.000,0.000,0.000,0.000,0.000
1778298984,56.16,32.52,26.00,75,1,,PRBS,,,0.000,0.000,0.000,0.000,0.000,0.000
1778298989,56.23,32.58,26.00,75,1,,PRBS,,,0.000,0.000,0.000,0.000,0.000,0.000
1778298994,56.24,32.57,26.00,75,1,,PRBS,,,0.000,0.000,0.000,0.000,0.000,0.000
1778298999,56.33,32.57,26.00,75,1,,PRBS,,,0.000,0.000,0.000,0.000,0.000,0.000
1778299004,56.43,32.59,25.90,75,1,,PRBS,,,0.000,0.000,0.000,0.000,0.000,0.000
1778299009,56.45,32.57,25.90,75,1,,PRBS,,,0.000,0.000,0.000,0.000,0.000,0.000
1778299014,56.51,32.58,25.90,75,1,,PRBS,,,0.000,0.000,0.000,0.000,0.000,0.000
1778299019,56.60,32.57,25.80,75,1,,PRBS,,,0.000,0.000,0.000,0.000,0.000,0.000
1778299024,56.65,32.57,25.80,75,1,,PRBS,,,0.000,0.000,0.000,0.000,0.000,0.000
1778299029,56.74,32.57,25.80,75,1,,PRBS,,,0.000,0.000,0.000,0.000,0.000,0.000
1778299034,56.77,32.52,25.80,75,1,,PRBS,,,0.000,0.000,0.000,0.000,0.000,0.000
1778299039,56.83,32.52,25.70,75,1,,PRBS,,,0.000,0.000,0.000,0.000,0.000,0.000
1778299044,56.86,32.54,25.70,75,1,,PRBS,,,0.000,0.000,0.000,0.000,0.000,0.000
1778299049,56.95,32.57,25.60,75,1,,PRBS,,,0.000,0.000,0.000,0.000,0.000,0.000
1778299054,56.94,32.59,25.70,75,1,,PRBS,,,0.000,0.000,0.000,0.000,0.000,0.000
1778299059,56.96,32.64,25.60,75,1,,PRBS,,,0.000,0.000,0.000,0.000,0.000,0.000
1778299064,57.03,32.62,25.60,75,1,,PRBS,,,0.000,0.000,0.000,0.000,0.000,0.000
1778299069,57.07,32.59,25.60,75,1,,PRBS,,,0.000,0.000,0.000,0.000,0.000,0.000
1778299074,57.13,32.57,25.50,75,1,,PRBS,,,0.000,0.000,0.000,0.000,0.000,0.000
1778299079,57.19,32.57,25.50,75,1,,PRBS,,,0.000,0.000,0.000,0.000,0.000,0.000
1778299084,57.26,32.59,25.50,75,1,,PRBS,,,0.000,0.000,0.000,0.000,0.000,0.000
1778299089,57.30,32.57,25.50,75,1,,PRBS,,,0.000,0.000,0.000,0.000,0.000,0.000
1778299094,57.36,32.61,25.50,75,1,,PRBS,,,0.000,0.000,0.000,0.000,0.000,0.000
1778299099,57.40,32.64,25.50,75,1,,PRBS,,,0.000,0.000,0.000,0.000,0.000,0.000
1778299104,57.47,32.67,25.40,75,1,,PRBS,,,0.000,0.000,0.000,0.000,0.000,0.000
1778299109,57.53,32.67,25.40,75,1,,PRBS,,,0.000,0.000,0.000,0.000,0.000,0.000
1778299114,57.54,32.67,25.40,75,1,,PRBS,,,0.000,0.000,0.000,0.000,0.000,0.000
1778299119,57.58,32.67,25.40,75,1,,PRBS,,,0.000,0.000,0.000,0.000,0.000,0.000
1778299124,57.65,32.69,25.40,75,1,,PRBS,,,0.000,0.000,0.000,0.000,0.000,0.000
1778299129,57.72,32.75,25.40,75,1,,PRBS,,,0.000,0.000,0.000,0.000,0.000,0.000
1778299134,57.78,32.76,25.20,75,1,,PRBS,,,0.000,0.000,0.000,0.000,0.000,0.000
1778299139,57.81,32.76,25.30,75,1,,PRBS,,,0.000,0.000,0.000,0.000,0.000,0.000
1778299144,57.87,32.74,25.30,75,1,,PRBS,,,0.000,0.000,0.000,0.000,0.000,0.000
1778299149,57.97,32.72,25.20,75,1,,PRBS,,,0.000,0.000,0.000,0.000,0.000,0.000
1778299154,58.02,32.74,25.20,75,1,,PRBS,,,0.000,0.000,0.000,0.000,0.000,0.000
1778299159,58.06,32.72,25.10,25,1,,PRBS,,,0.000,0.000,0.000,0.000,0.000,0.000
1778299164,58.11,32.69,25.20,25,1,,PRBS,,,0.000,0.000,0.000,0.000,0.000,0.000
1778299169,58.16,32.71,25.10,25,1,,PRBS,,,0.000,0.000,0.000,0.000,0.000,0.000
1778299174,58.19,32.72,25.10,25,1,,PRBS,,,0.000,0.000,0.000,0.000,0.000,0.000
1778299179,58.25,32.71,25.00,25,1,,PRBS,,,0.000,0.000,0.000,0.000,0.000,0.000
1778299184,58.24,32.74,25.10,25,1,,PRBS,,,0.000,0.000,0.000,0.000,0.000,0.000
1778299189,58.17,32.74,25.10,25,1,,PRBS,,,0.000,0.000,0.000,0.000,0.000,0.000
1778299194,58.11,32.74,25.20,25,1,,PRBS,,,0.000,0.000,0.000,0.000,0.000,0.000
1778299199,58.04,32.72,25.20,25,1,,PRBS,,,0.000,0.000,0.000,0.000,0.000,0.000
1778299204,57.97,32.74,25.30,25,1,,PRBS,,,0.000,0.000,0.000,0.000,0.000,0.000
1778299209,57.89,32.72,25.30,25,1,,PRBS,,,0.000,0.000,0.000,0.000,0.000,0.000
1778299214,57.78,32.72,25.40,25,1,,PRBS,,,0.000,0.000,0.000,0.000,0.000,0.000
1778299219,57.67,32.71,25.50,75,1,,PRBS,,,0.000,0.000,0.000,0.000,0.000,0.000
1778299224,57.53,32.71,25.60,75,1,,PRBS,,,0.000,0.000,0.000,0.000,0.000,0.000
1778299229,57.37,32.71,25.70,75,1,,PRBS,,,0.000,0.000,0.000,0.000,0.000,0.000
1778299234,57.27,32.74,25.80,75,1,,PRBS,,,0.000,0.000,0.000,0.000,0.000,0.000
1778299239,57.15,32.74,25.90,75,1,,PRBS,,,0.000,0.000,0.000,0.000,0.000,0.000
1778299244,57.09,32.72,25.90,75,1,,PRBS,,,0.000,0.000,0.000,0.000,0.000,0.000
1778299249,57.01,32.76,26.00,75,1,,PRBS,,,0.000,0.000,0.000,0.000,0.000,0.000
1778299254,56.95,32.75,26.10,75,1,,PRBS,,,0.000,0.000,0.000,0.000,0.000,0.000
1778299259,56.90,32.78,26.10,75,1,,PRBS,,,0.000,0.000,0.000,0.000,0.000,0.000
1778299264,56.86,32.78,26.10,75,1,,PRBS,,,0.000,0.000,0.000,0.000,0.000,0.000
1778299269,56.85,32.79,26.20,75,1,,PRBS,,,0.000,0.000,0.000,0.000,0.000,0.000
1778299274,56.88,32.79,26.20,75,1,,PRBS,,,0.000,0.000,0.000,0.000,0.000,0.000
1778299279,56.86,32.78,26.20,75,1,,PRBS,,,0.000,0.000,0.000,0.000,0.000,0.000
1778299284,56.88,32.80,26.10,75,1,,PRBS,,,0.000,0.000,0.000,0.000,0.000,0.000
1778299289,56.90,32.80,26.20,75,1,,PRBS,,,0.000,0.000,0.000,0.000,0.000,0.000
1778299294,56.99,32.83,26.10,25,1,,PRBS,,,0.000,0.000,0.000,0.000,0.000,0.000
1778299299,57.05,32.85,26.10,25,1,,PRBS,,,0.000,0.000,0.000,0.000,0.000,0.000
1778299304,57.10,32.94,26.00,25,1,,PRBS,,,0.000,0.000,0.000,0.000,0.000,0.000
1778299309,57.10,32.94,25.90,25,1,,PRBS,,,0.000,0.000,0.000,0.000,0.000,0.000
1778299314,57.13,32.94,26.00,25,1,,PRBS,,,0.000,0.000,0.000,0.000,0.000,0.000
1778299319,57.16,32.96,25.90,25,1,,PRBS,,,0.000,0.000,0.000,0.000,0.000,0.000
1778299324,57.12,32.94,25.90,25,1,,PRBS,,,0.000,0.000,0.000,0.000,0.000,0.000
1778299329,57.12,32.94,25.90,25,1,,PRBS,,,0.000,0.000,0.000,0.000,0.000,0.000
1778299334,57.07,32.92,26.00,25,1,,PRBS,,,0.000,0.000,0.000,0.000,0.000,0.000
1778299339,57.02,32.92,26.00,25,1,,PRBS,,,0.000,0.000,0.000,0.000,0.000,0.000
1778299344,56.98,32.92,26.00,25,1,,PRBS,,,0.000,0.000,0.000,0.000,0.000,0.000
1778299349,56.88,32.90,26.10,25,1,,PRBS,,,0.000,0.000,0.000,0.000,0.000,0.000
1778299354,56.81,32.87,26.20,25,1,,PRBS,,,0.000,0.000,0.000,0.000,0.000,0.000
1778299359,56.71,32.89,26.20,25,1,,PRBS,,,0.000,0.000,0.000,0.000,0.000,0.000
1778299364,56.58,32.92,26.30,25,1,,PRBS,,,0.000,0.000,0.000,0.000,0.000,0.000
1778299369,56.48,32.90,26.40,25,1,,PRBS,,,0.000,0.000,0.000,0.000,0.000,0.000
1778299374,56.35,32.94,26.50,25,1,,PRBS,,,0.000,0.000,0.000,0.000,0.000,0.000
1778299379,56.26,32.92,26.50,25,1,,PRBS,,,0.000,0.000,0.000,0.000,0.000,0.000
1778299384,56.14,32.90,26.60,25,1,,PRBS,,,0.000,0.000,0.000,0.000,0.000,0.000
1778299389,56.00,32.85,26.70,25,1,,PRBS,,,0.000,0.000,0.000,0.000,0.000,0.000
1778299394,55.85,32.86,26.80,25,1,,PRBS,,,0.000,0.000,0.000,0.000,0.000,0.000
1778299399,55.72,32.85,27.00,25,1,,PRBS,,,0.000,0.000,0.000,0.000,0.000,0.000
1778299404,55.61,32.85,26.90,25,1,,PRBS,,,0.000,0.000,0.000,0.000,0.000,0.000
1778299409,55.49,32.82,27.10,25,1,,PRBS,,,0.000,0.000,0.000,0.000,0.000,0.000
1778299414,55.33,32.80,27.20,25,1,,PRBS,,,0.000,0.000,0.000,0.000,0.000,0.000
1778299419,55.21,32.82,27.30,25,1,,PRBS,,,0.000,0.000,0.000,0.000,0.000,0.000
1778299424,55.10,32.82,27.40,25,1,,PRBS,,,0.000,0.000,0.000,0.000,0.000,0.000
1778299429,54.97,32.79,27.50,25,1,,PRBS,,,0.000,0.000,0.000,0.000,0.000,0.000
1778299434,54.85,32.79,27.60,25,1,,PRBS,,,0.000,0.000,0.000,0.000,0.000,0.000
1778299439,54.74,32.76,27.70,25,1,,PRBS,,,0.000,0.000,0.000,0.000,0.000,0.000
1778299444,54.58,32.76,27.80,25,1,,PRBS,,,0.000,0.000,0.000,0.000,0.000,0.000
1778299449,54.45,32.72,27.90,25,1,,PRBS,,,0.000,0.000,0.000,0.000,0.000,0.000
1778299454,54.38,32.71,28.00,25,1,,PRBS,,,0.000,0.000,0.000,0.000,0.000,0.000
1778299459,54.25,32.65,28.00,25,1,,PRBS,,,0.000,0.000,0.000,0.000,0.000,0.000
1778299464,54.12,32.59,28.10,25,1,,PRBS,,,0.000,0.000,0.000,0.000,0.000,0.000
1778299469,54.03,32.57,28.20,25,1,,PRBS,,,0.000,0.000,0.000,0.000,0.000,0.000
1778299474,53.90,32.52,28.30,25,1,,PRBS,,,0.000,0.000,0.000,0.000,0.000,0.000
1778299479,53.80,32.52,28.40,25,1,,PRBS,,,0.000,0.000,0.000,0.000,0.000,0.000
1778299484,53.71,32.57,28.50,25,1,,PRBS,,,0.000,0.000,0.000,0.000,0.000,0.000
1778299489,53.59,32.65,28.60,25,1,,PRBS,,,0.000,0.000,0.000,0.000,0.000,0.000
1778299494,53.50,32.68,28.60,25,1,,PRBS,,,0.000,0.000,0.000,0.000,0.000,0.000
1778299499,53.37,32.67,28.70,25,1,,PRBS,,,0.000,0.000,0.000,0.000,0.000,0.000
1778299504,53.32,32.62,28.80,25,1,,PRBS,,,0.000,0.000,0.000,0.000,0.000,0.000
1778299509,53.21,32.64,28.80,25,1,,PRBS,,,0.000,0.000,0.000,0.000,0.000,0.000
1778299514,53.09,32.67,28.90,25,1,,PRBS,,,0.000,0.000,0.000,0.000,0.000,0.000
1778299519,53.02,32.65,29.00,25,1,,PRBS,,,0.000,0.000,0.000,0.000,0.000,0.000
1778299524,52.91,32.65,29.00,25,1,,PRBS,,,0.000,0.000,0.000,0.000,0.000,0.000
1778299529,52.81,32.68,29.10,25,1,,PRBS,,,0.000,0.000,0.000,0.000,0.000,0.000
1778299534,52.74,32.67,29.20,25,1,,PRBS,,,0.000,0.000,0.000,0.000,0.000,0.000
1778299539,52.68,32.67,29.30,25,1,,PRBS,,,0.000,0.000,0.000,0.000,0.000,0.000
1778299544,52.60,32.64,29.30,25,1,,PRBS,,,0.000,0.000,0.000,0.000,0.000,0.000
1778299549,52.53,32.62,29.40,25,1,,PRBS,,,0.000,0.000,0.000,0.000,0.000,0.000
1778299554,52.43,32.64,29.50,25,1,,PRBS,,,0.000,0.000,0.000,0.000,0.000,0.000
1778299559,52.34,32.64,29.50,25,1,,PRBS,,,0.000,0.000,0.000,0.000,0.000,0.000
1778299564,52.28,32.65,29.60,25,1,,PRBS,,,0.000,0.000,0.000,0.000,0.000,0.000
1778299569,52.19,32.67,29.60,75,1,,PRBS,,,0.000,0.000,0.000,0.000,0.000,0.000
1778299574,52.13,32.62,29.70,75,1,,PRBS,,,0.000,0.000,0.000,0.000,0.000,0.000
1778299579,52.06,32.64,29.80,75,1,,PRBS,,,0.000,0.000,0.000,0.000,0.000,0.000
1778299584,52.02,32.64,29.80,75,1,,PRBS,,,0.000,0.000,0.000,0.000,0.000,0.000
1778299589,52.00,32.61,29.80,75,1,,PRBS,,,0.000,0.000,0.000,0.000,0.000,0.000
1778299594,51.98,32.65,29.80,75,1,,PRBS,,,0.000,0.000,0.000,0.000,0.000,0.000
1778299599,52.00,32.64,29.80,75,1,,PRBS,,,0.000,0.000,0.000,0.000,0.000,0.000
1778299604,52.06,32.62,29.80,75,1,,PRBS,,,0.000,0.000,0.000,0.000,0.000,0.000
1778299609,52.13,32.58,29.80,75,1,,PRBS,,,0.000,0.000,0.000,0.000,0.000,0.000
1778299614,52.20,32.59,29.70,75,1,,PRBS,,,0.000,0.000,0.000,0.000,0.000,0.000
1778299619,52.30,32.59,29.60,75,1,,PRBS,,,0.000,0.000,0.000,0.000,0.000,0.000
1778299624,52.43,32.58,29.50,75,1,,PRBS,,,0.000,0.000,0.000,0.000,0.000,0.000
1778299629,52.51,32.59,29.50,75,1,,PRBS,,,0.000,0.000,0.000,0.000,0.000,0.000
1778299634,52.67,32.64,29.40,75,1,,PRBS,,,0.000,0.000,0.000,0.000,0.000,0.000
1778299639,52.81,32.67,29.20,75,1,,PRBS,,,0.000,0.000,0.000,0.000,0.000,0.000
1778299644,52.92,32.65,29.10,75,1,,PRBS,,,0.000,0.000,0.000,0.000,0.000,0.000
1778299649,53.08,32.65,29.00,75,1,,PRBS,,,0.000,0.000,0.000,0.000,0.000,0.000
1778299654,53.22,32.65,28.90,75,1,,PRBS,,,0.000,0.000,0.000,0.000,0.000,0.000
1778299659,53.36,32.69,28.80,75,1,,PRBS,,,0.000,0.000,0.000,0.000,0.000,0.000
1778299664,53.49,32.69,28.60,75,1,,PRBS,,,0.000,0.000,0.000,0.000,0.000,0.000
1778299669,53.63,32.65,28.50,75,1,,PRBS,,,0.000,0.000,0.000,0.000,0.000,0.000
1778299674,53.84,32.65,28.40,75,1,,PRBS,,,0.000,0.000,0.000,0.000,0.000,0.000
1778299679,54.00,32.65,28.30,75,1,,PRBS,,,0.000,0.000,0.000,0.000,0.000,0.000
1778299684,54.17,32.65,28.10,75,1,,PRBS,,,0.000,0.000,0.000,0.000,0.000,0.000
1778299689,54.32,32.72,28.00,75,1,,PRBS,,,0.000,0.000,0.000,0.000,0.000,0.000
1778299694,54.46,32.72,27.90,75,1,,PRBS,,,0.000,0.000,0.000,0.000,0.000,0.000
1778299699,54.59,32.72,27.80,75,1,,PRBS,,,0.000,0.000,0.000,0.000,0.000,0.000
1778299704,54.74,32.74,27.60,75,1,,PRBS,,,0.000,0.000,0.000,0.000,0.000,0.000
1778299709,54.90,32.74,27.60,75,1,,PRBS,,,0.000,0.000,0.000,0.000,0.000,0.000
1778299714,55.08,32.78,27.50,75,1,,PRBS,,,0.000,0.000,0.000,0.000,0.000,0.000
1778299719,55.19,32.79,27.40,75,1,,PRBS,,,0.000,0.000,0.000,0.000,0.000,0.000
1778299724,55.34,32.79,27.20,75,1,,PRBS,,,0.000,0.000,0.000,0.000,0.000,0.000
1778299729,55.45,32.82,27.20,75,1,,PRBS,,,0.000,0.000,0.000,0.000,0.000,0.000
1778299734,55.56,32.82,27.10,75,1,,PRBS,,,0.000,0.000,0.000,0.000,0.000,0.000
1778299739,55.70,32.85,26.90,75,1,,PRBS,,,0.000,0.000,0.000,0.000,0.000,0.000
1778299744,55.83,32.87,26.90,75,1,,PRBS,,,0.000,0.000,0.000,0.000,0.000,0.000
1778299749,55.96,32.92,26.70,75,1,,PRBS,,,0.000,0.000,0.000,0.000,0.000,0.000
1778299754,56.07,32.90,26.60,75,1,,PRBS,,,0.000,0.000,0.000,0.000,0.000,0.000
1778299759,56.20,32.89,26.50,75,1,,PRBS,,,0.000,0.000,0.000,0.000,0.000,0.000
1778299764,56.35,32.85,26.50,75,1,,PRBS,,,0.000,0.000,0.000,0.000,0.000,0.000
1778299769,56.45,32.82,26.40,75,1,,PRBS,,,0.000,0.000,0.000,0.000,0.000,0.000
1778299774,56.58,32.80,26.30,75,1,,PRBS,,,0.000,0.000,0.000,0.000,0.000,0.000
1778299779,56.71,32.80,26.30,75,1,,PRBS,,,0.000,0.000,0.000,0.000,0.000,0.000
1778299784,56.77,32.80,26.20,75,1,,PRBS,,,0.000,0.000,0.000,0.000,0.000,0.000
1778299789,56.89,32.72,26.10,75,1,,PRBS,,,0.000,0.000,0.000,0.000,0.000,0.000
1778299794,56.98,32.71,26.10,75,1,,PRBS,,,0.000,0.000,0.000,0.000,0.000,0.000
1778299799,57.09,32.76,26.00,75,1,,PRBS,,,0.000,0.000,0.000,0.000,0.000,0.000
1778299804,57.16,32.79,25.80,75,1,,PRBS,,,0.000,0.000,0.000,0.000,0.000,0.000
1778299809,57.25,32.80,25.80,75,1,,PRBS,,,0.000,0.000,0.000,0.000,0.000,0.000
1778299814,57.32,32.80,25.80,75,1,,PRBS,,,0.000,0.000,0.000,0.000,0.000,0.000
1778299819,57.43,32.80,25.70,75,1,,PRBS,,,0.000,0.000,0.000,0.000,0.000,0.000
1778299824,57.57,32.79,25.70,75,1,,PRBS,,,0.000,0.000,0.000,0.000,0.000,0.000
1778299829,57.65,32.79,25.60,75,1,,PRBS,,,0.000,0.000,0.000,0.000,0.000,0.000
1778299834,57.70,32.76,25.60,75,1,,PRBS,,,0.000,0.000,0.000,0.000,0.000,0.000
1778299839,57.81,32.75,25.50,75,1,,PRBS,,,0.000,0.000,0.000,0.000,0.000,0.000
1778299844,57.88,32.78,25.50,75,1,,PRBS,,,0.000,0.000,0.000,0.000,0.000,0.000
1778299849,57.91,32.76,25.40,75,1,,PRBS,,,0.000,0.000,0.000,0.000,0.000,0.000
1778299854,58.04,32.79,25.40,75,1,,PRBS,,,0.000,0.000,0.000,0.000,0.000,0.000
1778299859,58.11,32.86,25.30,75,1,,PRBS,,,0.000,0.000,0.000,0.000,0.000,0.000
1778299864,58.16,32.80,25.30,75,1,,PRBS,,,0.000,0.000,0.000,0.000,0.000,0.000
1778299869,58.22,32.76,25.20,75,1,,PRBS,,,0.000,0.000,0.000,0.000,0.000,0.000
1778299874,58.33,32.82,25.20,75,1,,PRBS,,,0.000,0.000,0.000,0.000,0.000,0.000
1778299879,58.36,32.86,25.10,75,1,,PRBS,,,0.000,0.000,0.000,0.000,0.000,0.000
1778299884,58.47,32.87,25.00,75,1,,PRBS,,,0.000,0.000,0.000,0.000,0.000,0.000
1778299889,58.53,32.92,24.90,75,1,,PRBS,,,0.000,0.000,0.000,0.000,0.000,0.000
1778299894,58.57,32.86,24.90,75,1,,PRBS,,,0.000,0.000,0.000,0.000,0.000,0.000
1778299899,58.69,32.83,24.80,75,1,,PRBS,,,0.000,0.000,0.000,0.000,0.000,0.000
1778299904,58.67,32.85,24.80,75,1,,PRBS,,,0.000,0.000,0.000,0.000,0.000,0.000
1778299909,58.71,32.87,24.80,75,1,,PRBS,,,0.000,0.000,0.000,0.000,0.000,0.000
1778299914,58.76,32.94,24.70,75,1,,PRBS,,,0.000,0.000,0.000,0.000,0.000,0.000
1778299919,58.80,32.99,24.70,75,1,,PRBS,,,0.000,0.000,0.000,0.000,0.000,0.000
1778299924,58.87,33.03,24.60,75,1,,PRBS,,,0.000,0.000,0.000,0.000,0.000,0.000
1778299929,58.90,33.06,24.60,75,1,,PRBS,,,0.000,0.000,0.000,0.000,0.000,0.000
1778299934,58.95,33.12,24.50,75,1,,PRBS,,,0.000,0.000,0.000,0.000,0.000,0.000
1778299939,59.04,33.10,24.50,75,1,,PRBS,,,0.000,0.000,0.000,0.000,0.000,0.000
1778299944,59.08,33.13,24.50,75,1,,PRBS,,,0.000,0.000,0.000,0.000,0.000,0.000
1778299949,59.10,33.19,24.50,75,1,,PRBS,,,0.000,0.000,0.000,0.000,0.000,0.000
1778299954,59.15,33.23,24.50,75,1,,PRBS,,,0.000,0.000,0.000,0.000,0.000,0.000
1778299959,59.19,33.23,24.40,75,1,,PRBS,,,0.000,0.000,0.000,0.000,0.000,0.000
1778299964,59.25,33.27,24.40,75,1,,PRBS,,,0.000,0.000,0.000,0.000,0.000,0.000
1778299969,59.34,33.26,24.30,75,1,,PRBS,,,0.000,0.000,0.000,0.000,0.000,0.000
1778299974,59.36,33.24,24.30,75,1,,PRBS,,,0.000,0.000,0.000,0.000,0.000,0.000
1778299979,59.39,33.24,24.20,75,1,,PRBS,,,0.000,0.000,0.000,0.000,0.000,0.000
1778299984,59.43,33.23,24.10,75,1,,PRBS,,,0.000,0.000,0.000,0.000,0.000,0.000
1778299989,59.48,33.20,24.20,75,1,,PRBS,,,0.000,0.000,0.000,0.000,0.000,0.000
1778299994,59.53,33.16,24.10,75,1,,PRBS,,,0.000,0.000,0.000,0.000,0.000,0.000
1778299999,59.62,33.15,24.10,75,1,,PRBS,,,0.000,0.000,0.000,0.000,0.000,0.000
1778300004,59.68,33.10,24.10,75,1,,PRBS,,,0.000,0.000,0.000,0.000,0.000,0.000
1778300009,59.70,33.09,24.10,75,1,,PRBS,,,0.000,0.000,0.000,0.000,0.000,0.000
1778300014,59.73,33.05,24.00,75,1,,PRBS,,,0.000,0.000,0.000,0.000,0.000,0.000
1778300019,59.77,33.07,24.00,75,1,,PRBS,,,0.000,0.000,0.000,0.000,0.000,0.000
1778300024,59.83,32.96,24.00,75,1,,PRBS,,,0.000,0.000,0.000,0.000,0.000,0.000
1778300029,59.86,32.94,24.00,75,1,,PRBS,,,0.000,0.000,0.000,0.000,0.000,0.000
1778300034,59.93,32.99,24.00,75,1,,PRBS,,,0.000,0.000,0.000,0.000,0.000,0.000
1778300039,59.95,32.96,23.90,75,1,,PRBS,,,0.000,0.000,0.000,0.000,0.000,0.000
1778300044,59.99,32.89,23.90,75,1,,PRBS,,,0.000,0.000,0.000,0.000,0.000,0.000
1778300049,59.99,32.85,23.90,75,1,,PRBS,,,0.000,0.000,0.000,0.000,0.000,0.000
1778300054,60.08,32.82,23.90,75,1,,PRBS,,,0.000,0.000,0.000,0.000,0.000,0.000
1778300059,60.13,32.83,23.90,75,1,,PRBS,,,0.000,0.000,0.000,0.000,0.000,0.000
1778300064,60.15,32.86,23.80,75,1,,PRBS,,,0.000,0.000,0.000,0.000,0.000,0.000
1778300069,60.21,32.89,23.80,75,1,,PRBS,,,0.000,0.000,0.000,0.000,0.000,0.000
1778300074,60.25,32.87,23.80,75,1,,PRBS,,,0.000,0.000,0.000,0.000,0.000,0.000
1778300079,60.30,32.86,23.80,75,1,,PRBS,,,0.000,0.000,0.000,0.000,0.000,0.000
1778300084,60.35,32.79,23.80,75,1,,PRBS,,,0.000,0.000,0.000,0.000,0.000,0.000
1778300089,60.35,32.79,23.70,75,1,,PRBS,,,0.000,0.000,0.000,0.000,0.000,0.000
1778300094,60.44,32.74,23.70,75,1,,PRBS,,,0.000,0.000,0.000,0.000,0.000,0.000
1778300099,60.47,32.68,23.70,75,1,,PRBS,,,0.000,0.000,0.000,0.000,0.000,0.000
1778300104,60.51,32.68,23.70,75,1,,PRBS,,,0.000,0.000,0.000,0.000,0.000,0.000
1778300109,60.56,32.69,23.70,75,1,,PRBS,,,0.000,0.000,0.000,0.000,0.000,0.000
1778300114,60.58,32.71,23.60,75,1,,PRBS,,,0.000,0.000,0.000,0.000,0.000,0.000
1778300119,60.62,32.71,23.60,75,1,,PRBS,,,0.000,0.000,0.000,0.000,0.000,0.000
1778300124,60.66,32.72,23.60,75,1,,PRBS,,,0.000,0.000,0.000,0.000,0.000,0.000
1778300129,60.65,32.69,23.60,75,1,,PRBS,,,0.000,0.000,0.000,0.000,0.000,0.000
1778300134,60.72,32.67,23.70,75,1,,PRBS,,,0.000,0.000,0.000,0.000,0.000,0.000
1778300139,60.75,32.68,23.60,75,1,,PRBS,,,0.000,0.000,0.000,0.000,0.000,0.000
1778300144,60.83,32.68,23.60,75,1,,PRBS,,,0.000,0.000,0.000,0.000,0.000,0.000
1778300149,60.83,32.75,23.50,75,1,,PRBS,,,0.000,0.000,0.000,0.000,0.000,0.000
1778300154,60.88,32.80,23.50,75,1,,PRBS,,,0.000,0.000,0.000,0.000,0.000,0.000
1778300159,60.89,32.87,23.50,75,1,,PRBS,,,0.000,0.000,0.000,0.000,0.000,0.000
1778300164,60.93,32.92,23.50,75,1,,PRBS,,,0.000,0.000,0.000,0.000,0.000,0.000
1778300169,60.97,32.96,23.40,75,1,,PRBS,,,0.000,0.000,0.000,0.000,0.000,0.000
1778300174,60.96,32.98,23.40,75,1,,PRBS,,,0.000,0.000,0.000,0.000,0.000,0.000
1778300179,61.00,33.03,23.40,75,1,,PRBS,,,0.000,0.000,0.000,0.000,0.000,0.000
1778300184,61.03,33.02,23.40,75,1,,PRBS,,,0.000,0.000,0.000,0.000,0.000,0.000
1778300189,61.03,33.05,23.40,75,1,,PRBS,,,0.000,0.000,0.000,0.000,0.000,0.000
1778300194,61.10,33.06,23.30,75,1,,PRBS,,,0.000,0.000,0.000,0.000,0.000,0.000
1778300199,61.13,33.06,23.40,75,1,,PRBS,,,0.000,0.000,0.000,0.000,0.000,0.000
1778300204,61.16,33.12,23.20,75,1,,PRBS,,,0.000,0.000,0.000,0.000,0.000,0.000
1778300209,61.23,33.13,23.30,75,1,,PRBS,,,0.000,0.000,0.000,0.000,0.000,0.000
1778300214,61.22,33.22,23.20,75,1,,PRBS,,,0.000,0.000,0.000,0.000,0.000,0.000
1778300219,61.24,33.16,23.20,75,1,,PRBS,,,0.000,0.000,0.000,0.000,0.000,0.000
1778300224,61.24,33.13,23.30,75,1,,PRBS,,,0.000,0.000,0.000,0.000,0.000,0.000
1778300229,61.26,33.13,23.20,75,1,,PRBS,,,0.000,0.000,0.000,0.000,0.000,0.000
1778300234,61.29,33.16,23.30,75,1,,PRBS,,,0.000,0.000,0.000,0.000,0.000,0.000
1778300239,61.32,33.17,23.30,75,1,,PRBS,,,0.000,0.000,0.000,0.000,0.000,0.000
1778300244,61.36,33.13,23.20,75,1,,PRBS,,,0.000,0.000,0.000,0.000,0.000,0.000
1778300249,61.41,33.13,23.30,75,1,,PRBS,,,0.000,0.000,0.000,0.000,0.000,0.000
1778300254,61.43,33.15,23.20,75,1,,PRBS,,,0.000,0.000,0.000,0.000,0.000,0.000
1778300259,61.45,33.17,23.20,75,1,,PRBS,,,0.000,0.000,0.000,0.000,0.000,0.000
1778300264,61.52,33.17,23.10,75,1,,PRBS,,,0.000,0.000,0.000,0.000,0.000,0.000
1778300269,61.52,33.20,23.20,75,1,,PRBS,,,0.000,0.000,0.000,0.000,0.000,0.000
1778300274,61.57,33.23,23.10,75,1,,PRBS,,,0.000,0.000,0.000,0.000,0.000,0.000
1778300279,61.54,33.27,23.10,25,1,,PRBS,,,0.000,0.000,0.000,0.000,0.000,0.000
1778300284,61.57,33.27,23.10,25,1,,PRBS,,,0.000,0.000,0.000,0.000,0.000,0.000
1778300289,61.62,33.26,23.10,25,1,,PRBS,,,0.000,0.000,0.000,0.000,0.000,0.000
1778300294,61.62,33.26,23.00,25,1,,PRBS,,,0.000,0.000,0.000,0.000,0.000,0.000
1778300299,61.61,33.27,23.00,25,1,,PRBS,,,0.000,0.000,0.000,0.000,0.000,0.000
1778300304,61.54,33.19,23.00,25,1,,PRBS,,,0.000,0.000,0.000,0.000,0.000,0.000
1778300309,61.51,33.16,23.10,25,1,,PRBS,,,0.000,0.000,0.000,0.000,0.000,0.000
1778300314,61.47,33.09,23.10,25,1,,PRBS,,,0.000,0.000,0.000,0.000,0.000,0.000
1778300319,61.38,33.00,23.10,25,1,,PRBS,,,0.000,0.000,0.000,0.000,0.000,0.000
1778300324,61.24,32.96,23.30,25,1,,PRBS,,,0.000,0.000,0.000,0.000,0.000,0.000
1778300329,61.14,32.94,23.30,25,1,,PRBS,,,0.000,0.000,0.000,0.000,0.000,0.000
1778300334,61.00,32.89,23.40,25,1,,PRBS,,,0.000,0.000,0.000,0.000,0.000,0.000
1778300339,60.86,32.92,23.50,25,1,,PRBS,,,0.000,0.000,0.000,0.000,0.000,0.000
1778300344,60.73,32.90,23.60,75,1,,PRBS,,,0.000,0.000,0.000,0.000,0.000,0.000
1778300349,60.59,32.92,23.60,75,1,,PRBS,,,0.000,0.000,0.000,0.000,0.000,0.000
1778300354,60.44,32.92,23.70,75,1,,PRBS,,,0.000,0.000,0.000,0.000,0.000,0.000
1778300359,60.31,32.92,23.80,75,1,,PRBS,,,0.000,0.000,0.000,0.000,0.000,0.000
1778300364,60.17,32.92,23.90,75,1,,PRBS,,,0.000,0.000,0.000,0.000,0.000,0.000
1778300369,60.07,32.90,24.00,75,1,,PRBS,,,0.000,0.000,0.000,0.000,0.000,0.000
1778300374,60.00,32.89,24.10,75,1,,PRBS,,,0.000,0.000,0.000,0.000,0.000,0.000
1778300379,59.90,32.86,24.10,75,1,,PRBS,,,0.000,0.000,0.000,0.000,0.000,0.000
1778300384,59.84,32.89,24.30,75,1,,PRBS,,,0.000,0.000,0.000,0.000,0.000,0.000
1778300389,59.81,32.86,24.30,75,1,,PRBS,,,0.000,0.000,0.000,0.000,0.000,0.000
1778300394,59.80,32.90,24.30,75,1,,PRBS,,,0.000,0.000,0.000,0.000,0.000,0.000
1778300399,59.80,32.92,24.30,25,1,,PRBS,,,0.000,0.000,0.000,0.000,0.000,0.000
1778300404,59.77,32.90,24.30,25,1,,PRBS,,,0.000,0.000,0.000,0.000,0.000,0.000
1778300409,59.77,32.98,24.30,25,1,,PRBS,,,0.000,0.000,0.000,0.000,0.000,0.000
1778300414,59.76,33.07,24.30,25,1,,PRBS,,,0.000,0.000,0.000,0.000,0.000,0.000
1778300419,59.75,33.20,24.30,25,1,,PRBS,,,0.000,0.000,0.000,0.000,0.000,0.000
1778300424,59.68,33.33,24.30,25,1,,PRBS,,,0.000,0.000,0.000,0.000,0.000,0.000
1778300429,59.62,33.37,24.40,25,1,,PRBS,,,0.000,0.000,0.000,0.000,0.000,0.000
1778300434,59.62,33.43,24.40,75,1,,PRBS,,,0.000,0.000,0.000,0.000,0.000,0.000
1778300439,59.56,33.44,24.40,75,1,,PRBS,,,0.000,0.000,0.000,0.000,0.000,0.000
1778300444,59.45,33.50,24.40,75,1,,PRBS,,,0.000,0.000,0.000,0.000,0.000,0.000
1778300449,59.36,33.54,24.50,75,1,,PRBS,,,0.000,0.000,0.000,0.000,0.000,0.000
1778300454,59.28,33.51,24.60,75,1,,PRBS,,,0.000,0.000,0.000,0.000,0.000,0.000
1778300459,59.28,33.60,24.60,75,1,,PRBS,,,0.000,0.000,0.000,0.000,0.000,0.000
1778300464,59.25,33.57,24.60,75,1,,PRBS,,,0.000,0.000,0.000,0.000,0.000,0.000
1778300469,59.22,33.54,24.60,75,1,,PRBS,,,0.000,0.000,0.000,0.000,0.000,0.000
1778300474,59.24,33.58,24.60,75,1,,PRBS,,,0.000,0.000,0.000,0.000,0.000,0.000
1778300479,59.25,33.55,24.60,75,1,,PRBS,,,0.000,0.000,0.000,0.000,0.000,0.000
1778300484,59.26,33.50,24.60,75,1,,PRBS,,,0.000,0.000,0.000,0.000,0.000,0.000
1778300489,59.29,33.49,24.50,75,1,,PRBS,,,0.000,0.000,0.000,0.000,0.000,0.000
1778300494,59.31,33.50,24.60,75,1,,PRBS,,,0.000,0.000,0.000,0.000,0.000,0.000
1778300499,59.38,33.54,24.60,75,1,,PRBS,,,0.000,0.000,0.000,0.000,0.000,0.000
1778300504,59.41,33.57,24.50,75,1,,PRBS,,,0.000,0.000,0.000,0.000,0.000,0.000
1778300509,59.48,33.58,24.50,75,1,,PRBS,,,0.000,0.000,0.000,0.000,0.000,0.000
1778300514,59.51,33.53,24.40,75,1,,PRBS,,,0.000,0.000,0.000,0.000,0.000,0.000
1778300519,59.59,33.55,24.40,75,1,,PRBS,,,0.000,0.000,0.000,0.000,0.000,0.000
1778300524,59.65,33.51,24.30,75,1,,PRBS,,,0.000,0.000,0.000,0.000,0.000,0.000
1778300529,59.73,33.47,24.40,75,1,,PRBS,,,0.000,0.000,0.000,0.000,0.000,0.000
1778300534,59.79,33.46,24.30,75,1,,PRBS,,,0.000,0.000,0.000,0.000,0.000,0.000
1778300539,59.92,33.49,24.10,75,1,,PRBS,,,0.000,0.000,0.000,0.000,0.000,0.000
1778300544,59.99,33.49,24.10,75,1,,PRBS,,,0.000,0.000,0.000,0.000,0.000,0.000
1778300549,60.03,33.54,24.00,75,1,,PRBS,,,0.000,0.000,0.000,0.000,0.000,0.000
1778300554,60.10,33.53,24.00,75,1,,PRBS,,,0.000,0.000,0.000,0.000,0.000,0.000
1778300559,60.20,33.55,23.90,75,1,,PRBS,,,0.000,0.000,0.000,0.000,0.000,0.000
1778300564,60.21,33.55,23.90,75,1,,PRBS,,,0.000,0.000,0.000,0.000,0.000,0.000
1778300569,60.28,33.58,23.80,75,1,,PRBS,,,0.000,0.000,0.000,0.000,0.000,0.000
1778300574,60.37,33.53,23.90,75,1,,PRBS,,,0.000,0.000,0.000,0.000,0.000,0.000
1778300579,60.45,33.54,23.80,75,1,,PRBS,,,0.000,0.000,0.000,0.000,0.000,0.000
1778300584,60.54,33.54,23.70,75,1,,PRBS,,,0.000,0.000,0.000,0.000,0.000,0.000
1778300589,60.62,33.54,23.70,75,1,,PRBS,,,0.000,0.000,0.000,0.000,0.000,0.000
1778300594,60.69,33.55,23.70,75,1,,PRBS,,,0.000,0.000,0.000,0.000,0.000,0.000
1778300599,60.73,33.51,23.50,75,1,,PRBS,,,0.000,0.000,0.000,0.000,0.000,0.000
1778300604,60.83,33.53,23.50,75,1,,PRBS,,,0.000,0.000,0.000,0.000,0.000,0.000
1778300609,60.90,33.51,23.50,75,1,,PRBS,,,0.000,0.000,0.000,0.000,0.000,0.000
1778300614,60.96,33.51,23.50,75,1,,PRBS,,,0.000,0.000,0.000,0.000,0.000,0.000
1778300619,61.02,33.55,23.40,75,1,,PRBS,,,0.000,0.000,0.000,0.000,0.000,0.000
1778300624,61.03,33.53,23.40,75,1,,PRBS,,,0.000,0.000,0.000,0.000,0.000,0.000
1778300629,61.10,33.53,23.50,75,1,,PRBS,,,0.000,0.000,0.000,0.000,0.000,0.000
1778300634,61.16,33.46,23.40,75,1,,PRBS,,,0.000,0.000,0.000,0.000,0.000,0.000
1778300639,61.23,33.39,23.30,75,1,,PRBS,,,0.000,0.000,0.000,0.000,0.000,0.000
1778300644,61.30,33.36,23.30,75,1,,PRBS,,,0.000,0.000,0.000,0.000,0.000,0.000
1778300649,61.37,33.39,23.20,75,1,,PRBS,,,0.000,0.000,0.000,0.000,0.000,0.000
1778300654,61.40,33.40,23.20,75,1,,PRBS,,,0.000,0.000,0.000,0.000,0.000,0.000
1778300659,61.45,33.42,23.20,75,1,,PRBS,,,0.000,0.000,0.000,0.000,0.000,0.000
1778300664,61.50,33.37,23.20,75,1,,PRBS,,,0.000,0.000,0.000,0.000,0.000,0.000
1778300669,61.57,33.36,23.10,75,1,,PRBS,,,0.000,0.000,0.000,0.000,0.000,0.000
1778300674,61.60,33.33,23.10,75,1,,PRBS,,,0.000,0.000,0.000,0.000,0.000,0.000
1778300679,61.65,33.29,23.10,75,1,,PRBS,,,0.000,0.000,0.000,0.000,0.000,0.000
1778300684,61.68,33.27,23.10,75,1,,PRBS,,,0.000,0.000,0.000,0.000,0.000,0.000
1778300689,61.74,33.27,23.00,75,1,,PRBS,,,0.000,0.000,0.000,0.000,0.000,0.000
1778300694,61.77,33.31,23.10,75,1,,PRBS,,,0.000,0.000,0.000,0.000,0.000,0.000
1778300699,61.78,33.42,23.00,75,1,,PRBS,,,0.000,0.000,0.000,0.000,0.000,0.000
1778300704,61.78,33.43,23.00,75,1,,PRBS,,,0.000,0.000,0.000,0.000,0.000,0.000
1778300709,61.85,33.46,23.00,75,1,,PRBS,,,0.000,0.000,0.000,0.000,0.000,0.000
1778300714,61.91,33.44,23.00,75,1,,PRBS,,,0.000,0.000,0.000,0.000,0.000,0.000
1778300719,61.98,33.46,23.00,75,1,,PRBS,,,0.000,0.000,0.000,0.000,0.000,0.000
1778300724,61.98,33.46,23.00,75,1,,PRBS,,,0.000,0.000,0.000,0.000,0.000,0.000
1778300729,62.04,33.46,23.00,75,1,,PRBS,,,0.000,0.000,0.000,0.000,0.000,0.000
1778300734,62.08,33.49,22.80,75,1,,PRBS,,,0.000,0.000,0.000,0.000,0.000,0.000
1778300739,62.11,33.44,23.00,75,1,,PRBS,,,0.000,0.000,0.000,0.000,0.000,0.000
1778300744,62.15,33.47,23.00,75,1,,PRBS,,,0.000,0.000,0.000,0.000,0.000,0.000
1778300749,62.15,33.47,22.90,75,1,,PRBS,,,0.000,0.000,0.000,0.000,0.000,0.000
1778300754,62.23,33.47,23.00,75,1,,PRBS,,,0.000,0.000,0.000,0.000,0.000,0.000
1778300759,62.29,33.50,22.80,75,1,,PRBS,,,0.000,0.000,0.000,0.000,0.000,0.000
1778300764,62.29,33.53,22.80,75,1,,PRBS,,,0.000,0.000,0.000,0.000,0.000,0.000
1778300769,62.33,33.50,22.80,75,1,,PRBS,,,0.000,0.000,0.000,0.000,0.000,0.000
1778300774,62.37,33.51,22.80,75,1,,PRBS,,,0.000,0.000,0.000,0.000,0.000,0.000
1778300779,62.42,33.53,22.80,75,1,,PRBS,,,0.000,0.000,0.000,0.000,0.000,0.000
1778300784,62.46,33.50,22.80,75,1,,PRBS,,,0.000,0.000,0.000,0.000,0.000,0.000
1778300789,62.51,33.50,22.80,75,1,,PRBS,,,0.000,0.000,0.000,0.000,0.000,0.000
1778300794,62.51,33.54,22.80,75,1,,PRBS,,,0.000,0.000,0.000,0.000,0.000,0.000
1778300799,62.56,33.61,22.80,75,1,,PRBS,,,0.000,0.000,0.000,0.000,0.000,0.000
1778300804,62.60,33.63,22.70,75,1,,PRBS,,,0.000,0.000,0.000,0.000,0.000,0.000
1778300809,62.60,33.71,22.70,75,1,,PRBS,,,0.000,0.000,0.000,0.000,0.000,0.000
1778300814,62.63,33.65,22.80,75,1,,PRBS,,,0.000,0.000,0.000,0.000,0.000,0.000
1778300819,62.66,33.68,22.60,75,1,,PRBS,,,0.000,0.000,0.000,0.000,0.000,0.000
1778300824,62.70,33.65,22.80,75,1,,PRBS,,,0.000,0.000,0.000,0.000,0.000,0.000
1778300829,62.71,33.72,22.80,75,1,,PRBS,,,0.000,0.000,0.000,0.000,0.000,0.000
1778300834,62.74,33.72,22.70,75,1,,PRBS,,,0.000,0.000,0.000,0.000,0.000,0.000
1778300839,62.78,33.77,22.60,75,1,,PRBS,,,0.000,0.000,0.000,0.000,0.000,0.000
1778300844,62.84,33.85,22.70,75,1,,PRBS,,,0.000,0.000,0.000,0.000,0.000,0.000
1778300849,62.85,33.87,22.60,75,1,,PRBS,,,0.000,0.000,0.000,0.000,0.000,0.000
1778300854,62.90,33.87,22.60,75,1,,PRBS,,,0.000,0.000,0.000,0.000,0.000,0.000
1778300859,62.88,33.90,22.60,75,1,,PRBS,,,0.000,0.000,0.000,0.000,0.000,0.000
1778300864,62.91,33.90,22.60,75,1,,PRBS,,,0.000,0.000,0.000,0.000,0.000,0.000
1778300869,62.95,33.94,22.60,75,1,,PRBS,,,0.000,0.000,0.000,0.000,0.000,0.000
1778300874,62.99,34.06,22.60,75,1,,PRBS,,,0.000,0.000,0.000,0.000,0.000,0.000
1778300879,62.99,34.13,22.60,75,1,,PRBS,,,0.000,0.000,0.000,0.000,0.000,0.000
1778300884,63.01,34.19,22.60,75,1,,PRBS,,,0.000,0.000,0.000,0.000,0.000,0.000
1778300889,63.05,34.18,22.60,75,1,,PRBS,,,0.000,0.000,0.000,0.000,0.000,0.000
1778300894,63.05,34.19,22.60,75,1,,PRBS,,,0.000,0.000,0.000,0.000,0.000,0.000
1778300899,63.06,34.19,22.60,75,1,,PRBS,,,0.000,0.000,0.000,0.000,0.000,0.000
1778300904,63.05,34.19,22.60,75,1,,PRBS,,,0.000,0.000,0.000,0.000,0.000,0.000
1778300909,63.12,34.20,22.70,75,1,,PRBS,,,0.000,0.000,0.000,0.000,0.000,0.000
1778300914,63.14,34.25,22.60,75,1,,PRBS,,,0.000,0.000,0.000,0.000,0.000,0.000
1778300919,63.21,34.39,22.50,75,1,,PRBS,,,0.000,0.000,0.000,0.000,0.000,0.000
1778300924,63.21,34.40,22.50,75,1,,PRBS,,,0.000,0.000,0.000,0.000,0.000,0.000
1778300929,63.25,34.42,22.50,75,1,,PRBS,,,0.000,0.000,0.000,0.000,0.000,0.000
1778300934,63.32,34.39,22.50,75,1,,PRBS,,,0.000,0.000,0.000,0.000,0.000,0.000
1778300939,63.32,34.39,22.50,75,1,,PRBS,,,0.000,0.000,0.000,0.000,0.000,0.000
1778300944,63.35,34.32,22.50,75,1,,PRBS,,,0.000,0.000,0.000,0.000,0.000,0.000
1778300949,63.38,34.29,22.50,75,1,,PRBS,,,0.000,0.000,0.000,0.000,0.000,0.000
1778300954,63.38,34.22,22.40,75,1,,PRBS,,,0.000,0.000,0.000,0.000,0.000,0.000
1778300959,63.42,34.18,22.40,75,1,,PRBS,,,0.000,0.000,0.000,0.000,0.000,0.000
1778300964,63.45,34.12,22.40,75,1,,PRBS,,,0.000,0.000,0.000,0.000,0.000,0.000
1778300969,63.50,34.04,22.40,75,1,,PRBS,,,0.000,0.000,0.000,0.000,0.000,0.000
1778300974,63.53,33.97,22.40,75,1,,PRBS,,,0.000,0.000,0.000,0.000,0.000,0.000
1778300979,63.57,33.90,22.30,75,1,,PRBS,,,0.000,0.000,0.000,0.000,0.000,0.000
1778300984,63.57,33.82,22.30,75,1,,PRBS,,,0.000,0.000,0.000,0.000,0.000,0.000
1778300989,63.54,33.81,22.30,75,1,,PRBS,,,0.000,0.000,0.000,0.000,0.000,0.000
1778300994,63.61,33.84,22.30,75,1,,PRBS,,,0.000,0.000,0.000,0.000,0.000,0.000
1778300999,63.63,33.82,22.30,75,1,,PRBS,,,0.000,0.000,0.000,0.000,0.000,0.000
1778301004,63.61,33.85,22.30,75,1,,PRBS,,,0.000,0.000,0.000,0.000,0.000,0.000
1778301009,63.64,33.87,22.40,75,1,,PRBS,,,0.000,0.000,0.000,0.000,0.000,0.000
1778301014,63.66,33.82,22.30,75,1,,PRBS,,,0.000,0.000,0.000,0.000,0.000,0.000
1778301019,63.67,33.87,22.40,75,1,,PRBS,,,0.000,0.000,0.000,0.000,0.000,0.000
1778301024,63.70,33.81,22.30,75,1,,PRBS,,,0.000,0.000,0.000,0.000,0.000,0.000
1778301029,63.75,33.82,22.30,75,1,,PRBS,,,0.000,0.000,0.000,0.000,0.000,0.000
1778301034,63.73,33.80,22.30,75,1,,PRBS,,,0.000,0.000,0.000,0.000,0.000,0.000
1778301039,63.77,33.75,22.30,75,1,,PRBS,,,0.000,0.000,0.000,0.000,0.000,0.000
1778301044,63.83,33.74,22.30,75,1,,PRBS,,,0.000,0.000,0.000,0.000,0.000,0.000
1778301049,63.81,33.70,22.30,75,1,,PRBS,,,0.000,0.000,0.000,0.000,0.000,0.000
1778301054,63.84,33.72,22.30,75,1,,PRBS,,,0.000,0.000,0.000,0.000,0.000,0.000
1778301059,63.87,33.75,22.20,75,1,,PRBS,,,0.000,0.000,0.000,0.000,0.000,0.000
1778301064,63.96,33.82,22.30,75,1,,PRBS,,,0.000,0.000,0.000,0.000,0.000,0.000
1778301069,63.93,33.82,22.20,75,1,,PRBS,,,0.000,0.000,0.000,0.000,0.000,0.000
1778301074,63.97,33.81,22.20,75,1,,PRBS,,,0.000,0.000,0.000,0.000,0.000,0.000
1778301079,63.98,33.82,22.20,75,1,,PRBS,,,0.000,0.000,0.000,0.000,0.000,0.000
1778301084,64.05,33.80,22.20,75,1,,PRBS,,,0.000,0.000,0.000,0.000,0.000,0.000
1778301089,64.05,33.78,22.20,75,1,,PRBS,,,0.000,0.000,0.000,0.000,0.000,0.000
1778301094,64.11,33.82,22.10,75,1,,PRBS,,,0.000,0.000,0.000,0.000,0.000,0.000
1778301099,64.11,33.82,22.10,75,1,,PRBS,,,0.000,0.000,0.000,0.000,0.000,0.000
1778301104,64.18,33.88,22.10,75,1,,PRBS,,,0.000,0.000,0.000,0.000,0.000,0.000
1778301109,64.20,33.94,22.10,75,1,,PRBS,,,0.000,0.000,0.000,0.000,0.000,0.000
1778301114,64.21,33.95,22.10,75,1,,PRBS,,,0.000,0.000,0.000,0.000,0.000,0.000
1778301119,64.20,34.02,22.10,75,1,,PRBS,,,0.000,0.000,0.000,0.000,0.000,0.000
1778301124,64.24,34.09,22.00,75,1,,PRBS,,,0.000,0.000,0.000,0.000,0.000,0.000
1778301129,64.27,34.13,22.10,75,1,,PRBS,,,0.000,0.000,0.000,0.000,0.000,0.000
1778301134,64.30,34.18,22.00,25,1,,PRBS,,,0.000,0.000,0.000,0.000,0.000,0.000
1778301139,64.30,34.19,22.10,25,1,,PRBS,,,0.000,0.000,0.000,0.000,0.000,0.000
1778301144,64.31,34.25,22.10,25,1,,PRBS,,,0.000,0.000,0.000,0.000,0.000,0.000
1778301149,64.31,34.26,22.00,25,1,,PRBS,,,0.000,0.000,0.000,0.000,0.000,0.000
1778301154,64.30,34.26,22.00,25,1,,PRBS,,,0.000,0.000,0.000,0.000,0.000,0.000
1778301159,64.27,34.19,22.00,25,1,,PRBS,,,0.000,0.000,0.000,0.000,0.000,0.000
1778301164,64.20,34.15,22.10,25,1,,PRBS,,,0.000,0.000,0.000,0.000,0.000,0.000
1778301169,64.11,34.11,22.20,25,1,,PRBS,,,0.000,0.000,0.000,0.000,0.000,0.000
1778301174,64.01,34.05,22.20,25,1,,PRBS,,,0.000,0.000,0.000,0.000,0.000,0.000
1778301179,63.91,33.98,22.30,25,1,,PRBS,,,0.000,0.000,0.000,0.000,0.000,0.000
1778301184,63.81,33.97,22.30,25,1,,PRBS,,,0.000,0.000,0.000,0.000,0.000,0.000
1778301189,63.69,33.99,22.40,25,1,,PRBS,,,0.000,0.000,0.000,0.000,0.000,0.000
1778301194,63.52,34.04,22.50,25,1,,PRBS,,,0.000,0.000,0.000,0.000,0.000,0.000
1778301199,63.36,34.12,22.60,25,1,,PRBS,,,0.000,0.000,0.000,0.000,0.000,0.000
1778301204,63.21,34.16,22.60,25,1,,PRBS,,,0.000,0.000,0.000,0.000,0.000,0.000
1778301209,63.02,34.20,22.70,25,1,,PRBS,,,0.000,0.000,0.000,0.000,0.000,0.000
1778301214,62.85,34.33,22.80,25,1,,PRBS,,,0.000,0.000,0.000,0.000,0.000,0.000
1778301219,62.66,34.32,23.00,25,1,,PRBS,,,0.000,0.000,0.000,0.000,0.000,0.000
1778301224,62.51,34.29,23.10,25,1,,PRBS,,,0.000,0.000,0.000,0.000,0.000,0.000
1778301229,62.32,34.35,23.20,25,1,,PRBS,,,0.000,0.000,0.000,0.000,0.000,0.000
1778301234,62.16,34.45,23.20,25,1,,PRBS,,,0.000,0.000,0.000,0.000,0.000,0.000
1778301239,61.96,34.52,23.30,25,1,,PRBS,,,0.000,0.000,0.000,0.000,0.000,0.000
1778301244,61.78,34.57,23.50,25,1,,PRBS,,,0.000,0.000,0.000,0.000,0.000,0.000
1778301249,61.58,34.53,23.70,25,1,,PRBS,,,0.000,0.000,0.000,0.000,0.000,0.000
1778301254,61.40,34.53,23.70,25,1,,PRBS,,,0.000,0.000,0.000,0.000,0.000,0.000
1778301259,61.23,34.49,23.90,25,1,,PRBS,,,0.000,0.000,0.000,0.000,0.000,0.000
1778301264,61.06,34.52,24.00,25,1,,PRBS,,,0.000,0.000,0.000,0.000,0.000,0.000
1778301269,60.88,34.56,24.10,25,1,,PRBS,,,0.000,0.000,0.000,0.000,0.000,0.000
1778301274,60.72,34.55,24.20,25,1,,PRBS,,,0.000,0.000,0.000,0.000,0.000,0.000
1778301279,60.56,34.48,24.30,25,1,,PRBS,,,0.000,0.000,0.000,0.000,0.000,0.000
1778301284,60.38,34.36,24.50,25,1,,PRBS,,,0.000,0.000,0.000,0.000,0.000,0.000
1778301289,60.20,34.26,24.50,25,1,,PRBS,,,0.000,0.000,0.000,0.000,0.000,0.000
1778301294,60.04,34.19,24.60,25,1,,PRBS,,,0.000,0.000,0.000,0.000,0.000,0.000
1778301299,59.89,34.18,24.80,25,1,,PRBS,,,0.000,0.000,0.000,0.000,0.000,0.000
1778301304,59.73,34.16,24.90,25,1,,PRBS,,,0.000,0.000,0.000,0.000,0.000,0.000
1778301309,59.60,34.20,25.00,25,1,,PRBS,,,0.000,0.000,0.000,0.000,0.000,0.000
1778301314,59.45,34.25,25.00,25,1,,PRBS,,,0.000,0.000,0.000,0.000,0.000,0.000
1778301319,59.26,34.33,25.10,25,1,,PRBS,,,0.000,0.000,0.000,0.000,0.000,0.000
1778301324,59.11,34.40,25.30,25,1,,PRBS,,,0.000,0.000,0.000,0.000,0.000,0.000
1778301329,59.01,34.42,25.40,25,1,,PRBS,,,0.000,0.000,0.000,0.000,0.000,0.000
1778301334,58.87,34.45,25.40,25,1,,PRBS,,,0.000,0.000,0.000,0.000,0.000,0.000
1778301339,58.74,34.45,25.50,75,1,,PRBS,,,0.000,0.000,0.000,0.000,0.000,0.000
1778301344,58.59,34.40,25.60,75,1,,PRBS,,,0.000,0.000,0.000,0.000,0.000,0.000
1778301349,58.47,34.42,25.70,75,1,,PRBS,,,0.000,0.000,0.000,0.000,0.000,0.000
1778301354,58.38,34.39,25.80,75,1,,PRBS,,,0.000,0.000,0.000,0.000,0.000,0.000
1778301359,58.33,34.39,25.80,75,1,,PRBS,,,0.000,0.000,0.000,0.000,0.000,0.000
1778301364,58.24,34.31,25.90,75,1,,PRBS,,,0.000,0.000,0.000,0.000,0.000,0.000
1778301369,58.17,34.23,25.90,75,1,,PRBS,,,0.000,0.000,0.000,0.000,0.000,0.000
1778301374,58.16,34.15,26.00,75,1,,PRBS,,,0.000,0.000,0.000,0.000,0.000,0.000
1778301379,58.19,34.13,25.90,75,1,,PRBS,,,0.000,0.000,0.000,0.000,0.000,0.000
1778301384,58.20,34.16,25.90,75,1,,PRBS,,,0.000,0.000,0.000,0.000,0.000,0.000
1778301389,58.25,34.18,25.90,25,1,,PRBS,,,0.000,0.000,0.000,0.000,0.000,0.000
1778301394,58.26,34.16,25.90,25,1,,PRBS,,,0.000,0.000,0.000,0.000,0.000,0.000
1778301399,58.36,34.22,25.70,25,1,,PRBS,,,0.000,0.000,0.000,0.000,0.000,0.000
1778301404,58.43,34.29,25.80,25,1,,PRBS,,,0.000,0.000,0.000,0.000,0.000,0.000
1778301409,58.49,34.29,25.70,25,1,,PRBS,,,0.000,0.000,0.000,0.000,0.000,0.000
1778301414,58.54,34.28,25.70,25,1,,PRBS,,,0.000,0.000,0.000,0.000,0.000,0.000
1778301419,58.60,34.26,25.60,25,1,,PRBS,,,0.000,0.000,0.000,0.000,0.000,0.000
1778301424,58.59,34.31,25.60,25,1,,PRBS,,,0.000,0.000,0.000,0.000,0.000,0.000
1778301429,58.61,34.35,25.60,25,1,,PRBS,,,0.000,0.000,0.000,0.000,0.000,0.000
1778301434,58.59,34.40,25.60,25,1,,PRBS,,,0.000,0.000,0.000,0.000,0.000,0.000
1778301439,58.56,34.39,25.60,25,1,,PRBS,,,0.000,0.000,0.000,0.000,0.000,0.000
1778301444,58.52,34.39,25.60,25,1,,PRBS,,,0.000,0.000,0.000,0.000,0.000,0.000
1778301449,58.46,34.36,25.60,25,1,,PRBS,,,0.000,0.000,0.000,0.000,0.000,0.000
1778301454,58.43,34.38,25.70,25,1,,PRBS,,,0.000,0.000,0.000,0.000,0.000,0.000
1778301459,58.38,34.43,25.70,25,1,,PRBS,,,0.000,0.000,0.000,0.000,0.000,0.000
1778301464,58.31,34.57,25.70,25,1,,PRBS,,,0.000,0.000,0.000,0.000,0.000,0.000
1778301469,58.24,34.63,25.80,25,1,,PRBS,,,0.000,0.000,0.000,0.000,0.000,0.000
1778301474,58.15,34.60,25.80,25,1,,PRBS,,,0.000,0.000,0.000,0.000,0.000,0.000
1778301479,58.01,34.63,25.80,25,1,,PRBS,,,0.000,0.000,0.000,0.000,0.000,0.000
1778301484,57.97,34.67,26.00,25,1,,PRBS,,,0.000,0.000,0.000,0.000,0.000,0.000
1778301489,57.84,34.63,26.00,25,1,,PRBS,,,0.000,0.000,0.000,0.000,0.000,0.000
1778301494,57.78,34.61,26.10,25,1,,PRBS,,,0.000,0.000,0.000,0.000,0.000,0.000
1778301499,57.65,34.64,26.10,25,1,,PRBS,,,0.000,0.000,0.000,0.000,0.000,0.000
1778301504,57.60,34.64,26.10,25,1,,PRBS,,,0.000,0.000,0.000,0.000,0.000,0.000
1778301509,57.50,34.80,26.20,25,1,,PRBS,,,0.000,0.000,0.000,0.000,0.000,0.000
1778301514,57.40,34.82,26.30,25,1,,PRBS,,,0.000,0.000,0.000,0.000,0.000,0.000
1778301519,57.27,34.87,26.30,25,1,,PRBS,,,0.000,0.000,0.000,0.000,0.000,0.000
1778301524,57.20,34.90,26.40,25,1,,PRBS,,,0.000,0.000,0.000,0.000,0.000,0.000
1778301529,57.07,34.91,26.50,25,1,,PRBS,,,0.000,0.000,0.000,0.000,0.000,0.000
1778301534,56.96,34.96,26.50,25,1,,PRBS,,,0.000,0.000,0.000,0.000,0.000,0.000
1778301539,56.88,35.00,26.60,25,1,,PRBS,,,0.000,0.000,0.000,0.000,0.000,0.000
1778301544,56.77,35.00,26.70,25,1,,PRBS,,,0.000,0.000,0.000,0.000,0.000,0.000
1778301549,56.71,35.00,26.70,25,1,,PRBS,,,0.000,0.000,0.000,0.000,0.000,0.000
1778301554,56.60,34.97,26.80,25,1,,PRBS,,,0.000,0.000,0.000,0.000,0.000,0.000
1778301559,56.54,34.96,26.90,25,1,,PRBS,,,0.000,0.000,0.000,0.000,0.000,0.000
1778301564,56.41,34.96,26.90,25,1,,PRBS,,,0.000,0.000,0.000,0.000,0.000,0.000
1778301569,56.31,34.88,27.00,25,1,,PRBS,,,0.000,0.000,0.000,0.000,0.000,0.000
1778301574,56.26,34.86,27.00,25,1,,PRBS,,,0.000,0.000,0.000,0.000,0.000,0.000
1778301579,56.14,34.86,27.20,25,1,,PRBS,,,0.000,0.000,0.000,0.000,0.000,0.000
1778301584,56.04,34.74,27.10,25,1,,PRBS,,,0.000,0.000,0.000,0.000,0.000,0.000
1778301589,55.97,34.83,27.20,25,1,,PRBS,,,0.000,0.000,0.000,0.000,0.000,0.000
1778301594,55.92,34.79,27.20,25,1,,PRBS,,,0.000,0.000,0.000,0.000,0.000,0.000
1778301599,55.80,34.82,27.40,25,1,,PRBS,,,0.000,0.000,0.000,0.000,0.000,0.000
1778301604,55.73,34.82,27.40,25,1,,PRBS,,,0.000,0.000,0.000,0.000,0.000,0.000
1778301609,55.66,34.87,27.40,25,1,,PRBS,,,0.000,0.000,0.000,0.000,0.000,0.000
1778301614,55.59,34.88,27.50,25,1,,PRBS,,,0.000,0.000,0.000,0.000,0.000,0.000
1778301619,55.51,34.90,27.50,25,1,,PRBS,,,0.000,0.000,0.000,0.000,0.000,0.000
1778301624,55.42,34.93,27.50,25,1,,PRBS,,,0.000,0.000,0.000,0.000,0.000,0.000
1778301629,55.37,34.84,27.70,25,1,,PRBS,,,0.000,0.000,0.000,0.000,0.000,0.000
1778301634,55.28,34.77,27.70,25,1,,PRBS,,,0.000,0.000,0.000,0.000,0.000,0.000
1778301639,55.19,34.74,27.80,25,1,,PRBS,,,0.000,0.000,0.000,0.000,0.000,0.000
1778301644,55.10,34.68,27.90,25,1,,PRBS,,,0.000,0.000,0.000,0.000,0.000,0.000
1778301649,55.07,34.66,27.90,25,1,,PRBS,,,0.000,0.000,0.000,0.000,0.000,0.000
1778301654,55.00,34.63,27.90,25,1,,PRBS,,,0.000,0.000,0.000,0.000,0.000,0.000
1778301659,54.93,34.56,28.00,25,1,,PRBS,,,0.000,0.000,0.000,0.000,0.000,0.000
1778301664,54.85,34.57,28.00,25,1,,PRBS,,,0.000,0.000,0.000,0.000,0.000,0.000
1778301669,54.77,34.57,28.00,25,1,,PRBS,,,0.000,0.000,0.000,0.000,0.000,0.000
1778301674,54.70,34.59,28.10,25,1,,PRBS,,,0.000,0.000,0.000,0.000,0.000,0.000
1778301679,54.64,34.64,28.10,25,1,,PRBS,,,0.000,0.000,0.000,0.000,0.000,0.000
1778301684,54.59,34.63,28.10,25,1,,PRBS,,,0.000,0.000,0.000,0.000,0.000,0.000
1778301689,54.53,34.64,28.20,25,1,,PRBS,,,0.000,0.000,0.000,0.000,0.000,0.000
1778301694,54.48,34.64,28.20,25,1,,PRBS,,,0.000,0.000,0.000,0.000,0.000,0.000
1778301699,54.42,34.66,28.30,25,1,,PRBS,,,0.000,0.000,0.000,0.000,0.000,0.000
1778301704,54.35,34.67,28.40,25,1,,PRBS,,,0.000,0.000,0.000,0.000,0.000,0.000
1778301709,54.29,34.71,28.40,25,1,,PRBS,,,0.000,0.000,0.000,0.000,0.000,0.000
1778301714,54.24,34.77,28.50,25,1,,PRBS,,,0.000,0.000,0.000,0.000,0.000,0.000
1778301719,54.21,34.80,28.40,25,1,,PRBS,,,0.000,0.000,0.000,0.000,0.000,0.000
1778301724,54.12,34.86,28.50,25,1,,PRBS,,,0.000,0.000,0.000,0.000,0.000,0.000
1778301729,54.07,34.91,28.50,25,1,,PRBS,,,0.000,0.000,0.000,0.000,0.000,0.000
1778301734,54.03,34.90,28.70,25,1,,PRBS,,,0.000,0.000,0.000,0.000,0.000,0.000
1778301739,53.98,34.86,28.70,25,1,,PRBS,,,0.000,0.000,0.000,0.000,0.000,0.000
1778301744,53.91,34.88,28.60,25,1,,PRBS,,,0.000,0.000,0.000,0.000,0.000,0.000
1778301749,53.87,34.86,28.60,25,1,,PRBS,,,0.000,0.000,0.000,0.000,0.000,0.000
1778301754,53.78,34.91,28.70,25,1,,PRBS,,,0.000,0.000,0.000,0.000,0.000,0.000
1778301759,53.77,34.90,28.70,25,1,,PRBS,,,0.000,0.000,0.000,0.000,0.000,0.000
1778301764,53.70,34.93,28.80,25,1,,PRBS,,,0.000,0.000,0.000,0.000,0.000,0.000
1778301769,53.67,34.96,28.90,25,1,,PRBS,,,0.000,0.000,0.000,0.000,0.000,0.000
1778301774,53.64,34.96,28.80,25,1,,PRBS,,,0.000,0.000,0.000,0.000,0.000,0.000
1778301779,53.56,34.96,28.90,25,1,,PRBS,,,0.000,0.000,0.000,0.000,0.000,0.000
1778301784,53.53,34.90,28.90,25,1,,PRBS,,,0.000,0.000,0.000,0.000,0.000,0.000
1778301789,53.44,34.83,29.00,25,1,,PRBS,,,0.000,0.000,0.000,0.000,0.000,0.000
1778301794,53.44,34.76,29.10,25,1,,PRBS,,,0.000,0.000,0.000,0.000,0.000,0.000
1778301799,53.39,34.73,29.00,25,1,,PRBS,,,0.000,0.000,0.000,0.000,0.000,0.000
1778301804,53.35,34.71,29.10,25,1,,PRBS,,,0.000,0.000,0.000,0.000,0.000,0.000
1778301809,53.30,34.64,29.00,25,1,,PRBS,,,0.000,0.000,0.000,0.000,0.000,0.000
1778301814,53.27,34.64,29.10,25,1,,PRBS,,,0.000,0.000,0.000,0.000,0.000,0.000
1778301819,53.21,34.63,29.10,25,1,,PRBS,,,0.000,0.000,0.000,0.000,0.000,0.000
1778301824,53.18,34.53,29.20,25,1,,PRBS,,,0.000,0.000,0.000,0.000,0.000,0.000
1778301829,53.12,34.42,29.20,25,1,,PRBS,,,0.000,0.000,0.000,0.000,0.000,0.000
1778301834,53.09,34.35,29.20,25,1,,PRBS,,,0.000,0.000,0.000,0.000,0.000,0.000
1778301839,53.03,34.25,29.20,25,1,,PRBS,,,0.000,0.000,0.000,0.000,0.000,0.000
1778301844,52.99,34.25,29.30,25,1,,PRBS,,,0.000,0.000,0.000,0.000,0.000,0.000
1778301849,52.98,34.23,29.30,25,1,,PRBS,,,0.000,0.000,0.000,0.000,0.000,0.000
1778301854,52.92,34.23,29.40,25,1,,PRBS,,,0.000,0.000,0.000,0.000,0.000,0.000
1778301859,52.89,34.25,29.40,25,1,,PRBS,,,0.000,0.000,0.000,0.000,0.000,0.000
1778301864,52.81,34.25,29.40,25,1,,PRBS,,,0.000,0.000,0.000,0.000,0.000,0.000
1778301869,52.80,34.23,29.40,25,1,,PRBS,,,0.000,0.000,0.000,0.000,0.000,0.000
1778301874,52.75,34.19,29.50,25,1,,PRBS,,,0.000,0.000,0.000,0.000,0.000,0.000
1778301879,52.71,34.15,29.50,25,1,,PRBS,,,0.000,0.000,0.000,0.000,0.000,0.000
1778301884,52.67,34.13,29.50,25,1,,PRBS,,,0.000,0.000,0.000,0.000,0.000,0.000
1778301889,52.64,34.11,29.50,25,1,,PRBS,,,0.000,0.000,0.000,0.000,0.000,0.000
1778301894,52.58,34.11,29.60,25,1,,PRBS,,,0.000,0.000,0.000,0.000,0.000,0.000
1778301899,52.57,34.06,29.60,25,1,,PRBS,,,0.000,0.000,0.000,0.000,0.000,0.000
1778301904,52.53,33.98,29.60,25,1,,PRBS,,,0.000,0.000,0.000,0.000,0.000,0.000
1778301909,52.48,34.04,29.60,25,1,,PRBS,,,0.000,0.000,0.000,0.000,0.000,0.000
1778301914,52.47,34.04,29.70,25,1,,PRBS,,,0.000,0.000,0.000,0.000,0.000,0.000
1778301919,52.40,34.04,29.60,25,1,,PRBS,,,0.000,0.000,0.000,0.000,0.000,0.000
1778301924,52.36,34.09,29.70,25,1,,PRBS,,,0.000,0.000,0.000,0.000,0.000,0.000
1778301929,52.31,34.12,29.80,25,1,,PRBS,,,0.000,0.000,0.000,0.000,0.000,0.000
1778301934,52.28,34.12,29.80,25,1,,PRBS,,,0.000,0.000,0.000,0.000,0.000,0.000
1778301939,52.26,34.15,29.80,25,1,,PRBS,,,0.000,0.000,0.000,0.000,0.000,0.000
1778301944,52.21,34.18,29.90,25,1,,PRBS,,,0.000,0.000,0.000,0.000,0.000,0.000
1778301949,52.21,34.16,29.90,25,1,,PRBS,,,0.000,0.000,0.000,0.000,0.000,0.000
1778301954,52.16,34.16,29.90,25,1,,PRBS,,,0.000,0.000,0.000,0.000,0.000,0.000
1778301959,52.12,34.15,29.90,25,1,,PRBS,,,0.000,0.000,0.000,0.000,0.000,0.000
1778301964,52.09,34.11,30.00,25,1,,PRBS,,,0.000,0.000,0.000,0.000,0.000,0.000
1778301969,52.07,34.06,30.00,25,1,,PRBS,,,0.000,0.000,0.000,0.000,0.000,0.000
1778301974,52.03,33.99,30.00,25,1,,PRBS,,,0.000,0.000,0.000,0.000,0.000,0.000
1778301979,51.96,33.97,30.00,25,1,,PRBS,,,0.000,0.000,0.000,0.000,0.000,0.000
1778301984,51.96,33.94,30.00,25,1,,PRBS,,,0.000,0.000,0.000,0.000,0.000,0.000
1778301989,51.92,33.94,30.00,25,1,,PRBS,,,0.000,0.000,0.000,0.000,0.000,0.000
1778301994,51.86,33.91,30.10,25,1,,PRBS,,,0.000,0.000,0.000,0.000,0.000,0.000
1778301999,51.83,33.91,30.10,25,1,,PRBS,,,0.000,0.000,0.000,0.000,0.000,0.000
1778302004,51.82,33.94,30.10,25,1,,PRBS,,,0.000,0.000,0.000,0.000,0.000,0.000
1778302009,51.79,33.95,30.20,25,1,,PRBS,,,0.000,0.000,0.000,0.000,0.000,0.000
1778302014,51.75,33.94,30.20,25,1,,PRBS,,,0.000,0.000,0.000,0.000,0.000,0.000
1778302019,51.71,33.98,30.20,25,1,,PRBS,,,0.000,0.000,0.000,0.000,0.000,0.000
1778302024,51.69,34.06,30.20,25,1,,PRBS,,,0.000,0.000,0.000,0.000,0.000,0.000
1778302029,51.65,34.05,30.30,25,1,,PRBS,,,0.000,0.000,0.000,0.000,0.000,0.000
1778302034,51.64,34.11,30.30,25,1,,PRBS,,,0.000,0.000,0.000,0.000,0.000,0.000
1778302039,51.60,34.06,30.30,25,1,,PRBS,,,0.000,0.000,0.000,0.000,0.000,0.000
1778302044,51.57,34.06,30.40,25,1,,PRBS,,,0.000,0.000,0.000,0.000,0.000,0.000
1778302049,51.52,34.02,30.40,25,1,,PRBS,,,0.000,0.000,0.000,0.000,0.000,0.000
1778302054,51.51,33.95,30.40,25,1,,PRBS,,,0.000,0.000,0.000,0.000,0.000,0.000
1778302059,51.48,33.91,30.50,25,1,,PRBS,,,0.000,0.000,0.000,0.000,0.000,0.000
1778302064,51.45,33.81,30.40,25,1,,PRBS,,,0.000,0.000,0.000,0.000,0.000,0.000
1778302069,51.41,33.84,30.50,25,1,,PRBS,,,0.000,0.000,0.000,0.000,0.000,0.000
1778302074,51.37,33.81,30.50,25,1,,PRBS,,,0.000,0.000,0.000,0.000,0.000,0.000
1778302079,51.34,33.80,30.50,25,1,,PRBS,,,0.000,0.000,0.000,0.000,0.000,0.000
1778302084,51.31,33.77,30.50,25,1,,PRBS,,,0.000,0.000,0.000,0.000,0.000,0.000
1778302089,51.31,33.75,30.60,25,1,,PRBS,,,0.000,0.000,0.000,0.000,0.000,0.000
1778302094,51.28,33.75,30.60,75,1,,PRBS,,,0.000,0.000,0.000,0.000,0.000,0.000
1778302099,51.24,33.74,30.60,75,1,,PRBS,,,0.000,0.000,0.000,0.000,0.000,0.000
1778302104,51.21,33.74,30.60,75,1,,PRBS,,,0.000,0.000,0.000,0.000,0.000,0.000
1778302109,51.18,33.77,30.60,75,1,,PRBS,,,0.000,0.000,0.000,0.000,0.000,0.000
1778302114,51.23,33.80,30.60,75,1,,PRBS,,,0.000,0.000,0.000,0.000,0.000,0.000
1778302119,51.26,33.82,30.60,75,1,,PRBS,,,0.000,0.000,0.000,0.000,0.000,0.000
1778302124,51.33,33.81,30.60,75,1,,PRBS,,,0.000,0.000,0.000,0.000,0.000,0.000
1778302129,51.40,33.77,30.50,75,1,,PRBS,,,0.000,0.000,0.000,0.000,0.000,0.000
1778302134,51.46,33.77,30.40,75,1,,PRBS,,,0.000,0.000,0.000,0.000,0.000,0.000
1778302139,51.58,33.75,30.30,75,1,,PRBS,,,0.000,0.000,0.000,0.000,0.000,0.000
1778302144,51.72,33.74,30.20,75,1,,PRBS,,,0.000,0.000,0.000,0.000,0.000,0.000
1778302149,51.83,33.72,30.10,75,1,,PRBS,,,0.000,0.000,0.000,0.000,0.000,0.000
1778302154,52.00,33.71,30.00,75,1,,PRBS,,,0.000,0.000,0.000,0.000,0.000,0.000
1778302159,52.21,33.72,29.80,75,1,,PRBS,,,0.000,0.000,0.000,0.000,0.000,0.000
1778302164,52.33,33.77,29.60,75,1,,PRBS,,,0.000,0.000,0.000,0.000,0.000,0.000
1778302169,52.54,33.80,29.50,75,1,,PRBS,,,0.000,0.000,0.000,0.000,0.000,0.000
1778302174,52.75,33.88,29.30,75,1,,PRBS,,,0.000,0.000,0.000,0.000,0.000,0.000
1778302179,52.95,33.87,29.10,75,1,,PRBS,,,0.000,0.000,0.000,0.000,0.000,0.000
1778302184,53.14,33.87,29.00,75,1,,PRBS,,,0.000,0.000,0.000,0.000,0.000,0.000
1778302189,53.33,33.91,28.80,75,1,,PRBS,,,0.000,0.000,0.000,0.000,0.000,0.000
1778302194,53.52,33.98,28.60,75,1,,PRBS,,,0.000,0.000,0.000,0.000,0.000,0.000
1778302199,53.71,33.97,28.50,75,1,,PRBS,,,0.000,0.000,0.000,0.000,0.000,0.000
1778302204,53.88,33.97,28.30,75,1,,PRBS,,,0.000,0.000,0.000,0.000,0.000,0.000
1778302209,54.11,33.97,28.20,75,1,,PRBS,,,0.000,0.000,0.000,0.000,0.000,0.000
1778302214,54.26,33.97,28.00,75,1,,PRBS,,,0.000,0.000,0.000,0.000,0.000,0.000
1778302219,54.36,33.99,28.00,75,1,,PRBS,,,0.000,0.000,0.000,0.000,0.000,0.000
1778302224,54.53,34.05,27.80,75,1,,PRBS,,,0.000,0.000,0.000,0.000,0.000,0.000
1778302229,54.69,34.06,27.70,75,1,,PRBS,,,0.000,0.000,0.000,0.000,0.000,0.000
1778302234,54.87,34.08,27.50,75,1,,PRBS,,,0.000,0.000,0.000,0.000,0.000,0.000
1778302239,55.01,34.11,27.50,75,1,,PRBS,,,0.000,0.000,0.000,0.000,0.000,0.000
1778302244,55.18,34.09,27.30,75,1,,PRBS,,,0.000,0.000,0.000,0.000,0.000,0.000
1778302249,55.35,34.06,27.20,75,1,,PRBS,,,0.000,0.000,0.000,0.000,0.000,0.000
1778302254,55.56,34.05,27.10,75,1,,PRBS,,,0.000,0.000,0.000,0.000,0.000,0.000
1778302259,55.68,34.04,27.00,75,1,,PRBS,,,0.000,0.000,0.000,0.000,0.000,0.000
1778302268,55.82,34.05,26.90,75,1,,PRBS,,,0.000,0.000,0.000,0.000,0.000,0.000
1778302269,55.96,34.02,26.80,75,1,,PRBS,,,0.000,0.000,0.000,0.000,0.000,0.000
1778302274,56.12,34.05,26.60,75,1,,PRBS,,,0.000,0.000,0.000,0.000,0.000,0.000
1778302279,56.27,34.09,26.50,75,1,,PRBS,,,0.000,0.000,0.000,0.000,0.000,0.000
1778302284,56.38,34.18,26.40,75,1,,PRBS,,,0.000,0.000,0.000,0.000,0.000,0.000
1778302289,56.52,34.25,26.40,75,1,,PRBS,,,0.000,0.000,0.000,0.000,0.000,0.000
1778302294,56.69,34.25,26.20,75,1,,PRBS,,,0.000,0.000,0.000,0.000,0.000,0.000
1778302299,56.83,34.29,26.10,75,1,,PRBS,,,0.000,0.000,0.000,0.000,0.000,0.000
1778302304,56.94,34.25,26.00,75,1,,PRBS,,,0.000,0.000,0.000,0.000,0.000,0.000
1778302309,57.05,34.29,26.00,75,1,,PRBS,,,0.000,0.000,0.000,0.000,0.000,0.000
1778302314,57.17,34.33,25.90,75,1,,PRBS,,,0.000,0.000,0.000,0.000,0.000,0.000
1778302319,57.27,34.38,25.80,25,1,,PRBS,,,0.000,0.000,0.000,0.000,0.000,0.000
1778302324,57.37,34.38,25.70,25,1,,PRBS,,,0.000,0.000,0.000,0.000,0.000,0.000
1778302329,57.49,34.42,25.70,25,1,,PRBS,,,0.000,0.000,0.000,0.000,0.000,0.000
1778302334,57.57,34.40,25.60,25,1,,PRBS,,,0.000,0.000,0.000,0.000,0.000,0.000
1778302339,57.65,34.42,25.60,25,1,,PRBS,,,0.000,0.000,0.000,0.000,0.000,0.000
1778302344,57.70,34.40,25.50,25,1,,PRBS,,,0.000,0.000,0.000,0.000,0.000,0.000
1778302349,57.70,34.40,25.50,25,1,,PRBS,,,0.000,0.000,0.000,0.000,0.000,0.000
1778302354,57.70,34.36,25.50,25,1,,PRBS,,,0.000,0.000,0.000,0.000,0.000,0.000
1778302359,57.67,34.28,25.50,25,1,,PRBS,,,0.000,0.000,0.000,0.000,0.000,0.000
1778302364,57.62,34.23,25.60,25,1,,PRBS,,,0.000,0.000,0.000,0.000,0.000,0.000
1778302369,57.58,34.13,25.60,25,1,,PRBS,,,0.000,0.000,0.000,0.000,0.000,0.000
1778302374,57.50,34.02,25.60,25,1,,PRBS,,,0.000,0.000,0.000,0.000,0.000,0.000
1778302379,57.39,33.92,25.60,25,1,,PRBS,,,0.000,0.000,0.000,0.000,0.000,0.000
1778302384,57.32,33.87,25.70,25,1,,PRBS,,,0.000,0.000,0.000,0.000,0.000,0.000
1778302389,57.19,33.85,25.70,25,1,,PRBS,,,0.000,0.000,0.000,0.000,0.000,0.000
1778302394,57.09,33.84,25.90,25,1,,PRBS,,,0.000,0.000,0.000,0.000,0.000,0.000
1778302399,56.95,33.87,25.90,25,1,,PRBS,,,0.000,0.000,0.000,0.000,0.000,0.000
1778302404,56.85,33.90,26.00,25,1,,PRBS,,,0.000,0.000,0.000,0.000,0.000,0.000
1778302409,56.69,33.91,26.10,25,1,,PRBS,,,0.000,0.000,0.000,0.000,0.000,0.000
1778302414,56.55,33.94,26.20,25,1,,PRBS,,,0.000,0.000,0.000,0.000,0.000,0.000
1778302419,56.45,33.97,26.30,25,1,,PRBS,,,0.000,0.000,0.000,0.000,0.000,0.000
1778302424,56.30,33.99,26.40,25,1,,PRBS,,,0.000,0.000,0.000,0.000,0.000,0.000
1778302429,56.16,34.05,26.40,25,1,,PRBS,,,0.000,0.000,0.000,0.000,0.000,0.000
1778302434,56.03,34.05,26.60,25,1,,PRBS,,,0.000,0.000,0.000,0.000,0.000,0.000
1778302439,55.90,34.08,26.70,25,1,,PRBS,,,0.000,0.000,0.000,0.000,0.000,0.000
1778302444,55.75,34.08,26.80,25,1,,PRBS,,,0.000,0.000,0.000,0.000,0.000,0.000
1778302449,55.62,34.05,26.90,25,1,,PRBS,,,0.000,0.000,0.000,0.000,0.000,0.000
1778302454,55.51,34.08,27.00,25,1,,PRBS,,,0.000,0.000,0.000,0.000,0.000,0.000
1778302459,55.38,34.02,27.10,25,1,,PRBS,,,0.000,0.000,0.000,0.000,0.000,0.000
1778302464,55.25,34.05,27.20,25,1,,PRBS,,,0.000,0.000,0.000,0.000,0.000,0.000
1778302469,55.14,34.13,27.30,25,1,,PRBS,,,0.000,0.000,0.000,0.000,0.000,0.000
1778302474,55.01,34.20,27.30,25,1,,PRBS,,,0.000,0.000,0.000,0.000,0.000,0.000
1778302479,54.86,34.22,27.40,25,1,,PRBS,,,0.000,0.000,0.000,0.000,0.000,0.000
1778302484,54.73,34.20,27.50,25,1,,PRBS,,,0.000,0.000,0.000,0.000,0.000,0.000
1778302489,54.62,34.25,27.60,25,1,,PRBS,,,0.000,0.000,0.000,0.000,0.000,0.000
1778302494,54.52,34.28,27.70,25,1,,PRBS,,,0.000,0.000,0.000,0.000,0.000,0.000
1778302499,54.39,34.33,27.80,25,1,,PRBS,,,0.000,0.000,0.000,0.000,0.000,0.000
1778302504,54.29,34.36,27.90,25,1,,PRBS,,,0.000,0.000,0.000,0.000,0.000,0.000
1778302509,54.18,34.40,28.00,25,1,,PRBS,,,0.000,0.000,0.000,0.000,0.000,0.000
1778302514,54.08,34.46,28.00,25,1,,PRBS,,,0.000,0.000,0.000,0.000,0.000,0.000
1778302519,54.00,34.53,28.10,25,1,,PRBS,,,0.000,0.000,0.000,0.000,0.000,0.000
1778302524,53.90,34.55,28.20,25,1,,PRBS,,,0.000,0.000,0.000,0.000,0.000,0.000
1778302529,53.83,34.55,28.30,25,1,,PRBS,,,0.000,0.000,0.000,0.000,0.000,0.000
1778302534,53.70,34.53,28.30,25,1,,PRBS,,,0.000,0.000,0.000,0.000,0.000,0.000
1778302539,53.61,34.49,28.30,25,1,,PRBS,,,0.000,0.000,0.000,0.000,0.000,0.000
1778302544,53.52,34.43,28.50,25,1,,PRBS,,,0.000,0.000,0.000,0.000,0.000,0.000
1778302549,53.44,34.39,28.50,25,1,,PRBS,,,0.000,0.000,0.000,0.000,0.000,0.000
1778302554,53.36,34.39,28.60,25,1,,PRBS,,,0.000,0.000,0.000,0.000,0.000,0.000
1778302559,53.29,34.36,28.70,25,1,,PRBS,,,0.000,0.000,0.000,0.000,0.000,0.000
1778302564,53.21,34.39,28.70,25,1,,PRBS,,,0.000,0.000,0.000,0.000,0.000,0.000
1778302569,53.10,34.42,28.80,25,1,,PRBS,,,0.000,0.000,0.000,0.000,0.000,0.000
1778302574,53.05,34.42,28.80,25,1,,PRBS,,,0.000,0.000,0.000,0.000,0.000,0.000
1778302579,52.95,34.45,28.90,25,1,,PRBS,,,0.000,0.000,0.000,0.000,0.000,0.000
1778302584,52.91,34.48,29.00,25,1,,PRBS,,,0.000,0.000,0.000,0.000,0.000,0.000
1778302589,52.84,34.43,29.10,25,1,,PRBS,,,0.000,0.000,0.000,0.000,0.000,0.000
1778302594,52.77,34.38,29.10,25,1,,PRBS,,,0.000,0.000,0.000,0.000,0.000,0.000
1778302599,52.71,34.42,29.20,25,1,,PRBS,,,0.000,0.000,0.000,0.000,0.000,0.000
1778302604,52.62,34.42,29.20,25,1,,PRBS,,,0.000,0.000,0.000,0.000,0.000,0.000
1778302609,52.57,34.45,29.30,25,1,,PRBS,,,0.000,0.000,0.000,0.000,0.000,0.000
1778302614,52.53,34.48,29.30,25,1,,PRBS,,,0.000,0.000,0.000,0.000,0.000,0.000
1778302619,52.46,34.49,29.40,25,1,,PRBS,,,0.000,0.000,0.000,0.000,0.000,0.000
1778302624,52.42,34.56,29.40,25,1,,PRBS,,,0.000,0.000,0.000,0.000,0.000,0.000
1778302629,52.36,34.60,29.40,25,1,,PRBS,,,0.000,0.000,0.000,0.000,0.000,0.000
1778302634,52.23,34.63,29.50,25,1,,PRBS,,,0.000,0.000,0.000,0.000,0.000,0.000
1778302639,52.21,34.66,29.50,25,1,,PRBS,,,0.000,0.000,0.000,0.000,0.000,0.000
1778302644,52.17,34.63,29.60,25,1,,PRBS,,,0.000,0.000,0.000,0.000,0.000,0.000
1778302649,52.13,34.60,29.60,25,1,,PRBS,,,0.000,0.000,0.000,0.000,0.000,0.000
1778302654,52.05,34.55,29.70,25,1,,PRBS,,,0.000,0.000,0.000,0.000,0.000,0.000
1778302659,51.99,34.50,29.70,25,1,,PRBS,,,0.000,0.000,0.000,0.000,0.000,0.000
1778302664,51.93,34.50,29.70,25,1,,PRBS,,,0.000,0.000,0.000,0.000,0.000,0.000
1778302669,51.90,34.53,29.80,25,1,,PRBS,,,0.000,0.000,0.000,0.000,0.000,0.000
1778302674,51.85,34.56,29.80,25,1,,PRBS,,,0.000,0.000,0.000,0.000,0.000,0.000
1778302679,51.81,34.57,29.80,25,1,,PRBS,,,0.000,0.000,0.000,0.000,0.000,0.000
1778302684,51.72,34.63,29.90,25,1,,PRBS,,,0.000,0.000,0.000,0.000,0.000,0.000
1778302689,51.71,34.66,29.90,25,1,,PRBS,,,0.000,0.000,0.000,0.000,0.000,0.000
1778302694,51.68,34.70,30.00,25,1,,PRBS,,,0.000,0.000,0.000,0.000,0.000,0.000
1778302699,51.61,34.64,30.00,25,1,,PRBS,,,0.000,0.000,0.000,0.000,0.000,0.000
1778302704,51.58,34.61,30.00,25,1,,PRBS,,,0.000,0.000,0.000,0.000,0.000,0.000
1778302709,51.54,34.52,30.10,25,1,,PRBS,,,0.000,0.000,0.000,0.000,0.000,0.000
1778302714,51.46,34.48,30.10,25,1,,PRBS,,,0.000,0.000,0.000,0.000,0.000,0.000
1778302719,51.44,34.39,30.20,25,1,,PRBS,,,0.000,0.000,0.000,0.000,0.000,0.000
1778302724,51.40,34.40,30.20,25,1,,PRBS,,,0.000,0.000,0.000,0.000,0.000,0.000
1778302729,51.35,34.40,30.20,25,1,,PRBS,,,0.000,0.000,0.000,0.000,0.000,0.000
1778302734,51.30,34.32,30.20,25,1,,PRBS,,,0.000,0.000,0.000,0.000,0.000,0.000
1778302739,51.28,34.28,30.30,25,1,,PRBS,,,0.000,0.000,0.000,0.000,0.000,0.000
1778302744,51.24,34.25,30.30,25,1,,PRBS,,,0.000,0.000,0.000,0.000,0.000,0.000
1778302749,51.18,34.19,30.30,25,1,,PRBS,,,0.000,0.000,0.000,0.000,0.000,0.000
1778302754,51.17,34.16,30.40,25,1,,PRBS,,,0.000,0.000,0.000,0.000,0.000,0.000
1778302759,51.10,34.13,30.50,25,1,,PRBS,,,0.000,0.000,0.000,0.000,0.000,0.000
1778302764,51.08,34.12,30.50,25,1,,PRBS,,,0.000,0.000,0.000,0.000,0.000,0.000
1778302769,51.08,34.13,30.50,25,1,,PRBS,,,0.000,0.000,0.000,0.000,0.000,0.000
1778302774,51.01,34.13,30.50,25,1,,PRBS,,,0.000,0.000,0.000,0.000,0.000,0.000
1778302779,50.96,34.12,30.50,25,1,,PRBS,,,0.000,0.000,0.000,0.000,0.000,0.000
1778302784,50.94,34.16,30.60,25,1,,PRBS,,,0.000,0.000,0.000,0.000,0.000,0.000
1778302789,50.90,34.20,30.60,25,1,,PRBS,,,0.000,0.000,0.000,0.000,0.000,0.000
1778302794,50.87,34.15,30.70,25,1,,PRBS,,,0.000,0.000,0.000,0.000,0.000,0.000
1778302799,50.82,34.19,30.70,25,1,,PRBS,,,0.000,0.000,0.000,0.000,0.000,0.000
1778302804,50.77,34.19,30.70,25,1,,PRBS,,,0.000,0.000,0.000,0.000,0.000,0.000
1778302809,50.73,34.20,30.70,25,1,,PRBS,,,0.000,0.000,0.000,0.000,0.000,0.000
1778302814,50.72,34.25,30.70,25,1,,PRBS,,,0.000,0.000,0.000,0.000,0.000,0.000
1778302819,50.69,34.29,30.80,25,1,,PRBS,,,0.000,0.000,0.000,0.000,0.000,0.000
1778302824,50.67,34.38,30.90,25,1,,PRBS,,,0.000,0.000,0.000,0.000,0.000,0.000
1778302829,50.64,34.40,30.80,25,1,,PRBS,,,0.000,0.000,0.000,0.000,0.000,0.000
1778302834,50.58,34.43,30.90,25,1,,PRBS,,,0.000,0.000,0.000,0.000,0.000,0.000
1778302839,50.55,34.43,30.90,25,1,,PRBS,,,0.000,0.000,0.000,0.000,0.000,0.000
1778302844,50.52,34.39,30.90,25,1,,PRBS,,,0.000,0.000,0.000,0.000,0.000,0.000
1778302849,50.49,34.40,31.00,25,1,,PRBS,,,0.000,0.000,0.000,0.000,0.000,0.000
1778302854,50.45,34.40,30.90,25,1,,PRBS,,,0.000,0.000,0.000,0.000,0.000,0.000
1778302859,50.41,34.42,31.00,25,1,,PRBS,,,0.000,0.000,0.000,0.000,0.000,0.000
1778302864,50.41,34.40,31.00,25,1,,PRBS,,,0.000,0.000,0.000,0.000,0.000,0.000
1778302869,50.38,34.36,31.00,25,1,,PRBS,,,0.000,0.000,0.000,0.000,0.000,0.000
1778302874,50.31,34.26,31.00,25,1,,PRBS,,,0.000,0.000,0.000,0.000,0.000,0.000
1778302879,50.31,34.22,31.10,25,1,,PRBS,,,0.000,0.000,0.000,0.000,0.000,0.000
1778302884,50.27,34.18,31.10,25,1,,PRBS,,,0.000,0.000,0.000,0.000,0.000,0.000
1778302889,50.22,34.18,31.20,25,1,,PRBS,,,0.000,0.000,0.000,0.000,0.000,0.000
1778302894,50.22,34.18,31.20,25,1,,PRBS,,,0.000,0.000,0.000,0.000,0.000,0.000
1778302899,50.19,34.16,31.20,25,1,,PRBS,,,0.000,0.000,0.000,0.000,0.000,0.000
1778302904,50.17,34.12,31.20,25,1,,PRBS,,,0.000,0.000,0.000,0.000,0.000,0.000
1778302909,50.11,34.13,31.30,75,1,,PRBS,,,0.000,0.000,0.000,0.000,0.000,0.000
1778302914,50.07,34.13,31.30,75,1,,PRBS,,,0.000,0.000,0.000,0.000,0.000,0.000
1778302919,50.05,34.16,31.30,75,1,,PRBS,,,0.000,0.000,0.000,0.000,0.000,0.000
1778302924,50.07,34.16,31.20,75,1,,PRBS,,,0.000,0.000,0.000,0.000,0.000,0.000
1778302929,50.07,34.13,31.30,75,1,,PRBS,,,0.000,0.000,0.000,0.000,0.000,0.000
1778302934,50.12,34.09,31.30,75,1,,PRBS,,,0.000,0.000,0.000,0.000,0.000,0.000
1778302939,50.14,34.01,31.20,75,1,,PRBS,,,0.000,0.000,0.000,0.000,0.000,0.000
1778302944,50.24,33.98,31.10,75,1,,PRBS,,,0.000,0.000,0.000,0.000,0.000,0.000
1778302949,50.39,33.94,31.00,75,1,,PRBS,,,0.000,0.000,0.000,0.000,0.000,0.000
1778302954,50.51,33.99,31.00,75,1,,PRBS,,,0.000,0.000,0.000,0.000,0.000,0.000
1778302959,50.62,34.05,30.80,75,1,,PRBS,,,0.000,0.000,0.000,0.000,0.000,0.000
1778302964,50.76,34.09,30.80,75,1,,PRBS,,,0.000,0.000,0.000,0.000,0.000,0.000
1778302969,50.91,34.15,30.60,75,1,,PRBS,,,0.000,0.000,0.000,0.000,0.000,0.000
1778302974,51.11,34.09,30.40,75,1,,PRBS,,,0.000,0.000,0.000,0.000,0.000,0.000
1778302979,51.28,34.04,30.30,75,1,,PRBS,,,0.000,0.000,0.000,0.000,0.000,0.000
1778302984,51.46,34.09,30.10,75,1,,PRBS,,,0.000,0.000,0.000,0.000,0.000,0.000
1778302989,51.65,34.08,29.90,75,1,,PRBS,,,0.000,0.000,0.000,0.000,0.000,0.000
1778302994,51.86,34.08,29.70,75,1,,PRBS,,,0.000,0.000,0.000,0.000,0.000,0.000
1778302999,52.06,34.12,29.60,75,1,,PRBS,,,0.000,0.000,0.000,0.000,0.000,0.000
1778303004,52.26,34.13,29.30,75,1,,PRBS,,,0.000,0.000,0.000,0.000,0.000,0.000
1778303009,52.44,34.18,29.20,75,1,,PRBS,,,0.000,0.000,0.000,0.000,0.000,0.000
1778303014,52.67,34.19,29.00,75,1,,PRBS,,,0.000,0.000,0.000,0.000,0.000,0.000
1778303019,52.81,34.19,28.90,75,1,,PRBS,,,0.000,0.000,0.000,0.000,0.000,0.000
1778303024,53.02,34.12,28.80,75,1,,PRBS,,,0.000,0.000,0.000,0.000,0.000,0.000
1778303029,53.21,34.09,28.50,75,1,,PRBS,,,0.000,0.000,0.000,0.000,0.000,0.000
1778303034,53.42,34.09,28.40,75,1,,PRBS,,,0.000,0.000,0.000,0.000,0.000,0.000
1778303039,53.60,34.04,28.30,75,1,,PRBS,,,0.000,0.000,0.000,0.000,0.000,0.000
1778303044,53.77,34.05,28.10,75,1,,PRBS,,,0.000,0.000,0.000,0.000,0.000,0.000
1778303049,53.95,34.02,28.00,75,1,,PRBS,,,0.000,0.000,0.000,0.000,0.000,0.000
1778303054,54.12,34.01,27.80,75,1,,PRBS,,,0.000,0.000,0.000,0.000,0.000,0.000
1778303059,54.36,33.95,27.70,75,1,,PRBS,,,0.000,0.000,0.000,0.000,0.000,0.000
1778303064,54.49,33.92,27.60,75,1,,PRBS,,,0.000,0.000,0.000,0.000,0.000,0.000
1778303069,54.59,33.88,27.40,75,1,,PRBS,,,0.000,0.000,0.000,0.000,0.000,0.000
1778303074,54.79,33.91,27.30,75,1,,PRBS,,,0.000,0.000,0.000,0.000,0.000,0.000
1778303079,54.97,33.98,27.20,25,1,,PRBS,,,0.000,0.000,0.000,0.000,0.000,0.000
1778303084,55.13,34.02,27.10,25,1,,PRBS,,,0.000,0.000,0.000,0.000,0.000,0.000
1778303089,55.24,34.11,27.00,25,1,,PRBS,,,0.000,0.000,0.000,0.000,0.000,0.000
1778303094,55.38,34.20,26.90,25,1,,PRBS,,,0.000,0.000,0.000,0.000,0.000,0.000
1778303099,55.45,34.26,26.80,25,1,,PRBS,,,0.000,0.000,0.000,0.000,0.000,0.000
1778303104,55.52,34.32,26.80,25,1,,PRBS,,,0.000,0.000,0.000,0.000,0.000,0.000
1778303109,55.53,34.36,26.80,25,1,,PRBS,,,0.000,0.000,0.000,0.000,0.000,0.000
1778303114,55.56,34.45,26.70,25,1,,PRBS,,,0.000,0.000,0.000,0.000,0.000,0.000
1778303119,55.55,34.55,26.70,25,1,,PRBS,,,0.000,0.000,0.000,0.000,0.000,0.000
1778303124,55.51,34.59,26.70,25,1,,PRBS,,,0.000,0.000,0.000,0.000,0.000,0.000
1778303129,55.48,34.63,26.80,25,1,,PRBS,,,0.000,0.000,0.000,0.000,0.000,0.000
1778303134,55.44,34.66,26.80,25,1,,PRBS,,,0.000,0.000,0.000,0.000,0.000,0.000
1778303139,55.35,34.71,26.90,25,1,,PRBS,,,0.000,0.000,0.000,0.000,0.000,0.000
1778303144,55.31,34.70,26.90,25,1,,PRBS,,,0.000,0.000,0.000,0.000,0.000,0.000
1778303149,55.19,34.71,27.00,25,1,,PRBS,,,0.000,0.000,0.000,0.000,0.000,0.000
1778303154,55.11,34.67,26.90,25,1,,PRBS,,,0.000,0.000,0.000,0.000,0.000,0.000
1778303159,54.98,34.67,27.10,25,1,,PRBS,,,0.000,0.000,0.000,0.000,0.000,0.000
1778303164,54.93,34.63,27.20,25,1,,PRBS,,,0.000,0.000,0.000,0.000,0.000,0.000
1778303169,54.81,34.66,27.20,25,1,,PRBS,,,0.000,0.000,0.000,0.000,0.000,0.000
1778303174,54.67,34.64,27.20,25,1,,PRBS,,,0.000,0.000,0.000,0.000,0.000,0.000
1778303179,54.58,34.61,27.40,25,1,,PRBS,,,0.000,0.000,0.000,0.000,0.000,0.000
1778303184,54.43,34.53,27.50,25,1,,PRBS,,,0.000,0.000,0.000,0.000,0.000,0.000
1778303189,54.34,34.40,27.60,25,1,,PRBS,,,0.000,0.000,0.000,0.000,0.000,0.000
1778303194,54.22,34.36,27.70,25,1,,PRBS,,,0.000,0.000,0.000,0.000,0.000,0.000
1778303199,54.09,34.29,27.80,25,1,,PRBS,,,0.000,0.000,0.000,0.000,0.000,0.000
1778303204,53.98,34.23,27.80,25,1,,PRBS,,,0.000,0.000,0.000,0.000,0.000,0.000
1778303209,53.87,34.22,27.90,75,1,,PRBS,,,0.000,0.000,0.000,0.000,0.000,0.000
1778303214,53.76,34.19,28.00,75,1,,PRBS,,,0.000,0.000,0.000,0.000,0.000,0.000
1778303219,53.66,34.20,28.10,75,1,,PRBS,,,0.000,0.000,0.000,0.000,0.000,0.000
1778303224,53.54,34.26,28.20,75,1,,PRBS,,,0.000,0.000,0.000,0.000,0.000,0.000
1778303229,53.49,34.28,28.20,75,1,,PRBS,,,0.000,0.000,0.000,0.000,0.000,0.000
1778303234,53.46,34.36,28.30,75,1,,PRBS,,,0.000,0.000,0.000,0.000,0.000,0.000
1778303239,53.42,34.38,28.30,75,1,,PRBS,,,0.000,0.000,0.000,0.000,0.000,0.000
1778303244,53.43,34.40,28.40,75,1,,PRBS,,,0.000,0.000,0.000,0.000,0.000,0.000
1778303249,53.42,34.43,28.40,75,1,,PRBS,,,0.000,0.000,0.000,0.000,0.000,0.000
1778303254,53.47,34.49,28.30,75,1,,PRBS,,,0.000,0.000,0.000,0.000,0.000,0.000
1778303259,53.56,34.53,28.20,75,1,,PRBS,,,0.000,0.000,0.000,0.000,0.000,0.000
1778303264,53.67,34.56,28.20,75,1,,PRBS,,,0.000,0.000,0.000,0.000,0.000,0.000
1778303269,53.76,34.59,28.10,75,1,,PRBS,,,0.000,0.000,0.000,0.000,0.000,0.000
1778303274,53.85,34.59,28.10,75,1,,PRBS,,,0.000,0.000,0.000,0.000,0.000,0.000
1778303279,53.97,34.64,27.90,75,1,,PRBS,,,0.000,0.000,0.000,0.000,0.000,0.000
1778303284,54.11,34.64,27.80,75,1,,PRBS,,,0.000,0.000,0.000,0.000,0.000,0.000
1778303289,54.21,34.66,27.70,75,1,,PRBS,,,0.000,0.000,0.000,0.000,0.000,0.000
1778303294,54.35,34.64,27.70,75,1,,PRBS,,,0.000,0.000,0.000,0.000,0.000,0.000
1778303299,54.48,34.63,27.50,75,1,,PRBS,,,0.000,0.000,0.000,0.000,0.000,0.000
1778303304,54.58,34.61,27.50,75,1,,PRBS,,,0.000,0.000,0.000,0.000,0.000,0.000
1778303309,54.74,34.68,27.40,75,1,,PRBS,,,0.000,0.000,0.000,0.000,0.000,0.000
1778303314,54.90,34.74,27.30,75,1,,PRBS,,,0.000,0.000,0.000,0.000,0.000,0.000
1778303319,55.04,34.82,27.10,75,1,,PRBS,,,0.000,0.000,0.000,0.000,0.000,0.000
1778303324,55.17,34.83,27.10,75,1,,PRBS,,,0.000,0.000,0.000,0.000,0.000,0.000
1778303329,55.34,34.84,26.90,75,1,,PRBS,,,0.000,0.000,0.000,0.000,0.000,0.000
1778303334,55.48,34.79,26.90,75,1,,PRBS,,,0.000,0.000,0.000,0.000,0.000,0.000
1778303339,55.61,34.80,26.80,75,1,,PRBS,,,0.000,0.000,0.000,0.000,0.000,0.000
1778303344,55.76,34.83,26.60,75,1,,PRBS,,,0.000,0.000,0.000,0.000,0.000,0.000
1778303349,55.92,34.80,26.50,75,1,,PRBS,,,0.000,0.000,0.000,0.000,0.000,0.000
1778303354,56.09,34.71,26.40,75,1,,PRBS,,,0.000,0.000,0.000,0.000,0.000,0.000
1778303359,56.16,34.68,26.30,75,1,,PRBS,,,0.000,0.000,0.000,0.000,0.000,0.000
1778303364,56.31,34.63,26.20,75,1,,PRBS,,,0.000,0.000,0.000,0.000,0.000,0.000
1778303369,56.41,34.57,26.20,75,1,,PRBS,,,0.000,0.000,0.000,0.000,0.000,0.000
1778303374,56.54,34.59,26.10,75,1,,PRBS,,,0.000,0.000,0.000,0.000,0.000,0.000
1778303379,56.72,34.66,26.00,75,1,,PRBS,,,0.000,0.000,0.000,0.000,0.000,0.000
1778303384,56.77,34.67,25.90,75,1,,PRBS,,,0.000,0.000,0.000,0.000,0.000,0.000
1778303389,56.95,34.73,25.80,75,1,,PRBS,,,0.000,0.000,0.000,0.000,0.000,0.000
1778303394,57.06,34.80,25.70,75,1,,PRBS,,,0.000,0.000,0.000,0.000,0.000,0.000
1778303399,57.13,34.79,25.70,75,1,,PRBS,,,0.000,0.000,0.000,0.000,0.000,0.000
1778303404,57.26,34.80,25.60,75,1,,PRBS,,,0.000,0.000,0.000,0.000,0.000,0.000
1778303409,57.36,34.77,25.50,75,1,,PRBS,,,0.000,0.000,0.000,0.000,0.000,0.000
1778303414,57.46,34.77,25.50,75,1,,PRBS,,,0.000,0.000,0.000,0.000,0.000,0.000
1778303419,57.57,34.71,25.40,75,1,,PRBS,,,0.000,0.000,0.000,0.000,0.000,0.000
1778303424,57.71,34.71,25.40,75,1,,PRBS,,,0.000,0.000,0.000,0.000,0.000,0.000
1778303429,57.77,34.66,25.30,75,1,,PRBS,,,0.000,0.000,0.000,0.000,0.000,0.000
1778303434,57.85,34.66,25.30,75,1,,PRBS,,,0.000,0.000,0.000,0.000,0.000,0.000
1778303439,57.97,34.67,25.20,75,1,,PRBS,,,0.000,0.000,0.000,0.000,0.000,0.000
1778303444,58.05,34.59,25.10,75,1,,PRBS,,,0.000,0.000,0.000,0.000,0.000,0.000
1778303449,58.15,34.50,25.00,75,1,,PRBS,,,0.000,0.000,0.000,0.000,0.000,0.000
1778303454,58.24,34.45,25.00,75,1,,PRBS,,,0.000,0.000,0.000,0.000,0.000,0.000
1778303459,58.38,34.39,25.00,75,1,,PRBS,,,0.000,0.000,0.000,0.000,0.000,0.000
1778303464,58.44,34.31,24.80,75,1,,PRBS,,,0.000,0.000,0.000,0.000,0.000,0.000
1778303469,58.53,34.25,24.80,75,1,,PRBS,,,0.000,0.000,0.000,0.000,0.000,0.000
1778303474,58.60,34.18,24.70,75,1,,PRBS,,,0.000,0.000,0.000,0.000,0.000,0.000
1778303479,58.69,34.15,24.60,75,1,,PRBS,,,0.000,0.000,0.000,0.000,0.000,0.000
1778303484,58.81,34.08,24.60,75,1,,PRBS,,,0.000,0.000,0.000,0.000,0.000,0.000
1778303489,58.88,34.05,24.60,75,1,,PRBS,,,0.000,0.000,0.000,0.000,0.000,0.000
1778303494,58.94,34.01,24.50,75,1,,PRBS,,,0.000,0.000,0.000,0.000,0.000,0.000
1778303499,59.02,34.06,24.40,75,1,,PRBS,,,0.000,0.000,0.000,0.000,0.000,0.000
1778303504,59.08,34.02,24.50,75,1,,PRBS,,,0.000,0.000,0.000,0.000,0.000,0.000
1778303509,59.15,34.05,24.40,75,1,,PRBS,,,0.000,0.000,0.000,0.000,0.000,0.000
1778303514,59.21,34.01,24.30,75,1,,PRBS,,,0.000,0.000,0.000,0.000,0.000,0.000
1778303519,59.28,33.98,24.30,75,1,,PRBS,,,0.000,0.000,0.000,0.000,0.000,0.000
1778303524,59.36,33.94,24.30,75,1,,PRBS,,,0.000,0.000,0.000,0.000,0.000,0.000
1778303529,59.42,33.95,24.20,75,1,,PRBS,,,0.000,0.000,0.000,0.000,0.000,0.000
1778303534,59.51,33.92,24.20,75,1,,PRBS,,,0.000,0.000,0.000,0.000,0.000,0.000
1778303539,59.56,33.90,24.20,75,1,,PRBS,,,0.000,0.000,0.000,0.000,0.000,0.000
1778303544,59.62,33.85,24.10,75,1,,PRBS,,,0.000,0.000,0.000,0.000,0.000,0.000
1778303549,59.69,33.77,24.10,75,1,,PRBS,,,0.000,0.000,0.000,0.000,0.000,0.000
1778303554,59.73,33.72,24.10,75,1,,PRBS,,,0.000,0.000,0.000,0.000,0.000,0.000
1778303559,59.80,33.70,24.10,75,1,,PRBS,,,0.000,0.000,0.000,0.000,0.000,0.000
1778303564,59.87,33.67,24.00,75,1,,PRBS,,,0.000,0.000,0.000,0.000,0.000,0.000
1778303569,59.92,33.67,23.90,75,1,,PRBS,,,0.000,0.000,0.000,0.000,0.000,0.000
1778303574,60.00,33.68,23.90,75,1,,PRBS,,,0.000,0.000,0.000,0.000,0.000,0.000
1778303579,60.07,33.75,23.90,75,1,,PRBS,,,0.000,0.000,0.000,0.000,0.000,0.000
1778303584,60.14,33.78,23.80,75,1,,PRBS,,,0.000,0.000,0.000,0.000,0.000,0.000
1778303589,60.18,33.77,23.80,75,1,,PRBS,,,0.000,0.000,0.000,0.000,0.000,0.000
1778303594,60.24,33.78,23.70,75,1,,PRBS,,,0.000,0.000,0.000,0.000,0.000,0.000
1778303599,60.25,33.85,23.70,75,1,,PRBS,,,0.000,0.000,0.000,0.000,0.000,0.000
1778303604,60.35,33.87,23.70,75,1,,PRBS,,,0.000,0.000,0.000,0.000,0.000,0.000
1778303609,60.40,33.87,23.60,75,1,,PRBS,,,0.000,0.000,0.000,0.000,0.000,0.000
1778303614,60.47,33.91,23.60,75,1,,PRBS,,,0.000,0.000,0.000,0.000,0.000,0.000
1778303619,60.52,33.97,23.60,75,1,,PRBS,,,0.000,0.000,0.000,0.000,0.000,0.000
1778303624,60.58,34.02,23.60,75,1,,PRBS,,,0.000,0.000,0.000,0.000,0.000,0.000
1778303629,60.62,34.02,23.50,75,1,,PRBS,,,0.000,0.000,0.000,0.000,0.000,0.000
1778303634,60.65,34.11,23.50,75,1,,PRBS,,,0.000,0.000,0.000,0.000,0.000,0.000
1778303639,60.72,34.09,23.50,75,1,,PRBS,,,0.000,0.000,0.000,0.000,0.000,0.000
1778303644,60.77,34.12,23.50,75,1,,PRBS,,,0.000,0.000,0.000,0.000,0.000,0.000
1778303649,60.85,34.11,23.50,75,1,,PRBS,,,0.000,0.000,0.000,0.000,0.000,0.000
1778303654,60.86,34.08,23.40,75,1,,PRBS,,,0.000,0.000,0.000,0.000,0.000,0.000
1778303659,60.93,34.05,23.40,75,1,,PRBS,,,0.000,0.000,0.000,0.000,0.000,0.000
1778303664,60.97,33.98,23.40,75,1,,PRBS,,,0.000,0.000,0.000,0.000,0.000,0.000
1778303669,61.03,33.97,23.30,75,1,,PRBS,,,0.000,0.000,0.000,0.000,0.000,0.000
1778303674,61.06,33.94,23.30,75,1,,PRBS,,,0.000,0.000,0.000,0.000,0.000,0.000
1778303679,61.10,33.94,23.30,75,1,,PRBS,,,0.000,0.000,0.000,0.000,0.000,0.000
1778303684,61.14,33.88,23.30,75,1,,PRBS,,,0.000,0.000,0.000,0.000,0.000,0.000
1778303689,61.19,33.87,23.30,25,1,,PRBS,,,0.000,0.000,0.000,0.000,0.000,0.000
1778303694,61.19,33.92,23.20,25,1,,PRBS,,,0.000,0.000,0.000,0.000,0.000,0.000
1778303699,61.23,33.95,23.20,25,1,,PRBS,,,0.000,0.000,0.000,0.000,0.000,0.000
1778303704,61.23,33.98,23.20,25,1,,PRBS,,,0.000,0.000,0.000,0.000,0.000,0.000
1778303709,61.26,33.97,23.20,25,1,,PRBS,,,0.000,0.000,0.000,0.000,0.000,0.000
1778303714,61.26,34.04,23.20,25,1,,PRBS,,,0.000,0.000,0.000,0.000,0.000,0.000
1778303719,61.19,34.01,23.10,25,1,,PRBS,,,0.000,0.000,0.000,0.000,0.000,0.000
1778303724,61.16,33.99,23.20,25,1,,PRBS,,,0.000,0.000,0.000,0.000,0.000,0.000
1778303729,61.06,33.99,23.30,25,1,,PRBS,,,0.000,0.000,0.000,0.000,0.000,0.000
1778303734,60.97,33.99,23.30,25,1,,PRBS,,,0.000,0.000,0.000,0.000,0.000,0.000
1778303739,60.88,34.02,23.40,25,1,,PRBS,,,0.000,0.000,0.000,0.000,0.000,0.000
1778303744,60.75,34.01,23.50,25,1,,PRBS,,,0.000,0.000,0.000,0.000,0.000,0.000
1778303749,60.63,34.01,23.60,25,1,,PRBS,,,0.000,0.000,0.000,0.000,0.000,0.000
1778303754,60.45,33.98,23.70,25,1,,PRBS,,,0.000,0.000,0.000,0.000,0.000,0.000
1778303759,60.31,33.94,23.80,25,1,,PRBS,,,0.000,0.000,0.000,0.000,0.000,0.000
1778303764,60.13,33.94,23.90,25,1,,PRBS,,,0.000,0.000,0.000,0.000,0.000,0.000
1778303769,59.96,33.91,24.00,25,1,,PRBS,,,0.000,0.000,0.000,0.000,0.000,0.000
1778303774,59.80,33.91,24.10,25,1,,PRBS,,,0.000,0.000,0.000,0.000,0.000,0.000
1778303779,59.63,33.90,24.20,25,1,,PRBS,,,0.000,0.000,0.000,0.000,0.000,0.000
1778303784,59.43,33.91,24.30,25,1,,PRBS,,,0.000,0.000,0.000,0.000,0.000,0.000
1778303789,59.28,33.95,24.50,25,1,,PRBS,,,0.000,0.000,0.000,0.000,0.000,0.000
1778303794,59.10,33.98,24.60,25,1,,PRBS,,,0.000,0.000,0.000,0.000,0.000,0.000
1778303799,58.93,34.04,24.70,25,1,,PRBS,,,0.000,0.000,0.000,0.000,0.000,0.000
1778303804,58.77,34.06,24.80,25,1,,PRBS,,,0.000,0.000,0.000,0.000,0.000,0.000
1778303809,58.59,34.09,24.90,25,1,,PRBS,,,0.000,0.000,0.000,0.000,0.000,0.000
1778303814,58.40,34.06,25.00,25,1,,PRBS,,,0.000,0.000,0.000,0.000,0.000,0.000
1778303819,58.25,34.12,25.20,25,1,,PRBS,,,0.000,0.000,0.000,0.000,0.000,0.000
1778303824,58.06,34.12,25.20,25,1,,PRBS,,,0.000,0.000,0.000,0.000,0.000,0.000
1778303829,57.95,34.09,25.40,25,1,,PRBS,,,0.000,0.000,0.000,0.000,0.000,0.000
1778303834,57.77,34.09,25.50,25,1,,PRBS,,,0.000,0.000,0.000,0.000,0.000,0.000
1778303839,57.65,34.08,25.60,25,1,,PRBS,,,0.000,0.000,0.000,0.000,0.000,0.000
1778303844,57.50,34.05,25.70,25,1,,PRBS,,,0.000,0.000,0.000,0.000,0.000,0.000
1778303849,57.34,34.11,25.80,25,1,,PRBS,,,0.000,0.000,0.000,0.000,0.000,0.000
1778303854,57.20,34.12,25.90,25,1,,PRBS,,,0.000,0.000,0.000,0.000,0.000,0.000
1778303859,57.03,34.18,26.00,25,1,,PRBS,,,0.000,0.000,0.000,0.000,0.000,0.000
1778303864,56.89,34.18,26.10,25,1,,PRBS,,,0.000,0.000,0.000,0.000,0.000,0.000
1778303869,56.75,34.18,26.20,25,1,,PRBS,,,0.000,0.000,0.000,0.000,0.000,0.000
1778303874,56.65,34.23,26.20,25,1,,PRBS,,,0.000,0.000,0.000,0.000,0.000,0.000
1778303879,56.50,34.28,26.30,25,1,,PRBS,,,0.000,0.000,0.000,0.000,0.000,0.000
1778303884,56.38,34.31,26.40,25,1,,PRBS,,,0.000,0.000,0.000,0.000,0.000,0.000
1778303889,56.28,34.33,26.50,25,1,,PRBS,,,0.000,0.000,0.000,0.000,0.000,0.000
1778303894,56.13,34.45,26.60,25,1,,PRBS,,,0.000,0.000,0.000,0.000,0.000,0.000
1778303899,56.04,34.53,26.70,25,1,,PRBS,,,0.000,0.000,0.000,0.000,0.000,0.000
1778303904,55.92,34.50,26.80,25,1,,PRBS,,,0.000,0.000,0.000,0.000,0.000,0.000
1778303909,55.80,34.52,26.90,25,1,,PRBS,,,0.000,0.000,0.000,0.000,0.000,0.000
1778303914,55.68,34.59,26.90,25,1,,PRBS,,,0.000,0.000,0.000,0.000,0.000,0.000
1778303919,55.58,34.53,27.00,25,1,,PRBS,,,0.000,0.000,0.000,0.000,0.000,0.000
1778303924,55.46,34.48,27.10,25,1,,PRBS,,,0.000,0.000,0.000,0.000,0.000,0.000
1778303929,55.37,34.39,27.10,25,1,,PRBS,,,0.000,0.000,0.000,0.000,0.000,0.000
1778303934,55.28,34.32,27.20,25,1,,PRBS,,,0.000,0.000,0.000,0.000,0.000,0.000
1778303939,55.18,34.28,27.30,25,1,,PRBS,,,0.000,0.000,0.000,0.000,0.000,0.000
1778303944,55.10,34.23,27.30,25,1,,PRBS,,,0.000,0.000,0.000,0.000,0.000,0.000
1778303949,55.00,34.19,27.40,25,1,,PRBS,,,0.000,0.000,0.000,0.000,0.000,0.000
1778303954,54.89,34.23,27.50,25,1,,PRBS,,,0.000,0.000,0.000,0.000,0.000,0.000
1778303959,54.80,34.23,27.60,25,1,,PRBS,,,0.000,0.000,0.000,0.000,0.000,0.000
1778303964,54.73,34.28,27.60,25,1,,PRBS,,,0.000,0.000,0.000,0.000,0.000,0.000
1778303969,54.62,34.32,27.70,25,1,,PRBS,,,0.000,0.000,0.000,0.000,0.000,0.000
1778303974,54.55,34.35,27.80,25,1,,PRBS,,,0.000,0.000,0.000,0.000,0.000,0.000
1778303979,54.48,34.31,27.80,25,1,,PRBS,,,0.000,0.000,0.000,0.000,0.000,0.000
1778303984,54.39,34.33,27.90,25,1,,PRBS,,,0.000,0.000,0.000,0.000,0.000,0.000
1778303989,54.31,34.29,27.90,25,1,,PRBS,,,0.000,0.000,0.000,0.000,0.000,0.000
1778303994,54.26,34.23,27.90,25,1,,PRBS,,,0.000,0.000,0.000,0.000,0.000,0.000
1778303999,54.17,34.19,28.00,25,1,,PRBS,,,0.000,0.000,0.000,0.000,0.000,0.000
1778304004,54.11,34.19,28.00,25,1,,PRBS,,,0.000,0.000,0.000,0.000,0.000,0.000
1778304009,54.04,34.23,28.10,25,1,,PRBS,,,0.000,0.000,0.000,0.000,0.000,0.000
1778304014,53.98,34.31,28.20,25,1,,PRBS,,,0.000,0.000,0.000,0.000,0.000,0.000
1778304019,53.91,34.36,28.20,25,1,,PRBS,,,0.000,0.000,0.000,0.000,0.000,0.000
1778304024,53.83,34.42,28.30,25,1,,PRBS,,,0.000,0.000,0.000,0.000,0.000,0.000
1778304029,53.76,34.48,28.30,25,1,,PRBS,,,0.000,0.000,0.000,0.000,0.000,0.000
1778304034,53.73,34.48,28.40,25,1,,PRBS,,,0.000,0.000,0.000,0.000,0.000,0.000
1778304039,53.67,34.55,28.40,25,1,,PRBS,,,0.000,0.000,0.000,0.000,0.000,0.000
1778304044,53.59,34.57,28.50,25,1,,PRBS,,,0.000,0.000,0.000,0.000,0.000,0.000
1778304049,53.53,34.59,28.50,25,1,,PRBS,,,0.000,0.000,0.000,0.000,0.000,0.000
1778304054,53.43,34.59,28.50,25,1,,PRBS,,,0.000,0.000,0.000,0.000,0.000,0.000
1778304059,53.39,34.64,28.60,25,1,,PRBS,,,0.000,0.000,0.000,0.000,0.000,0.000
1778304064,53.32,34.67,28.60,25,1,,PRBS,,,0.000,0.000,0.000,0.000,0.000,0.000
1778304069,53.27,34.73,28.70,25,1,,PRBS,,,0.000,0.000,0.000,0.000,0.000,0.000
1778304074,53.21,34.80,28.70,25,1,,PRBS,,,0.000,0.000,0.000,0.000,0.000,0.000
1778304079,53.16,34.76,28.80,25,1,,PRBS,,,0.000,0.000,0.000,0.000,0.000,0.000
1778304084,53.10,34.74,28.80,25,1,,PRBS,,,0.000,0.000,0.000,0.000,0.000,0.000
1778304089,53.06,34.73,28.80,25,1,,PRBS,,,0.000,0.000,0.000,0.000,0.000,0.000
1778304094,53.01,34.68,28.80,25,1,,PRBS,,,0.000,0.000,0.000,0.000,0.000,0.000
1778304099,52.95,34.67,28.90,25,1,,PRBS,,,0.000,0.000,0.000,0.000,0.000,0.000
1778304104,52.92,34.70,28.90,25,1,,PRBS,,,0.000,0.000,0.000,0.000,0.000,0.000
1778304109,52.85,34.70,29.00,25,1,,PRBS,,,0.000,0.000,0.000,0.000,0.000,0.000
1778304114,52.78,34.73,29.00,25,1,,PRBS,,,0.000,0.000,0.000,0.000,0.000,0.000
1778304119,52.75,34.74,29.10,25,1,,PRBS,,,0.000,0.000,0.000,0.000,0.000,0.000
1778304124,52.70,34.74,29.10,25,1,,PRBS,,,0.000,0.000,0.000,0.000,0.000,0.000
1778304129,52.62,34.66,29.10,25,1,,PRBS,,,0.000,0.000,0.000,0.000,0.000,0.000
1778304134,52.58,34.63,29.20,25,1,,PRBS,,,0.000,0.000,0.000,0.000,0.000,0.000
1778304139,52.54,34.56,29.20,25,1,,PRBS,,,0.000,0.000,0.000,0.000,0.000,0.000
1778304144,52.50,34.49,29.20,25,1,,PRBS,,,0.000,0.000,0.000,0.000,0.000,0.000
1778304149,52.46,34.45,29.20,25,1,,PRBS,,,0.000,0.000,0.000,0.000,0.000,0.000
1778304154,52.42,34.40,29.30,25,1,,PRBS,,,0.000,0.000,0.000,0.000,0.000,0.000
1778304159,52.36,34.39,29.30,25,1,,PRBS,,,0.000,0.000,0.000,0.000,0.000,0.000
1778304164,52.31,34.26,29.40,25,1,,PRBS,,,0.000,0.000,0.000,0.000,0.000,0.000
1778304169,52.26,34.20,29.40,25,1,,PRBS,,,0.000,0.000,0.000,0.000,0.000,0.000
1778304174,52.21,34.19,29.40,25,1,,PRBS,,,0.000,0.000,0.000,0.000,0.000,0.000
1778304179,52.17,34.16,29.40,25,1,,PRBS,,,0.000,0.000,0.000,0.000,0.000,0.000
1778304184,52.12,34.16,29.50,25,1,,PRBS,,,0.000,0.000,0.000,0.000,0.000,0.000
1778304189,52.10,34.16,29.50,25,1,,PRBS,,,0.000,0.000,0.000,0.000,0.000,0.000
1778304194,52.07,34.19,29.50,25,1,,PRBS,,,0.000,0.000,0.000,0.000,0.000,0.000
1778304199,52.02,34.26,29.60,25,1,,PRBS,,,0.000,0.000,0.000,0.000,0.000,0.000
1778304204,51.95,34.20,29.60,25,1,,PRBS,,,0.000,0.000,0.000,0.000,0.000,0.000
1778304209,51.93,34.13,29.70,25,1,,PRBS,,,0.000,0.000,0.000,0.000,0.000,0.000
1778304214,51.88,34.08,29.70,25,1,,PRBS,,,0.000,0.000,0.000,0.000,0.000,0.000
1778304219,51.85,34.04,29.70,25,1,,PRBS,,,0.000,0.000,0.000,0.000,0.000,0.000
1778304224,51.79,33.98,29.80,25,1,,PRBS,,,0.000,0.000,0.000,0.000,0.000,0.000
1778304229,51.75,33.92,29.80,25,1,,PRBS,,,0.000,0.000,0.000,0.000,0.000,0.000
1778304234,51.72,33.88,29.80,25,1,,PRBS,,,0.000,0.000,0.000,0.000,0.000,0.000
1778304239,51.69,33.85,29.80,25,1,,PRBS,,,0.000,0.000,0.000,0.000,0.000,0.000
1778304244,51.64,33.81,29.90,25,1,,PRBS,,,0.000,0.000,0.000,0.000,0.000,0.000
1778304249,51.60,33.78,29.90,25,1,,PRBS,,,0.000,0.000,0.000,0.000,0.000,0.000
1778304254,51.57,33.71,29.90,25,1,,PRBS,,,0.000,0.000,0.000,0.000,0.000,0.000
1778304259,51.55,33.71,29.90,25,1,,PRBS,,,0.000,0.000,0.000,0.000,0.000,0.000
1778304264,51.49,33.68,29.90,25,1,,PRBS,,,0.000,0.000,0.000,0.000,0.000,0.000
1778304269,51.45,33.77,30.00,25,1,,PRBS,,,0.000,0.000,0.000,0.000,0.000,0.000
1778304274,51.42,33.77,30.00,25,1,,PRBS,,,0.000,0.000,0.000,0.000,0.000,0.000
1778304279,51.38,33.78,30.10,25,1,,PRBS,,,0.000,0.000,0.000,0.000,0.000,0.000
1778304284,51.33,33.90,30.10,25,1,,PRBS,,,0.000,0.000,0.000,0.000,0.000,0.000
1778304289,51.31,33.99,30.10,25,1,,PRBS,,,0.000,0.000,0.000,0.000,0.000,0.000
1778304294,51.26,34.06,30.10,25,1,,PRBS,,,0.000,0.000,0.000,0.000,0.000,0.000
1778304299,51.26,34.11,30.20,25,1,,PRBS,,,0.000,0.000,0.000,0.000,0.000,0.000
1778304304,51.21,34.08,30.20,25,1,,PRBS,,,0.000,0.000,0.000,0.000,0.000,0.000
1778304309,51.18,34.04,30.20,25,1,,PRBS,,,0.000,0.000,0.000,0.000,0.000,0.000
1778304314,51.15,33.98,30.20,25,1,,PRBS,,,0.000,0.000,0.000,0.000,0.000,0.000
1778304319,51.11,33.91,30.30,25,1,,PRBS,,,0.000,0.000,0.000,0.000,0.000,0.000
1778304324,51.07,33.84,30.30,25,1,,PRBS,,,0.000,0.000,0.000,0.000,0.000,0.000
1778304329,51.04,33.82,30.30,25,1,,PRBS,,,0.000,0.000,0.000,0.000,0.000,0.000
1778304334,51.00,33.88,30.30,25,1,,PRBS,,,0.000,0.000,0.000,0.000,0.000,0.000
1778304339,51.01,33.85,30.40,25,1,,PRBS,,,0.000,0.000,0.000,0.000,0.000,0.000
1778304344,50.96,33.85,30.40,25,1,,PRBS,,,0.000,0.000,0.000,0.000,0.000,0.000
1778304349,50.90,33.94,30.50,25,1,,PRBS,,,0.000,0.000,0.000,0.000,0.000,0.000
1778304354,50.90,33.85,30.50,25,1,,PRBS,,,0.000,0.000,0.000,0.000,0.000,0.000
1778304359,50.84,33.90,30.50,25,1,,PRBS,,,0.000,0.000,0.000,0.000,0.000,0.000
1778304364,50.84,33.92,30.50,25,1,,PRBS,,,0.000,0.000,0.000,0.000,0.000,0.000
1778304369,50.79,33.98,30.50,25,1,,PRBS,,,0.000,0.000,0.000,0.000,0.000,0.000
1778304374,50.77,34.02,30.60,25,1,,PRBS,,,0.000,0.000,0.000,0.000,0.000,0.000
1778304379,50.73,34.06,30.60,25,1,,PRBS,,,0.000,0.000,0.000,0.000,0.000,0.000
1778304384,50.69,34.06,30.60,25,1,,PRBS,,,0.000,0.000,0.000,0.000,0.000,0.000
1778304389,50.67,34.05,30.60,25,1,,PRBS,,,0.000,0.000,0.000,0.000,0.000,0.000
1778304394,50.62,34.04,30.60,25,1,,PRBS,,,0.000,0.000,0.000,0.000,0.000,0.000
1778304399,50.59,34.04,30.70,25,1,,PRBS,,,0.000,0.000,0.000,0.000,0.000,0.000
1778304404,50.59,34.11,30.60,25,1,,PRBS,,,0.000,0.000,0.000,0.000,0.000,0.000
1778304409,50.55,34.16,30.70,25,1,,PRBS,,,0.000,0.000,0.000,0.000,0.000,0.000
1778304414,50.52,34.15,30.80,25,1,,PRBS,,,0.000,0.000,0.000,0.000,0.000,0.000
1778304419,50.46,34.16,30.80,75,1,,PRBS,,,0.000,0.000,0.000,0.000,0.000,0.000
1778304424,50.46,34.12,30.80,75,1,,PRBS,,,0.000,0.000,0.000,0.000,0.000,0.000
1778304429,50.44,34.09,30.90,75,1,,PRBS,,,0.000,0.000,0.000,0.000,0.000,0.000
1778304434,50.42,34.06,30.80,75,1,,PRBS,,,0.000,0.000,0.000,0.000,0.000,0.000
1778304439,50.46,34.06,30.80,75,1,,PRBS,,,0.000,0.000,0.000,0.000,0.000,0.000
1778304444,50.49,34.08,30.80,75,1,,PRBS,,,0.000,0.000,0.000,0.000,0.000,0.000
1778304449,50.55,34.05,30.80,75,1,,PRBS,,,0.000,0.000,0.000,0.000,0.000,0.000
1778304454,50.62,34.01,30.60,75,1,,PRBS,,,0.000,0.000,0.000,0.000,0.000,0.000
1778304459,50.72,33.94,30.60,75,1,,PRBS,,,0.000,0.000,0.000,0.000,0.000,0.000
1778304464,50.84,33.94,30.50,75,1,,PRBS,,,0.000,0.000,0.000,0.000,0.000,0.000
1778304469,50.96,33.91,30.40,75,1,,PRBS,,,0.000,0.000,0.000,0.000,0.000,0.000
1778304474,51.11,33.88,30.30,75,1,,PRBS,,,0.000,0.000,0.000,0.000,0.000,0.000
1778304479,51.26,33.85,30.10,75,1,,PRBS,,,0.000,0.000,0.000,0.000,0.000,0.000
1778304484,51.42,33.84,29.90,75,1,,PRBS,,,0.000,0.000,0.000,0.000,0.000,0.000
1778304489,51.61,33.92,29.80,75,1,,PRBS,,,0.000,0.000,0.000,0.000,0.000,0.000
1778304494,51.81,34.05,29.60,75,1,,PRBS,,,0.000,0.000,0.000,0.000,0.000,0.000
1778304499,51.99,34.12,29.50,75,1,,PRBS,,,0.000,0.000,0.000,0.000,0.000,0.000
1778304504,52.17,34.20,29.30,75,1,,PRBS,,,0.000,0.000,0.000,0.000,0.000,0.000
1778304509,52.37,34.25,29.20,75,1,,PRBS,,,0.000,0.000,0.000,0.000,0.000,0.000
1778304514,52.53,34.22,29.00,75,1,,PRBS,,,0.000,0.000,0.000,0.000,0.000,0.000
1778304519,52.68,34.18,28.90,75,1,,PRBS,,,0.000,0.000,0.000,0.000,0.000,0.000
1778304524,52.87,34.18,28.70,75,1,,PRBS,,,0.000,0.000,0.000,0.000,0.000,0.000
1778304529,53.03,34.13,28.50,75,1,,PRBS,,,0.000,0.000,0.000,0.000,0.000,0.000
1778304534,53.27,34.09,28.40,75,1,,PRBS,,,0.000,0.000,0.000,0.000,0.000,0.000
1778304539,53.43,34.16,28.30,75,1,,PRBS,,,0.000,0.000,0.000,0.000,0.000,0.000
1778304544,53.61,34.20,28.10,75,1,,PRBS,,,0.000,0.000,0.000,0.000,0.000,0.000
1778304549,53.78,34.25,27.90,75,1,,PRBS,,,0.000,0.000,0.000,0.000,0.000,0.000
1778304554,53.97,34.25,27.80,75,1,,PRBS,,,0.000,0.000,0.000,0.000,0.000,0.000
1778304559,54.12,34.29,27.70,75,1,,PRBS,,,0.000,0.000,0.000,0.000,0.000,0.000
1778304564,54.28,34.28,27.60,75,1,,PRBS,,,0.000,0.000,0.000,0.000,0.000,0.000
1778304569,54.39,34.28,27.50,75,1,,PRBS,,,0.000,0.000,0.000,0.000,0.000,0.000
1778304574,54.56,34.29,27.30,75,1,,PRBS,,,0.000,0.000,0.000,0.000,0.000,0.000
1778304579,54.79,34.31,27.20,75,1,,PRBS,,,0.000,0.000,0.000,0.000,0.000,0.000
1778304584,54.96,34.32,27.10,75,1,,PRBS,,,0.000,0.000,0.000,0.000,0.000,0.000
1778304589,55.08,34.32,27.00,75,1,,PRBS,,,0.000,0.000,0.000,0.000,0.000,0.000
1778304594,55.25,34.31,26.90,75,1,,PRBS,,,0.000,0.000,0.000,0.000,0.000,0.000
1778304599,55.35,34.29,26.80,75,1,,PRBS,,,0.000,0.000,0.000,0.000,0.000,0.000
1778304604,55.49,34.31,26.70,75,1,,PRBS,,,0.000,0.000,0.000,0.000,0.000,0.000
1778304609,55.68,34.31,26.50,75,1,,PRBS,,,0.000,0.000,0.000,0.000,0.000,0.000
1778304614,55.79,34.31,26.40,75,1,,PRBS,,,0.000,0.000,0.000,0.000,0.000,0.000
1778304619,55.90,34.33,26.40,75,1,,PRBS,,,0.000,0.000,0.000,0.000,0.000,0.000
1778304624,56.01,34.36,26.40,75,1,,PRBS,,,0.000,0.000,0.000,0.000,0.000,0.000
1778304629,56.14,34.35,26.20,75,1,,PRBS,,,0.000,0.000,0.000,0.000,0.000,0.000
1778304634,56.26,34.38,26.10,75,1,,PRBS,,,0.000,0.000,0.000,0.000,0.000,0.000
1778304639,56.38,34.42,26.00,75,1,,PRBS,,,0.000,0.000,0.000,0.000,0.000,0.000
1778304644,56.54,34.45,25.90,75,1,,PRBS,,,0.000,0.000,0.000,0.000,0.000,0.000
1778304649,56.62,34.43,25.90,75,1,,PRBS,,,0.000,0.000,0.000,0.000,0.000,0.000
1778304654,56.77,34.46,25.80,75,1,,PRBS,,,0.000,0.000,0.000,0.000,0.000,0.000
1778304659,56.85,34.55,25.70,75,1,,PRBS,,,0.000,0.000,0.000,0.000,0.000,0.000
1778304664,56.96,34.57,25.60,75,1,,PRBS,,,0.000,0.000,0.000,0.000,0.000,0.000
1778304669,57.07,34.52,25.60,75,1,,PRBS,,,0.000,0.000,0.000,0.000,0.000,0.000
1778304674,57.20,34.55,25.50,75,1,,PRBS,,,0.000,0.000,0.000,0.000,0.000,0.000
1778304679,57.33,34.53,25.40,75,1,,PRBS,,,0.000,0.000,0.000,0.000,0.000,0.000
1778304684,57.37,34.57,25.40,75,1,,PRBS,,,0.000,0.000,0.000,0.000,0.000,0.000
1778304689,57.49,34.61,25.30,75,1,,PRBS,,,0.000,0.000,0.000,0.000,0.000,0.000
1778304694,57.56,34.63,25.30,75,1,,PRBS,,,0.000,0.000,0.000,0.000,0.000,0.000
1778304699,57.64,34.63,25.20,75,1,,PRBS,,,0.000,0.000,0.000,0.000,0.000,0.000
1778304704,57.74,34.67,25.10,75,1,,PRBS,,,0.000,0.000,0.000,0.000,0.000,0.000
1778304709,57.81,34.70,25.10,75,1,,PRBS,,,0.000,0.000,0.000,0.000,0.000,0.000
1778304714,57.88,34.74,25.10,75,1,,PRBS,,,0.000,0.000,0.000,0.000,0.000,0.000
1778304719,57.98,34.68,25.00,75,1,,PRBS,,,0.000,0.000,0.000,0.000,0.000,0.000
1778304724,58.02,34.63,24.90,75,1,,PRBS,,,0.000,0.000,0.000,0.000,0.000,0.000
1778304729,58.13,34.52,24.90,75,1,,PRBS,,,0.000,0.000,0.000,0.000,0.000,0.000
1778304734,58.22,34.45,24.80,75,1,,PRBS,,,0.000,0.000,0.000,0.000,0.000,0.000
1778304739,58.31,34.33,24.70,75,1,,PRBS,,,0.000,0.000,0.000,0.000,0.000,0.000
1778304744,58.40,34.32,24.70,75,1,,PRBS,,,0.000,0.000,0.000,0.000,0.000,0.000
1778304749,58.47,34.31,24.70,75,1,,PRBS,,,0.000,0.000,0.000,0.000,0.000,0.000
1778304754,58.53,34.31,24.60,75,1,,PRBS,,,0.000,0.000,0.000,0.000,0.000,0.000
1778304759,58.61,34.26,24.50,75,1,,PRBS,,,0.000,0.000,0.000,0.000,0.000,0.000
1778304764,58.64,34.31,24.50,75,1,,PRBS,,,0.000,0.000,0.000,0.000,0.000,0.000
1778304769,58.73,34.39,24.50,75,1,,PRBS,,,0.000,0.000,0.000,0.000,0.000,0.000
1778304774,58.81,34.42,24.50,75,1,,PRBS,,,0.000,0.000,0.000,0.000,0.000,0.000
1778304779,58.88,34.52,24.40,75,1,,PRBS,,,0.000,0.000,0.000,0.000,0.000,0.000
1778304784,58.94,34.59,24.30,75,1,,PRBS,,,0.000,0.000,0.000,0.000,0.000,0.000
1778304789,59.01,34.64,24.40,75,1,,PRBS,,,0.000,0.000,0.000,0.000,0.000,0.000
1778304794,59.11,34.71,24.20,75,1,,PRBS,,,0.000,0.000,0.000,0.000,0.000,0.000
1778304799,59.18,34.74,24.20,75,1,,PRBS,,,0.000,0.000,0.000,0.000,0.000,0.000
1778304804,59.21,34.79,24.20,75,1,,PRBS,,,0.000,0.000,0.000,0.000,0.000,0.000
1778304809,59.31,34.80,24.20,75,1,,PRBS,,,0.000,0.000,0.000,0.000,0.000,0.000
1778304814,59.32,34.83,24.00,75,1,,PRBS,,,0.000,0.000,0.000,0.000,0.000,0.000
1778304819,59.45,34.83,24.00,75,1,,PRBS,,,0.000,0.000,0.000,0.000,0.000,0.000
1778304824,59.52,34.82,24.00,75,1,,PRBS,,,0.000,0.000,0.000,0.000,0.000,0.000
1778304829,59.60,34.77,23.90,75,1,,PRBS,,,0.000,0.000,0.000,0.000,0.000,0.000
1778304834,59.63,34.80,24.00,75,1,,PRBS,,,0.000,0.000,0.000,0.000,0.000,0.000
1778304839,59.69,34.73,24.00,75,1,,PRBS,,,0.000,0.000,0.000,0.000,0.000,0.000
1778304844,59.75,34.73,23.90,75,1,,PRBS,,,0.000,0.000,0.000,0.000,0.000,0.000
1778304849,59.81,34.70,23.80,75,1,,PRBS,,,0.000,0.000,0.000,0.000,0.000,0.000
1778304854,59.87,34.70,23.80,75,1,,PRBS,,,0.000,0.000,0.000,0.000,0.000,0.000
1778304859,59.92,34.66,23.80,75,1,,PRBS,,,0.000,0.000,0.000,0.000,0.000,0.000
1778304864,59.97,34.60,23.70,75,1,,PRBS,,,0.000,0.000,0.000,0.000,0.000,0.000
1778304869,60.00,34.57,23.80,75,1,,PRBS,,,0.000,0.000,0.000,0.000,0.000,0.000
1778304874,60.07,34.56,23.70,75,1,,PRBS,,,0.000,0.000,0.000,0.000,0.000,0.000
1778304879,60.13,34.53,23.60,75,1,,PRBS,,,0.000,0.000,0.000,0.000,0.000,0.000
1778304884,60.15,34.50,23.60,75,1,,PRBS,,,0.000,0.000,0.000,0.000,0.000,0.000
1778304889,60.18,34.48,23.60,75,1,,PRBS,,,0.000,0.000,0.000,0.000,0.000,0.000
1778304894,60.25,34.46,23.60,75,1,,PRBS,,,0.000,0.000,0.000,0.000,0.000,0.000
1778304899,60.28,34.49,23.50,75,1,,PRBS,,,0.000,0.000,0.000,0.000,0.000,0.000
1778304904,60.33,34.48,23.50,75,1,,PRBS,,,0.000,0.000,0.000,0.000,0.000,0.000
1778304909,60.41,34.52,23.40,75,1,,PRBS,,,0.000,0.000,0.000,0.000,0.000,0.000
1778304914,60.45,34.55,23.40,75,1,,PRBS,,,0.000,0.000,0.000,0.000,0.000,0.000
1778304919,60.51,34.55,23.40,75,1,,PRBS,,,0.000,0.000,0.000,0.000,0.000,0.000
1778304924,60.58,34.52,23.40,75,1,,PRBS,,,0.000,0.000,0.000,0.000,0.000,0.000
1778304929,60.62,34.49,23.40,75,1,,PRBS,,,0.000,0.000,0.000,0.000,0.000,0.000
1778304934,60.69,34.48,23.30,75,1,,PRBS,,,0.000,0.000,0.000,0.000,0.000,0.000
1778304939,60.75,34.46,23.30,75,1,,PRBS,,,0.000,0.000,0.000,0.000,0.000,0.000
1778304944,60.79,34.49,23.20,75,1,,PRBS,,,0.000,0.000,0.000,0.000,0.000,0.000
1778304949,60.82,34.46,23.20,75,1,,PRBS,,,0.000,0.000,0.000,0.000,0.000,0.000
1778304954,60.86,34.50,23.20,75,1,,PRBS,,,0.000,0.000,0.000,0.000,0.000,0.000
1778304959,60.90,34.53,23.20,75,1,,PRBS,,,0.000,0.000,0.000,0.000,0.000,0.000
1778304964,60.96,34.57,23.10,75,1,,PRBS,,,0.000,0.000,0.000,0.000,0.000,0.000
1778304969,61.00,34.53,23.10,75,1,,PRBS,,,0.000,0.000,0.000,0.000,0.000,0.000
1778304974,61.07,34.55,23.10,75,1,,PRBS,,,0.000,0.000,0.000,0.000,0.000,0.000
1778304979,61.09,34.56,23.00,75,1,,PRBS,,,0.000,0.000,0.000,0.000,0.000,0.000
1778304984,61.09,34.60,23.00,75,1,,PRBS,,,0.000,0.000,0.000,0.000,0.000,0.000
1778304989,61.16,34.56,23.10,75,1,,PRBS,,,0.000,0.000,0.000,0.000,0.000,0.000
1778304994,61.20,34.56,23.00,75,1,,PRBS,,,0.000,0.000,0.000,0.000,0.000,0.000
1778304999,61.26,34.55,23.00,75,1,,PRBS,,,0.000,0.000,0.000,0.000,0.000,0.000
1778305004,61.29,34.43,23.00,75,1,,PRBS,,,0.000,0.000,0.000,0.000,0.000,0.000
1778305009,61.33,34.38,22.90,75,1,,PRBS,,,0.000,0.000,0.000,0.000,0.000,0.000
1778305014,61.38,34.32,22.90,75,1,,PRBS,,,0.000,0.000,0.000,0.000,0.000,0.000
1778305019,61.41,34.29,22.90,75,1,,PRBS,,,0.000,0.000,0.000,0.000,0.000,0.000
1778305024,61.44,34.26,22.90,75,1,,PRBS,,,0.000,0.000,0.000,0.000,0.000,0.000
1778305029,61.48,34.32,22.90,75,1,,PRBS,,,0.000,0.000,0.000,0.000,0.000,0.000
1778305034,61.52,34.32,22.80,75,1,,PRBS,,,0.000,0.000,0.000,0.000,0.000,0.000
1778305039,61.57,34.29,22.90,75,1,,PRBS,,,0.000,0.000,0.000,0.000,0.000,0.000
1778305044,61.60,34.26,22.80,75,1,,PRBS,,,0.000,0.000,0.000,0.000,0.000,0.000
1778305049,61.64,34.22,22.80,75,1,,PRBS,,,0.000,0.000,0.000,0.000,0.000,0.000
1778305054,61.68,34.16,22.80,75,1,,PRBS,,,0.000,0.000,0.000,0.000,0.000,0.000
1778305059,61.75,34.18,22.70,75,1,,PRBS,,,0.000,0.000,0.000,0.000,0.000,0.000
1778305064,61.79,34.16,22.70,75,1,,PRBS,,,0.000,0.000,0.000,0.000,0.000,0.000
1778305069,61.82,34.16,22.60,75,1,,PRBS,,,0.000,0.000,0.000,0.000,0.000,0.000
1778305074,61.87,34.11,22.60,75,1,,PRBS,,,0.000,0.000,0.000,0.000,0.000,0.000
1778305079,61.88,34.15,22.70,75,1,,PRBS,,,0.000,0.000,0.000,0.000,0.000,0.000
1778305084,61.93,34.25,22.70,25,1,,PRBS,,,0.000,0.000,0.000,0.000,0.000,0.000
1778305089,61.98,34.25,22.60,25,1,,PRBS,,,0.000,0.000,0.000,0.000,0.000,0.000
1778305094,62.00,34.31,22.60,25,1,,PRBS,,,0.000,0.000,0.000,0.000,0.000,0.000
1778305099,62.04,34.33,22.60,25,1,,PRBS,,,0.000,0.000,0.000,0.000,0.000,0.000
1778305104,62.05,34.33,22.50,25,1,,PRBS,,,0.000,0.000,0.000,0.000,0.000,0.000
1778305109,62.00,34.36,22.60,25,1,,PRBS,,,0.000,0.000,0.000,0.000,0.000,0.000
1778305114,61.95,34.42,22.60,25,1,,PRBS,,,0.000,0.000,0.000,0.000,0.000,0.000
1778305119,61.88,34.45,22.60,25,1,,PRBS,,,0.000,0.000,0.000,0.000,0.000,0.000
1778305124,61.77,34.53,22.70,25,1,,PRBS,,,0.000,0.000,0.000,0.000,0.000,0.000
1778305129,61.65,34.61,22.80,25,1,,PRBS,,,0.000,0.000,0.000,0.000,0.000,0.000
1778305134,61.55,34.66,22.80,25,1,,PRBS,,,0.000,0.000,0.000,0.000,0.000,0.000
1778305139,61.44,34.70,22.90,25,1,,PRBS,,,0.000,0.000,0.000,0.000,0.000,0.000
1778305144,61.27,34.74,23.00,25,1,,PRBS,,,0.000,0.000,0.000,0.000,0.000,0.000
1778305149,61.13,34.79,23.00,25,1,,PRBS,,,0.000,0.000,0.000,0.000,0.000,0.000
1778305154,60.96,34.74,23.20,25,1,,PRBS,,,0.000,0.000,0.000,0.000,0.000,0.000
1778305159,60.79,34.73,23.30,25,1,,PRBS,,,0.000,0.000,0.000,0.000,0.000,0.000
1778305164,60.63,34.74,23.40,25,1,,PRBS,,,0.000,0.000,0.000,0.000,0.000,0.000
1778305169,60.45,34.79,23.60,25,1,,PRBS,,,0.000,0.000,0.000,0.000,0.000,0.000
1778305174,60.31,34.86,23.60,25,1,,PRBS,,,0.000,0.000,0.000,0.000,0.000,0.000
1778305179,60.13,34.91,23.80,25,1,,PRBS,,,0.000,0.000,0.000,0.000,0.000,0.000
1778305184,59.95,34.91,23.80,25,1,,PRBS,,,0.000,0.000,0.000,0.000,0.000,0.000
1778305189,59.79,34.90,24.00,25,1,,PRBS,,,0.000,0.000,0.000,0.000,0.000,0.000
1778305194,59.60,34.91,24.00,75,1,,PRBS,,,0.000,0.000,0.000,0.000,0.000,0.000
1778305199,59.46,34.93,24.10,75,1,,PRBS,,,0.000,0.000,0.000,0.000,0.000,0.000
1778305204,59.28,34.98,24.30,75,1,,PRBS,,,0.000,0.000,0.000,0.000,0.000,0.000
1778305209,59.10,35.05,24.40,75,1,,PRBS,,,0.000,0.000,0.000,0.000,0.000,0.000
1778305214,59.01,35.04,24.40,75,1,,PRBS,,,0.000,0.000,0.000,0.000,0.000,0.000
1778305219,58.88,35.07,24.60,75,1,,PRBS,,,0.000,0.000,0.000,0.000,0.000,0.000
1778305224,58.84,35.05,24.60,75,1,,PRBS,,,0.000,0.000,0.000,0.000,0.000,0.000
1778305229,58.73,35.11,24.70,75,1,,PRBS,,,0.000,0.000,0.000,0.000,0.000,0.000
1778305234,58.71,35.05,24.70,75,1,,PRBS,,,0.000,0.000,0.000,0.000,0.000,0.000
1778305239,58.70,35.03,24.70,75,1,,PRBS,,,0.000,0.000,0.000,0.000,0.000,0.000
1778305244,58.70,34.97,24.80,75,1,,PRBS,,,0.000,0.000,0.000,0.000,0.000,0.000
1778305249,58.74,34.96,24.70,75,1,,PRBS,,,0.000,0.000,0.000,0.000,0.000,0.000
1778305254,58.77,34.97,24.60,75,1,,PRBS,,,0.000,0.000,0.000,0.000,0.000,0.000
1778305259,58.83,34.94,24.60,75,1,,PRBS,,,0.000,0.000,0.000,0.000,0.000,0.000
1778305264,58.88,34.96,24.60,75,1,,PRBS,,,0.000,0.000,0.000,0.000,0.000,0.000
1778305269,58.94,35.00,24.50,75,1,,PRBS,,,0.000,0.000,0.000,0.000,0.000,0.000
1778305274,59.04,35.05,24.50,75,1,,PRBS,,,0.000,0.000,0.000,0.000,0.000,0.000
1778305279,59.14,35.05,24.50,75,1,,PRBS,,,0.000,0.000,0.000,0.000,0.000,0.000
1778305284,59.17,35.03,24.40,75,1,,PRBS,,,0.000,0.000,0.000,0.000,0.000,0.000
1778305289,59.28,35.00,24.40,75,1,,PRBS,,,0.000,0.000,0.000,0.000,0.000,0.000
1778305294,59.39,35.00,24.30,75,1,,PRBS,,,0.000,0.000,0.000,0.000,0.000,0.000
1778305299,59.49,35.00,24.20,75,1,,PRBS,,,0.000,0.000,0.000,0.000,0.000,0.000
1778305304,59.56,35.00,24.20,75,1,,PRBS,,,0.000,0.000,0.000,0.000,0.000,0.000
1778305309,59.69,34.91,24.10,75,1,,PRBS,,,0.000,0.000,0.000,0.000,0.000,0.000
1778305314,59.77,34.90,24.00,75,1,,PRBS,,,0.000,0.000,0.000,0.000,0.000,0.000
1778305319,59.90,34.88,23.90,75,1,,PRBS,,,0.000,0.000,0.000,0.000,0.000,0.000
1778305324,59.99,34.82,23.90,75,1,,PRBS,,,0.000,0.000,0.000,0.000,0.000,0.000
1778305329,60.08,34.80,23.80,75,1,,PRBS,,,0.000,0.000,0.000,0.000,0.000,0.000
1778305334,60.17,34.83,23.80,75,1,,PRBS,,,0.000,0.000,0.000,0.000,0.000,0.000
1778305339,60.25,34.86,23.70,75,1,,PRBS,,,0.000,0.000,0.000,0.000,0.000,0.000
1778305344,60.37,34.87,23.60,75,1,,PRBS,,,0.000,0.000,0.000,0.000,0.000,0.000
1778305349,60.45,34.97,23.60,75,1,,PRBS,,,0.000,0.000,0.000,0.000,0.000,0.000
1778305354,60.55,34.98,23.50,75,1,,PRBS,,,0.000,0.000,0.000,0.000,0.000,0.000
1778305359,60.65,35.00,23.40,75,1,,PRBS,,,0.000,0.000,0.000,0.000,0.000,0.000
1778305364,60.70,34.97,23.40,75,1,,PRBS,,,0.000,0.000,0.000,0.000,0.000,0.000
1778305369,60.79,34.87,23.30,75,1,,PRBS,,,0.000,0.000,0.000,0.000,0.000,0.000
1778305374,60.88,34.86,23.30,75,1,,PRBS,,,0.000,0.000,0.000,0.000,0.000,0.000
1778305379,60.96,34.79,23.30,75,1,,PRBS,,,0.000,0.000,0.000,0.000,0.000,0.000
1778305384,61.03,34.74,23.20,75,1,,PRBS,,,0.000,0.000,0.000,0.000,0.000,0.000
1778305389,61.10,34.76,23.10,75,1,,PRBS,,,0.000,0.000,0.000,0.000,0.000,0.000
1778305394,61.22,34.71,23.10,75,1,,PRBS,,,0.000,0.000,0.000,0.000,0.000,0.000
1778305399,61.27,34.76,23.10,75,1,,PRBS,,,0.000,0.000,0.000,0.000,0.000,0.000
1778305404,61.29,34.68,23.00,75,1,,PRBS,,,0.000,0.000,0.000,0.000,0.000,0.000
1778305409,61.37,34.57,23.00,75,1,,PRBS,,,0.000,0.000,0.000,0.000,0.000,0.000
1778305414,61.40,34.57,23.00,75,1,,PRBS,,,0.000,0.000,0.000,0.000,0.000,0.000
1778305419,61.48,34.50,22.90,75,1,,PRBS,,,0.000,0.000,0.000,0.000,0.000,0.000
1778305424,61.60,34.49,22.90,75,1,,PRBS,,,0.000,0.000,0.000,0.000,0.000,0.000
1778305429,61.61,34.45,22.80,75,1,,PRBS,,,0.000,0.000,0.000,0.000,0.000,0.000
1778305434,61.68,34.46,22.80,75,1,,PRBS,,,0.000,0.000,0.000,0.000,0.000,0.000
1778305439,61.71,34.45,22.80,75,1,,PRBS,,,0.000,0.000,0.000,0.000,0.000,0.000
1778305444,61.78,34.43,22.80,75,1,,PRBS,,,0.000,0.000,0.000,0.000,0.000,0.000
1778305449,61.84,34.49,22.70,75,1,,PRBS,,,0.000,0.000,0.000,0.000,0.000,0.000
1778305454,61.89,34.49,22.70,75,1,,PRBS,,,0.000,0.000,0.000,0.000,0.000,0.000
1778305459,61.96,34.56,22.70,75,1,,PRBS,,,0.000,0.000,0.000,0.000,0.000,0.000
1778305464,62.06,34.60,22.60,75,1,,PRBS,,,0.000,0.000,0.000,0.000,0.000,0.000
1778305469,62.09,34.63,22.60,75,1,,PRBS,,,0.000,0.000,0.000,0.000,0.000,0.000
1778305474,62.16,34.59,22.50,75,1,,PRBS,,,0.000,0.000,0.000,0.000,0.000,0.000
1778305479,62.23,34.50,22.50,75,1,,PRBS,,,0.000,0.000,0.000,0.000,0.000,0.000
1778305484,62.25,34.46,22.50,75,1,,PRBS,,,0.000,0.000,0.000,0.000,0.000,0.000
1778305489,62.32,34.46,22.50,75,1,,PRBS,,,0.000,0.000,0.000,0.000,0.000,0.000
1778305494,62.37,34.46,22.40,75,1,,PRBS,,,0.000,0.000,0.000,0.000,0.000,0.000
1778305499,62.44,34.48,22.40,75,1,,PRBS,,,0.000,0.000,0.000,0.000,0.000,0.000
1778305504,62.46,34.50,22.40,75,1,,PRBS,,,0.000,0.000,0.000,0.000,0.000,0.000
1778305509,62.53,34.48,22.30,75,1,,PRBS,,,0.000,0.000,0.000,0.000,0.000,0.000
1778305514,62.57,34.53,22.40,75,1,,PRBS,,,0.000,0.000,0.000,0.000,0.000,0.000
1778305519,62.64,34.49,22.30,75,1,,PRBS,,,0.000,0.000,0.000,0.000,0.000,0.000
1778305524,62.66,34.45,22.30,75,1,,PRBS,,,0.000,0.000,0.000,0.000,0.000,0.000
1778305529,62.71,34.49,22.30,75,1,,PRBS,,,0.000,0.000,0.000,0.000,0.000,0.000
1778305534,62.77,34.52,22.20,75,1,,PRBS,,,0.000,0.000,0.000,0.000,0.000,0.000
1778305539,62.78,34.53,22.10,75,1,,PRBS,,,0.000,0.000,0.000,0.000,0.000,0.000
1778305544,62.85,34.59,22.10,75,1,,PRBS,,,0.000,0.000,0.000,0.000,0.000,0.000
1778305549,62.84,34.64,22.20,75,1,,PRBS,,,0.000,0.000,0.000,0.000,0.000,0.000
1778305554,62.91,34.71,22.20,75,1,,PRBS,,,0.000,0.000,0.000,0.000,0.000,0.000
1778305559,62.95,34.80,22.10,75,1,,PRBS,,,0.000,0.000,0.000,0.000,0.000,0.000
1778305564,62.99,34.83,22.10,75,1,,PRBS,,,0.000,0.000,0.000,0.000,0.000,0.000
1778305569,63.02,34.86,22.10,75,1,,PRBS,,,0.000,0.000,0.000,0.000,0.000,0.000
1778305574,63.06,34.88,22.00,75,1,,PRBS,,,0.000,0.000,0.000,0.000,0.000,0.000
1778305579,63.12,34.97,22.00,75,1,,PRBS,,,0.000,0.000,0.000,0.000,0.000,0.000
1778305584,63.14,35.07,22.10,75,1,,PRBS,,,0.000,0.000,0.000,0.000,0.000,0.000
1778305589,63.21,35.07,22.00,75,1,,PRBS,,,0.000,0.000,0.000,0.000,0.000,0.000
1778305594,63.23,35.01,21.90,75,1,,PRBS,,,0.000,0.000,0.000,0.000,0.000,0.000
1778305599,63.26,34.98,21.90,75,1,,PRBS,,,0.000,0.000,0.000,0.000,0.000,0.000
1778305604,63.28,34.97,22.00,75,1,,PRBS,,,0.000,0.000,0.000,0.000,0.000,0.000
1778305609,63.32,34.96,21.90,75,1,,PRBS,,,0.000,0.000,0.000,0.000,0.000,0.000
1778305614,63.33,34.93,21.90,75,1,,PRBS,,,0.000,0.000,0.000,0.000,0.000,0.000
1778305619,63.41,34.94,21.90,75,1,,PRBS,,,0.000,0.000,0.000,0.000,0.000,0.000
1778305624,63.45,35.03,21.90,75,1,,PRBS,,,0.000,0.000,0.000,0.000,0.000,0.000
1778305629,63.45,35.04,21.90,75,1,,PRBS,,,0.000,0.000,0.000,0.000,0.000,0.000
1778305634,63.48,35.10,21.80,75,1,,PRBS,,,0.000,0.000,0.000,0.000,0.000,0.000
1778305639,63.52,35.17,21.80,75,1,,PRBS,,,0.000,0.000,0.000,0.000,0.000,0.000
1778305644,63.57,35.23,21.80,75,1,,PRBS,,,0.000,0.000,0.000,0.000,0.000,0.000
1778305649,63.60,35.30,21.80,75,1,,PRBS,,,0.000,0.000,0.000,0.000,0.000,0.000
1778305654,63.59,35.41,21.80,75,1,,PRBS,,,0.000,0.000,0.000,0.000,0.000,0.000
1778305659,63.64,35.39,21.70,75,1,,PRBS,,,0.000,0.000,0.000,0.000,0.000,0.000
1778305664,63.66,35.42,21.70,75,1,,PRBS,,,0.000,0.000,0.000,0.000,0.000,0.000
1778305669,63.70,35.41,21.70,75,1,,PRBS,,,0.000,0.000,0.000,0.000,0.000,0.000
1778305674,63.76,35.42,21.70,75,1,,PRBS,,,0.000,0.000,0.000,0.000,0.000,0.000
1778305679,63.79,35.38,21.70,75,1,,PRBS,,,0.000,0.000,0.000,0.000,0.000,0.000
1778305684,63.79,35.37,21.70,75,1,,PRBS,,,0.000,0.000,0.000,0.000,0.000,0.000
1778305689,63.87,35.37,21.70,75,1,,PRBS,,,0.000,0.000,0.000,0.000,0.000,0.000
1778305694,63.90,35.38,21.60,75,1,,PRBS,,,0.000,0.000,0.000,0.000,0.000,0.000
1778305699,63.91,35.41,21.60,75,1,,PRBS,,,0.000,0.000,0.000,0.000,0.000,0.000
1778305704,63.96,35.42,21.60,75,1,,PRBS,,,0.000,0.000,0.000,0.000,0.000,0.000
1778305709,64.00,35.46,21.60,75,1,,PRBS,,,0.000,0.000,0.000,0.000,0.000,0.000
1778305714,64.03,35.48,21.50,75,1,,PRBS,,,0.000,0.000,0.000,0.000,0.000,0.000
1778305719,64.07,35.52,21.60,75,1,,PRBS,,,0.000,0.000,0.000,0.000,0.000,0.000
1778305724,64.12,35.45,21.50,75,1,,PRBS,,,0.000,0.000,0.000,0.000,0.000,0.000
1778305729,64.17,35.39,21.50,75,1,,PRBS,,,0.000,0.000,0.000,0.000,0.000,0.000
1778305734,64.18,35.34,21.50,75,1,,PRBS,,,0.000,0.000,0.000,0.000,0.000,0.000
1778305739,64.21,35.25,21.50,75,1,,PRBS,,,0.000,0.000,0.000,0.000,0.000,0.000
1778305744,64.24,35.23,21.50,75,1,,PRBS,,,0.000,0.000,0.000,0.000,0.000,0.000
1778305749,64.30,35.13,21.50,75,1,,PRBS,,,0.000,0.000,0.000,0.000,0.000,0.000
1778305754,64.27,35.17,21.50,75,1,,PRBS,,,0.000,0.000,0.000,0.000,0.000,0.000
1778305759,64.32,35.15,21.40,75,1,,PRBS,,,0.000,0.000,0.000,0.000,0.000,0.000
1778305764,64.35,35.21,21.50,75,1,,PRBS,,,0.000,0.000,0.000,0.000,0.000,0.000
1778305769,64.39,35.21,21.50,75,1,,PRBS,,,0.000,0.000,0.000,0.000,0.000,0.000
1778305774,64.43,35.21,21.40,75,1,,PRBS,,,0.000,0.000,0.000,0.000,0.000,0.000
1778305779,64.45,35.25,21.40,75,1,,PRBS,,,0.000,0.000,0.000,0.000,0.000,0.000
1778305784,64.49,35.25,21.40,75,1,,PRBS,,,0.000,0.000,0.000,0.000,0.000,0.000
1778305789,64.52,35.31,21.40,75,1,,PRBS,,,0.000,0.000,0.000,0.000,0.000,0.000
1778305794,64.56,35.35,21.40,75,1,,PRBS,,,0.000,0.000,0.000,0.000,0.000,0.000
1778305799,64.62,35.37,21.30,75,1,,PRBS,,,0.000,0.000,0.000,0.000,0.000,0.000
1778305804,64.60,35.34,21.30,75,1,,PRBS,,,0.000,0.000,0.000,0.000,0.000,0.000
1778305809,64.65,35.35,21.30,75,1,,PRBS,,,0.000,0.000,0.000,0.000,0.000,0.000
1778305814,64.66,35.35,21.20,75,1,,PRBS,,,0.000,0.000,0.000,0.000,0.000,0.000
1778305819,64.68,35.39,21.20,75,1,,PRBS,,,0.000,0.000,0.000,0.000,0.000,0.000
1778305824,64.70,35.46,21.30,75,1,,PRBS,,,0.000,0.000,0.000,0.000,0.000,0.000
1778305829,64.72,35.48,21.20,75,1,,PRBS,,,0.000,0.000,0.000,0.000,0.000,0.000
1778305834,64.76,35.44,21.20,75,1,,PRBS,,,0.000,0.000,0.000,0.000,0.000,0.000
1778305839,64.76,35.46,21.20,75,1,,PRBS,,,0.000,0.000,0.000,0.000,0.000,0.000
1778305844,64.76,35.56,21.20,75,1,,PRBS,,,0.000,0.000,0.000,0.000,0.000,0.000
1778305849,64.80,35.59,21.20,25,1,,PRBS,,,0.000,0.000,0.000,0.000,0.000,0.000
1778305854,64.86,35.65,21.20,25,1,,PRBS,,,0.000,0.000,0.000,0.000,0.000,0.000
1778305859,64.86,35.62,21.20,25,1,,PRBS,,,0.000,0.000,0.000,0.000,0.000,0.000
1778305864,64.86,35.66,21.20,25,1,,PRBS,,,0.000,0.000,0.000,0.000,0.000,0.000
1778305869,64.80,35.66,21.20,25,1,,PRBS,,,0.000,0.000,0.000,0.000,0.000,0.000
1778305874,64.77,35.63,21.20,25,1,,PRBS,,,0.000,0.000,0.000,0.000,0.000,0.000
1778305879,64.75,35.58,21.20,25,1,,PRBS,,,0.000,0.000,0.000,0.000,0.000,0.000
1778305884,64.65,35.49,21.30,25,1,,PRBS,,,0.000,0.000,0.000,0.000,0.000,0.000
1778305889,64.53,35.45,21.30,25,1,,PRBS,,,0.000,0.000,0.000,0.000,0.000,0.000
1778305894,64.42,35.37,21.40,25,1,,PRBS,,,0.000,0.000,0.000,0.000,0.000,0.000
1778305899,64.31,35.28,21.40,25,1,,PRBS,,,0.000,0.000,0.000,0.000,0.000,0.000
1778305904,64.17,35.23,21.50,25,1,,PRBS,,,0.000,0.000,0.000,0.000,0.000,0.000
1778305909,64.01,35.14,21.60,25,1,,PRBS,,,0.000,0.000,0.000,0.000,0.000,0.000
1778305914,63.87,35.07,21.60,25,1,,PRBS,,,0.000,0.000,0.000,0.000,0.000,0.000
1778305919,63.70,34.98,21.80,25,1,,PRBS,,,0.000,0.000,0.000,0.000,0.000,0.000
1778305924,63.50,34.93,21.90,25,1,,PRBS,,,0.000,0.000,0.000,0.000,0.000,0.000
1778305929,63.29,34.87,21.90,25,1,,PRBS,,,0.000,0.000,0.000,0.000,0.000,0.000
1778305934,63.12,34.90,22.10,25,1,,PRBS,,,0.000,0.000,0.000,0.000,0.000,0.000
1778305939,62.93,34.98,22.10,25,1,,PRBS,,,0.000,0.000,0.000,0.000,0.000,0.000
1778305944,62.77,35.03,22.30,25,1,,PRBS,,,0.000,0.000,0.000,0.000,0.000,0.000
1778305949,62.61,35.08,22.40,25,1,,PRBS,,,0.000,0.000,0.000,0.000,0.000,0.000
1778305954,62.42,35.15,22.50,25,1,,PRBS,,,0.000,0.000,0.000,0.000,0.000,0.000
1778305959,62.25,35.15,22.60,25,1,,PRBS,,,0.000,0.000,0.000,0.000,0.000,0.000
1778305964,62.09,35.18,22.70,25,1,,PRBS,,,0.000,0.000,0.000,0.000,0.000,0.000
1778305969,61.89,35.18,22.80,25,1,,PRBS,,,0.000,0.000,0.000,0.000,0.000,0.000
1778305974,61.69,35.18,23.00,25,1,,PRBS,,,0.000,0.000,0.000,0.000,0.000,0.000
1778305979,61.54,35.19,23.10,25,1,,PRBS,,,0.000,0.000,0.000,0.000,0.000,0.000
1778305984,61.36,35.27,23.20,25,1,,PRBS,,,0.000,0.000,0.000,0.000,0.000,0.000
1778305989,61.17,35.23,23.30,25,1,,PRBS,,,0.000,0.000,0.000,0.000,0.000,0.000
1778305994,60.99,35.14,23.30,25,1,,PRBS,,,0.000,0.000,0.000,0.000,0.000,0.000
1778305999,60.85,35.05,23.50,25,1,,PRBS,,,0.000,0.000,0.000,0.000,0.000,0.000
1778306004,60.68,35.01,23.60,25,1,,PRBS,,,0.000,0.000,0.000,0.000,0.000,0.000
1778306009,60.52,34.98,23.70,25,1,,PRBS,,,0.000,0.000,0.000,0.000,0.000,0.000
1778306014,60.38,34.96,23.70,25,1,,PRBS,,,0.000,0.000,0.000,0.000,0.000,0.000
1778306019,60.20,34.94,23.90,25,1,,PRBS,,,0.000,0.000,0.000,0.000,0.000,0.000
1778306024,60.07,35.01,24.00,25,1,,PRBS,,,0.000,0.000,0.000,0.000,0.000,0.000
1778306029,59.95,35.11,24.10,25,1,,PRBS,,,0.000,0.000,0.000,0.000,0.000,0.000
1778306034,59.79,35.15,24.10,25,1,,PRBS,,,0.000,0.000,0.000,0.000,0.000,0.000
1778306039,59.60,35.15,24.30,25,1,,PRBS,,,0.000,0.000,0.000,0.000,0.000,0.000
1778306044,59.48,35.13,24.30,25,1,,PRBS,,,0.000,0.000,0.000,0.000,0.000,0.000
1778306049,59.36,35.13,24.40,25,1,,PRBS,,,0.000,0.000,0.000,0.000,0.000,0.000
1778306054,59.21,35.15,24.50,25,1,,PRBS,,,0.000,0.000,0.000,0.000,0.000,0.000
1778306059,59.05,35.15,24.60,25,1,,PRBS,,,0.000,0.000,0.000,0.000,0.000,0.000
1778306064,58.94,35.15,24.70,25,1,,PRBS,,,0.000,0.000,0.000,0.000,0.000,0.000
1778306069,58.84,35.21,24.80,25,1,,PRBS,,,0.000,0.000,0.000,0.000,0.000,0.000
1778306074,58.70,35.23,24.80,25,1,,PRBS,,,0.000,0.000,0.000,0.000,0.000,0.000
1778306079,58.60,35.23,24.90,25,1,,PRBS,,,0.000,0.000,0.000,0.000,0.000,0.000
1778306084,58.43,35.23,25.00,25,1,,PRBS,,,0.000,0.000,0.000,0.000,0.000,0.000
1778306089,58.35,35.24,25.10,25,1,,PRBS,,,0.000,0.000,0.000,0.000,0.000,0.000
1778306094,58.20,35.28,25.20,25,1,,PRBS,,,0.000,0.000,0.000,0.000,0.000,0.000
1778306099,58.13,35.30,25.30,25,1,,PRBS,,,0.000,0.000,0.000,0.000,0.000,0.000
1778306104,58.05,35.38,25.30,25,1,,PRBS,,,0.000,0.000,0.000,0.000,0.000,0.000
1778306109,57.91,35.39,25.40,25,1,,PRBS,,,0.000,0.000,0.000,0.000,0.000,0.000
1778306114,57.81,35.37,25.50,75,1,,PRBS,,,0.000,0.000,0.000,0.000,0.000,0.000
1778306119,57.71,35.37,25.50,75,1,,PRBS,,,0.000,0.000,0.000,0.000,0.000,0.000
1778306124,57.62,35.38,25.50,75,1,,PRBS,,,0.000,0.000,0.000,0.000,0.000,0.000
1778306129,57.54,35.41,25.50,75,1,,PRBS,,,0.000,0.000,0.000,0.000,0.000,0.000
1778306134,57.46,35.52,25.70,75,1,,PRBS,,,0.000,0.000,0.000,0.000,0.000,0.000
1778306139,57.42,35.56,25.70,75,1,,PRBS,,,0.000,0.000,0.000,0.000,0.000,0.000
1778306144,57.42,35.56,25.80,75,1,,PRBS,,,0.000,0.000,0.000,0.000,0.000,0.000
1778306149,57.46,35.61,25.70,75,1,,PRBS,,,0.000,0.000,0.000,0.000,0.000,0.000
1778306154,57.47,35.63,25.70,75,1,,PRBS,,,0.000,0.000,0.000,0.000,0.000,0.000
1778306159,57.53,35.62,25.60,75,1,,PRBS,,,0.000,0.000,0.000,0.000,0.000,0.000
1778306164,57.61,35.61,25.60,75,1,,PRBS,,,0.000,0.000,0.000,0.000,0.000,0.000
1778306169,57.71,35.58,25.50,75,1,,PRBS,,,0.000,0.000,0.000,0.000,0.000,0.000
1778306174,57.83,35.46,25.50,75,1,,PRBS,,,0.000,0.000,0.000,0.000,0.000,0.000
1778306179,57.92,35.39,25.40,75,1,,PRBS,,,0.000,0.000,0.000,0.000,0.000,0.000
1778306184,58.04,35.30,25.30,75,1,,PRBS,,,0.000,0.000,0.000,0.000,0.000,0.000
1778306189,58.17,35.35,25.20,75,1,,PRBS,,,0.000,0.000,0.000,0.000,0.000,0.000
1778306194,58.31,35.39,25.10,75,1,,PRBS,,,0.000,0.000,0.000,0.000,0.000,0.000
1778306199,58.46,35.42,25.00,75,1,,PRBS,,,0.000,0.000,0.000,0.000,0.000,0.000
1778306204,58.60,35.39,24.90,75,1,,PRBS,,,0.000,0.000,0.000,0.000,0.000,0.000
1778306209,58.73,35.42,24.80,75,1,,PRBS,,,0.000,0.000,0.000,0.000,0.000,0.000
1778306214,58.87,35.48,24.70,75,1,,PRBS,,,0.000,0.000,0.000,0.000,0.000,0.000
1778306219,59.02,35.59,24.60,75,1,,PRBS,,,0.000,0.000,0.000,0.000,0.000,0.000
1778306224,59.17,35.52,24.50,75,1,,PRBS,,,0.000,0.000,0.000,0.000,0.000,0.000
1778306229,59.32,35.48,24.40,75,1,,PRBS,,,0.000,0.000,0.000,0.000,0.000,0.000
1778306234,59.42,35.37,24.30,75,1,,PRBS,,,0.000,0.000,0.000,0.000,0.000,0.000
1778306239,59.52,35.34,24.20,75,1,,PRBS,,,0.000,0.000,0.000,0.000,0.000,0.000
1778306244,59.68,35.31,24.10,75,1,,PRBS,,,0.000,0.000,0.000,0.000,0.000,0.000
1778306249,59.80,35.23,24.00,75,1,,PRBS,,,0.000,0.000,0.000,0.000,0.000,0.000
1778306254,59.99,35.21,24.00,75,1,,PRBS,,,0.000,0.000,0.000,0.000,0.000,0.000
1778306259,60.08,35.23,23.80,75,1,,PRBS,,,0.000,0.000,0.000,0.000,0.000,0.000
1778306264,60.21,35.14,23.70,75,1,,PRBS,,,0.000,0.000,0.000,0.000,0.000,0.000
1778306269,60.33,35.11,23.70,75,1,,PRBS,,,0.000,0.000,0.000,0.000,0.000,0.000
1778306274,60.50,35.04,23.60,75,1,,PRBS,,,0.000,0.000,0.000,0.000,0.000,0.000
1778306279,60.59,35.04,23.50,75,1,,PRBS,,,0.000,0.000,0.000,0.000,0.000,0.000
1778306284,60.68,35.05,23.40,75,1,,PRBS,,,0.000,0.000,0.000,0.000,0.000,0.000
1778306289,60.83,35.11,23.40,75,1,,PRBS,,,0.000,0.000,0.000,0.000,0.000,0.000
1778306294,60.93,35.17,23.30,75,1,,PRBS,,,0.000,0.000,0.000,0.000,0.000,0.000
1778306299,61.06,35.17,23.20,75,1,,PRBS,,,0.000,0.000,0.000,0.000,0.000,0.000
1778306304,61.13,35.18,23.10,75,1,,PRBS,,,0.000,0.000,0.000,0.000,0.000,0.000
1778306309,61.22,35.17,23.10,75,1,,PRBS,,,0.000,0.000,0.000,0.000,0.000,0.000
1778306314,61.29,35.23,23.00,75,1,,PRBS,,,0.000,0.000,0.000,0.000,0.000,0.000
1778306319,61.38,35.27,23.00,75,1,,PRBS,,,0.000,0.000,0.000,0.000,0.000,0.000
1778306324,61.50,35.34,22.90,75,1,,PRBS,,,0.000,0.000,0.000,0.000,0.000,0.000
1778306329,61.58,35.41,22.90,75,1,,PRBS,,,0.000,0.000,0.000,0.000,0.000,0.000
1778306334,61.67,35.41,22.70,75,1,,PRBS,,,0.000,0.000,0.000,0.000,0.000,0.000
1778306339,61.74,35.37,22.80,75,1,,PRBS,,,0.000,0.000,0.000,0.000,0.000,0.000
1778306344,61.85,35.31,22.70,75,1,,PRBS,,,0.000,0.000,0.000,0.000,0.000,0.000
1778306349,61.95,35.32,22.60,75,1,,PRBS,,,0.000,0.000,0.000,0.000,0.000,0.000
1778306354,62.02,35.35,22.70,75,1,,PRBS,,,0.000,0.000,0.000,0.000,0.000,0.000
1778306359,62.06,35.32,22.50,75,1,,PRBS,,,0.000,0.000,0.000,0.000,0.000,0.000
1778306364,62.15,35.37,22.50,75,1,,PRBS,,,0.000,0.000,0.000,0.000,0.000,0.000
1778306369,62.23,35.41,22.50,75,1,,PRBS,,,0.000,0.000,0.000,0.000,0.000,0.000
1778306374,62.29,35.46,22.50,75,1,,PRBS,,,0.000,0.000,0.000,0.000,0.000,0.000
1778306379,62.34,35.45,22.40,75,1,,PRBS,,,0.000,0.000,0.000,0.000,0.000,0.000
1778306384,62.40,35.49,22.40,75,1,,PRBS,,,0.000,0.000,0.000,0.000,0.000,0.000
1778306389,62.47,35.52,22.30,75,1,,PRBS,,,0.000,0.000,0.000,0.000,0.000,0.000
1778306394,62.54,35.53,22.30,75,1,,PRBS,,,0.000,0.000,0.000,0.000,0.000,0.000
1778306399,62.63,35.55,22.20,75,1,,PRBS,,,0.000,0.000,0.000,0.000,0.000,0.000
1778306404,62.70,35.56,22.20,75,1,,PRBS,,,0.000,0.000,0.000,0.000,0.000,0.000
1778306409,62.75,35.62,22.10,75,1,,PRBS,,,0.000,0.000,0.000,0.000,0.000,0.000
1778306414,62.84,35.63,22.10,75,1,,PRBS,,,0.000,0.000,0.000,0.000,0.000,0.000
1778306419,62.85,35.63,22.10,75,1,,PRBS,,,0.000,0.000,0.000,0.000,0.000,0.000
1778306424,62.94,35.65,22.00,75,1,,PRBS,,,0.000,0.000,0.000,0.000,0.000,0.000
1778306429,62.99,35.63,22.00,75,1,,PRBS,,,0.000,0.000,0.000,0.000,0.000,0.000
1778306434,63.09,35.59,22.00,75,1,,PRBS,,,0.000,0.000,0.000,0.000,0.000,0.000
1778306439,63.15,35.59,21.90,75,1,,PRBS,,,0.000,0.000,0.000,0.000,0.000,0.000
1778306444,63.16,35.63,21.90,75,1,,PRBS,,,0.000,0.000,0.000,0.000,0.000,0.000
1778306449,63.22,35.71,21.90,75,1,,PRBS,,,0.000,0.000,0.000,0.000,0.000,0.000
1778306454,63.28,35.65,21.80,75,1,,PRBS,,,0.000,0.000,0.000,0.000,0.000,0.000
1778306459,63.31,35.69,21.80,75,1,,PRBS,,,0.000,0.000,0.000,0.000,0.000,0.000
1778306464,63.38,35.68,21.80,75,1,,PRBS,,,0.000,0.000,0.000,0.000,0.000,0.000
1778306469,63.41,35.71,21.70,75,1,,PRBS,,,0.000,0.000,0.000,0.000,0.000,0.000
1778306474,63.43,35.69,21.80,75,1,,PRBS,,,0.000,0.000,0.000,0.000,0.000,0.000
1778306479,63.49,35.71,21.70,75,1,,PRBS,,,0.000,0.000,0.000,0.000,0.000,0.000
1778306484,63.54,35.78,21.70,75,1,,PRBS,,,0.000,0.000,0.000,0.000,0.000,0.000
1778306489,63.57,35.75,21.70,75,1,,PRBS,,,0.000,0.000,0.000,0.000,0.000,0.000
1778306494,63.61,35.79,21.70,75,1,,PRBS,,,0.000,0.000,0.000,0.000,0.000,0.000
1778306499,63.66,35.82,21.70,75,1,,PRBS,,,0.000,0.000,0.000,0.000,0.000,0.000
1778306504,63.66,35.90,21.60,75,1,,PRBS,,,0.000,0.000,0.000,0.000,0.000,0.000
1778306509,63.72,35.93,21.60,75,1,,PRBS,,,0.000,0.000,0.000,0.000,0.000,0.000
1778306514,63.75,35.88,21.60,75,1,,PRBS,,,0.000,0.000,0.000,0.000,0.000,0.000
1778306519,63.77,35.96,21.60,75,1,,PRBS,,,0.000,0.000,0.000,0.000,0.000,0.000
1778306524,63.79,35.94,21.60,75,1,,PRBS,,,0.000,0.000,0.000,0.000,0.000,0.000
1778306529,63.83,35.97,21.50,75,1,,PRBS,,,0.000,0.000,0.000,0.000,0.000,0.000
1778306534,63.84,35.96,21.60,75,1,,PRBS,,,0.000,0.000,0.000,0.000,0.000,0.000
1778306539,63.88,35.99,21.60,75,1,,PRBS,,,0.000,0.000,0.000,0.000,0.000,0.000
1778306544,63.90,35.99,21.60,75,1,,PRBS,,,0.000,0.000,0.000,0.000,0.000,0.000
1778306549,63.94,35.93,21.50,75,1,,PRBS,,,0.000,0.000,0.000,0.000,0.000,0.000
1778306554,63.98,35.97,21.50,75,1,,PRBS,,,0.000,0.000,0.000,0.000,0.000,0.000
1778306559,63.98,35.89,21.50,75,1,,PRBS,,,0.000,0.000,0.000,0.000,0.000,0.000
1778306564,64.05,35.83,21.50,75,1,,PRBS,,,0.000,0.000,0.000,0.000,0.000,0.000
1778306569,64.08,35.83,21.40,75,1,,PRBS,,,0.000,0.000,0.000,0.000,0.000,0.000
1778306574,64.14,35.80,21.50,75,1,,PRBS,,,0.000,0.000,0.000,0.000,0.000,0.000
1778306579,64.18,35.82,21.40,75,1,,PRBS,,,0.000,0.000,0.000,0.000,0.000,0.000
1778306584,64.21,35.85,21.40,75,1,,PRBS,,,0.000,0.000,0.000,0.000,0.000,0.000
1778306589,64.22,35.83,21.40,75,1,,PRBS,,,0.000,0.000,0.000,0.000,0.000,0.000
1778306594,64.25,35.83,21.40,75,1,,PRBS,,,0.000,0.000,0.000,0.000,0.000,0.000
1778306599,64.28,35.78,21.30,75,1,,PRBS,,,0.000,0.000,0.000,0.000,0.000,0.000
1778306604,64.32,35.80,21.40,75,1,,PRBS,,,0.000,0.000,0.000,0.000,0.000,0.000
1778306609,64.36,35.88,21.30,75,1,,PRBS,,,0.000,0.000,0.000,0.000,0.000,0.000
1778306614,64.41,35.88,21.30,75,1,,PRBS,,,0.000,0.000,0.000,0.000,0.000,0.000
1778306619,64.43,35.90,21.30,75,1,,PRBS,,,0.000,0.000,0.000,0.000,0.000,0.000
1778306624,64.46,35.82,21.20,75,1,,PRBS,,,0.000,0.000,0.000,0.000,0.000,0.000
1778306629,64.49,35.78,21.20,75,1,,PRBS,,,0.000,0.000,0.000,0.000,0.000,0.000
1778306634,64.53,35.82,21.10,25,1,,PRBS,,,0.000,0.000,0.000,0.000,0.000,0.000
1778306639,64.55,35.80,21.20,25,1,,PRBS,,,0.000,0.000,0.000,0.000,0.000,0.000
1778306644,64.58,35.79,21.20,25,1,,PRBS,,,0.000,0.000,0.000,0.000,0.000,0.000
1778306649,64.60,35.76,21.10,25,1,,PRBS,,,0.000,0.000,0.000,0.000,0.000,0.000
1778306654,64.58,35.73,21.20,25,1,,PRBS,,,0.000,0.000,0.000,0.000,0.000,0.000
1778306659,64.55,35.73,21.20,25,1,,PRBS,,,0.000,0.000,0.000,0.000,0.000,0.000
1778306664,64.48,35.78,21.20,25,1,,PRBS,,,0.000,0.000,0.000,0.000,0.000,0.000
1778306669,64.41,35.80,21.20,25,1,,PRBS,,,0.000,0.000,0.000,0.000,0.000,0.000
1778306674,64.31,35.72,21.30,25,1,,PRBS,,,0.000,0.000,0.000,0.000,0.000,0.000
1778306679,64.18,35.59,21.30,25,1,,PRBS,,,0.000,0.000,0.000,0.000,0.000,0.000
1778306684,64.07,35.48,21.40,25,1,,PRBS,,,0.000,0.000,0.000,0.000,0.000,0.000
1778306689,63.91,35.38,21.60,25,1,,PRBS,,,0.000,0.000,0.000,0.000,0.000,0.000
1778306694,63.80,35.34,21.60,25,1,,PRBS,,,0.000,0.000,0.000,0.000,0.000,0.000
1778306699,63.63,35.28,21.60,25,1,,PRBS,,,0.000,0.000,0.000,0.000,0.000,0.000
1778306704,63.50,35.25,21.70,25,1,,PRBS,,,0.000,0.000,0.000,0.000,0.000,0.000
1778306709,63.32,35.25,21.80,25,1,,PRBS,,,0.000,0.000,0.000,0.000,0.000,0.000
1778306714,63.16,35.31,21.90,25,1,,PRBS,,,0.000,0.000,0.000,0.000,0.000,0.000
1778306719,62.98,35.32,22.00,25,1,,PRBS,,,0.000,0.000,0.000,0.000,0.000,0.000
1778306724,62.75,35.42,22.10,25,1,,PRBS,,,0.000,0.000,0.000,0.000,0.000,0.000
1778306729,62.57,35.52,22.20,25,1,,PRBS,,,0.000,0.000,0.000,0.000,0.000,0.000
1778306734,62.43,35.46,22.30,25,1,,PRBS,,,0.000,0.000,0.000,0.000,0.000,0.000
1778306739,62.26,35.51,22.40,25,1,,PRBS,,,0.000,0.000,0.000,0.000,0.000,0.000
1778306744,62.11,35.53,22.50,25,1,,PRBS,,,0.000,0.000,0.000,0.000,0.000,0.000
1778306749,61.89,35.51,22.60,25,1,,PRBS,,,0.000,0.000,0.000,0.000,0.000,0.000
1778306754,61.71,35.53,22.80,25,1,,PRBS,,,0.000,0.000,0.000,0.000,0.000,0.000
1778306759,61.55,35.53,22.90,25,1,,PRBS,,,0.000,0.000,0.000,0.000,0.000,0.000
1778306764,61.37,35.62,23.00,25,1,,PRBS,,,0.000,0.000,0.000,0.000,0.000,0.000
1778306769,61.16,35.71,23.10,25,1,,PRBS,,,0.000,0.000,0.000,0.000,0.000,0.000
1778306774,61.02,35.72,23.20,25,1,,PRBS,,,0.000,0.000,0.000,0.000,0.000,0.000
1778306779,60.89,35.73,23.30,25,1,,PRBS,,,0.000,0.000,0.000,0.000,0.000,0.000
1778306784,60.72,35.71,23.40,25,1,,PRBS,,,0.000,0.000,0.000,0.000,0.000,0.000
1778306789,60.58,35.75,23.50,25,1,,PRBS,,,0.000,0.000,0.000,0.000,0.000,0.000
1778306794,60.41,35.76,23.50,25,1,,PRBS,,,0.000,0.000,0.000,0.000,0.000,0.000
1778306799,60.27,35.73,23.70,25,1,,PRBS,,,0.000,0.000,0.000,0.000,0.000,0.000
1778306804,60.14,35.73,23.80,25,1,,PRBS,,,0.000,0.000,0.000,0.000,0.000,0.000
1778306809,60.04,35.71,23.90,25,1,,PRBS,,,0.000,0.000,0.000,0.000,0.000,0.000
1778306814,59.86,35.76,24.00,25,1,,PRBS,,,0.000,0.000,0.000,0.000,0.000,0.000
1778306819,59.73,35.76,24.00,25,1,,PRBS,,,0.000,0.000,0.000,0.000,0.000,0.000
1778306824,59.60,35.82,24.10,25,1,,PRBS,,,0.000,0.000,0.000,0.000,0.000,0.000
1778306829,59.48,35.78,24.20,25,1,,PRBS,,,0.000,0.000,0.000,0.000,0.000,0.000
1778306834,59.34,35.79,24.30,25,1,,PRBS,,,0.000,0.000,0.000,0.000,0.000,0.000
1778306839,59.18,35.78,24.30,25,1,,PRBS,,,0.000,0.000,0.000,0.000,0.000,0.000
1778306844,59.07,35.78,24.40,25,1,,PRBS,,,0.000,0.000,0.000,0.000,0.000,0.000
1778306849,58.97,35.82,24.50,25,1,,PRBS,,,0.000,0.000,0.000,0.000,0.000,0.000
1778306854,58.80,35.80,24.60,25,1,,PRBS,,,0.000,0.000,0.000,0.000,0.000,0.000
1778306859,58.66,35.83,24.70,25,1,,PRBS,,,0.000,0.000,0.000,0.000,0.000,0.000
1778306864,58.57,35.72,24.80,25,1,,PRBS,,,0.000,0.000,0.000,0.000,0.000,0.000
1778306869,58.47,35.66,24.90,25,1,,PRBS,,,0.000,0.000,0.000,0.000,0.000,0.000
1778306874,58.35,35.59,24.90,25,1,,PRBS,,,0.000,0.000,0.000,0.000,0.000,0.000
1778306879,58.24,35.49,25.00,25,1,,PRBS,,,0.000,0.000,0.000,0.000,0.000,0.000
1778306884,58.12,35.45,25.00,25,1,,PRBS,,,0.000,0.000,0.000,0.000,0.000,0.000
1778306889,58.04,35.42,25.10,25,1,,PRBS,,,0.000,0.000,0.000,0.000,0.000,0.000
1778306894,57.94,35.41,25.20,25,1,,PRBS,,,0.000,0.000,0.000,0.000,0.000,0.000
1778306899,57.83,35.41,25.20,25,1,,PRBS,,,0.000,0.000,0.000,0.000,0.000,0.000
1778306904,57.72,35.49,25.40,25,1,,PRBS,,,0.000,0.000,0.000,0.000,0.000,0.000
1778306909,57.64,35.52,25.40,25,1,,PRBS,,,0.000,0.000,0.000,0.000,0.000,0.000
1778306914,57.53,35.55,25.50,25,1,,PRBS,,,0.000,0.000,0.000,0.000,0.000,0.000
1778306919,57.44,35.59,25.50,25,1,,PRBS,,,0.000,0.000,0.000,0.000,0.000,0.000
1778306924,57.36,35.69,25.60,25,1,,PRBS,,,0.000,0.000,0.000,0.000,0.000,0.000
1778306929,57.27,35.75,25.60,25,1,,PRBS,,,0.000,0.000,0.000,0.000,0.000,0.000
1778306934,57.16,35.80,25.70,25,1,,PRBS,,,0.000,0.000,0.000,0.000,0.000,0.000
1778306939,57.10,35.85,25.80,25,1,,PRBS,,,0.000,0.000,0.000,0.000,0.000,0.000
1778306944,57.01,35.85,25.80,25,1,,PRBS,,,0.000,0.000,0.000,0.000,0.000,0.000
1778306949,56.94,35.76,25.80,25,1,,PRBS,,,0.000,0.000,0.000,0.000,0.000,0.000
1778306954,56.85,35.75,25.90,25,1,,PRBS,,,0.000,0.000,0.000,0.000,0.000,0.000
1778306959,56.81,35.73,25.90,25,1,,PRBS,,,0.000,0.000,0.000,0.000,0.000,0.000
1778306964,56.68,35.72,26.00,25,1,,PRBS,,,0.000,0.000,0.000,0.000,0.000,0.000
1778306969,56.58,35.72,26.00,25,1,,PRBS,,,0.000,0.000,0.000,0.000,0.000,0.000
1778306974,56.51,35.65,26.10,25,1,,PRBS,,,0.000,0.000,0.000,0.000,0.000,0.000
1778306979,56.44,35.53,26.20,25,1,,PRBS,,,0.000,0.000,0.000,0.000,0.000,0.000
1778306984,56.40,35.44,26.20,25,1,,PRBS,,,0.000,0.000,0.000,0.000,0.000,0.000
1778306989,56.30,35.39,26.20,25,1,,PRBS,,,0.000,0.000,0.000,0.000,0.000,0.000
1778306994,56.21,35.34,26.30,25,1,,PRBS,,,0.000,0.000,0.000,0.000,0.000,0.000
1778306999,56.17,35.30,26.30,25,1,,PRBS,,,0.000,0.000,0.000,0.000,0.000,0.000
1778307004,56.07,35.31,26.30,25,1,,PRBS,,,0.000,0.000,0.000,0.000,0.000,0.000
1778307009,56.03,35.37,26.40,25,1,,PRBS,,,0.000,0.000,0.000,0.000,0.000,0.000
1778307014,55.97,35.35,26.50,25,1,,PRBS,,,0.000,0.000,0.000,0.000,0.000,0.000
1778307019,55.89,35.34,26.50,25,1,,PRBS,,,0.000,0.000,0.000,0.000,0.000,0.000
1778307024,55.82,35.37,26.50,25,1,,PRBS,,,0.000,0.000,0.000,0.000,0.000,0.000
1778307029,55.78,35.44,26.50,25,1,,PRBS,,,0.000,0.000,0.000,0.000,0.000,0.000
1778307034,55.69,35.39,26.60,25,1,,PRBS,,,0.000,0.000,0.000,0.000,0.000,0.000
1778307039,55.63,35.35,26.70,25,1,,PRBS,,,0.000,0.000,0.000,0.000,0.000,0.000
1778307044,55.62,35.39,26.70,25,1,,PRBS,,,0.000,0.000,0.000,0.000,0.000,0.000
1778307049,55.55,35.44,26.70,25,1,,PRBS,,,0.000,0.000,0.000,0.000,0.000,0.000
1778307054,55.46,35.49,26.70,25,1,,PRBS,,,0.000,0.000,0.000,0.000,0.000,0.000
1778307059,55.41,35.55,26.80,25,1,,PRBS,,,0.000,0.000,0.000,0.000,0.000,0.000
1778307064,55.37,35.56,26.90,25,1,,PRBS,,,0.000,0.000,0.000,0.000,0.000,0.000
1778307069,55.31,35.65,26.90,25,1,,PRBS,,,0.000,0.000,0.000,0.000,0.000,0.000
1778307074,55.24,35.68,26.90,25,1,,PRBS,,,0.000,0.000,0.000,0.000,0.000,0.000
1778307079,55.18,35.78,26.90,25,1,,PRBS,,,0.000,0.000,0.000,0.000,0.000,0.000
1778307084,55.13,35.80,27.00,25,1,,PRBS,,,0.000,0.000,0.000,0.000,0.000,0.000
1778307089,55.06,35.68,27.10,25,1,,PRBS,,,0.000,0.000,0.000,0.000,0.000,0.000
1778307094,55.03,35.62,27.10,25,1,,PRBS,,,0.000,0.000,0.000,0.000,0.000,0.000
1778307099,54.97,35.58,27.10,25,1,,PRBS,,,0.000,0.000,0.000,0.000,0.000,0.000
1778307104,54.94,35.59,27.10,25,1,,PRBS,,,0.000,0.000,0.000,0.000,0.000,0.000
1778307109,54.87,35.61,27.20,25,1,,PRBS,,,0.000,0.000,0.000,0.000,0.000,0.000
1778307114,54.81,35.62,27.20,25,1,,PRBS,,,0.000,0.000,0.000,0.000,0.000,0.000
1778307119,54.74,35.63,27.20,25,1,,PRBS,,,0.000,0.000,0.000,0.000,0.000,0.000
1778307124,54.70,35.59,27.30,25,1,,PRBS,,,0.000,0.000,0.000,0.000,0.000,0.000
1778307129,54.64,35.58,27.30,25,1,,PRBS,,,0.000,0.000,0.000,0.000,0.000,0.000
1778307134,54.60,35.53,27.40,25,1,,PRBS,,,0.000,0.000,0.000,0.000,0.000,0.000
1778307139,54.53,35.46,27.40,25,1,,PRBS,,,0.000,0.000,0.000,0.000,0.000,0.000
1778307144,54.49,35.44,27.40,25,1,,PRBS,,,0.000,0.000,0.000,0.000,0.000,0.000
1778307149,54.43,35.39,27.40,25,1,,PRBS,,,0.000,0.000,0.000,0.000,0.000,0.000
1778307154,54.41,35.34,27.50,25,1,,PRBS,,,0.000,0.000,0.000,0.000,0.000,0.000
1778307159,54.38,35.32,27.50,25,1,,PRBS,,,0.000,0.000,0.000,0.000,0.000,0.000
1778307164,54.31,35.32,27.50,25,1,,PRBS,,,0.000,0.000,0.000,0.000,0.000,0.000
1778307169,54.26,35.24,27.60,25,1,,PRBS,,,0.000,0.000,0.000,0.000,0.000,0.000
1778307174,54.24,35.14,27.50,25,1,,PRBS,,,0.000,0.000,0.000,0.000,0.000,0.000
1778307179,54.19,35.08,27.60,25,1,,PRBS,,,0.000,0.000,0.000,0.000,0.000,0.000
1778307184,54.15,34.94,27.70,25,1,,PRBS,,,0.000,0.000,0.000,0.000,0.000,0.000
1778307189,54.11,34.87,27.60,25,1,,PRBS,,,0.000,0.000,0.000,0.000,0.000,0.000
1778307194,54.07,34.80,27.70,25,1,,PRBS,,,0.000,0.000,0.000,0.000,0.000,0.000
1778307199,54.03,34.80,27.70,25,1,,PRBS,,,0.000,0.000,0.000,0.000,0.000,0.000
1778307204,54.00,34.83,27.70,25,1,,PRBS,,,0.000,0.000,0.000,0.000,0.000,0.000
1778307209,53.95,34.80,27.80,25,1,,PRBS,,,0.000,0.000,0.000,0.000,0.000,0.000
1778307214,53.90,34.79,27.80,25,1,,PRBS,,,0.000,0.000,0.000,0.000,0.000,0.000
1778307219,53.85,34.77,27.80,25,1,,PRBS,,,0.000,0.000,0.000,0.000,0.000,0.000
1778307224,53.80,34.80,27.90,25,1,,PRBS,,,0.000,0.000,0.000,0.000,0.000,0.000
1778307229,53.78,34.77,27.90,25,1,,PRBS,,,0.000,0.000,0.000,0.000,0.000,0.000
1778307234,53.73,34.74,27.90,25,1,,PRBS,,,0.000,0.000,0.000,0.000,0.000,0.000
1778307239,53.70,34.80,28.00,25,1,,PRBS,,,0.000,0.000,0.000,0.000,0.000,0.000
1778307244,53.64,34.73,28.00,25,1,,PRBS,,,0.000,0.000,0.000,0.000,0.000,0.000
1778307249,53.59,34.70,28.10,75,1,,PRBS,,,0.000,0.000,0.000,0.000,0.000,0.000
1778307254,53.57,34.70,28.00,75,1,,PRBS,,,0.000,0.000,0.000,0.000,0.000,0.000
1778307259,53.52,34.66,28.10,75,1,,PRBS,,,0.000,0.000,0.000,0.000,0.000,0.000
1778307264,53.52,34.56,28.10,75,1,,PRBS,,,0.000,0.000,0.000,0.000,0.000,0.000
1778307269,53.50,34.50,28.10,75,1,,PRBS,,,0.000,0.000,0.000,0.000,0.000,0.000
1778307274,53.52,34.42,28.10,75,1,,PRBS,,,0.000,0.000,0.000,0.000,0.000,0.000
1778307279,53.54,34.38,28.10,75,1,,PRBS,,,0.000,0.000,0.000,0.000,0.000,0.000
1778307284,53.64,34.35,28.00,75,1,,PRBS,,,0.000,0.000,0.000,0.000,0.000,0.000
1778307289,53.73,34.35,27.90,75,1,,PRBS,,,0.000,0.000,0.000,0.000,0.000,0.000
1778307294,53.81,34.33,27.90,75,1,,PRBS,,,0.000,0.000,0.000,0.000,0.000,0.000
1778307299,53.91,34.33,27.70,75,1,,PRBS,,,0.000,0.000,0.000,0.000,0.000,0.000
1778307304,54.04,34.42,27.60,75,1,,PRBS,,,0.000,0.000,0.000,0.000,0.000,0.000
1778307309,54.19,34.45,27.60,75,1,,PRBS,,,0.000,0.000,0.000,0.000,0.000,0.000
1778307314,54.29,34.43,27.50,75,1,,PRBS,,,0.000,0.000,0.000,0.000,0.000,0.000
1778307319,54.42,34.50,27.40,75,1,,PRBS,,,0.000,0.000,0.000,0.000,0.000,0.000
1778307324,54.58,34.60,27.30,75,1,,PRBS,,,0.000,0.000,0.000,0.000,0.000,0.000
1778307329,54.74,34.61,27.10,75,1,,PRBS,,,0.000,0.000,0.000,0.000,0.000,0.000
1778307334,54.91,34.61,27.00,75,1,,PRBS,,,0.000,0.000,0.000,0.000,0.000,0.000
1778307339,55.07,34.56,26.90,75,1,,PRBS,,,0.000,0.000,0.000,0.000,0.000,0.000
1778307344,55.25,34.60,26.80,75,1,,PRBS,,,0.000,0.000,0.000,0.000,0.000,0.000
1778307349,55.42,34.57,26.70,75,1,,PRBS,,,0.000,0.000,0.000,0.000,0.000,0.000
1778307354,55.58,34.50,26.50,75,1,,PRBS,,,0.000,0.000,0.000,0.000,0.000,0.000
1778307359,55.78,34.45,26.40,75,1,,PRBS,,,0.000,0.000,0.000,0.000,0.000,0.000
1778307364,55.92,34.46,26.30,75,1,,PRBS,,,0.000,0.000,0.000,0.000,0.000,0.000
1778307369,56.10,34.48,26.10,75,1,,PRBS,,,0.000,0.000,0.000,0.000,0.000,0.000
1778307374,56.28,34.46,26.10,75,1,,PRBS,,,0.000,0.000,0.000,0.000,0.000,0.000
1778307379,56.44,34.55,25.90,75,1,,PRBS,,,0.000,0.000,0.000,0.000,0.000,0.000
1778307384,56.60,34.64,25.80,75,1,,PRBS,,,0.000,0.000,0.000,0.000,0.000,0.000
1778307389,56.74,34.73,25.70,75,1,,PRBS,,,0.000,0.000,0.000,0.000,0.000,0.000
1778307394,56.86,34.79,25.60,75,1,,PRBS,,,0.000,0.000,0.000,0.000,0.000,0.000
1778307399,57.01,34.84,25.50,75,1,,PRBS,,,0.000,0.000,0.000,0.000,0.000,0.000
1778307404,57.17,34.94,25.40,75,1,,PRBS,,,0.000,0.000,0.000,0.000,0.000,0.000
1778307409,57.32,34.94,25.30,75,1,,PRBS,,,0.000,0.000,0.000,0.000,0.000,0.000
1778307414,57.44,34.93,25.20,75,1,,PRBS,,,0.000,0.000,0.000,0.000,0.000,0.000
1778307419,57.57,34.91,25.10,75,1,,PRBS,,,0.000,0.000,0.000,0.000,0.000,0.000
1778307424,57.70,34.90,25.00,75,1,,PRBS,,,0.000,0.000,0.000,0.000,0.000,0.000
1778307429,57.84,34.96,25.00,75,1,,PRBS,,,0.000,0.000,0.000,0.000,0.000,0.000
1778307434,57.92,35.05,24.80,75,1,,PRBS,,,0.000,0.000,0.000,0.000,0.000,0.000
1778307439,58.06,35.11,24.80,75,1,,PRBS,,,0.000,0.000,0.000,0.000,0.000,0.000
1778307444,58.19,35.14,24.70,75,1,,PRBS,,,0.000,0.000,0.000,0.000,0.000,0.000
1778307449,58.32,35.19,24.60,75,1,,PRBS,,,0.000,0.000,0.000,0.000,0.000,0.000
1778307454,58.44,35.24,24.50,75,1,,PRBS,,,0.000,0.000,0.000,0.000,0.000,0.000
1778307459,58.49,35.28,24.40,75,1,,PRBS,,,0.000,0.000,0.000,0.000,0.000,0.000
1778307464,58.64,35.35,24.40,75,1,,PRBS,,,0.000,0.000,0.000,0.000,0.000,0.000
1778307469,58.73,35.37,24.30,25,1,,PRBS,,,0.000,0.000,0.000,0.000,0.000,0.000
1778307474,58.83,35.45,24.30,25,1,,PRBS,,,0.000,0.000,0.000,0.000,0.000,0.000
1778307479,58.93,35.55,24.20,25,1,,PRBS,,,0.000,0.000,0.000,0.000,0.000,0.000
1778307484,58.95,35.52,24.10,25,1,,PRBS,,,0.000,0.000,0.000,0.000,0.000,0.000
1778307489,59.02,35.53,24.10,25,1,,PRBS,,,0.000,0.000,0.000,0.000,0.000,0.000
1778307494,59.07,35.55,24.10,25,1,,PRBS,,,0.000,0.000,0.000,0.000,0.000,0.000
1778307499,59.11,35.61,24.10,25,1,,PRBS,,,0.000,0.000,0.000,0.000,0.000,0.000
1778307504,59.11,35.61,24.10,25,1,,PRBS,,,0.000,0.000,0.000,0.000,0.000,0.000
1778307509,59.07,35.61,24.00,25,1,,PRBS,,,0.000,0.000,0.000,0.000,0.000,0.000
1778307514,59.02,35.52,24.00,25,1,,PRBS,,,0.000,0.000,0.000,0.000,0.000,0.000
1778307519,58.97,35.45,24.00,25,1,,PRBS,,,0.000,0.000,0.000,0.000,0.000,0.000
1778307524,58.90,35.35,24.10,25,1,,PRBS,,,0.000,0.000,0.000,0.000,0.000,0.000
1778307529,58.83,35.30,24.20,25,1,,PRBS,,,0.000,0.000,0.000,0.000,0.000,0.000
1778307534,58.74,35.19,24.20,25,1,,PRBS,,,0.000,0.000,0.000,0.000,0.000,0.000
1778307539,58.61,35.17,24.30,25,1,,PRBS,,,0.000,0.000,0.000,0.000,0.000,0.000
1778307544,58.53,35.11,24.40,25,1,,PRBS,,,0.000,0.000,0.000,0.000,0.000,0.000
1778307549,58.39,35.03,24.40,25,1,,PRBS,,,0.000,0.000,0.000,0.000,0.000,0.000
1778307554,58.28,35.07,24.50,25,1,,PRBS,,,0.000,0.000,0.000,0.000,0.000,0.000
1778307559,58.13,35.10,24.60,25,1,,PRBS,,,0.000,0.000,0.000,0.000,0.000,0.000
1778307564,58.01,35.15,24.70,75,1,,PRBS,,,0.000,0.000,0.000,0.000,0.000,0.000
1778307569,57.87,35.24,24.80,75,1,,PRBS,,,0.000,0.000,0.000,0.000,0.000,0.000
1778307574,57.75,35.30,24.90,75,1,,PRBS,,,0.000,0.000,0.000,0.000,0.000,0.000
1778307579,57.65,35.35,25.00,75,1,,PRBS,,,0.000,0.000,0.000,0.000,0.000,0.000
1778307584,57.53,35.44,25.10,75,1,,PRBS,,,0.000,0.000,0.000,0.000,0.000,0.000
1778307589,57.47,35.49,25.10,75,1,,PRBS,,,0.000,0.000,0.000,0.000,0.000,0.000
1778307594,57.44,35.59,25.10,75,1,,PRBS,,,0.000,0.000,0.000,0.000,0.000,0.000
1778307599,57.42,35.61,25.10,75,1,,PRBS,,,0.000,0.000,0.000,0.000,0.000,0.000
1778307604,57.39,35.63,25.20,75,1,,PRBS,,,0.000,0.000,0.000,0.000,0.000,0.000
1778289633,29.94,30.50,67.60,20,1,,SWEEP,,,0.000,0.000,0.000,0.000,0.000,0.000
1778289638,29.96,30.49,67.50,20,1,,SWEEP,,,0.000,0.000,0.000,0.000,0.000,0.000
1778289643,29.97,30.52,67.30,20,1,,SWEEP,,,0.000,0.000,0.000,0.000,0.000,0.000
1778289648,30.00,30.53,67.20,20,1,,SWEEP,,,0.000,0.000,0.000,0.000,0.000,0.000
1778289653,30.04,30.52,67.00,20,1,,SWEEP,,,0.000,0.000,0.000,0.000,0.000,0.000
1778289658,30.04,30.53,66.90,20,1,,SWEEP,,,0.000,0.000,0.000,0.000,0.000,0.000
1778289663,30.04,30.55,66.70,20,1,,SWEEP,,,0.000,0.000,0.000,0.000,0.000,0.000
1778289668,30.08,30.52,66.60,20,1,,SWEEP,,,0.000,0.000,0.000,0.000,0.000,0.000
1778289673,30.11,30.56,66.40,20,1,,SWEEP,,,0.000,0.000,0.000,0.000,0.000,0.000
1778289678,30.11,30.53,66.30,20,1,,SWEEP,,,0.000,0.000,0.000,0.000,0.000,0.000
1778289683,30.13,30.52,66.20,20,1,,SWEEP,,,0.000,0.000,0.000,0.000,0.000,0.000
1778289688,30.17,30.55,66.10,20,1,,SWEEP,,,0.000,0.000,0.000,0.000,0.000,0.000
1778289693,30.20,30.55,66.00,20,1,,SWEEP,,,0.000,0.000,0.000,0.000,0.000,0.000
1778289698,30.20,30.55,65.80,20,1,,SWEEP,,,0.000,0.000,0.000,0.000,0.000,0.000
1778289703,30.24,30.55,65.80,20,1,,SWEEP,,,0.000,0.000,0.000,0.000,0.000,0.000
1778289708,30.25,30.55,65.70,20,1,,SWEEP,,,0.000,0.000,0.000,0.000,0.000,0.000
1778289713,30.29,30.56,65.60,20,1,,SWEEP,,,0.000,0.000,0.000,0.000,0.000,0.000
1778289718,30.32,30.56,65.50,20,1,,SWEEP,,,0.000,0.000,0.000,0.000,0.000,0.000
1778289723,30.35,30.57,65.30,20,1,,SWEEP,,,0.000,0.000,0.000,0.000,0.000,0.000
1778289728,30.35,30.59,65.20,20,1,,SWEEP,,,0.000,0.000,0.000,0.000,0.000,0.000
1778289733,30.39,30.59,65.20,20,1,,SWEEP,,,0.000,0.000,0.000,0.000,0.000,0.000
1778289738,30.41,30.55,65.10,20,1,,SWEEP,,,0.000,0.000,0.000,0.000,0.000,0.000
1778289743,30.42,30.55,65.00,20,1,,SWEEP,,,0.000,0.000,0.000,0.000,0.000,0.000
1778289748,30.46,30.56,64.90,20,1,,SWEEP,,,0.000,0.000,0.000,0.000,0.000,0.000
1778289753,30.46,30.56,64.80,20,1,,SWEEP,,,0.000,0.000,0.000,0.000,0.000,0.000
1778289758,30.51,30.56,64.80,20,1,,SWEEP,,,0.000,0.000,0.000,0.000,0.000,0.000
1778289763,30.51,30.59,64.70,20,1,,SWEEP,,,0.000,0.000,0.000,0.000,0.000,0.000
1778289768,30.53,30.59,64.60,20,1,,SWEEP,,,0.000,0.000,0.000,0.000,0.000,0.000
1778289773,30.56,30.57,64.60,20,1,,SWEEP,,,0.000,0.000,0.000,0.000,0.000,0.000
1778289778,30.59,30.57,64.40,20,1,,SWEEP,,,0.000,0.000,0.000,0.000,0.000,0.000
1778289783,30.61,30.59,64.40,20,1,,SWEEP,,,0.000,0.000,0.000,0.000,0.000,0.000
1778289788,30.59,30.60,64.40,20,1,,SWEEP,,,0.000,0.000,0.000,0.000,0.000,0.000
1778289793,30.63,30.57,64.30,20,1,,SWEEP,,,0.000,0.000,0.000,0.000,0.000,0.000
1778289798,30.66,30.57,64.30,20,1,,SWEEP,,,0.000,0.000,0.000,0.000,0.000,0.000
1778289803,30.68,30.60,64.20,20,1,,SWEEP,,,0.000,0.000,0.000,0.000,0.000,0.000
1778289808,30.71,30.60,64.10,20,1,,SWEEP,,,0.000,0.000,0.000,0.000,0.000,0.000
1778289813,30.71,30.61,64.10,20,1,,SWEEP,,,0.000,0.000,0.000,0.000,0.000,0.000
1778289818,30.75,30.61,64.00,20,1,,SWEEP,,,0.000,0.000,0.000,0.000,0.000,0.000
1778289823,30.75,30.63,64.00,20,1,,SWEEP,,,0.000,0.000,0.000,0.000,0.000,0.000
1778289828,30.76,30.63,63.90,20,1,,SWEEP,,,0.000,0.000,0.000,0.000,0.000,0.000
1778289833,30.78,30.66,63.80,20,1,,SWEEP,,,0.000,0.000,0.000,0.000,0.000,0.000
1778289838,30.79,30.66,63.80,20,1,,SWEEP,,,0.000,0.000,0.000,0.000,0.000,0.000
1778289843,30.83,30.66,63.80,20,1,,SWEEP,,,0.000,0.000,0.000,0.000,0.000,0.000
1778289848,30.83,30.66,63.70,20,1,,SWEEP,,,0.000,0.000,0.000,0.000,0.000,0.000
1778289853,30.82,30.67,63.70,20,1,,SWEEP,,,0.000,0.000,0.000,0.000,0.000,0.000
1778289858,30.86,30.66,63.70,20,1,,SWEEP,,,0.000,0.000,0.000,0.000,0.000,0.000
1778289863,30.87,30.68,63.60,20,1,,SWEEP,,,0.000,0.000,0.000,0.000,0.000,0.000
1778289868,30.89,30.67,63.60,20,1,,SWEEP,,,0.000,0.000,0.000,0.000,0.000,0.000
1778289873,30.90,30.70,63.50,20,1,,SWEEP,,,0.000,0.000,0.000,0.000,0.000,0.000
1778289878,30.93,30.68,63.50,20,1,,SWEEP,,,0.000,0.000,0.000,0.000,0.000,0.000
1778289883,30.94,30.66,63.40,20,1,,SWEEP,,,0.000,0.000,0.000,0.000,0.000,0.000
1778289888,30.96,30.66,63.40,20,1,,SWEEP,,,0.000,0.000,0.000,0.000,0.000,0.000
1778289893,30.93,30.67,63.40,20,1,,SWEEP,,,0.000,0.000,0.000,0.000,0.000,0.000
1778289898,30.97,30.68,63.30,20,1,,SWEEP,,,0.000,0.000,0.000,0.000,0.000,0.000
1778289903,31.00,30.68,63.30,20,1,,SWEEP,,,0.000,0.000,0.000,0.000,0.000,0.000
1778289908,31.00,30.68,63.30,20,1,,SWEEP,,,0.000,0.000,0.000,0.000,0.000,0.000
1778289913,31.04,30.68,63.30,20,1,,SWEEP,,,0.000,0.000,0.000,0.000,0.000,0.000
1778289918,31.03,30.70,63.20,20,1,,SWEEP,,,0.000,0.000,0.000,0.000,0.000,0.000
1778289923,31.06,30.70,63.20,20,1,,SWEEP,,,0.000,0.000,0.000,0.000,0.000,0.000
1778289928,31.07,30.73,63.20,20,1,,SWEEP,,,0.000,0.000,0.000,0.000,0.000,0.000
1778289933,31.07,30.70,63.10,20,1,,SWEEP,,,0.000,0.000,0.000,0.000,0.000,0.000
1778289938,31.10,30.67,63.10,20,1,,SWEEP,,,0.000,0.000,0.000,0.000,0.000,0.000
1778289943,31.09,30.68,63.00,20,1,,SWEEP,,,0.000,0.000,0.000,0.000,0.000,0.000
1778289948,31.14,30.68,63.00,20,1,,SWEEP,,,0.000,0.000,0.000,0.000,0.000,0.000
1778289953,31.11,30.70,63.00,20,1,,SWEEP,,,0.000,0.000,0.000,0.000,0.000,0.000
1778289958,31.16,30.70,63.00,20,1,,SWEEP,,,0.000,0.000,0.000,0.000,0.000,0.000
1778289963,31.17,30.71,63.00,20,1,,SWEEP,,,0.000,0.000,0.000,0.000,0.000,0.000
1778289968,31.17,30.70,62.90,20,1,,SWEEP,,,0.000,0.000,0.000,0.000,0.000,0.000
1778289973,31.17,30.71,62.90,20,1,,SWEEP,,,0.000,0.000,0.000,0.000,0.000,0.000
1778289978,31.20,30.70,62.90,20,1,,SWEEP,,,0.000,0.000,0.000,0.000,0.000,0.000
1778289983,31.21,30.68,62.90,20,1,,SWEEP,,,0.000,0.000,0.000,0.000,0.000,0.000
1778289988,31.21,30.71,62.80,20,1,,SWEEP,,,0.000,0.000,0.000,0.000,0.000,0.000
1778289993,31.26,30.70,62.80,20,1,,SWEEP,,,0.000,0.000,0.000,0.000,0.000,0.000
1778289998,31.23,30.70,62.80,20,1,,SWEEP,,,0.000,0.000,0.000,0.000,0.000,0.000
1778290003,31.23,30.71,62.70,20,1,,SWEEP,,,0.000,0.000,0.000,0.000,0.000,0.000
1778290008,31.26,30.70,62.70,20,1,,SWEEP,,,0.000,0.000,0.000,0.000,0.000,0.000
1778290013,31.28,30.70,62.70,20,1,,SWEEP,,,0.000,0.000,0.000,0.000,0.000,0.000
1778290018,31.27,30.68,62.70,20,1,,SWEEP,,,0.000,0.000,0.000,0.000,0.000,0.000
1778290023,31.31,30.68,62.60,20,1,,SWEEP,,,0.000,0.000,0.000,0.000,0.000,0.000
1778290028,31.33,30.71,62.60,20,1,,SWEEP,,,0.000,0.000,0.000,0.000,0.000,0.000
1778290033,31.33,30.68,62.60,20,1,,SWEEP,,,0.000,0.000,0.000,0.000,0.000,0.000
1778290038,31.35,30.67,62.50,20,1,,SWEEP,,,0.000,0.000,0.000,0.000,0.000,0.000
1778290043,31.35,30.68,62.50,20,1,,SWEEP,,,0.000,0.000,0.000,0.000,0.000,0.000
1778290048,31.37,30.70,62.50,20,1,,SWEEP,,,0.000,0.000,0.000,0.000,0.000,0.000
1778290053,31.37,30.68,62.50,20,1,,SWEEP,,,0.000,0.000,0.000,0.000,0.000,0.000
1778290058,31.41,30.70,62.40,20,1,,SWEEP,,,0.000,0.000,0.000,0.000,0.000,0.000
1778290063,31.38,30.70,62.50,20,1,,SWEEP,,,0.000,0.000,0.000,0.000,0.000,0.000
1778290068,31.39,30.70,62.40,20,1,,SWEEP,,,0.000,0.000,0.000,0.000,0.000,0.000
1778290073,31.41,30.67,62.40,20,1,,SWEEP,,,0.000,0.000,0.000,0.000,0.000,0.000
1778290078,31.42,30.68,62.30,20,1,,SWEEP,,,0.000,0.000,0.000,0.000,0.000,0.000
1778290083,31.44,30.68,62.30,20,1,,SWEEP,,,0.000,0.000,0.000,0.000,0.000,0.000
1778290088,31.45,30.67,62.30,20,1,,SWEEP,,,0.000,0.000,0.000,0.000,0.000,0.000
1778290093,31.46,30.68,62.20,20,1,,SWEEP,,,0.000,0.000,0.000,0.000,0.000,0.000
1778290098,31.46,30.66,62.20,20,1,,SWEEP,,,0.000,0.000,0.000,0.000,0.000,0.000
1778290103,31.51,30.67,62.20,20,1,,SWEEP,,,0.000,0.000,0.000,0.000,0.000,0.000
1778290108,31.51,30.66,62.20,20,1,,SWEEP,,,0.000,0.000,0.000,0.000,0.000,0.000
1778290113,31.52,30.66,62.10,20,1,,SWEEP,,,0.000,0.000,0.000,0.000,0.000,0.000
1778290118,31.51,30.63,62.10,20,1,,SWEEP,,,0.000,0.000,0.000,0.000,0.000,0.000
1778290123,31.52,30.66,62.10,20,1,,SWEEP,,,0.000,0.000,0.000,0.000,0.000,0.000
1778290128,31.51,30.64,62.10,20,1,,SWEEP,,,0.000,0.000,0.000,0.000,0.000,0.000
1778290133,31.54,30.63,62.00,20,1,,SWEEP,,,0.000,0.000,0.000,0.000,0.000,0.000
1778290138,31.57,30.61,62.00,20,1,,SWEEP,,,0.000,0.000,0.000,0.000,0.000,0.000
1778290143,31.57,30.60,62.00,20,1,,SWEEP,,,0.000,0.000,0.000,0.000,0.000,0.000
1778290148,31.57,30.56,62.00,20,1,,SWEEP,,,0.000,0.000,0.000,0.000,0.000,0.000
1778290153,31.58,30.57,61.90,20,1,,SWEEP,,,0.000,0.000,0.000,0.000,0.000,0.000
1778290158,31.59,30.60,61.90,20,1,,SWEEP,,,0.000,0.000,0.000,0.000,0.000,0.000
1778290163,31.61,30.56,61.90,20,1,,SWEEP,,,0.000,0.000,0.000,0.000,0.000,0.000
1778290168,31.62,30.57,61.90,20,1,,SWEEP,,,0.000,0.000,0.000,0.000,0.000,0.000
1778290173,31.61,30.57,61.80,20,1,,SWEEP,,,0.000,0.000,0.000,0.000,0.000,0.000
1778290178,31.61,30.53,61.80,20,1,,SWEEP,,,0.000,0.000,0.000,0.000,0.000,0.000
1778290183,31.62,30.56,61.80,20,1,,SWEEP,,,0.000,0.000,0.000,0.000,0.000,0.000
1778290188,31.64,30.55,61.80,20,1,,SWEEP,,,0.000,0.000,0.000,0.000,0.000,0.000
1778290193,31.65,30.53,61.70,20,1,,SWEEP,,,0.000,0.000,0.000,0.000,0.000,0.000
1778290198,31.65,30.50,61.70,20,1,,SWEEP,,,0.000,0.000,0.000,0.000,0.000,0.000
1778290203,31.66,30.52,61.70,20,1,,SWEEP,,,0.000,0.000,0.000,0.000,0.000,0.000
1778290208,31.68,30.52,61.70,20,1,,SWEEP,,,0.000,0.000,0.000,0.000,0.000,0.000
1778290213,31.69,30.52,61.60,20,1,,SWEEP,,,0.000,0.000,0.000,0.000,0.000,0.000
1778290218,31.72,30.53,61.60,20,1,,SWEEP,,,0.000,0.000,0.000,0.000,0.000,0.000
1778290223,31.71,30.50,61.60,20,1,,SWEEP,,,0.000,0.000,0.000,0.000,0.000,0.000
1778290228,31.73,30.50,61.60,20,1,,SWEEP,,,0.000,0.000,0.000,0.000,0.000,0.000
1778290233,31.73,30.47,61.50,20,1,,SWEEP,,,0.000,0.000,0.000,0.000,0.000,0.000
1778290238,31.76,30.46,61.50,20,1,,SWEEP,,,0.000,0.000,0.000,0.000,0.000,0.000
1778290243,31.75,30.46,61.50,20,1,,SWEEP,,,0.000,0.000,0.000,0.000,0.000,0.000
1778290248,31.78,30.46,61.50,20,1,,SWEEP,,,0.000,0.000,0.000,0.000,0.000,0.000
1778290253,31.78,30.46,61.50,20,1,,SWEEP,,,0.000,0.000,0.000,0.000,0.000,0.000
1778290258,31.79,30.44,61.40,20,1,,SWEEP,,,0.000,0.000,0.000,0.000,0.000,0.000
1778290263,31.79,30.41,61.50,20,1,,SWEEP,,,0.000,0.000,0.000,0.000,0.000,0.000
1778290268,31.79,30.39,61.40,20,1,,SWEEP,,,0.000,0.000,0.000,0.000,0.000,0.000
1778290273,31.81,30.40,61.30,20,1,,SWEEP,,,0.000,0.000,0.000,0.000,0.000,0.000
1778290278,31.82,30.40,61.30,20,1,,SWEEP,,,0.000,0.000,0.000,0.000,0.000,0.000
1778290283,31.82,30.40,61.30,20,1,,SWEEP,,,0.000,0.000,0.000,0.000,0.000,0.000
1778290288,31.83,30.41,61.30,20,1,,SWEEP,,,0.000,0.000,0.000,0.000,0.000,0.000
1778290293,31.85,30.41,61.30,20,1,,SWEEP,,,0.000,0.000,0.000,0.000,0.000,0.000
1778290298,31.83,30.41,61.20,20,1,,SWEEP,,,0.000,0.000,0.000,0.000,0.000,0.000
1778290303,31.86,30.43,61.20,20,1,,SWEEP,,,0.000,0.000,0.000,0.000,0.000,0.000
1778290308,31.86,30.40,61.20,20,1,,SWEEP,,,0.000,0.000,0.000,0.000,0.000,0.000
1778290313,31.86,30.39,61.20,20,1,,SWEEP,,,0.000,0.000,0.000,0.000,0.000,0.000
1778290318,31.90,30.39,61.20,20,1,,SWEEP,,,0.000,0.000,0.000,0.000,0.000,0.000
1778290323,31.88,30.37,61.10,20,1,,SWEEP,,,0.000,0.000,0.000,0.000,0.000,0.000
1778290328,31.89,30.40,61.10,20,1,,SWEEP,,,0.000,0.000,0.000,0.000,0.000,0.000
1778290333,31.90,30.37,61.10,20,1,,SWEEP,,,0.000,0.000,0.000,0.000,0.000,0.000
1778290338,31.92,30.37,61.10,20,1,,SWEEP,,,0.000,0.000,0.000,0.000,0.000,0.000
1778290343,31.93,30.36,61.00,20,1,,SWEEP,,,0.000,0.000,0.000,0.000,0.000,0.000
1778290348,31.93,30.36,61.10,20,1,,SWEEP,,,0.000,0.000,0.000,0.000,0.000,0.000
1778290353,31.96,30.37,61.00,20,1,,SWEEP,,,0.000,0.000,0.000,0.000,0.000,0.000
1778290358,31.96,30.40,61.00,20,1,,SWEEP,,,0.000,0.000,0.000,0.000,0.000,0.000
1778290363,31.97,30.39,61.00,20,1,,SWEEP,,,0.000,0.000,0.000,0.000,0.000,0.000
1778290368,31.94,30.39,61.00,20,1,,SWEEP,,,0.000,0.000,0.000,0.000,0.000,0.000
1778290373,31.96,30.37,60.90,20,1,,SWEEP,,,0.000,0.000,0.000,0.000,0.000,0.000
1778290378,31.96,30.40,60.90,20,1,,SWEEP,,,0.000,0.000,0.000,0.000,0.000,0.000
1778290383,31.96,30.41,60.90,20,1,,SWEEP,,,0.000,0.000,0.000,0.000,0.000,0.000
1778290388,31.99,30.40,60.80,20,1,,SWEEP,,,0.000,0.000,0.000,0.000,0.000,0.000
1778290393,31.99,30.40,60.90,20,1,,SWEEP,,,0.000,0.000,0.000,0.000,0.000,0.000
1778290398,32.05,30.40,60.80,20,1,,SWEEP,,,0.000,0.000,0.000,0.000,0.000,0.000
1778290403,32.02,30.41,60.80,20,1,,SWEEP,,,0.000,0.000,0.000,0.000,0.000,0.000
1778290408,32.02,30.40,60.80,20,1,,SWEEP,,,0.000,0.000,0.000,0.000,0.000,0.000
1778290413,32.03,30.43,60.80,20,1,,SWEEP,,,0.000,0.000,0.000,0.000,0.000,0.000
1778290418,32.03,30.43,60.80,20,1,,SWEEP,,,0.000,0.000,0.000,0.000,0.000,0.000
1778290423,32.03,30.40,60.80,20,1,,SWEEP,,,0.000,0.000,0.000,0.000,0.000,0.000
1778290428,32.06,30.43,60.70,20,1,,SWEEP,,,0.000,0.000,0.000,0.000,0.000,0.000
1778290433,32.06,30.41,60.70,20,1,,SWEEP,,,0.000,0.000,0.000,0.000,0.000,0.000
1778290438,32.08,30.43,60.70,20,1,,SWEEP,,,0.000,0.000,0.000,0.000,0.000,0.000
1778290443,32.06,30.43,60.70,20,1,,SWEEP,,,0.000,0.000,0.000,0.000,0.000,0.000
1778290448,32.09,30.44,60.70,20,1,,SWEEP,,,0.000,0.000,0.000,0.000,0.000,0.000
1778290453,32.08,30.44,60.70,20,1,,SWEEP,,,0.000,0.000,0.000,0.000,0.000,0.000
1778290458,32.08,30.43,60.70,20,1,,SWEEP,,,0.000,0.000,0.000,0.000,0.000,0.000
1778290463,32.08,30.44,60.70,20,1,,SWEEP,,,0.000,0.000,0.000,0.000,0.000,0.000
1778290468,32.09,30.46,60.70,20,1,,SWEEP,,,0.000,0.000,0.000,0.000,0.000,0.000
1778290473,32.10,30.44,60.70,20,1,,SWEEP,,,0.000,0.000,0.000,0.000,0.000,0.000
1778290478,32.10,30.46,60.70,20,1,,SWEEP,,,0.000,0.000,0.000,0.000,0.000,0.000
1778290483,32.14,30.47,60.60,20,1,,SWEEP,,,0.000,0.000,0.000,0.000,0.000,0.000
1778290488,32.14,30.47,60.60,20,1,,SWEEP,,,0.000,0.000,0.000,0.000,0.000,0.000
1778290493,32.13,30.49,60.60,20,1,,SWEEP,,,0.000,0.000,0.000,0.000,0.000,0.000
1778290498,32.16,30.46,60.60,20,1,,SWEEP,,,0.000,0.000,0.000,0.000,0.000,0.000
1778290503,32.14,30.49,60.50,20,1,,SWEEP,,,0.000,0.000,0.000,0.000,0.000,0.000
1778290508,32.16,30.47,60.50,20,1,,SWEEP,,,0.000,0.000,0.000,0.000,0.000,0.000
1778290513,32.19,30.47,60.50,20,1,,SWEEP,,,0.000,0.000,0.000,0.000,0.000,0.000
1778290518,32.17,30.47,60.50,20,1,,SWEEP,,,0.000,0.000,0.000,0.000,0.000,0.000
1778290523,32.16,30.49,60.50,20,1,,SWEEP,,,0.000,0.000,0.000,0.000,0.000,0.000
1778290528,32.19,30.49,60.50,20,1,,SWEEP,,,0.000,0.000,0.000,0.000,0.000,0.000
1778290533,32.19,30.52,60.50,20,1,,SWEEP,,,0.000,0.000,0.000,0.000,0.000,0.000
1778290538,32.20,30.52,60.50,20,1,,SWEEP,,,0.000,0.000,0.000,0.000,0.000,0.000
1778290543,32.19,30.50,60.50,20,1,,SWEEP,,,0.000,0.000,0.000,0.000,0.000,0.000
1778290548,32.21,30.53,60.40,20,1,,SWEEP,,,0.000,0.000,0.000,0.000,0.000,0.000
1778290553,32.20,30.52,60.40,20,1,,SWEEP,,,0.000,0.000,0.000,0.000,0.000,0.000
1778290558,32.21,30.53,60.40,20,1,,SWEEP,,,0.000,0.000,0.000,0.000,0.000,0.000
1778290563,32.23,30.53,60.40,20,1,,SWEEP,,,0.000,0.000,0.000,0.000,0.000,0.000
1778290568,32.24,30.55,60.30,20,1,,SWEEP,,,0.000,0.000,0.000,0.000,0.000,0.000
1778290573,32.26,30.53,60.40,20,1,,SWEEP,,,0.000,0.000,0.000,0.000,0.000,0.000
1778290578,32.27,30.53,60.40,20,1,,SWEEP,,,0.000,0.000,0.000,0.000,0.000,0.000
1778290583,32.24,30.56,60.30,20,1,,SWEEP,,,0.000,0.000,0.000,0.000,0.000,0.000
1778290588,32.27,30.53,60.30,20,1,,SWEEP,,,0.000,0.000,0.000,0.000,0.000,0.000
1778290593,32.27,30.56,60.30,20,1,,SWEEP,,,0.000,0.000,0.000,0.000,0.000,0.000
1778290598,32.28,30.56,60.30,20,1,,SWEEP,,,0.000,0.000,0.000,0.000,0.000,0.000
1778290603,32.27,30.53,60.30,20,1,,SWEEP,,,0.000,0.000,0.000,0.000,0.000,0.000
1778290608,32.30,30.56,60.30,20,1,,SWEEP,,,0.000,0.000,0.000,0.000,0.000,0.000
1778290613,32.28,30.56,60.30,20,1,,SWEEP,,,0.000,0.000,0.000,0.000,0.000,0.000
1778290618,32.28,30.56,60.20,20,1,,SWEEP,,,0.000,0.000,0.000,0.000,0.000,0.000
1778290623,32.30,30.55,60.30,20,1,,SWEEP,,,0.000,0.000,0.000,0.000,0.000,0.000
1778290628,32.30,30.56,60.20,20,1,,SWEEP,,,0.000,0.000,0.000,0.000,0.000,0.000
1778290633,32.31,30.57,60.20,20,1,,SWEEP,,,0.000,0.000,0.000,0.000,0.000,0.000
1778290638,32.34,30.56,60.30,20,1,,SWEEP,,,0.000,0.000,0.000,0.000,0.000,0.000
1778290643,32.36,30.56,60.20,20,1,,SWEEP,,,0.000,0.000,0.000,0.000,0.000,0.000
1778290648,32.33,30.57,60.20,20,1,,SWEEP,,,0.000,0.000,0.000,0.000,0.000,0.000
1778290653,32.34,30.56,60.20,20,1,,SWEEP,,,0.000,0.000,0.000,0.000,0.000,0.000
1778290658,32.36,30.59,60.20,20,1,,SWEEP,,,0.000,0.000,0.000,0.000,0.000,0.000
1778290663,32.34,30.56,60.10,20,1,,SWEEP,,,0.000,0.000,0.000,0.000,0.000,0.000
1778290668,32.36,30.55,60.10,20,1,,SWEEP,,,0.000,0.000,0.000,0.000,0.000,0.000
1778290673,32.38,30.53,60.10,20,1,,SWEEP,,,0.000,0.000,0.000,0.000,0.000,0.000
1778290678,32.36,30.53,60.10,20,1,,SWEEP,,,0.000,0.000,0.000,0.000,0.000,0.000
1778290683,32.38,30.53,60.10,20,1,,SWEEP,,,0.000,0.000,0.000,0.000,0.000,0.000
1778290688,32.40,30.55,60.10,20,1,,SWEEP,,,0.000,0.000,0.000,0.000,0.000,0.000
1778290693,32.38,30.53,60.10,20,1,,SWEEP,,,0.000,0.000,0.000,0.000,0.000,0.000
1778290698,32.38,30.53,60.10,20,1,,SWEEP,,,0.000,0.000,0.000,0.000,0.000,0.000
1778290703,32.40,30.55,60.10,20,1,,SWEEP,,,0.000,0.000,0.000,0.000,0.000,0.000
1778290708,32.41,30.53,60.10,20,1,,SWEEP,,,0.000,0.000,0.000,0.000,0.000,0.000
1778290713,32.40,30.52,60.10,20,1,,SWEEP,,,0.000,0.000,0.000,0.000,0.000,0.000
1778290718,32.38,30.49,60.10,20,1,,SWEEP,,,0.000,0.000,0.000,0.000,0.000,0.000
1778290723,32.41,30.49,60.10,20,1,,SWEEP,,,0.000,0.000,0.000,0.000,0.000,0.000
1778290728,32.43,30.49,60.00,20,1,,SWEEP,,,0.000,0.000,0.000,0.000,0.000,0.000
1778290733,32.41,30.46,60.00,20,1,,SWEEP,,,0.000,0.000,0.000,0.000,0.000,0.000
1778290738,32.45,30.46,60.00,20,1,,SWEEP,,,0.000,0.000,0.000,0.000,0.000,0.000
1778290743,32.45,30.47,60.00,20,1,,SWEEP,,,0.000,0.000,0.000,0.000,0.000,0.000
1778290748,32.47,30.46,60.00,20,1,,SWEEP,,,0.000,0.000,0.000,0.000,0.000,0.000
1778290753,32.45,30.47,60.00,20,1,,SWEEP,,,0.000,0.000,0.000,0.000,0.000,0.000
1778290758,32.48,30.49,59.90,20,1,,SWEEP,,,0.000,0.000,0.000,0.000,0.000,0.000
1778290763,32.45,30.49,59.90,20,1,,SWEEP,,,0.000,0.000,0.000,0.000,0.000,0.000
1778290768,32.48,30.52,59.90,20,1,,SWEEP,,,0.000,0.000,0.000,0.000,0.000,0.000
1778290773,32.47,30.50,59.90,20,1,,SWEEP,,,0.000,0.000,0.000,0.000,0.000,0.000
1778290778,32.48,30.55,59.90,20,1,,SWEEP,,,0.000,0.000,0.000,0.000,0.000,0.000
1778290783,32.50,30.52,59.90,20,1,,SWEEP,,,0.000,0.000,0.000,0.000,0.000,0.000
1778290788,32.51,30.52,59.90,20,1,,SWEEP,,,0.000,0.000,0.000,0.000,0.000,0.000
1778290793,32.51,30.50,59.80,20,1,,SWEEP,,,0.000,0.000,0.000,0.000,0.000,0.000
1778290798,32.53,30.47,59.80,20,1,,SWEEP,,,0.000,0.000,0.000,0.000,0.000,0.000
1778290803,32.53,30.50,59.80,20,1,,SWEEP,,,0.000,0.000,0.000,0.000,0.000,0.000
1778290808,32.54,30.49,59.80,40,1,,SWEEP,,,0.000,0.000,0.000,0.000,0.000,0.000
1778290813,32.55,30.50,59.80,40,1,,SWEEP,,,0.000,0.000,0.000,0.000,0.000,0.000
1778290818,32.55,30.47,59.80,40,1,,SWEEP,,,0.000,0.000,0.000,0.000,0.000,0.000
1778290823,32.55,30.49,59.70,40,1,,SWEEP,,,0.000,0.000,0.000,0.000,0.000,0.000
1778290828,32.58,30.49,59.70,40,1,,SWEEP,,,0.000,0.000,0.000,0.000,0.000,0.000
1778290833,32.61,30.47,59.70,40,1,,SWEEP,,,0.000,0.000,0.000,0.000,0.000,0.000
1778290838,32.67,30.47,59.60,40,1,,SWEEP,,,0.000,0.000,0.000,0.000,0.000,0.000
1778290843,32.72,30.50,59.50,40,1,,SWEEP,,,0.000,0.000,0.000,0.000,0.000,0.000
1778290848,32.76,30.50,59.40,40,1,,SWEEP,,,0.000,0.000,0.000,0.000,0.000,0.000
1778290853,32.81,30.50,59.30,40,1,,SWEEP,,,0.000,0.000,0.000,0.000,0.000,0.000
1778290858,32.88,30.52,59.20,40,1,,SWEEP,,,0.000,0.000,0.000,0.000,0.000,0.000
1778290863,32.94,30.53,59.00,40,1,,SWEEP,,,0.000,0.000,0.000,0.000,0.000,0.000
1778290868,32.99,30.56,58.90,40,1,,SWEEP,,,0.000,0.000,0.000,0.000,0.000,0.000
1778290873,33.10,30.53,58.80,40,1,,SWEEP,,,0.000,0.000,0.000,0.000,0.000,0.000
1778290878,33.19,30.50,58.60,40,1,,SWEEP,,,0.000,0.000,0.000,0.000,0.000,0.000
1778290883,33.29,30.49,58.40,40,1,,SWEEP,,,0.000,0.000,0.000,0.000,0.000,0.000
1778290888,33.39,30.47,58.20,40,1,,SWEEP,,,0.000,0.000,0.000,0.000,0.000,0.000
1778290893,33.47,30.47,58.00,40,1,,SWEEP,,,0.000,0.000,0.000,0.000,0.000,0.000
1778290898,33.55,30.47,57.80,40,1,,SWEEP,,,0.000,0.000,0.000,0.000,0.000,0.000
1778290903,33.63,30.44,57.70,40,1,,SWEEP,,,0.000,0.000,0.000,0.000,0.000,0.000
1778290908,33.74,30.43,57.50,40,1,,SWEEP,,,0.000,0.000,0.000,0.000,0.000,0.000
1778290913,33.81,30.43,57.30,40,1,,SWEEP,,,0.000,0.000,0.000,0.000,0.000,0.000
1778290918,33.88,30.43,57.20,40,1,,SWEEP,,,0.000,0.000,0.000,0.000,0.000,0.000
1778290923,33.95,30.46,57.00,40,1,,SWEEP,,,0.000,0.000,0.000,0.000,0.000,0.000
1778290928,34.05,30.43,56.90,40,1,,SWEEP,,,0.000,0.000,0.000,0.000,0.000,0.000
1778290933,34.12,30.46,56.60,40,1,,SWEEP,,,0.000,0.000,0.000,0.000,0.000,0.000
1778290938,34.19,30.43,56.50,40,1,,SWEEP,,,0.000,0.000,0.000,0.000,0.000,0.000
1778290943,34.26,30.40,56.40,40,1,,SWEEP,,,0.000,0.000,0.000,0.000,0.000,0.000
1778290948,34.33,30.37,56.20,40,1,,SWEEP,,,0.000,0.000,0.000,0.000,0.000,0.000
1778290953,34.39,30.39,56.10,40,1,,SWEEP,,,0.000,0.000,0.000,0.000,0.000,0.000
1778290958,34.49,30.37,56.00,40,1,,SWEEP,,,0.000,0.000,0.000,0.000,0.000,0.000
1778290963,34.54,30.36,55.80,40,1,,SWEEP,,,0.000,0.000,0.000,0.000,0.000,0.000
1778290968,34.61,30.39,55.70,40,1,,SWEEP,,,0.000,0.000,0.000,0.000,0.000,0.000
1778290973,34.68,30.36,55.60,40,1,,SWEEP,,,0.000,0.000,0.000,0.000,0.000,0.000
1778290978,34.76,30.29,55.40,40,1,,SWEEP,,,0.000,0.000,0.000,0.000,0.000,0.000
1778290983,34.83,30.26,55.30,40,1,,SWEEP,,,0.000,0.000,0.000,0.000,0.000,0.000
1778290988,34.88,30.22,55.20,40,1,,SWEEP,,,0.000,0.000,0.000,0.000,0.000,0.000
1778290993,34.94,30.22,55.10,40,1,,SWEEP,,,0.000,0.000,0.000,0.000,0.000,0.000
1778290998,34.98,30.22,55.00,40,1,,SWEEP,,,0.000,0.000,0.000,0.000,0.000,0.000
1778291003,35.02,30.22,54.90,40,1,,SWEEP,,,0.000,0.000,0.000,0.000,0.000,0.000
1778291008,35.08,30.23,54.80,40,1,,SWEEP,,,0.000,0.000,0.000,0.000,0.000,0.000
1778291013,35.17,30.26,54.70,40,1,,SWEEP,,,0.000,0.000,0.000,0.000,0.000,0.000
1778291018,35.18,30.26,54.60,40,1,,SWEEP,,,0.000,0.000,0.000,0.000,0.000,0.000
1778291023,35.28,30.28,54.50,40,1,,SWEEP,,,0.000,0.000,0.000,0.000,0.000,0.000
1778291028,35.29,30.32,54.40,40,1,,SWEEP,,,0.000,0.000,0.000,0.000,0.000,0.000
1778291033,35.38,30.32,54.20,40,1,,SWEEP,,,0.000,0.000,0.000,0.000,0.000,0.000
1778291038,35.43,30.35,54.10,40,1,,SWEEP,,,0.000,0.000,0.000,0.000,0.000,0.000
1778291043,35.49,30.39,54.00,40,1,,SWEEP,,,0.000,0.000,0.000,0.000,0.000,0.000
1778291048,35.56,30.39,54.00,40,1,,SWEEP,,,0.000,0.000,0.000,0.000,0.000,0.000
1778291053,35.56,30.41,53.90,40,1,,SWEEP,,,0.000,0.000,0.000,0.000,0.000,0.000
1778291058,35.63,30.40,53.80,40,1,,SWEEP,,,0.000,0.000,0.000,0.000,0.000,0.000
1778291063,35.69,30.44,53.70,40,1,,SWEEP,,,0.000,0.000,0.000,0.000,0.000,0.000
1778291068,35.72,30.46,53.60,40,1,,SWEEP,,,0.000,0.000,0.000,0.000,0.000,0.000
1778291073,35.76,30.49,53.50,40,1,,SWEEP,,,0.000,0.000,0.000,0.000,0.000,0.000
1778291078,35.82,30.49,53.40,40,1,,SWEEP,,,0.000,0.000,0.000,0.000,0.000,0.000
1778291083,35.84,30.49,53.30,40,1,,SWEEP,,,0.000,0.000,0.000,0.000,0.000,0.000
1778291088,35.90,30.49,53.20,40,1,,SWEEP,,,0.000,0.000,0.000,0.000,0.000,0.000
1778291093,35.91,30.49,53.30,40,1,,SWEEP,,,0.000,0.000,0.000,0.000,0.000,0.000
1778291098,35.98,30.55,53.20,40,1,,SWEEP,,,0.000,0.000,0.000,0.000,0.000,0.000
1778291103,36.00,30.56,53.10,40,1,,SWEEP,,,0.000,0.000,0.000,0.000,0.000,0.000
1778291108,36.04,30.52,53.00,40,1,,SWEEP,,,0.000,0.000,0.000,0.000,0.000,0.000
1778291113,36.08,30.52,53.00,40,1,,SWEEP,,,0.000,0.000,0.000,0.000,0.000,0.000
1778291118,36.14,30.49,53.00,40,1,,SWEEP,,,0.000,0.000,0.000,0.000,0.000,0.000
1778291123,36.20,30.46,52.80,40,1,,SWEEP,,,0.000,0.000,0.000,0.000,0.000,0.000
1778291128,36.25,30.44,52.70,40,1,,SWEEP,,,0.000,0.000,0.000,0.000,0.000,0.000
1778291133,36.29,30.41,52.60,40,1,,SWEEP,,,0.000,0.000,0.000,0.000,0.000,0.000
1778291138,36.32,30.40,52.60,40,1,,SWEEP,,,0.000,0.000,0.000,0.000,0.000,0.000
1778291143,36.34,30.39,52.50,40,1,,SWEEP,,,0.000,0.000,0.000,0.000,0.000,0.000
1778291148,36.39,30.41,52.50,40,1,,SWEEP,,,0.000,0.000,0.000,0.000,0.000,0.000
1778291153,36.42,30.41,52.40,40,1,,SWEEP,,,0.000,0.000,0.000,0.000,0.000,0.000
1778291158,36.46,30.44,52.30,40,1,,SWEEP,,,0.000,0.000,0.000,0.000,0.000,0.000
1778291163,36.49,30.47,52.30,40,1,,SWEEP,,,0.000,0.000,0.000,0.000,0.000,0.000
1778291168,36.53,30.49,52.30,40,1,,SWEEP,,,0.000,0.000,0.000,0.000,0.000,0.000
1778291173,36.56,30.49,52.20,40,1,,SWEEP,,,0.000,0.000,0.000,0.000,0.000,0.000
1778291178,36.62,30.52,52.20,40,1,,SWEEP,,,0.000,0.000,0.000,0.000,0.000,0.000
1778291183,36.66,30.50,52.10,40,1,,SWEEP,,,0.000,0.000,0.000,0.000,0.000,0.000
1778291188,36.66,30.50,52.10,40,1,,SWEEP,,,0.000,0.000,0.000,0.000,0.000,0.000
1778291193,36.69,30.44,52.10,40,1,,SWEEP,,,0.000,0.000,0.000,0.000,0.000,0.000
1778291198,36.76,30.44,52.00,40,1,,SWEEP,,,0.000,0.000,0.000,0.000,0.000,0.000
1778291203,36.79,30.46,52.00,40,1,,SWEEP,,,0.000,0.000,0.000,0.000,0.000,0.000
1778291208,36.82,30.47,51.90,40,1,,SWEEP,,,0.000,0.000,0.000,0.000,0.000,0.000
1778291213,36.83,30.47,51.80,40,1,,SWEEP,,,0.000,0.000,0.000,0.000,0.000,0.000
1778291218,36.86,30.49,51.80,40,1,,SWEEP,,,0.000,0.000,0.000,0.000,0.000,0.000
1778291223,36.90,30.47,51.70,40,1,,SWEEP,,,0.000,0.000,0.000,0.000,0.000,0.000
1778291228,36.94,30.44,51.70,40,1,,SWEEP,,,0.000,0.000,0.000,0.000,0.000,0.000
1778291233,36.94,30.46,51.60,40,1,,SWEEP,,,0.000,0.000,0.000,0.000,0.000,0.000
1778291238,37.00,30.46,51.60,40,1,,SWEEP,,,0.000,0.000,0.000,0.000,0.000,0.000
1778291243,37.03,30.43,51.50,40,1,,SWEEP,,,0.000,0.000,0.000,0.000,0.000,0.000
1778291248,37.04,30.43,51.50,40,1,,SWEEP,,,0.000,0.000,0.000,0.000,0.000,0.000
1778291253,37.10,30.39,51.50,40,1,,SWEEP,,,0.000,0.000,0.000,0.000,0.000,0.000
1778291258,37.13,30.37,51.50,40,1,,SWEEP,,,0.000,0.000,0.000,0.000,0.000,0.000
1778291263,37.17,30.37,51.40,40,1,,SWEEP,,,0.000,0.000,0.000,0.000,0.000,0.000
1778291268,37.19,30.37,51.40,40,1,,SWEEP,,,0.000,0.000,0.000,0.000,0.000,0.000
1778291273,37.23,30.36,51.30,40,1,,SWEEP,,,0.000,0.000,0.000,0.000,0.000,0.000
1778291278,37.26,30.37,51.20,40,1,,SWEEP,,,0.000,0.000,0.000,0.000,0.000,0.000
1778291283,37.31,30.36,51.20,40,1,,SWEEP,,,0.000,0.000,0.000,0.000,0.000,0.000
1778291288,37.31,30.36,51.10,40,1,,SWEEP,,,0.000,0.000,0.000,0.000,0.000,0.000
1778291293,37.35,30.40,51.10,40,1,,SWEEP,,,0.000,0.000,0.000,0.000,0.000,0.000
1778291298,37.38,30.43,51.10,40,1,,SWEEP,,,0.000,0.000,0.000,0.000,0.000,0.000
1778291303,37.39,30.44,51.00,40,1,,SWEEP,,,0.000,0.000,0.000,0.000,0.000,0.000
1778291308,37.39,30.46,51.00,40,1,,SWEEP,,,0.000,0.000,0.000,0.000,0.000,0.000
1778291313,37.44,30.47,51.00,40,1,,SWEEP,,,0.000,0.000,0.000,0.000,0.000,0.000
1778291318,37.49,30.46,50.90,40,1,,SWEEP,,,0.000,0.000,0.000,0.000,0.000,0.000
1778291323,37.51,30.46,50.90,40,1,,SWEEP,,,0.000,0.000,0.000,0.000,0.000,0.000
1778291328,37.55,30.46,50.90,40,1,,SWEEP,,,0.000,0.000,0.000,0.000,0.000,0.000
1778291333,37.57,30.44,50.80,40,1,,SWEEP,,,0.000,0.000,0.000,0.000,0.000,0.000
1778291338,37.54,30.44,50.80,40,1,,SWEEP,,,0.000,0.000,0.000,0.000,0.000,0.000
1778291343,37.58,30.43,50.80,40,1,,SWEEP,,,0.000,0.000,0.000,0.000,0.000,0.000
1778291348,37.60,30.43,50.80,40,1,,SWEEP,,,0.000,0.000,0.000,0.000,0.000,0.000
1778291353,37.60,30.41,50.80,40,1,,SWEEP,,,0.000,0.000,0.000,0.000,0.000,0.000
1778291358,37.64,30.41,50.80,40,1,,SWEEP,,,0.000,0.000,0.000,0.000,0.000,0.000
1778291363,37.62,30.40,50.80,40,1,,SWEEP,,,0.000,0.000,0.000,0.000,0.000,0.000
1778291368,37.66,30.39,50.80,40,1,,SWEEP,,,0.000,0.000,0.000,0.000,0.000,0.000
1778291373,37.69,30.39,50.70,40,1,,SWEEP,,,0.000,0.000,0.000,0.000,0.000,0.000
1778291378,37.74,30.40,50.70,40,1,,SWEEP,,,0.000,0.000,0.000,0.000,0.000,0.000
1778291383,37.74,30.41,50.70,40,1,,SWEEP,,,0.000,0.000,0.000,0.000,0.000,0.000
1778291388,37.76,30.40,50.70,40,1,,SWEEP,,,0.000,0.000,0.000,0.000,0.000,0.000
1778291393,37.79,30.41,50.70,40,1,,SWEEP,,,0.000,0.000,0.000,0.000,0.000,0.000
1778291398,37.81,30.43,50.60,40,1,,SWEEP,,,0.000,0.000,0.000,0.000,0.000,0.000
1778291403,37.82,30.43,50.60,40,1,,SWEEP,,,0.000,0.000,0.000,0.000,0.000,0.000
1778291408,37.86,30.41,50.50,40,1,,SWEEP,,,0.000,0.000,0.000,0.000,0.000,0.000
1778291413,37.90,30.43,50.50,40,1,,SWEEP,,,0.000,0.000,0.000,0.000,0.000,0.000
1778291418,37.93,30.44,50.50,40,1,,SWEEP,,,0.000,0.000,0.000,0.000,0.000,0.000
1778291423,37.99,30.44,50.40,40,1,,SWEEP,,,0.000,0.000,0.000,0.000,0.000,0.000
1778291428,37.99,30.43,50.40,40,1,,SWEEP,,,0.000,0.000,0.000,0.000,0.000,0.000
1778291433,38.02,30.44,50.40,40,1,,SWEEP,,,0.000,0.000,0.000,0.000,0.000,0.000
1778291438,38.05,30.46,50.30,40,1,,SWEEP,,,0.000,0.000,0.000,0.000,0.000,0.000
1778291443,38.06,30.46,50.20,40,1,,SWEEP,,,0.000,0.000,0.000,0.000,0.000,0.000
1778291448,38.09,30.49,50.20,40,1,,SWEEP,,,0.000,0.000,0.000,0.000,0.000,0.000
1778291453,38.12,30.44,50.20,40,1,,SWEEP,,,0.000,0.000,0.000,0.000,0.000,0.000
1778291458,38.15,30.47,50.10,40,1,,SWEEP,,,0.000,0.000,0.000,0.000,0.000,0.000
1778291463,38.16,30.46,50.10,40,1,,SWEEP,,,0.000,0.000,0.000,0.000,0.000,0.000
1778291468,38.17,30.47,50.10,40,1,,SWEEP,,,0.000,0.000,0.000,0.000,0.000,0.000
1778291473,38.19,30.46,50.00,40,1,,SWEEP,,,0.000,0.000,0.000,0.000,0.000,0.000
1778291478,38.21,30.46,50.00,40,1,,SWEEP,,,0.000,0.000,0.000,0.000,0.000,0.000
1778291483,38.24,30.46,50.00,40,1,,SWEEP,,,0.000,0.000,0.000,0.000,0.000,0.000
1778291488,38.30,30.43,49.90,40,1,,SWEEP,,,0.000,0.000,0.000,0.000,0.000,0.000
1778291493,38.33,30.41,49.90,40,1,,SWEEP,,,0.000,0.000,0.000,0.000,0.000,0.000
1778291498,38.36,30.43,49.80,40,1,,SWEEP,,,0.000,0.000,0.000,0.000,0.000,0.000
1778291503,38.34,30.40,49.80,40,1,,SWEEP,,,0.000,0.000,0.000,0.000,0.000,0.000
1778291508,38.37,30.40,49.70,40,1,,SWEEP,,,0.000,0.000,0.000,0.000,0.000,0.000
1778291513,38.43,30.41,49.70,40,1,,SWEEP,,,0.000,0.000,0.000,0.000,0.000,0.000
1778291518,38.44,30.39,49.70,40,1,,SWEEP,,,0.000,0.000,0.000,0.000,0.000,0.000
1778291523,38.47,30.39,49.70,40,1,,SWEEP,,,0.000,0.000,0.000,0.000,0.000,0.000
1778291528,38.47,30.41,49.60,40,1,,SWEEP,,,0.000,0.000,0.000,0.000,0.000,0.000
1778291533,38.50,30.41,49.60,40,1,,SWEEP,,,0.000,0.000,0.000,0.000,0.000,0.000
1778291538,38.53,30.41,49.50,40,1,,SWEEP,,,0.000,0.000,0.000,0.000,0.000,0.000
1778291543,38.57,30.37,49.50,40,1,,SWEEP,,,0.000,0.000,0.000,0.000,0.000,0.000
1778291548,38.57,30.41,49.50,40,1,,SWEEP,,,0.000,0.000,0.000,0.000,0.000,0.000
1778291553,38.58,30.40,49.50,40,1,,SWEEP,,,0.000,0.000,0.000,0.000,0.000,0.000
1778291558,38.61,30.35,49.50,40,1,,SWEEP,,,0.000,0.000,0.000,0.000,0.000,0.000
1778291563,38.61,30.39,49.50,40,1,,SWEEP,,,0.000,0.000,0.000,0.000,0.000,0.000
1778291568,38.61,30.40,49.40,40,1,,SWEEP,,,0.000,0.000,0.000,0.000,0.000,0.000
1778291573,38.64,30.37,49.40,40,1,,SWEEP,,,0.000,0.000,0.000,0.000,0.000,0.000
1778291578,38.65,30.39,49.40,40,1,,SWEEP,,,0.000,0.000,0.000,0.000,0.000,0.000
1778291583,38.68,30.35,49.30,40,1,,SWEEP,,,0.000,0.000,0.000,0.000,0.000,0.000
1778291588,38.68,30.36,49.30,40,1,,SWEEP,,,0.000,0.000,0.000,0.000,0.000,0.000
1778291593,38.68,30.35,49.30,40,1,,SWEEP,,,0.000,0.000,0.000,0.000,0.000,0.000
1778291598,38.74,30.36,49.30,40,1,,SWEEP,,,0.000,0.000,0.000,0.000,0.000,0.000
1778291603,38.74,30.36,49.20,40,1,,SWEEP,,,0.000,0.000,0.000,0.000,0.000,0.000
1778291608,38.79,30.37,49.20,40,1,,SWEEP,,,0.000,0.000,0.000,0.000,0.000,0.000
1778291613,38.76,30.39,49.10,40,1,,SWEEP,,,0.000,0.000,0.000,0.000,0.000,0.000
1778291618,38.85,30.41,49.10,40,1,,SWEEP,,,0.000,0.000,0.000,0.000,0.000,0.000
1778291623,38.85,30.41,49.10,40,1,,SWEEP,,,0.000,0.000,0.000,0.000,0.000,0.000
1778291628,38.86,30.41,49.00,40,1,,SWEEP,,,0.000,0.000,0.000,0.000,0.000,0.000
1778291633,38.88,30.41,49.00,40,1,,SWEEP,,,0.000,0.000,0.000,0.000,0.000,0.000
1778291638,38.94,30.44,49.00,40,1,,SWEEP,,,0.000,0.000,0.000,0.000,0.000,0.000
1778291643,38.98,30.44,48.90,40,1,,SWEEP,,,0.000,0.000,0.000,0.000,0.000,0.000
1778291648,38.98,30.50,48.80,40,1,,SWEEP,,,0.000,0.000,0.000,0.000,0.000,0.000
1778291653,39.01,30.50,48.80,40,1,,SWEEP,,,0.000,0.000,0.000,0.000,0.000,0.000
1778291658,39.03,30.52,48.90,40,1,,SWEEP,,,0.000,0.000,0.000,0.000,0.000,0.000
1778291663,39.06,30.53,48.80,40,1,,SWEEP,,,0.000,0.000,0.000,0.000,0.000,0.000
1778291668,39.09,30.52,48.70,40,1,,SWEEP,,,0.000,0.000,0.000,0.000,0.000,0.000
1778291673,39.09,30.52,48.70,40,1,,SWEEP,,,0.000,0.000,0.000,0.000,0.000,0.000
1778291678,39.12,30.50,48.70,40,1,,SWEEP,,,0.000,0.000,0.000,0.000,0.000,0.000
1778291683,39.15,30.52,48.70,40,1,,SWEEP,,,0.000,0.000,0.000,0.000,0.000,0.000
1778291688,39.15,30.49,48.60,40,1,,SWEEP,,,0.000,0.000,0.000,0.000,0.000,0.000
1778291693,39.16,30.47,48.60,40,1,,SWEEP,,,0.000,0.000,0.000,0.000,0.000,0.000
1778291698,39.19,30.50,48.50,40,1,,SWEEP,,,0.000,0.000,0.000,0.000,0.000,0.000
1778291703,39.20,30.52,48.50,40,1,,SWEEP,,,0.000,0.000,0.000,0.000,0.000,0.000
1778291708,39.22,30.57,48.50,40,1,,SWEEP,,,0.000,0.000,0.000,0.000,0.000,0.000
1778291713,39.25,30.59,48.40,40,1,,SWEEP,,,0.000,0.000,0.000,0.000,0.000,0.000
1778291718,39.27,30.60,48.50,40,1,,SWEEP,,,0.000,0.000,0.000,0.000,0.000,0.000
1778291723,39.31,30.63,48.40,40,1,,SWEEP,,,0.000,0.000,0.000,0.000,0.000,0.000
1778291728,39.30,30.63,48.40,40,1,,SWEEP,,,0.000,0.000,0.000,0.000,0.000,0.000
1778291733,39.33,30.67,48.40,40,1,,SWEEP,,,0.000,0.000,0.000,0.000,0.000,0.000
1778291738,39.36,30.70,48.40,40,1,,SWEEP,,,0.000,0.000,0.000,0.000,0.000,0.000
1778291743,39.36,30.68,48.30,40,1,,SWEEP,,,0.000,0.000,0.000,0.000,0.000,0.000
1778291748,39.40,30.70,48.30,40,1,,SWEEP,,,0.000,0.000,0.000,0.000,0.000,0.000
1778291753,39.45,30.68,48.20,40,1,,SWEEP,,,0.000,0.000,0.000,0.000,0.000,0.000
1778291758,39.42,30.66,48.20,40,1,,SWEEP,,,0.000,0.000,0.000,0.000,0.000,0.000
1778291763,39.45,30.64,48.10,40,1,,SWEEP,,,0.000,0.000,0.000,0.000,0.000,0.000
1778291768,39.45,30.60,48.10,40,1,,SWEEP,,,0.000,0.000,0.000,0.000,0.000,0.000
1778291773,39.47,30.59,48.20,40,1,,SWEEP,,,0.000,0.000,0.000,0.000,0.000,0.000
1778291778,39.49,30.57,48.10,40,1,,SWEEP,,,0.000,0.000,0.000,0.000,0.000,0.000
1778291783,39.49,30.56,48.10,40,1,,SWEEP,,,0.000,0.000,0.000,0.000,0.000,0.000
1778291788,39.51,30.56,48.10,40,1,,SWEEP,,,0.000,0.000,0.000,0.000,0.000,0.000
1778291793,39.53,30.57,48.00,40,1,,SWEEP,,,0.000,0.000,0.000,0.000,0.000,0.000
1778291798,39.56,30.60,48.00,40,1,,SWEEP,,,0.000,0.000,0.000,0.000,0.000,0.000
1778291803,39.56,30.59,48.00,40,1,,SWEEP,,,0.000,0.000,0.000,0.000,0.000,0.000
1778291808,39.57,30.61,47.90,40,1,,SWEEP,,,0.000,0.000,0.000,0.000,0.000,0.000
1778291813,39.56,30.61,47.90,40,1,,SWEEP,,,0.000,0.000,0.000,0.000,0.000,0.000
1778291818,39.56,30.60,47.90,40,1,,SWEEP,,,0.000,0.000,0.000,0.000,0.000,0.000
1778291823,39.63,30.63,47.80,40,1,,SWEEP,,,0.000,0.000,0.000,0.000,0.000,0.000
1778291828,39.63,30.63,47.80,40,1,,SWEEP,,,0.000,0.000,0.000,0.000,0.000,0.000
1778291833,39.66,30.64,47.80,40,1,,SWEEP,,,0.000,0.000,0.000,0.000,0.000,0.000
1778291838,39.66,30.63,47.70,40,1,,SWEEP,,,0.000,0.000,0.000,0.000,0.000,0.000
1778291843,39.71,30.64,47.70,40,1,,SWEEP,,,0.000,0.000,0.000,0.000,0.000,0.000
1778291848,39.70,30.64,47.60,40,1,,SWEEP,,,0.000,0.000,0.000,0.000,0.000,0.000
1778291853,39.74,30.64,47.60,40,1,,SWEEP,,,0.000,0.000,0.000,0.000,0.000,0.000
1778291858,39.71,30.67,47.50,40,1,,SWEEP,,,0.000,0.000,0.000,0.000,0.000,0.000
1778291863,39.74,30.67,47.50,40,1,,SWEEP,,,0.000,0.000,0.000,0.000,0.000,0.000
1778291868,39.80,30.66,47.50,40,1,,SWEEP,,,0.000,0.000,0.000,0.000,0.000,0.000
1778291873,39.80,30.67,47.50,40,1,,SWEEP,,,0.000,0.000,0.000,0.000,0.000,0.000
1778291878,39.83,30.70,47.40,40,1,,SWEEP,,,0.000,0.000,0.000,0.000,0.000,0.000
1778291883,39.84,30.73,47.40,40,1,,SWEEP,,,0.000,0.000,0.000,0.000,0.000,0.000
1778291888,39.84,30.73,47.40,40,1,,SWEEP,,,0.000,0.000,0.000,0.000,0.000,0.000
1778291893,39.85,30.70,47.30,40,1,,SWEEP,,,0.000,0.000,0.000,0.000,0.000,0.000
1778291898,39.90,30.71,47.20,40,1,,SWEEP,,,0.000,0.000,0.000,0.000,0.000,0.000
1778291903,39.95,30.71,47.30,40,1,,SWEEP,,,0.000,0.000,0.000,0.000,0.000,0.000
1778291908,39.95,30.73,47.20,40,1,,SWEEP,,,0.000,0.000,0.000,0.000,0.000,0.000
1778291913,39.94,30.71,47.10,40,1,,SWEEP,,,0.000,0.000,0.000,0.000,0.000,0.000
1778291918,40.00,30.73,47.20,40,1,,SWEEP,,,0.000,0.000,0.000,0.000,0.000,0.000
1778291923,39.98,30.70,47.10,40,1,,SWEEP,,,0.000,0.000,0.000,0.000,0.000,0.000
1778291928,40.01,30.71,47.00,40,1,,SWEEP,,,0.000,0.000,0.000,0.000,0.000,0.000
1778291933,40.02,30.71,47.00,40,1,,SWEEP,,,0.000,0.000,0.000,0.000,0.000,0.000
1778291938,40.07,30.70,47.00,40,1,,SWEEP,,,0.000,0.000,0.000,0.000,0.000,0.000
1778291943,40.08,30.68,46.90,40,1,,SWEEP,,,0.000,0.000,0.000,0.000,0.000,0.000
1778291948,40.08,30.68,47.00,40,1,,SWEEP,,,0.000,0.000,0.000,0.000,0.000,0.000
1778291953,40.09,30.71,46.90,40,1,,SWEEP,,,0.000,0.000,0.000,0.000,0.000,0.000
1778291958,40.11,30.70,46.90,40,1,,SWEEP,,,0.000,0.000,0.000,0.000,0.000,0.000
1778291963,40.15,30.73,46.90,40,1,,SWEEP,,,0.000,0.000,0.000,0.000,0.000,0.000
1778291968,40.16,30.73,46.80,40,1,,SWEEP,,,0.000,0.000,0.000,0.000,0.000,0.000
1778291973,40.16,30.74,46.80,40,1,,SWEEP,,,0.000,0.000,0.000,0.000,0.000,0.000
1778291978,40.18,30.76,46.80,40,1,,SWEEP,,,0.000,0.000,0.000,0.000,0.000,0.000
1778291983,40.16,30.76,46.80,40,1,,SWEEP,,,0.000,0.000,0.000,0.000,0.000,0.000
1778291988,40.19,30.76,46.80,40,1,,SWEEP,,,0.000,0.000,0.000,0.000,0.000,0.000
1778291993,40.21,30.78,46.80,40,1,,SWEEP,,,0.000,0.000,0.000,0.000,0.000,0.000
1778291998,40.21,30.78,46.70,40,1,,SWEEP,,,0.000,0.000,0.000,0.000,0.000,0.000
1778292003,40.21,30.83,46.80,40,1,,SWEEP,,,0.000,0.000,0.000,0.000,0.000,0.000
1778292008,40.19,30.81,46.80,60,1,,SWEEP,,,0.000,0.000,0.000,0.000,0.000,0.000
1778292013,40.21,30.81,46.80,60,1,,SWEEP,,,0.000,0.000,0.000,0.000,0.000,0.000
1778292018,40.23,30.83,46.80,60,1,,SWEEP,,,0.000,0.000,0.000,0.000,0.000,0.000
1778292023,40.27,30.85,46.70,60,1,,SWEEP,,,0.000,0.000,0.000,0.000,0.000,0.000
1778292028,40.28,30.87,46.70,60,1,,SWEEP,,,0.000,0.000,0.000,0.000,0.000,0.000
1778292033,40.32,30.88,46.70,60,1,,SWEEP,,,0.000,0.000,0.000,0.000,0.000,0.000
1778292038,40.36,30.87,46.70,60,1,,SWEEP,,,0.000,0.000,0.000,0.000,0.000,0.000
1778292043,40.42,30.85,46.60,60,1,,SWEEP,,,0.000,0.000,0.000,0.000,0.000,0.000
1778292048,40.50,30.87,46.50,60,1,,SWEEP,,,0.000,0.000,0.000,0.000,0.000,0.000
1778292053,40.62,30.90,46.30,60,1,,SWEEP,,,0.000,0.000,0.000,0.000,0.000,0.000
1778292058,40.70,30.90,46.20,60,1,,SWEEP,,,0.000,0.000,0.000,0.000,0.000,0.000
1778292063,40.79,30.91,46.00,60,1,,SWEEP,,,0.000,0.000,0.000,0.000,0.000,0.000
1778292068,40.91,30.92,45.90,60,1,,SWEEP,,,0.000,0.000,0.000,0.000,0.000,0.000
1778292073,40.98,30.90,45.70,60,1,,SWEEP,,,0.000,0.000,0.000,0.000,0.000,0.000
1778292078,41.08,30.92,45.60,60,1,,SWEEP,,,0.000,0.000,0.000,0.000,0.000,0.000
1778292083,41.27,30.94,45.40,60,1,,SWEEP,,,0.000,0.000,0.000,0.000,0.000,0.000
1778292088,41.41,30.95,45.20,60,1,,SWEEP,,,0.000,0.000,0.000,0.000,0.000,0.000
1778292093,41.46,30.95,45.10,60,1,,SWEEP,,,0.000,0.000,0.000,0.000,0.000,0.000
1778292098,41.60,30.98,44.90,60,1,,SWEEP,,,0.000,0.000,0.000,0.000,0.000,0.000
1778292103,41.66,30.97,44.80,60,1,,SWEEP,,,0.000,0.000,0.000,0.000,0.000,0.000
1778292108,41.79,30.98,44.70,60,1,,SWEEP,,,0.000,0.000,0.000,0.000,0.000,0.000
1778292113,41.87,30.99,44.60,60,1,,SWEEP,,,0.000,0.000,0.000,0.000,0.000,0.000
1778292118,41.97,31.01,44.40,60,1,,SWEEP,,,0.000,0.000,0.000,0.000,0.000,0.000
1778292123,42.05,31.01,44.20,60,1,,SWEEP,,,0.000,0.000,0.000,0.000,0.000,0.000
1778292128,42.13,31.04,44.10,60,1,,SWEEP,,,0.000,0.000,0.000,0.000,0.000,0.000
1778292133,42.23,31.02,44.00,60,1,,SWEEP,,,0.000,0.000,0.000,0.000,0.000,0.000
1778292138,42.28,31.01,43.90,60,1,,SWEEP,,,0.000,0.000,0.000,0.000,0.000,0.000
1778292143,42.39,31.01,43.80,60,1,,SWEEP,,,0.000,0.000,0.000,0.000,0.000,0.000
1778292148,42.50,31.04,43.60,60,1,,SWEEP,,,0.000,0.000,0.000,0.000,0.000,0.000
1778292153,42.55,31.02,43.60,60,1,,SWEEP,,,0.000,0.000,0.000,0.000,0.000,0.000
1778292158,42.65,31.05,43.50,60,1,,SWEEP,,,0.000,0.000,0.000,0.000,0.000,0.000
1778292163,42.76,31.04,43.30,60,1,,SWEEP,,,0.000,0.000,0.000,0.000,0.000,0.000
1778292168,42.86,31.02,43.20,60,1,,SWEEP,,,0.000,0.000,0.000,0.000,0.000,0.000
1778292173,42.99,31.04,43.00,60,1,,SWEEP,,,0.000,0.000,0.000,0.000,0.000,0.000
1778292178,43.03,31.05,42.80,60,1,,SWEEP,,,0.000,0.000,0.000,0.000,0.000,0.000
1778292183,43.14,31.01,42.70,60,1,,SWEEP,,,0.000,0.000,0.000,0.000,0.000,0.000
1778292188,43.20,31.01,42.70,60,1,,SWEEP,,,0.000,0.000,0.000,0.000,0.000,0.000
1778292193,43.30,30.99,42.50,60,1,,SWEEP,,,0.000,0.000,0.000,0.000,0.000,0.000
1778292198,43.40,30.98,42.50,60,1,,SWEEP,,,0.000,0.000,0.000,0.000,0.000,0.000
1778292203,43.51,30.98,42.30,60,1,,SWEEP,,,0.000,0.000,0.000,0.000,0.000,0.000
1778292208,43.59,30.99,42.20,60,1,,SWEEP,,,0.000,0.000,0.000,0.000,0.000,0.000
1778292213,43.72,30.99,42.10,60,1,,SWEEP,,,0.000,0.000,0.000,0.000,0.000,0.000
1778292218,43.79,30.98,42.00,60,1,,SWEEP,,,0.000,0.000,0.000,0.000,0.000,0.000
1778292223,43.86,30.97,41.80,60,1,,SWEEP,,,0.000,0.000,0.000,0.000,0.000,0.000
1778292228,43.90,30.97,41.80,60,1,,SWEEP,,,0.000,0.000,0.000,0.000,0.000,0.000
1778292233,43.97,30.92,41.70,60,1,,SWEEP,,,0.000,0.000,0.000,0.000,0.000,0.000
1778292238,44.07,30.88,41.70,60,1,,SWEEP,,,0.000,0.000,0.000,0.000,0.000,0.000
1778292243,44.09,30.87,41.70,60,1,,SWEEP,,,0.000,0.000,0.000,0.000,0.000,0.000
1778292248,44.17,30.85,41.60,60,1,,SWEEP,,,0.000,0.000,0.000,0.000,0.000,0.000
1778292253,44.29,30.84,41.50,60,1,,SWEEP,,,0.000,0.000,0.000,0.000,0.000,0.000
1778292258,44.34,30.85,41.40,60,1,,SWEEP,,,0.000,0.000,0.000,0.000,0.000,0.000
1778292263,44.39,30.87,41.40,60,1,,SWEEP,,,0.000,0.000,0.000,0.000,0.000,0.000
1778292268,44.41,30.84,41.30,60,1,,SWEEP,,,0.000,0.000,0.000,0.000,0.000,0.000
1778292273,44.53,30.85,41.20,60,1,,SWEEP,,,0.000,0.000,0.000,0.000,0.000,0.000
1778292278,44.57,30.85,41.20,60,1,,SWEEP,,,0.000,0.000,0.000,0.000,0.000,0.000
1778292283,44.63,30.87,41.10,60,1,,SWEEP,,,0.000,0.000,0.000,0.000,0.000,0.000
1778292288,44.72,30.88,41.00,60,1,,SWEEP,,,0.000,0.000,0.000,0.000,0.000,0.000
1778292293,44.77,30.87,41.00,60,1,,SWEEP,,,0.000,0.000,0.000,0.000,0.000,0.000
1778292298,44.82,30.85,40.90,60,1,,SWEEP,,,0.000,0.000,0.000,0.000,0.000,0.000
1778292303,44.90,30.81,40.80,60,1,,SWEEP,,,0.000,0.000,0.000,0.000,0.000,0.000
1778292308,44.91,30.83,40.70,60,1,,SWEEP,,,0.000,0.000,0.000,0.000,0.000,0.000
1778292313,44.99,30.84,40.70,60,1,,SWEEP,,,0.000,0.000,0.000,0.000,0.000,0.000
1778292318,45.05,30.81,40.60,60,1,,SWEEP,,,0.000,0.000,0.000,0.000,0.000,0.000
1778292323,45.09,30.81,40.60,60,1,,SWEEP,,,0.000,0.000,0.000,0.000,0.000,0.000
1778292328,45.19,30.80,40.60,60,1,,SWEEP,,,0.000,0.000,0.000,0.000,0.000,0.000
1778292333,45.25,30.78,40.50,60,1,,SWEEP,,,0.000,0.000,0.000,0.000,0.000,0.000
1778292338,45.29,30.81,40.40,60,1,,SWEEP,,,0.000,0.000,0.000,0.000,0.000,0.000
1778292343,45.33,30.80,40.40,60,1,,SWEEP,,,0.000,0.000,0.000,0.000,0.000,0.000
1778292348,45.39,30.85,40.30,60,1,,SWEEP,,,0.000,0.000,0.000,0.000,0.000,0.000
1778292353,45.46,30.85,40.20,60,1,,SWEEP,,,0.000,0.000,0.000,0.000,0.000,0.000
1778292358,45.50,30.90,40.30,60,1,,SWEEP,,,0.000,0.000,0.000,0.000,0.000,0.000
1778292363,45.57,30.90,40.20,60,1,,SWEEP,,,0.000,0.000,0.000,0.000,0.000,0.000
1778292368,45.57,30.91,40.10,60,1,,SWEEP,,,0.000,0.000,0.000,0.000,0.000,0.000
1778292373,45.61,30.91,40.10,60,1,,SWEEP,,,0.000,0.000,0.000,0.000,0.000,0.000
1778292378,45.69,30.94,40.00,60,1,,SWEEP,,,0.000,0.000,0.000,0.000,0.000,0.000
1778292383,45.72,30.94,40.00,60,1,,SWEEP,,,0.000,0.000,0.000,0.000,0.000,0.000
1778292388,45.77,30.92,39.90,60,1,,SWEEP,,,0.000,0.000,0.000,0.000,0.000,0.000
1778292393,45.81,30.95,39.90,60,1,,SWEEP,,,0.000,0.000,0.000,0.000,0.000,0.000
1778292398,45.90,30.94,39.80,60,1,,SWEEP,,,0.000,0.000,0.000,0.000,0.000,0.000
1778292403,45.94,30.97,39.70,60,1,,SWEEP,,,0.000,0.000,0.000,0.000,0.000,0.000
1778292408,45.95,30.97,39.70,60,1,,SWEEP,,,0.000,0.000,0.000,0.000,0.000,0.000
1778292413,45.98,30.97,39.70,60,1,,SWEEP,,,0.000,0.000,0.000,0.000,0.000,0.000
1778292418,46.05,30.92,39.60,60,1,,SWEEP,,,0.000,0.000,0.000,0.000,0.000,0.000
1778292423,46.07,30.91,39.60,60,1,,SWEEP,,,0.000,0.000,0.000,0.000,0.000,0.000
1778292428,46.12,30.92,39.50,60,1,,SWEEP,,,0.000,0.000,0.000,0.000,0.000,0.000
1778292433,46.17,30.90,39.60,60,1,,SWEEP,,,0.000,0.000,0.000,0.000,0.000,0.000
1778292438,46.22,30.90,39.40,60,1,,SWEEP,,,0.000,0.000,0.000,0.000,0.000,0.000
1778292443,46.22,30.91,39.50,60,1,,SWEEP,,,0.000,0.000,0.000,0.000,0.000,0.000
1778292448,46.31,30.90,39.40,60,1,,SWEEP,,,0.000,0.000,0.000,0.000,0.000,0.000
1778292453,46.35,30.88,39.40,60,1,,SWEEP,,,0.000,0.000,0.000,0.000,0.000,0.000
1778292458,46.40,30.88,39.30,60,1,,SWEEP,,,0.000,0.000,0.000,0.000,0.000,0.000
1778292463,46.45,30.92,39.20,60,1,,SWEEP,,,0.000,0.000,0.000,0.000,0.000,0.000
1778292468,46.46,30.95,39.00,60,1,,SWEEP,,,0.000,0.000,0.000,0.000,0.000,0.000
1778292473,46.54,30.95,39.00,60,1,,SWEEP,,,0.000,0.000,0.000,0.000,0.000,0.000
1778292478,46.56,30.94,38.90,60,1,,SWEEP,,,0.000,0.000,0.000,0.000,0.000,0.000
1778292483,46.60,30.94,38.90,60,1,,SWEEP,,,0.000,0.000,0.000,0.000,0.000,0.000
1778292488,46.66,30.94,38.80,60,1,,SWEEP,,,0.000,0.000,0.000,0.000,0.000,0.000
1778292493,46.70,30.94,38.80,60,1,,SWEEP,,,0.000,0.000,0.000,0.000,0.000,0.000
1778292498,46.75,30.90,38.70,60,1,,SWEEP,,,0.000,0.000,0.000,0.000,0.000,0.000
1778292503,46.76,30.94,38.70,60,1,,SWEEP,,,0.000,0.000,0.000,0.000,0.000,0.000
1778292508,46.83,30.92,38.60,60,1,,SWEEP,,,0.000,0.000,0.000,0.000,0.000,0.000
1778292513,46.89,30.97,38.50,60,1,,SWEEP,,,0.000,0.000,0.000,0.000,0.000,0.000
1778292518,46.93,30.98,38.50,60,1,,SWEEP,,,0.000,0.000,0.000,0.000,0.000,0.000
1778292523,46.93,30.94,38.40,60,1,,SWEEP,,,0.000,0.000,0.000,0.000,0.000,0.000
1778292528,46.94,30.91,38.40,60,1,,SWEEP,,,0.000,0.000,0.000,0.000,0.000,0.000
1778292533,46.99,30.88,38.50,60,1,,SWEEP,,,0.000,0.000,0.000,0.000,0.000,0.000
1778292538,47.01,30.90,38.50,60,1,,SWEEP,,,0.000,0.000,0.000,0.000,0.000,0.000
1778292543,47.06,30.90,38.40,60,1,,SWEEP,,,0.000,0.000,0.000,0.000,0.000,0.000
1778292548,47.13,30.85,38.30,60,1,,SWEEP,,,0.000,0.000,0.000,0.000,0.000,0.000
1778292553,47.13,30.85,38.20,60,1,,SWEEP,,,0.000,0.000,0.000,0.000,0.000,0.000
1778292558,47.14,30.84,38.20,60,1,,SWEEP,,,0.000,0.000,0.000,0.000,0.000,0.000
1778292563,47.21,30.85,38.20,60,1,,SWEEP,,,0.000,0.000,0.000,0.000,0.000,0.000
1778292568,47.26,30.84,38.20,60,1,,SWEEP,,,0.000,0.000,0.000,0.000,0.000,0.000
1778292573,47.31,30.84,38.10,60,1,,SWEEP,,,0.000,0.000,0.000,0.000,0.000,0.000
1778292578,47.35,30.81,38.10,60,1,,SWEEP,,,0.000,0.000,0.000,0.000,0.000,0.000
1778292583,47.37,30.78,38.00,60,1,,SWEEP,,,0.000,0.000,0.000,0.000,0.000,0.000
1778292588,47.41,30.78,38.00,60,1,,SWEEP,,,0.000,0.000,0.000,0.000,0.000,0.000
1778292593,47.42,30.81,37.90,60,1,,SWEEP,,,0.000,0.000,0.000,0.000,0.000,0.000
1778292598,47.51,30.83,37.90,60,1,,SWEEP,,,0.000,0.000,0.000,0.000,0.000,0.000
1778292603,47.54,30.81,37.80,60,1,,SWEEP,,,0.000,0.000,0.000,0.000,0.000,0.000
1778292608,47.56,30.78,37.80,60,1,,SWEEP,,,0.000,0.000,0.000,0.000,0.000,0.000
1778292613,47.61,30.78,37.70,60,1,,SWEEP,,,0.000,0.000,0.000,0.000,0.000,0.000
1778292618,47.68,30.78,37.60,60,1,,SWEEP,,,0.000,0.000,0.000,0.000,0.000,0.000
1778292623,47.72,30.76,37.60,60,1,,SWEEP,,,0.000,0.000,0.000,0.000,0.000,0.000
1778292628,47.75,30.73,37.50,60,1,,SWEEP,,,0.000,0.000,0.000,0.000,0.000,0.000
1778292633,47.79,30.71,37.50,60,1,,SWEEP,,,0.000,0.000,0.000,0.000,0.000,0.000
1778292638,47.81,30.77,37.40,60,1,,SWEEP,,,0.000,0.000,0.000,0.000,0.000,0.000
1778292643,47.83,30.77,37.40,60,1,,SWEEP,,,0.000,0.000,0.000,0.000,0.000,0.000
1778292648,47.86,30.77,37.30,60,1,,SWEEP,,,0.000,0.000,0.000,0.000,0.000,0.000
1778292653,47.88,30.80,37.30,60,1,,SWEEP,,,0.000,0.000,0.000,0.000,0.000,0.000
1778292658,47.88,30.84,37.30,60,1,,SWEEP,,,0.000,0.000,0.000,0.000,0.000,0.000
1778292663,47.92,30.84,37.30,60,1,,SWEEP,,,0.000,0.000,0.000,0.000,0.000,0.000
1778292668,47.95,30.85,37.30,60,1,,SWEEP,,,0.000,0.000,0.000,0.000,0.000,0.000
1778292673,47.97,30.85,37.30,60,1,,SWEEP,,,0.000,0.000,0.000,0.000,0.000,0.000
1778292678,47.99,30.87,37.30,60,1,,SWEEP,,,0.000,0.000,0.000,0.000,0.000,0.000
1778292683,48.02,30.88,37.30,60,1,,SWEEP,,,0.000,0.000,0.000,0.000,0.000,0.000
1778292688,48.06,30.90,37.30,60,1,,SWEEP,,,0.000,0.000,0.000,0.000,0.000,0.000
1778292693,48.10,30.88,37.30,60,1,,SWEEP,,,0.000,0.000,0.000,0.000,0.000,0.000
1778292698,48.13,30.91,37.20,60,1,,SWEEP,,,0.000,0.000,0.000,0.000,0.000,0.000
1778292703,48.15,30.94,37.20,60,1,,SWEEP,,,0.000,0.000,0.000,0.000,0.000,0.000
1778292708,48.19,30.97,37.20,60,1,,SWEEP,,,0.000,0.000,0.000,0.000,0.000,0.000
1778292713,48.21,30.97,37.20,60,1,,SWEEP,,,0.000,0.000,0.000,0.000,0.000,0.000
1778292718,48.23,30.95,37.20,60,1,,SWEEP,,,0.000,0.000,0.000,0.000,0.000,0.000
1778292723,48.26,31.01,37.20,60,1,,SWEEP,,,0.000,0.000,0.000,0.000,0.000,0.000
1778292728,48.31,30.99,37.20,60,1,,SWEEP,,,0.000,0.000,0.000,0.000,0.000,0.000
1778292733,48.36,31.02,37.10,60,1,,SWEEP,,,0.000,0.000,0.000,0.000,0.000,0.000
1778292738,48.40,31.02,37.10,60,1,,SWEEP,,,0.000,0.000,0.000,0.000,0.000,0.000
1778292743,48.42,31.04,37.10,60,1,,SWEEP,,,0.000,0.000,0.000,0.000,0.000,0.000
1778292748,48.46,31.04,37.00,60,1,,SWEEP,,,0.000,0.000,0.000,0.000,0.000,0.000
1778292753,48.50,31.02,37.00,60,1,,SWEEP,,,0.000,0.000,0.000,0.000,0.000,0.000
1778292758,48.55,31.05,36.90,60,1,,SWEEP,,,0.000,0.000,0.000,0.000,0.000,0.000
1778292763,48.61,31.07,36.90,60,1,,SWEEP,,,0.000,0.000,0.000,0.000,0.000,0.000
1778292768,48.64,31.07,36.90,60,1,,SWEEP,,,0.000,0.000,0.000,0.000,0.000,0.000
1778292773,48.64,31.05,36.90,60,1,,SWEEP,,,0.000,0.000,0.000,0.000,0.000,0.000
1778292778,48.68,31.08,36.90,60,1,,SWEEP,,,0.000,0.000,0.000,0.000,0.000,0.000
1778292783,48.71,31.11,36.80,60,1,,SWEEP,,,0.000,0.000,0.000,0.000,0.000,0.000
1778292788,48.75,31.10,36.80,60,1,,SWEEP,,,0.000,0.000,0.000,0.000,0.000,0.000
1778292793,48.74,31.12,36.80,60,1,,SWEEP,,,0.000,0.000,0.000,0.000,0.000,0.000
1778292798,48.81,31.12,36.70,60,1,,SWEEP,,,0.000,0.000,0.000,0.000,0.000,0.000
1778292803,48.85,31.12,36.70,60,1,,SWEEP,,,0.000,0.000,0.000,0.000,0.000,0.000
1778292808,48.90,31.14,36.60,60,1,,SWEEP,,,0.000,0.000,0.000,0.000,0.000,0.000
1778292813,48.95,31.14,36.60,60,1,,SWEEP,,,0.000,0.000,0.000,0.000,0.000,0.000
1778292818,48.94,31.15,36.60,60,1,,SWEEP,,,0.000,0.000,0.000,0.000,0.000,0.000
1778292823,48.98,31.16,36.50,60,1,,SWEEP,,,0.000,0.000,0.000,0.000,0.000,0.000
1778292828,48.98,31.15,36.60,60,1,,SWEEP,,,0.000,0.000,0.000,0.000,0.000,0.000
1778292833,49.01,31.19,36.60,60,1,,SWEEP,,,0.000,0.000,0.000,0.000,0.000,0.000
1778292838,49.02,31.16,36.50,60,1,,SWEEP,,,0.000,0.000,0.000,0.000,0.000,0.000
1778292843,49.03,31.18,36.50,60,1,,SWEEP,,,0.000,0.000,0.000,0.000,0.000,0.000
1778292848,49.09,31.19,36.50,60,1,,SWEEP,,,0.000,0.000,0.000,0.000,0.000,0.000
1778292853,49.13,31.18,36.40,60,1,,SWEEP,,,0.000,0.000,0.000,0.000,0.000,0.000
1778292858,49.18,31.22,36.30,60,1,,SWEEP,,,0.000,0.000,0.000,0.000,0.000,0.000
1778292863,49.25,31.18,36.30,60,1,,SWEEP,,,0.000,0.000,0.000,0.000,0.000,0.000
1778292868,49.26,31.22,36.30,60,1,,SWEEP,,,0.000,0.000,0.000,0.000,0.000,0.000
1778292873,49.29,31.22,36.20,60,1,,SWEEP,,,0.000,0.000,0.000,0.000,0.000,0.000
1778292878,49.35,31.21,36.20,60,1,,SWEEP,,,0.000,0.000,0.000,0.000,0.000,0.000
1778292883,49.40,31.22,36.10,60,1,,SWEEP,,,0.000,0.000,0.000,0.000,0.000,0.000
1778292888,49.43,31.21,36.20,60,1,,SWEEP,,,0.000,0.000,0.000,0.000,0.000,0.000
1778292893,49.46,31.21,36.10,60,1,,SWEEP,,,0.000,0.000,0.000,0.000,0.000,0.000
1778292898,49.47,31.22,36.10,60,1,,SWEEP,,,0.000,0.000,0.000,0.000,0.000,0.000
1778292903,49.52,31.21,36.00,60,1,,SWEEP,,,0.000,0.000,0.000,0.000,0.000,0.000
1778292908,49.53,31.22,36.10,60,1,,SWEEP,,,0.000,0.000,0.000,0.000,0.000,0.000
1778292913,49.54,31.24,36.10,60,1,,SWEEP,,,0.000,0.000,0.000,0.000,0.000,0.000
1778292918,49.57,31.24,36.00,60,1,,SWEEP,,,0.000,0.000,0.000,0.000,0.000,0.000
1778292923,49.62,31.22,36.00,60,1,,SWEEP,,,0.000,0.000,0.000,0.000,0.000,0.000
1778292928,49.64,31.22,35.90,60,1,,SWEEP,,,0.000,0.000,0.000,0.000,0.000,0.000
1778292933,49.67,31.22,35.90,60,1,,SWEEP,,,0.000,0.000,0.000,0.000,0.000,0.000
1778292938,49.74,31.24,35.80,60,1,,SWEEP,,,0.000,0.000,0.000,0.000,0.000,0.000
1778292943,49.74,31.21,35.80,60,1,,SWEEP,,,0.000,0.000,0.000,0.000,0.000,0.000
1778292948,49.78,31.24,35.80,60,1,,SWEEP,,,0.000,0.000,0.000,0.000,0.000,0.000
1778292953,49.81,31.24,35.80,60,1,,SWEEP,,,0.000,0.000,0.000,0.000,0.000,0.000
1778292958,49.84,31.25,35.70,60,1,,SWEEP,,,0.000,0.000,0.000,0.000,0.000,0.000
1778292963,49.85,31.24,35.70,60,1,,SWEEP,,,0.000,0.000,0.000,0.000,0.000,0.000
1778292968,49.88,31.25,35.70,60,1,,SWEEP,,,0.000,0.000,0.000,0.000,0.000,0.000
1778292973,49.91,31.25,35.70,60,1,,SWEEP,,,0.000,0.000,0.000,0.000,0.000,0.000
1778292978,49.97,31.25,35.60,60,1,,SWEEP,,,0.000,0.000,0.000,0.000,0.000,0.000
1778292983,50.01,31.24,35.60,60,1,,SWEEP,,,0.000,0.000,0.000,0.000,0.000,0.000
1778292988,50.03,31.22,35.60,60,1,,SWEEP,,,0.000,0.000,0.000,0.000,0.000,0.000
1778292993,50.03,31.24,35.60,60,1,,SWEEP,,,0.000,0.000,0.000,0.000,0.000,0.000
1778292998,50.05,31.22,35.60,60,1,,SWEEP,,,0.000,0.000,0.000,0.000,0.000,0.000
1778293003,50.09,31.24,35.60,60,1,,SWEEP,,,0.000,0.000,0.000,0.000,0.000,0.000
1778293008,50.12,31.22,35.50,60,1,,SWEEP,,,0.000,0.000,0.000,0.000,0.000,0.000
1778293013,50.14,31.21,35.50,60,1,,SWEEP,,,0.000,0.000,0.000,0.000,0.000,0.000
1778293018,50.17,31.22,35.50,60,1,,SWEEP,,,0.000,0.000,0.000,0.000,0.000,0.000
1778293023,50.22,31.22,35.50,60,1,,SWEEP,,,0.000,0.000,0.000,0.000,0.000,0.000
1778293028,50.27,31.21,35.40,60,1,,SWEEP,,,0.000,0.000,0.000,0.000,0.000,0.000
1778293033,50.32,31.21,35.40,60,1,,SWEEP,,,0.000,0.000,0.000,0.000,0.000,0.000
1778293038,50.33,31.22,35.40,60,1,,SWEEP,,,0.000,0.000,0.000,0.000,0.000,0.000
1778293043,50.35,31.21,35.30,60,1,,SWEEP,,,0.000,0.000,0.000,0.000,0.000,0.000
1778293048,50.36,31.24,35.30,60,1,,SWEEP,,,0.000,0.000,0.000,0.000,0.000,0.000
1778293053,50.41,31.22,35.30,60,1,,SWEEP,,,0.000,0.000,0.000,0.000,0.000,0.000
1778293058,50.44,31.24,35.30,60,1,,SWEEP,,,0.000,0.000,0.000,0.000,0.000,0.000
1778293063,50.45,31.21,35.30,60,1,,SWEEP,,,0.000,0.000,0.000,0.000,0.000,0.000
1778293068,50.51,31.18,35.20,60,1,,SWEEP,,,0.000,0.000,0.000,0.000,0.000,0.000
1778293073,50.55,31.15,35.30,60,1,,SWEEP,,,0.000,0.000,0.000,0.000,0.000,0.000
1778293078,50.58,31.16,35.20,60,1,,SWEEP,,,0.000,0.000,0.000,0.000,0.000,0.000
1778293083,50.63,31.16,35.20,60,1,,SWEEP,,,0.000,0.000,0.000,0.000,0.000,0.000
1778293088,50.64,31.18,35.10,60,1,,SWEEP,,,0.000,0.000,0.000,0.000,0.000,0.000
1778293093,50.67,31.16,35.20,60,1,,SWEEP,,,0.000,0.000,0.000,0.000,0.000,0.000
1778293098,50.70,31.18,35.10,60,1,,SWEEP,,,0.000,0.000,0.000,0.000,0.000,0.000
1778293103,50.74,31.18,35.10,60,1,,SWEEP,,,0.000,0.000,0.000,0.000,0.000,0.000
1778293108,50.77,31.18,35.00,60,1,,SWEEP,,,0.000,0.000,0.000,0.000,0.000,0.000
1778293113,50.79,31.21,35.00,60,1,,SWEEP,,,0.000,0.000,0.000,0.000,0.000,0.000
1778293118,50.80,31.19,35.00,60,1,,SWEEP,,,0.000,0.000,0.000,0.000,0.000,0.000
1778293123,50.80,31.21,35.00,60,1,,SWEEP,,,0.000,0.000,0.000,0.000,0.000,0.000
1778293128,50.84,31.21,35.00,60,1,,SWEEP,,,0.000,0.000,0.000,0.000,0.000,0.000
1778293133,50.83,31.21,34.90,60,1,,SWEEP,,,0.000,0.000,0.000,0.000,0.000,0.000
1778293138,50.86,31.22,34.90,60,1,,SWEEP,,,0.000,0.000,0.000,0.000,0.000,0.000
1778293143,50.86,31.21,34.90,60,1,,SWEEP,,,0.000,0.000,0.000,0.000,0.000,0.000
1778293148,50.90,31.21,34.80,60,1,,SWEEP,,,0.000,0.000,0.000,0.000,0.000,0.000
1778293153,50.91,31.26,34.80,60,1,,SWEEP,,,0.000,0.000,0.000,0.000,0.000,0.000
1778293158,50.94,31.25,34.80,60,1,,SWEEP,,,0.000,0.000,0.000,0.000,0.000,0.000
1778293163,50.96,31.26,34.80,60,1,,SWEEP,,,0.000,0.000,0.000,0.000,0.000,0.000
1778293168,50.96,31.26,34.80,60,1,,SWEEP,,,0.000,0.000,0.000,0.000,0.000,0.000
1778293173,50.99,31.26,34.80,60,1,,SWEEP,,,0.000,0.000,0.000,0.000,0.000,0.000
1778293178,51.06,31.28,34.80,60,1,,SWEEP,,,0.000,0.000,0.000,0.000,0.000,0.000
1778293183,51.10,31.28,34.70,60,1,,SWEEP,,,0.000,0.000,0.000,0.000,0.000,0.000
1778293188,51.13,31.28,34.70,60,1,,SWEEP,,,0.000,0.000,0.000,0.000,0.000,0.000
1778293193,51.13,31.29,34.70,60,1,,SWEEP,,,0.000,0.000,0.000,0.000,0.000,0.000
1778293197,51.14,31.29,34.60,60,1,,SWEEP,,,0.000,0.000,0.000,0.000,0.000,0.000
1778293203,51.20,31.28,34.60,60,1,,SWEEP,,,0.000,0.000,0.000,0.000,0.000,0.000
1778293207,51.23,31.29,34.60,80,1,,SWEEP,,,0.000,0.000,0.000,0.000,0.000,0.000
1778293212,51.20,31.31,34.50,80,1,,SWEEP,,,0.000,0.000,0.000,0.000,0.000,0.000
1778293218,51.24,31.32,34.50,80,1,,SWEEP,,,0.000,0.000,0.000,0.000,0.000,0.000
1778293222,51.27,31.31,34.50,80,1,,SWEEP,,,0.000,0.000,0.000,0.000,0.000,0.000
1778293227,51.33,31.31,34.40,80,1,,SWEEP,,,0.000,0.000,0.000,0.000,0.000,0.000
1778293233,51.40,31.32,34.40,80,1,,SWEEP,,,0.000,0.000,0.000,0.000,0.000,0.000
1778293238,51.44,31.32,34.30,80,1,,SWEEP,,,0.000,0.000,0.000,0.000,0.000,0.000
1778293242,51.48,31.32,34.30,80,1,,SWEEP,,,0.000,0.000,0.000,0.000,0.000,0.000
1778293248,51.55,31.32,34.20,80,1,,SWEEP,,,0.000,0.000,0.000,0.000,0.000,0.000
1778293253,51.61,31.32,34.20,80,1,,SWEEP,,,0.000,0.000,0.000,0.000,0.000,0.000
1778293257,51.69,31.34,34.10,80,1,,SWEEP,,,0.000,0.000,0.000,0.000,0.000,0.000
1778293262,51.78,31.32,34.10,80,1,,SWEEP,,,0.000,0.000,0.000,0.000,0.000,0.000
1778293267,51.85,31.32,34.00,80,1,,SWEEP,,,0.000,0.000,0.000,0.000,0.000,0.000
1778293272,51.93,31.29,33.90,80,1,,SWEEP,,,0.000,0.000,0.000,0.000,0.000,0.000
1778293278,52.02,31.31,33.70,80,1,,SWEEP,,,0.000,0.000,0.000,0.000,0.000,0.000
1778293282,52.13,31.34,33.70,80,1,,SWEEP,,,0.000,0.000,0.000,0.000,0.000,0.000
1778293287,52.19,31.32,33.50,80,1,,SWEEP,,,0.000,0.000,0.000,0.000,0.000,0.000
1778293292,52.30,31.32,33.50,80,1,,SWEEP,,,0.000,0.000,0.000,0.000,0.000,0.000
1778293297,52.42,31.31,33.40,80,1,,SWEEP,,,0.000,0.000,0.000,0.000,0.000,0.000
1778293302,52.47,31.29,33.30,80,1,,SWEEP,,,0.000,0.000,0.000,0.000,0.000,0.000
1778293307,52.55,31.31,33.20,80,1,,SWEEP,,,0.000,0.000,0.000,0.000,0.000,0.000
1778293313,52.62,31.29,33.20,80,1,,SWEEP,,,0.000,0.000,0.000,0.000,0.000,0.000
1778293317,52.70,31.31,33.20,80,1,,SWEEP,,,0.000,0.000,0.000,0.000,0.000,0.000
1778293322,52.78,31.31,33.10,80,1,,SWEEP,,,0.000,0.000,0.000,0.000,0.000,0.000
1778293327,52.85,31.32,33.00,80,1,,SWEEP,,,0.000,0.000,0.000,0.000,0.000,0.000
1778293332,52.88,31.29,33.00,80,1,,SWEEP,,,0.000,0.000,0.000,0.000,0.000,0.000
1778293337,52.97,31.29,32.90,80,1,,SWEEP,,,0.000,0.000,0.000,0.000,0.000,0.000
1778293342,53.05,31.31,32.80,80,1,,SWEEP,,,0.000,0.000,0.000,0.000,0.000,0.000
1778293347,53.12,31.31,32.80,80,1,,SWEEP,,,0.000,0.000,0.000,0.000,0.000,0.000
1778293352,53.22,31.34,32.70,80,1,,SWEEP,,,0.000,0.000,0.000,0.000,0.000,0.000
1778293357,53.27,31.34,32.70,80,1,,SWEEP,,,0.000,0.000,0.000,0.000,0.000,0.000
1778293362,53.40,31.32,32.50,80,1,,SWEEP,,,0.000,0.000,0.000,0.000,0.000,0.000
1778293367,53.44,31.32,32.50,80,1,,SWEEP,,,0.000,0.000,0.000,0.000,0.000,0.000
1778293372,53.52,31.34,32.40,80,1,,SWEEP,,,0.000,0.000,0.000,0.000,0.000,0.000
1778293377,53.61,31.34,32.30,80,1,,SWEEP,,,0.000,0.000,0.000,0.000,0.000,0.000
1778293382,53.67,31.35,32.30,80,1,,SWEEP,,,0.000,0.000,0.000,0.000,0.000,0.000
1778293387,53.73,31.36,32.20,80,1,,SWEEP,,,0.000,0.000,0.000,0.000,0.000,0.000
1778293392,53.80,31.36,32.10,80,1,,SWEEP,,,0.000,0.000,0.000,0.000,0.000,0.000
1778293397,53.90,31.35,32.10,80,1,,SWEEP,,,0.000,0.000,0.000,0.000,0.000,0.000
1778293402,53.94,31.35,32.00,80,1,,SWEEP,,,0.000,0.000,0.000,0.000,0.000,0.000
1778293407,54.00,31.36,32.00,80,1,,SWEEP,,,0.000,0.000,0.000,0.000,0.000,0.000
1778293412,54.05,31.38,32.00,80,1,,SWEEP,,,0.000,0.000,0.000,0.000,0.000,0.000
1778293417,54.11,31.38,32.00,80,1,,SWEEP,,,0.000,0.000,0.000,0.000,0.000,0.000
1778293422,54.19,31.35,31.90,80,1,,SWEEP,,,0.000,0.000,0.000,0.000,0.000,0.000
1778293427,54.31,31.36,31.90,80,1,,SWEEP,,,0.000,0.000,0.000,0.000,0.000,0.000
1778293432,54.34,31.38,31.80,80,1,,SWEEP,,,0.000,0.000,0.000,0.000,0.000,0.000
1778293437,54.43,31.35,31.80,80,1,,SWEEP,,,0.000,0.000,0.000,0.000,0.000,0.000
1778293442,54.52,31.36,31.70,80,1,,SWEEP,,,0.000,0.000,0.000,0.000,0.000,0.000
1778293447,54.59,31.39,31.60,80,1,,SWEEP,,,0.000,0.000,0.000,0.000,0.000,0.000
1778293452,54.62,31.38,31.60,80,1,,SWEEP,,,0.000,0.000,0.000,0.000,0.000,0.000
1778293458,54.71,31.39,31.60,80,1,,SWEEP,,,0.000,0.000,0.000,0.000,0.000,0.000
1778293462,54.79,31.38,31.50,80,1,,SWEEP,,,0.000,0.000,0.000,0.000,0.000,0.000
1778293467,54.80,31.36,31.50,80,1,,SWEEP,,,0.000,0.000,0.000,0.000,0.000,0.000
1778293472,54.93,31.39,31.40,80,1,,SWEEP,,,0.000,0.000,0.000,0.000,0.000,0.000
1778293477,54.91,31.38,31.40,80,1,,SWEEP,,,0.000,0.000,0.000,0.000,0.000,0.000
1778293482,54.96,31.38,31.40,80,1,,SWEEP,,,0.000,0.000,0.000,0.000,0.000,0.000
1778293487,55.01,31.38,31.30,80,1,,SWEEP,,,0.000,0.000,0.000,0.000,0.000,0.000
1778293492,55.11,31.39,31.30,80,1,,SWEEP,,,0.000,0.000,0.000,0.000,0.000,0.000
1778293497,55.14,31.39,31.20,80,1,,SWEEP,,,0.000,0.000,0.000,0.000,0.000,0.000
1778293502,55.21,31.42,31.20,80,1,,SWEEP,,,0.000,0.000,0.000,0.000,0.000,0.000
1778293507,55.28,31.43,31.10,80,1,,SWEEP,,,0.000,0.000,0.000,0.000,0.000,0.000
1778293512,55.31,31.42,31.10,80,1,,SWEEP,,,0.000,0.000,0.000,0.000,0.000,0.000
1778293518,55.37,31.42,31.10,80,1,,SWEEP,,,0.000,0.000,0.000,0.000,0.000,0.000
1778293522,55.38,31.45,31.00,80,1,,SWEEP,,,0.000,0.000,0.000,0.000,0.000,0.000
1778293527,55.49,31.43,31.00,80,1,,SWEEP,,,0.000,0.000,0.000,0.000,0.000,0.000
1778293532,55.53,31.45,30.90,80,1,,SWEEP,,,0.000,0.000,0.000,0.000,0.000,0.000
1778293538,55.61,31.45,30.90,80,1,,SWEEP,,,0.000,0.000,0.000,0.000,0.000,0.000
1778293542,55.62,31.45,30.80,80,1,,SWEEP,,,0.000,0.000,0.000,0.000,0.000,0.000
1778293547,55.69,31.43,30.80,80,1,,SWEEP,,,0.000,0.000,0.000,0.000,0.000,0.000
1778293552,55.72,31.42,30.90,80,1,,SWEEP,,,0.000,0.000,0.000,0.000,0.000,0.000
1778293557,55.76,31.41,30.80,80,1,,SWEEP,,,0.000,0.000,0.000,0.000,0.000,0.000
1778293562,55.80,31.43,30.80,80,1,,SWEEP,,,0.000,0.000,0.000,0.000,0.000,0.000
1778293567,55.89,31.43,30.80,80,1,,SWEEP,,,0.000,0.000,0.000,0.000,0.000,0.000
1778293572,55.89,31.43,30.80,80,1,,SWEEP,,,0.000,0.000,0.000,0.000,0.000,0.000
1778293577,55.95,31.43,30.70,80,1,,SWEEP,,,0.000,0.000,0.000,0.000,0.000,0.000
1778293582,55.99,31.46,30.70,80,1,,SWEEP,,,0.000,0.000,0.000,0.000,0.000,0.000
1778293587,56.04,31.43,30.60,80,1,,SWEEP,,,0.000,0.000,0.000,0.000,0.000,0.000
1778293592,56.04,31.46,30.60,80,1,,SWEEP,,,0.000,0.000,0.000,0.000,0.000,0.000
1778293597,56.12,31.43,30.60,80,1,,SWEEP,,,0.000,0.000,0.000,0.000,0.000,0.000
1778293602,56.19,31.45,30.60,80,1,,SWEEP,,,0.000,0.000,0.000,0.000,0.000,0.000
1778293607,56.23,31.43,30.50,80,1,,SWEEP,,,0.000,0.000,0.000,0.000,0.000,0.000
1778293612,56.27,31.45,30.50,80,1,,SWEEP,,,0.000,0.000,0.000,0.000,0.000,0.000
1778293617,56.26,31.42,30.40,80,1,,SWEEP,,,0.000,0.000,0.000,0.000,0.000,0.000
1778293622,56.35,31.46,30.50,80,1,,SWEEP,,,0.000,0.000,0.000,0.000,0.000,0.000
1778293627,56.41,31.41,30.40,80,1,,SWEEP,,,0.000,0.000,0.000,0.000,0.000,0.000
1778293632,56.43,31.45,30.40,80,1,,SWEEP,,,0.000,0.000,0.000,0.000,0.000,0.000
1778293637,56.50,31.43,30.30,80,1,,SWEEP,,,0.000,0.000,0.000,0.000,0.000,0.000
1778293642,56.57,31.46,30.30,80,1,,SWEEP,,,0.000,0.000,0.000,0.000,0.000,0.000
1778293647,56.61,31.49,30.10,80,1,,SWEEP,,,0.000,0.000,0.000,0.000,0.000,0.000
1778293652,56.67,31.49,30.20,80,1,,SWEEP,,,0.000,0.000,0.000,0.000,0.000,0.000
1778293657,56.68,31.49,30.20,80,1,,SWEEP,,,0.000,0.000,0.000,0.000,0.000,0.000
1778293662,56.69,31.47,30.20,80,1,,SWEEP,,,0.000,0.000,0.000,0.000,0.000,0.000
1778293667,56.75,31.47,30.10,80,1,,SWEEP,,,0.000,0.000,0.000,0.000,0.000,0.000
1778293672,56.81,31.47,30.10,80,1,,SWEEP,,,0.000,0.000,0.000,0.000,0.000,0.000
1778293677,56.81,31.49,30.10,80,1,,SWEEP,,,0.000,0.000,0.000,0.000,0.000,0.000
1778293682,56.82,31.50,30.00,80,1,,SWEEP,,,0.000,0.000,0.000,0.000,0.000,0.000
1778293687,56.89,31.49,30.00,80,1,,SWEEP,,,0.000,0.000,0.000,0.000,0.000,0.000
1778293692,56.94,31.50,30.00,80,1,,SWEEP,,,0.000,0.000,0.000,0.000,0.000,0.000
1778293697,56.99,31.50,29.90,80,1,,SWEEP,,,0.000,0.000,0.000,0.000,0.000,0.000
1778293702,56.96,31.52,29.90,80,1,,SWEEP,,,0.000,0.000,0.000,0.000,0.000,0.000
1778293707,57.03,31.49,29.90,80,1,,SWEEP,,,0.000,0.000,0.000,0.000,0.000,0.000
1778293712,57.10,31.47,29.90,80,1,,SWEEP,,,0.000,0.000,0.000,0.000,0.000,0.000
1778293717,57.15,31.47,29.90,80,1,,SWEEP,,,0.000,0.000,0.000,0.000,0.000,0.000
1778293722,57.15,31.49,29.80,80,1,,SWEEP,,,0.000,0.000,0.000,0.000,0.000,0.000
1778293727,57.25,31.47,29.70,80,1,,SWEEP,,,0.000,0.000,0.000,0.000,0.000,0.000
1778293732,57.27,31.47,29.70,80,1,,SWEEP,,,0.000,0.000,0.000,0.000,0.000,0.000
1778293737,57.32,31.49,29.70,80,1,,SWEEP,,,0.000,0.000,0.000,0.000,0.000,0.000
1778293742,57.32,31.49,29.70,80,1,,SWEEP,,,0.000,0.000,0.000,0.000,0.000,0.000
1778293747,57.40,31.47,29.60,80,1,,SWEEP,,,0.000,0.000,0.000,0.000,0.000,0.000
1778293752,57.39,31.49,29.60,80,1,,SWEEP,,,0.000,0.000,0.000,0.000,0.000,0.000
1778293757,57.46,31.47,29.50,80,1,,SWEEP,,,0.000,0.000,0.000,0.000,0.000,0.000
1778293762,57.51,31.47,29.50,80,1,,SWEEP,,,0.000,0.000,0.000,0.000,0.000,0.000
1778293767,57.56,31.46,29.50,80,1,,SWEEP,,,0.000,0.000,0.000,0.000,0.000,0.000
1778293772,57.56,31.49,29.50,80,1,,SWEEP,,,0.000,0.000,0.000,0.000,0.000,0.000
1778293777,57.60,31.47,29.50,80,1,,SWEEP,,,0.000,0.000,0.000,0.000,0.000,0.000
1778293782,57.67,31.49,29.40,80,1,,SWEEP,,,0.000,0.000,0.000,0.000,0.000,0.000
1778293787,57.70,31.49,29.40,80,1,,SWEEP,,,0.000,0.000,0.000,0.000,0.000,0.000
1778293792,57.72,31.52,29.40,80,1,,SWEEP,,,0.000,0.000,0.000,0.000,0.000,0.000
1778293797,57.74,31.53,29.30,80,1,,SWEEP,,,0.000,0.000,0.000,0.000,0.000,0.000
1778293802,57.75,31.56,29.30,80,1,,SWEEP,,,0.000,0.000,0.000,0.000,0.000,0.000
1778293807,57.80,31.54,29.40,80,1,,SWEEP,,,0.000,0.000,0.000,0.000,0.000,0.000
1778293812,57.83,31.54,29.30,80,1,,SWEEP,,,0.000,0.000,0.000,0.000,0.000,0.000
1778293817,57.88,31.56,29.30,80,1,,SWEEP,,,0.000,0.000,0.000,0.000,0.000,0.000
1778293822,57.88,31.56,29.20,80,1,,SWEEP,,,0.000,0.000,0.000,0.000,0.000,0.000
1778293827,57.89,31.56,29.30,80,1,,SWEEP,,,0.000,0.000,0.000,0.000,0.000,0.000
1778293832,57.91,31.58,29.20,80,1,,SWEEP,,,0.000,0.000,0.000,0.000,0.000,0.000
1778293837,57.92,31.58,29.20,80,1,,SWEEP,,,0.000,0.000,0.000,0.000,0.000,0.000
1778293842,57.99,31.56,29.10,80,1,,SWEEP,,,0.000,0.000,0.000,0.000,0.000,0.000
1778293847,58.02,31.54,29.10,80,1,,SWEEP,,,0.000,0.000,0.000,0.000,0.000,0.000
1778293852,58.08,31.56,29.10,80,1,,SWEEP,,,0.000,0.000,0.000,0.000,0.000,0.000
1778293857,58.09,31.56,29.10,80,1,,SWEEP,,,0.000,0.000,0.000,0.000,0.000,0.000
1778293862,58.12,31.54,29.10,80,1,,SWEEP,,,0.000,0.000,0.000,0.000,0.000,0.000
1778293867,58.16,31.54,29.10,80,1,,SWEEP,,,0.000,0.000,0.000,0.000,0.000,0.000
1778293872,58.22,31.58,29.10,80,1,,SWEEP,,,0.000,0.000,0.000,0.000,0.000,0.000
1778293877,58.24,31.56,29.00,80,1,,SWEEP,,,0.000,0.000,0.000,0.000,0.000,0.000
1778293882,58.26,31.58,29.00,80,1,,SWEEP,,,0.000,0.000,0.000,0.000,0.000,0.000
1778293887,58.31,31.58,29.00,80,1,,SWEEP,,,0.000,0.000,0.000,0.000,0.000,0.000
1778293892,58.36,31.56,28.90,80,1,,SWEEP,,,0.000,0.000,0.000,0.000,0.000,0.000
1778293897,58.38,31.58,28.90,80,1,,SWEEP,,,0.000,0.000,0.000,0.000,0.000,0.000
1778293902,58.42,31.59,28.90,80,1,,SWEEP,,,0.000,0.000,0.000,0.000,0.000,0.000
1778293907,58.43,31.59,28.80,80,1,,SWEEP,,,0.000,0.000,0.000,0.000,0.000,0.000
1778293912,58.44,31.56,28.80,80,1,,SWEEP,,,0.000,0.000,0.000,0.000,0.000,0.000
1778293917,58.46,31.58,28.80,80,1,,SWEEP,,,0.000,0.000,0.000,0.000,0.000,0.000
1778293922,58.49,31.53,28.90,80,1,,SWEEP,,,0.000,0.000,0.000,0.000,0.000,0.000
1778293927,58.53,31.50,28.90,80,1,,SWEEP,,,0.000,0.000,0.000,0.000,0.000,0.000
1778293932,58.56,31.53,28.90,80,1,,SWEEP,,,0.000,0.000,0.000,0.000,0.000,0.000
1778293937,58.61,31.50,28.90,80,1,,SWEEP,,,0.000,0.000,0.000,0.000,0.000,0.000
1778293942,58.63,31.53,28.80,80,1,,SWEEP,,,0.000,0.000,0.000,0.000,0.000,0.000
1778293947,58.70,31.53,28.80,80,1,,SWEEP,,,0.000,0.000,0.000,0.000,0.000,0.000
1778293952,58.70,31.53,28.70,80,1,,SWEEP,,,0.000,0.000,0.000,0.000,0.000,0.000
1778293957,58.69,31.54,28.80,80,1,,SWEEP,,,0.000,0.000,0.000,0.000,0.000,0.000
1778293962,58.74,31.54,28.70,80,1,,SWEEP,,,0.000,0.000,0.000,0.000,0.000,0.000
1778293967,58.77,31.58,28.70,80,1,,SWEEP,,,0.000,0.000,0.000,0.000,0.000,0.000
1778293972,58.84,31.54,28.60,80,1,,SWEEP,,,0.000,0.000,0.000,0.000,0.000,0.000
1778293977,58.87,31.53,28.60,80,1,,SWEEP,,,0.000,0.000,0.000,0.000,0.000,0.000
1778293982,58.86,31.53,28.60,80,1,,SWEEP,,,0.000,0.000,0.000,0.000,0.000,0.000
1778293987,58.86,31.58,28.60,80,1,,SWEEP,,,0.000,0.000,0.000,0.000,0.000,0.000
1778293992,58.87,31.56,28.60,80,1,,SWEEP,,,0.000,0.000,0.000,0.000,0.000,0.000
1778293997,58.91,31.58,28.60,80,1,,SWEEP,,,0.000,0.000,0.000,0.000,0.000,0.000
1778294002,58.91,31.58,28.60,80,1,,SWEEP,,,0.000,0.000,0.000,0.000,0.000,0.000
1778294007,58.97,31.61,28.50,80,1,,SWEEP,,,0.000,0.000,0.000,0.000,0.000,0.000
1778294012,58.98,31.62,28.50,80,1,,SWEEP,,,0.000,0.000,0.000,0.000,0.000,0.000
1778294017,59.02,31.63,28.50,80,1,,SWEEP,,,0.000,0.000,0.000,0.000,0.000,0.000
1778294022,59.02,31.59,28.50,80,1,,SWEEP,,,0.000,0.000,0.000,0.000,0.000,0.000
1778294027,59.04,31.59,28.40,80,1,,SWEEP,,,0.000,0.000,0.000,0.000,0.000,0.000
1778294032,59.02,31.59,28.50,80,1,,SWEEP,,,0.000,0.000,0.000,0.000,0.000,0.000
1778294037,59.10,31.59,28.50,80,1,,SWEEP,,,0.000,0.000,0.000,0.000,0.000,0.000
1778294042,59.11,31.58,28.50,80,1,,SWEEP,,,0.000,0.000,0.000,0.000,0.000,0.000
1778294047,59.14,31.58,28.40,80,1,,SWEEP,,,0.000,0.000,0.000,0.000,0.000,0.000
1778294052,59.19,31.58,28.40,80,1,,SWEEP,,,0.000,0.000,0.000,0.000,0.000,0.000
1778294057,59.21,31.56,28.40,80,1,,SWEEP,,,0.000,0.000,0.000,0.000,0.000,0.000
1778294062,59.25,31.63,28.50,80,1,,SWEEP,,,0.000,0.000,0.000,0.000,0.000,0.000
1778294067,59.26,31.61,28.40,80,1,,SWEEP,,,0.000,0.000,0.000,0.000,0.000,0.000
1778294072,59.34,31.61,28.40,80,1,,SWEEP,,,0.000,0.000,0.000,0.000,0.000,0.000
1778294077,59.36,31.63,28.30,80,1,,SWEEP,,,0.000,0.000,0.000,0.000,0.000,0.000
1778294082,59.39,31.61,28.30,80,1,,SWEEP,,,0.000,0.000,0.000,0.000,0.000,0.000
1778294087,59.41,31.63,28.30,80,1,,SWEEP,,,0.000,0.000,0.000,0.000,0.000,0.000
1778294092,59.45,31.62,28.20,80,1,,SWEEP,,,0.000,0.000,0.000,0.000,0.000,0.000
1778294097,59.48,31.62,28.20,80,1,,SWEEP,,,0.000,0.000,0.000,0.000,0.000,0.000
1778294102,59.52,31.61,28.20,80,1,,SWEEP,,,0.000,0.000,0.000,0.000,0.000,0.000
1778294107,59.51,31.62,28.30,80,1,,SWEEP,,,0.000,0.000,0.000,0.000,0.000,0.000
1778294112,59.56,31.63,28.20,80,1,,SWEEP,,,0.000,0.000,0.000,0.000,0.000,0.000
1778294117,59.56,31.65,28.20,80,1,,SWEEP,,,0.000,0.000,0.000,0.000,0.000,0.000
1778294122,59.58,31.66,28.20,80,1,,SWEEP,,,0.000,0.000,0.000,0.000,0.000,0.000
1778294127,59.60,31.65,28.20,80,1,,SWEEP,,,0.000,0.000,0.000,0.000,0.000,0.000
1778294132,59.60,31.65,28.20,80,1,,SWEEP,,,0.000,0.000,0.000,0.000,0.000,0.000
1778294137,59.59,31.65,28.20,80,1,,SWEEP,,,0.000,0.000,0.000,0.000,0.000,0.000
1778294142,59.63,31.63,28.20,80,1,,SWEEP,,,0.000,0.000,0.000,0.000,0.000,0.000
1778294147,59.63,31.65,28.20,80,1,,SWEEP,,,0.000,0.000,0.000,0.000,0.000,0.000
1778294152,59.65,31.63,28.20,80,1,,SWEEP,,,0.000,0.000,0.000,0.000,0.000,0.000
1778294157,59.72,31.63,28.20,80,1,,SWEEP,,,0.000,0.000,0.000,0.000,0.000,0.000
1778294162,59.73,31.66,28.20,80,1,,SWEEP,,,0.000,0.000,0.000,0.000,0.000,0.000
1778294167,59.79,31.67,28.10,80,1,,SWEEP,,,0.000,0.000,0.000,0.000,0.000,0.000
1778294172,59.83,31.65,28.10,80,1,,SWEEP,,,0.000,0.000,0.000,0.000,0.000,0.000
1778294177,59.89,31.63,28.10,80,1,,SWEEP,,,0.000,0.000,0.000,0.000,0.000,0.000
1778294182,59.90,31.63,28.00,80,1,,SWEEP,,,0.000,0.000,0.000,0.000,0.000,0.000
1778294187,59.90,31.65,28.00,80,1,,SWEEP,,,0.000,0.000,0.000,0.000,0.000,0.000
1778294192,59.96,31.61,28.00,80,1,,SWEEP,,,0.000,0.000,0.000,0.000,0.000,0.000
1778294197,59.99,31.63,28.00,80,1,,SWEEP,,,0.000,0.000,0.000,0.000,0.000,0.000
1778294202,60.01,31.62,28.00,80,1,,SWEEP,,,0.000,0.000,0.000,0.000,0.000,0.000
1778294207,60.06,31.62,28.00,80,1,,SWEEP,,,0.000,0.000,0.000,0.000,0.000,0.000
1778294212,60.08,31.63,27.90,80,1,,SWEEP,,,0.000,0.000,0.000,0.000,0.000,0.000
1778294217,60.14,31.63,27.90,80,1,,SWEEP,,,0.000,0.000,0.000,0.000,0.000,0.000
1778294222,60.18,31.65,27.90,80,1,,SWEEP,,,0.000,0.000,0.000,0.000,0.000,0.000
1778294227,60.21,31.65,27.80,80,1,,SWEEP,,,0.000,0.000,0.000,0.000,0.000,0.000
1778294232,60.18,31.66,27.80,80,1,,SWEEP,,,0.000,0.000,0.000,0.000,0.000,0.000
1778294237,60.25,31.65,27.80,80,1,,SWEEP,,,0.000,0.000,0.000,0.000,0.000,0.000
1778294242,60.23,31.66,27.70,80,1,,SWEEP,,,0.000,0.000,0.000,0.000,0.000,0.000
1778294247,60.30,31.67,27.70,80,1,,SWEEP,,,0.000,0.000,0.000,0.000,0.000,0.000
1778294252,60.28,31.69,27.70,80,1,,SWEEP,,,0.000,0.000,0.000,0.000,0.000,0.000
1778294257,60.33,31.67,27.70,80,1,,SWEEP,,,0.000,0.000,0.000,0.000,0.000,0.000
1778294262,60.34,31.67,27.70,80,1,,SWEEP,,,0.000,0.000,0.000,0.000,0.000,0.000
1778294267,60.38,31.69,27.60,80,1,,SWEEP,,,0.000,0.000,0.000,0.000,0.000,0.000
1778294272,60.38,31.67,27.60,80,1,,SWEEP,,,0.000,0.000,0.000,0.000,0.000,0.000
1778294277,60.42,31.72,27.60,80,1,,SWEEP,,,0.000,0.000,0.000,0.000,0.000,0.000
1778294282,60.45,31.73,27.60,80,1,,SWEEP,,,0.000,0.000,0.000,0.000,0.000,0.000
1778294287,60.48,31.73,27.50,80,1,,SWEEP,,,0.000,0.000,0.000,0.000,0.000,0.000
1778294292,60.51,31.73,27.60,80,1,,SWEEP,,,0.000,0.000,0.000,0.000,0.000,0.000
1778294297,60.50,31.74,27.60,80,1,,SWEEP,,,0.000,0.000,0.000,0.000,0.000,0.000
1778294302,60.52,31.69,27.50,80,1,,SWEEP,,,0.000,0.000,0.000,0.000,0.000,0.000
1778294307,60.56,31.70,27.50,80,1,,SWEEP,,,0.000,0.000,0.000,0.000,0.000,0.000
1778294312,60.58,31.73,27.50,80,1,,SWEEP,,,0.000,0.000,0.000,0.000,0.000,0.000
1778294317,60.59,31.70,27.50,80,1,,SWEEP,,,0.000,0.000,0.000,0.000,0.000,0.000
1778294322,60.65,31.73,27.50,80,1,,SWEEP,,,0.000,0.000,0.000,0.000,0.000,0.000
1778294327,60.70,31.72,27.40,80,1,,SWEEP,,,0.000,0.000,0.000,0.000,0.000,0.000
1778294332,60.72,31.72,27.40,80,1,,SWEEP,,,0.000,0.000,0.000,0.000,0.000,0.000
1778294337,60.73,31.67,27.40,80,1,,SWEEP,,,0.000,0.000,0.000,0.000,0.000,0.000
1778294342,60.73,31.70,27.50,80,1,,SWEEP,,,0.000,0.000,0.000,0.000,0.000,0.000
1778294347,60.79,31.70,27.40,80,1,,SWEEP,,,0.000,0.000,0.000,0.000,0.000,0.000
1778294352,60.81,31.70,27.40,80,1,,SWEEP,,,0.000,0.000,0.000,0.000,0.000,0.000
1778294357,60.83,31.70,27.30,80,1,,SWEEP,,,0.000,0.000,0.000,0.000,0.000,0.000
1778294362,60.85,31.72,27.40,80,1,,SWEEP,,,0.000,0.000,0.000,0.000,0.000,0.000
1778294367,60.88,31.72,27.30,80,1,,SWEEP,,,0.000,0.000,0.000,0.000,0.000,0.000
1778294372,60.92,31.72,27.30,80,1,,SWEEP,,,0.000,0.000,0.000,0.000,0.000,0.000
1778294377,60.95,31.72,27.30,80,1,,SWEEP,,,0.000,0.000,0.000,0.000,0.000,0.000
1778294382,60.95,31.72,27.20,80,1,,SWEEP,,,0.000,0.000,0.000,0.000,0.000,0.000
1778294387,60.95,31.73,27.30,80,1,,SWEEP,,,0.000,0.000,0.000,0.000,0.000,0.000
1778294392,61.02,31.74,27.20,80,1,,SWEEP,,,0.000,0.000,0.000,0.000,0.000,0.000
1778294397,61.00,31.74,27.20,80,1,,SWEEP,,,0.000,0.000,0.000,0.000,0.000,0.000
1778294402,61.00,31.73,27.20,80,1,,SWEEP,,,0.000,0.000,0.000,0.000,0.000,0.000
1778294407,61.03,31.77,27.20,60,1,,SWEEP,,,0.000,0.000,0.000,0.000,0.000,0.000
1778294412,61.03,31.76,27.20,60,1,,SWEEP,,,0.000,0.000,0.000,0.000,0.000,0.000
1778294417,61.07,31.76,27.20,60,1,,SWEEP,,,0.000,0.000,0.000,0.000,0.000,0.000
1778294422,61.11,31.77,27.10,60,1,,SWEEP,,,0.000,0.000,0.000,0.000,0.000,0.000
1778294427,61.09,31.76,27.10,60,1,,SWEEP,,,0.000,0.000,0.000,0.000,0.000,0.000
1778294432,61.16,31.76,27.10,60,1,,SWEEP,,,0.000,0.000,0.000,0.000,0.000,0.000
1778294437,61.10,31.79,27.10,60,1,,SWEEP,,,0.000,0.000,0.000,0.000,0.000,0.000
1778294443,61.11,31.76,27.10,60,1,,SWEEP,,,0.000,0.000,0.000,0.000,0.000,0.000
1778294447,61.11,31.76,27.10,60,1,,SWEEP,,,0.000,0.000,0.000,0.000,0.000,0.000
1778294452,61.07,31.79,27.20,60,1,,SWEEP,,,0.000,0.000,0.000,0.000,0.000,0.000
1778294457,61.06,31.76,27.10,60,1,,SWEEP,,,0.000,0.000,0.000,0.000,0.000,0.000
1778294462,61.05,31.80,27.10,60,1,,SWEEP,,,0.000,0.000,0.000,0.000,0.000,0.000
1778294467,60.99,31.77,27.20,60,1,,SWEEP,,,0.000,0.000,0.000,0.000,0.000,0.000
1778294472,60.93,31.77,27.20,60,1,,SWEEP,,,0.000,0.000,0.000,0.000,0.000,0.000
1778294477,60.93,31.80,27.30,60,1,,SWEEP,,,0.000,0.000,0.000,0.000,0.000,0.000
1778294482,60.92,31.76,27.30,60,1,,SWEEP,,,0.000,0.000,0.000,0.000,0.000,0.000
1778294487,60.89,31.77,27.30,60,1,,SWEEP,,,0.000,0.000,0.000,0.000,0.000,0.000
1778294492,60.86,31.79,27.30,60,1,,SWEEP,,,0.000,0.000,0.000,0.000,0.000,0.000
1778294497,60.81,31.79,27.30,60,1,,SWEEP,,,0.000,0.000,0.000,0.000,0.000,0.000
1778294502,60.73,31.79,27.30,60,1,,SWEEP,,,0.000,0.000,0.000,0.000,0.000,0.000
1778294507,60.70,31.80,27.30,60,1,,SWEEP,,,0.000,0.000,0.000,0.000,0.000,0.000
1778294512,60.72,31.82,27.40,60,1,,SWEEP,,,0.000,0.000,0.000,0.000,0.000,0.000
1778294517,60.68,31.80,27.40,60,1,,SWEEP,,,0.000,0.000,0.000,0.000,0.000,0.000
1778294522,60.62,31.82,27.40,60,1,,SWEEP,,,0.000,0.000,0.000,0.000,0.000,0.000
1778294528,60.59,31.82,27.40,60,1,,SWEEP,,,0.000,0.000,0.000,0.000,0.000,0.000
1778294533,60.55,31.79,27.50,60,1,,SWEEP,,,0.000,0.000,0.000,0.000,0.000,0.000
1778294540,60.54,31.77,27.40,60,1,,SWEEP,,,0.000,0.000,0.000,0.000,0.000,0.000
1778294575,60.33,31.79,27.60,60,1,,SWEEP,,,0.000,0.000,0.000,0.000,0.000,0.000
1778294579,60.28,31.80,27.70,60,1,,SWEEP,,,0.000,0.000,0.000,0.000,0.000,0.000
1778294584,60.27,31.79,27.70,60,1,,SWEEP,,,0.000,0.000,0.000,0.000,0.000,0.000
1778294590,60.23,31.76,27.70,60,1,,SWEEP,,,0.000,0.000,0.000,0.000,0.000,0.000
1778294594,60.24,31.77,27.80,60,1,,SWEEP,,,0.000,0.000,0.000,0.000,0.000,0.000
1778294600,60.20,31.77,27.80,60,1,,SWEEP,,,0.000,0.000,0.000,0.000,0.000,0.000
1778294614,60.13,31.76,27.80,60,1,,SWEEP,,,0.000,0.000,0.000,0.000,0.000,0.000
1778294614,60.10,31.77,27.90,60,1,,SWEEP,,,0.000,0.000,0.000,0.000,0.000,0.000
1778294614,60.04,31.77,27.90,60,1,,SWEEP,,,0.000,0.000,0.000,0.000,0.000,0.000
1778294619,60.07,31.79,27.90,60,1,,SWEEP,,,0.000,0.000,0.000,0.000,0.000,0.000
1778294624,60.04,31.77,27.90,60,1,,SWEEP,,,0.000,0.000,0.000,0.000,0.000,0.000
1778294629,60.04,31.79,27.90,60,1,,SWEEP,,,0.000,0.000,0.000,0.000,0.000,0.000
1778294634,59.97,31.82,27.90,60,1,,SWEEP,,,0.000,0.000,0.000,0.000,0.000,0.000
1778294640,59.97,31.83,27.90,60,1,,SWEEP,,,0.000,0.000,0.000,0.000,0.000,0.000
1778294644,59.99,31.83,27.90,60,1,,SWEEP,,,0.000,0.000,0.000,0.000,0.000,0.000
1778294649,59.96,31.80,27.90,60,1,,SWEEP,,,0.000,0.000,0.000,0.000,0.000,0.000
1778294654,59.90,31.83,28.00,60,1,,SWEEP,,,0.000,0.000,0.000,0.000,0.000,0.000
1778294659,59.92,31.79,28.00,60,1,,SWEEP,,,0.000,0.000,0.000,0.000,0.000,0.000
1778294664,59.95,31.79,27.90,60,1,,SWEEP,,,0.000,0.000,0.000,0.000,0.000,0.000
1778294669,59.90,31.80,28.00,60,1,,SWEEP,,,0.000,0.000,0.000,0.000,0.000,0.000
1778294674,59.90,31.83,28.00,60,1,,SWEEP,,,0.000,0.000,0.000,0.000,0.000,0.000
1778294680,59.90,31.83,27.90,60,1,,SWEEP,,,0.000,0.000,0.000,0.000,0.000,0.000
1778294684,59.90,31.82,27.90,60,1,,SWEEP,,,0.000,0.000,0.000,0.000,0.000,0.000
1778294689,59.89,31.86,27.90,60,1,,SWEEP,,,0.000,0.000,0.000,0.000,0.000,0.000
1778294694,59.89,31.84,27.90,60,1,,SWEEP,,,0.000,0.000,0.000,0.000,0.000,0.000
1778294699,59.86,31.84,27.90,60,1,,SWEEP,,,0.000,0.000,0.000,0.000,0.000,0.000
1778294704,59.83,31.83,27.90,60,1,,SWEEP,,,0.000,0.000,0.000,0.000,0.000,0.000
1778294709,59.81,31.83,28.00,60,1,,SWEEP,,,0.000,0.000,0.000,0.000,0.000,0.000
1778294715,59.80,31.82,27.90,60,1,,SWEEP,,,0.000,0.000,0.000,0.000,0.000,0.000
1778294719,59.81,31.83,27.90,60,1,,SWEEP,,,0.000,0.000,0.000,0.000,0.000,0.000
1778294724,59.80,31.82,27.90,60,1,,SWEEP,,,0.000,0.000,0.000,0.000,0.000,0.000
1778294729,59.80,31.82,28.00,60,1,,SWEEP,,,0.000,0.000,0.000,0.000,0.000,0.000
1778294734,59.79,31.83,27.90,60,1,,SWEEP,,,0.000,0.000,0.000,0.000,0.000,0.000
1778294739,59.76,31.84,28.00,60,1,,SWEEP,,,0.000,0.000,0.000,0.000,0.000,0.000
1778294744,59.77,31.86,28.00,60,1,,SWEEP,,,0.000,0.000,0.000,0.000,0.000,0.000
1778294749,59.79,31.83,27.90,60,1,,SWEEP,,,0.000,0.000,0.000,0.000,0.000,0.000
1778294754,59.77,31.83,27.90,60,1,,SWEEP,,,0.000,0.000,0.000,0.000,0.000,0.000
1778294759,59.77,31.83,27.90,60,1,,SWEEP,,,0.000,0.000,0.000,0.000,0.000,0.000
1778294764,59.76,31.87,27.90,60,1,,SWEEP,,,0.000,0.000,0.000,0.000,0.000,0.000
1778294769,59.79,31.91,27.90,60,1,,SWEEP,,,0.000,0.000,0.000,0.000,0.000,0.000
1778294774,59.76,31.91,27.90,60,1,,SWEEP,,,0.000,0.000,0.000,0.000,0.000,0.000
1778294779,59.73,31.91,27.90,60,1,,SWEEP,,,0.000,0.000,0.000,0.000,0.000,0.000
1778294784,59.76,31.90,27.90,60,1,,SWEEP,,,0.000,0.000,0.000,0.000,0.000,0.000
1778294789,59.73,31.91,27.90,60,1,,SWEEP,,,0.000,0.000,0.000,0.000,0.000,0.000
1778294794,59.69,31.91,27.90,60,1,,SWEEP,,,0.000,0.000,0.000,0.000,0.000,0.000
1778294799,59.72,31.93,27.90,60,1,,SWEEP,,,0.000,0.000,0.000,0.000,0.000,0.000
1778294804,59.68,31.90,28.00,60,1,,SWEEP,,,0.000,0.000,0.000,0.000,0.000,0.000
1778294809,59.72,31.90,27.90,60,1,,SWEEP,,,0.000,0.000,0.000,0.000,0.000,0.000
1778294814,59.72,31.91,27.80,60,1,,SWEEP,,,0.000,0.000,0.000,0.000,0.000,0.000
1778294819,59.72,31.90,27.90,60,1,,SWEEP,,,0.000,0.000,0.000,0.000,0.000,0.000
1778294824,59.72,31.90,27.90,60,1,,SWEEP,,,0.000,0.000,0.000,0.000,0.000,0.000
1778294829,59.69,31.87,27.90,60,1,,SWEEP,,,0.000,0.000,0.000,0.000,0.000,0.000
1778294834,59.72,31.89,27.90,60,1,,SWEEP,,,0.000,0.000,0.000,0.000,0.000,0.000
1778294839,59.66,31.90,27.80,60,1,,SWEEP,,,0.000,0.000,0.000,0.000,0.000,0.000
1778294844,59.69,31.90,27.90,60,1,,SWEEP,,,0.000,0.000,0.000,0.000,0.000,0.000
1778294849,59.69,31.90,27.80,60,1,,SWEEP,,,0.000,0.000,0.000,0.000,0.000,0.000
1778294854,59.73,31.91,27.90,60,1,,SWEEP,,,0.000,0.000,0.000,0.000,0.000,0.000
1778294859,59.69,31.90,27.80,60,1,,SWEEP,,,0.000,0.000,0.000,0.000,0.000,0.000
1778294864,59.68,31.91,27.80,60,1,,SWEEP,,,0.000,0.000,0.000,0.000,0.000,0.000
1778294869,59.68,31.91,27.80,60,1,,SWEEP,,,0.000,0.000,0.000,0.000,0.000,0.000
1778294874,59.69,31.93,27.80,60,1,,SWEEP,,,0.000,0.000,0.000,0.000,0.000,0.000
1778294879,59.65,31.96,27.80,60,1,,SWEEP,,,0.000,0.000,0.000,0.000,0.000,0.000
1778294884,59.68,32.01,27.80,60,1,,SWEEP,,,0.000,0.000,0.000,0.000,0.000,0.000
1778294889,59.68,31.96,27.80,60,1,,SWEEP,,,0.000,0.000,0.000,0.000,0.000,0.000
1778294894,59.69,32.00,27.80,60,1,,SWEEP,,,0.000,0.000,0.000,0.000,0.000,0.000
1778294899,59.66,32.00,27.80,60,1,,SWEEP,,,0.000,0.000,0.000,0.000,0.000,0.000
1778294904,59.65,32.03,27.80,60,1,,SWEEP,,,0.000,0.000,0.000,0.000,0.000,0.000
1778294909,59.69,32.01,27.80,60,1,,SWEEP,,,0.000,0.000,0.000,0.000,0.000,0.000
1778294914,59.68,32.01,27.80,60,1,,SWEEP,,,0.000,0.000,0.000,0.000,0.000,0.000
1778294919,59.68,32.04,27.80,60,1,,SWEEP,,,0.000,0.000,0.000,0.000,0.000,0.000
1778294924,59.66,32.04,27.80,60,1,,SWEEP,,,0.000,0.000,0.000,0.000,0.000,0.000
1778294929,59.65,32.07,27.80,60,1,,SWEEP,,,0.000,0.000,0.000,0.000,0.000,0.000
1778294934,59.68,32.07,27.80,60,1,,SWEEP,,,0.000,0.000,0.000,0.000,0.000,0.000
1778294939,59.65,32.09,27.80,60,1,,SWEEP,,,0.000,0.000,0.000,0.000,0.000,0.000
1778294944,59.66,32.09,27.80,60,1,,SWEEP,,,0.000,0.000,0.000,0.000,0.000,0.000
1778294949,59.68,32.09,27.70,60,1,,SWEEP,,,0.000,0.000,0.000,0.000,0.000,0.000
1778294954,59.66,32.09,27.70,60,1,,SWEEP,,,0.000,0.000,0.000,0.000,0.000,0.000
1778294959,59.68,32.07,27.60,60,1,,SWEEP,,,0.000,0.000,0.000,0.000,0.000,0.000
1778294964,59.69,32.04,27.70,60,1,,SWEEP,,,0.000,0.000,0.000,0.000,0.000,0.000
1778294969,59.68,32.03,27.70,60,1,,SWEEP,,,0.000,0.000,0.000,0.000,0.000,0.000
1778294974,59.65,32.04,27.70,60,1,,SWEEP,,,0.000,0.000,0.000,0.000,0.000,0.000
1778294979,59.68,32.04,27.70,60,1,,SWEEP,,,0.000,0.000,0.000,0.000,0.000,0.000
1778294984,59.66,32.01,27.70,60,1,,SWEEP,,,0.000,0.000,0.000,0.000,0.000,0.000
1778294995,59.68,32.06,27.70,60,1,,SWEEP,,,0.000,0.000,0.000,0.000,0.000,0.000
1778294995,59.69,32.09,27.70,60,1,,SWEEP,,,0.000,0.000,0.000,0.000,0.000,0.000
1778294999,59.72,32.07,27.60,60,1,,SWEEP,,,0.000,0.000,0.000,0.000,0.000,0.000
1778295004,59.70,32.10,27.70,60,1,,SWEEP,,,0.000,0.000,0.000,0.000,0.000,0.000
1778295009,59.68,32.09,27.70,60,1,,SWEEP,,,0.000,0.000,0.000,0.000,0.000,0.000
1778295014,59.68,32.07,27.60,60,1,,SWEEP,,,0.000,0.000,0.000,0.000,0.000,0.000
1778295019,59.70,32.10,27.60,60,1,,SWEEP,,,0.000,0.000,0.000,0.000,0.000,0.000
1778295024,59.72,32.10,27.60,60,1,,SWEEP,,,0.000,0.000,0.000,0.000,0.000,0.000
1778295029,59.73,32.10,27.60,60,1,,SWEEP,,,0.000,0.000,0.000,0.000,0.000,0.000
1778295040,59.72,32.09,27.60,60,1,,SWEEP,,,0.000,0.000,0.000,0.000,0.000,0.000
1778295040,59.72,32.07,27.60,60,1,,SWEEP,,,0.000,0.000,0.000,0.000,0.000,0.000
1778295044,59.69,32.07,27.60,60,1,,SWEEP,,,0.000,0.000,0.000,0.000,0.000,0.000
1778295049,59.68,32.04,27.60,60,1,,SWEEP,,,0.000,0.000,0.000,0.000,0.000,0.000
1778295054,59.70,32.10,27.60,60,1,,SWEEP,,,0.000,0.000,0.000,0.000,0.000,0.000
1778295059,59.72,32.13,27.60,60,1,,SWEEP,,,0.000,0.000,0.000,0.000,0.000,0.000
1778295064,59.69,32.11,27.60,60,1,,SWEEP,,,0.000,0.000,0.000,0.000,0.000,0.000
1778295069,59.70,32.10,27.60,60,1,,SWEEP,,,0.000,0.000,0.000,0.000,0.000,0.000
1778295074,59.72,32.10,27.60,60,1,,SWEEP,,,0.000,0.000,0.000,0.000,0.000,0.000
1778295079,59.70,32.10,27.60,60,1,,SWEEP,,,0.000,0.000,0.000,0.000,0.000,0.000
1778295084,59.70,32.09,27.60,60,1,,SWEEP,,,0.000,0.000,0.000,0.000,0.000,0.000
1778295089,59.73,32.10,27.60,60,1,,SWEEP,,,0.000,0.000,0.000,0.000,0.000,0.000
1778295094,59.76,32.10,27.60,60,1,,SWEEP,,,0.000,0.000,0.000,0.000,0.000,0.000
1778295099,59.76,32.10,27.50,60,1,,SWEEP,,,0.000,0.000,0.000,0.000,0.000,0.000
1778295104,59.77,32.10,27.60,60,1,,SWEEP,,,0.000,0.000,0.000,0.000,0.000,0.000
1778295109,59.76,32.11,27.50,60,1,,SWEEP,,,0.000,0.000,0.000,0.000,0.000,0.000
1778295114,59.76,32.11,27.50,60,1,,SWEEP,,,0.000,0.000,0.000,0.000,0.000,0.000
1778295119,59.76,32.11,27.50,60,1,,SWEEP,,,0.000,0.000,0.000,0.000,0.000,0.000
1778295124,59.79,32.10,27.50,60,1,,SWEEP,,,0.000,0.000,0.000,0.000,0.000,0.000
1778295129,59.79,32.13,27.50,60,1,,SWEEP,,,0.000,0.000,0.000,0.000,0.000,0.000
1778295134,59.76,32.13,27.60,60,1,,SWEEP,,,0.000,0.000,0.000,0.000,0.000,0.000
1778295139,59.73,32.10,27.50,60,1,,SWEEP,,,0.000,0.000,0.000,0.000,0.000,0.000
1778295144,59.75,32.07,27.50,60,1,,SWEEP,,,0.000,0.000,0.000,0.000,0.000,0.000
1778295149,59.75,32.09,27.50,60,1,,SWEEP,,,0.000,0.000,0.000,0.000,0.000,0.000
1778295154,59.75,32.07,27.50,60,1,,SWEEP,,,0.000,0.000,0.000,0.000,0.000,0.000
1778295159,59.77,32.11,27.50,60,1,,SWEEP,,,0.000,0.000,0.000,0.000,0.000,0.000
1778295164,59.77,32.09,27.50,60,1,,SWEEP,,,0.000,0.000,0.000,0.000,0.000,0.000
1778295169,59.80,32.09,27.50,60,1,,SWEEP,,,0.000,0.000,0.000,0.000,0.000,0.000
1778295174,59.76,32.10,27.50,60,1,,SWEEP,,,0.000,0.000,0.000,0.000,0.000,0.000
1778295179,59.80,32.11,27.50,60,1,,SWEEP,,,0.000,0.000,0.000,0.000,0.000,0.000
1778295184,59.79,32.07,27.50,60,1,,SWEEP,,,0.000,0.000,0.000,0.000,0.000,0.000
1778295189,59.80,32.11,27.50,60,1,,SWEEP,,,0.000,0.000,0.000,0.000,0.000,0.000
1778295194,59.83,32.11,27.40,60,1,,SWEEP,,,0.000,0.000,0.000,0.000,0.000,0.000
1778295199,59.79,32.13,27.40,60,1,,SWEEP,,,0.000,0.000,0.000,0.000,0.000,0.000
1778295204,59.79,32.10,27.50,60,1,,SWEEP,,,0.000,0.000,0.000,0.000,0.000,0.000
1778295209,59.83,32.11,27.40,60,1,,SWEEP,,,0.000,0.000,0.000,0.000,0.000,0.000
1778295214,59.77,32.10,27.40,60,1,,SWEEP,,,0.000,0.000,0.000,0.000,0.000,0.000
1778295219,59.81,32.11,27.40,60,1,,SWEEP,,,0.000,0.000,0.000,0.000,0.000,0.000
1778295224,59.81,32.11,27.40,60,1,,SWEEP,,,0.000,0.000,0.000,0.000,0.000,0.000
1778295229,59.83,32.16,27.40,60,1,,SWEEP,,,0.000,0.000,0.000,0.000,0.000,0.000
1778295234,59.84,32.11,27.40,60,1,,SWEEP,,,0.000,0.000,0.000,0.000,0.000,0.000
1778295239,59.83,32.11,27.40,60,1,,SWEEP,,,0.000,0.000,0.000,0.000,0.000,0.000
1778295244,59.83,32.07,27.40,60,1,,SWEEP,,,0.000,0.000,0.000,0.000,0.000,0.000
1778295249,59.84,32.07,27.40,60,1,,SWEEP,,,0.000,0.000,0.000,0.000,0.000,0.000
1778295254,59.84,32.09,27.40,60,1,,SWEEP,,,0.000,0.000,0.000,0.000,0.000,0.000
1778295259,59.89,32.09,27.30,60,1,,SWEEP,,,0.000,0.000,0.000,0.000,0.000,0.000
1778295264,59.89,32.10,27.30,60,1,,SWEEP,,,0.000,0.000,0.000,0.000,0.000,0.000
1778295269,59.90,32.11,27.40,60,1,,SWEEP,,,0.000,0.000,0.000,0.000,0.000,0.000
1778295274,59.89,32.14,27.40,60,1,,SWEEP,,,0.000,0.000,0.000,0.000,0.000,0.000
1778295279,59.89,32.16,27.40,60,1,,SWEEP,,,0.000,0.000,0.000,0.000,0.000,0.000
1778295284,59.92,32.14,27.30,60,1,,SWEEP,,,0.000,0.000,0.000,0.000,0.000,0.000
1778295289,59.89,32.16,27.30,60,1,,SWEEP,,,0.000,0.000,0.000,0.000,0.000,0.000
1778295294,59.90,32.14,27.30,60,1,,SWEEP,,,0.000,0.000,0.000,0.000,0.000,0.000
1778295299,59.89,32.17,27.30,60,1,,SWEEP,,,0.000,0.000,0.000,0.000,0.000,0.000
1778295304,59.86,32.17,27.30,60,1,,SWEEP,,,0.000,0.000,0.000,0.000,0.000,0.000
1778295309,59.87,32.14,27.30,60,1,,SWEEP,,,0.000,0.000,0.000,0.000,0.000,0.000
1778295314,59.90,32.17,27.20,60,1,,SWEEP,,,0.000,0.000,0.000,0.000,0.000,0.000
1778295319,59.92,32.17,27.30,60,1,,SWEEP,,,0.000,0.000,0.000,0.000,0.000,0.000
1778295324,59.95,32.18,27.20,60,1,,SWEEP,,,0.000,0.000,0.000,0.000,0.000,0.000
1778295329,59.93,32.18,27.20,60,1,,SWEEP,,,0.000,0.000,0.000,0.000,0.000,0.000
1778295334,59.92,32.17,27.20,60,1,,SWEEP,,,0.000,0.000,0.000,0.000,0.000,0.000
1778295339,59.92,32.18,27.20,60,1,,SWEEP,,,0.000,0.000,0.000,0.000,0.000,0.000
1778295344,59.95,32.18,27.20,60,1,,SWEEP,,,0.000,0.000,0.000,0.000,0.000,0.000
1778295349,59.95,32.17,27.20,60,1,,SWEEP,,,0.000,0.000,0.000,0.000,0.000,0.000
1778295354,59.92,32.18,27.30,60,1,,SWEEP,,,0.000,0.000,0.000,0.000,0.000,0.000
1778295359,59.95,32.20,27.20,60,1,,SWEEP,,,0.000,0.000,0.000,0.000,0.000,0.000
1778295364,59.95,32.18,27.10,60,1,,SWEEP,,,0.000,0.000,0.000,0.000,0.000,0.000
1778295369,59.93,32.18,27.20,60,1,,SWEEP,,,0.000,0.000,0.000,0.000,0.000,0.000
1778295374,59.96,32.20,27.10,60,1,,SWEEP,,,0.000,0.000,0.000,0.000,0.000,0.000
1778295379,59.99,32.18,27.20,60,1,,SWEEP,,,0.000,0.000,0.000,0.000,0.000,0.000
1778295384,59.95,32.20,27.10,60,1,,SWEEP,,,0.000,0.000,0.000,0.000,0.000,0.000
1778295389,59.97,32.21,27.10,60,1,,SWEEP,,,0.000,0.000,0.000,0.000,0.000,0.000
1778295394,59.97,32.23,27.10,60,1,,SWEEP,,,0.000,0.000,0.000,0.000,0.000,0.000
1778295399,59.96,32.20,27.10,60,1,,SWEEP,,,0.000,0.000,0.000,0.000,0.000,0.000
1778295404,59.97,32.18,27.10,60,1,,SWEEP,,,0.000,0.000,0.000,0.000,0.000,0.000
1778295409,59.95,32.18,27.10,60,1,,SWEEP,,,0.000,0.000,0.000,0.000,0.000,0.000
1778295414,59.97,32.21,27.10,60,1,,SWEEP,,,0.000,0.000,0.000,0.000,0.000,0.000
1778295419,59.96,32.23,27.10,60,1,,SWEEP,,,0.000,0.000,0.000,0.000,0.000,0.000
1778295424,59.97,32.21,27.10,60,1,,SWEEP,,,0.000,0.000,0.000,0.000,0.000,0.000
1778295429,59.99,32.24,27.10,60,1,,SWEEP,,,0.000,0.000,0.000,0.000,0.000,0.000
1778295434,60.01,32.24,27.10,60,1,,SWEEP,,,0.000,0.000,0.000,0.000,0.000,0.000
1778295439,60.00,32.24,27.10,60,1,,SWEEP,,,0.000,0.000,0.000,0.000,0.000,0.000
1778295444,59.97,32.24,27.10,60,1,,SWEEP,,,0.000,0.000,0.000,0.000,0.000,0.000
1778295449,60.00,32.25,27.00,60,1,,SWEEP,,,0.000,0.000,0.000,0.000,0.000,0.000
1778295454,60.01,32.27,27.00,60,1,,SWEEP,,,0.000,0.000,0.000,0.000,0.000,0.000
1778295459,60.01,32.28,27.00,60,1,,SWEEP,,,0.000,0.000,0.000,0.000,0.000,0.000
1778295464,59.96,32.27,27.10,60,1,,SWEEP,,,0.000,0.000,0.000,0.000,0.000,0.000
1778295469,60.00,32.27,27.00,60,1,,SWEEP,,,0.000,0.000,0.000,0.000,0.000,0.000
1778295474,60.00,32.27,27.00,60,1,,SWEEP,,,0.000,0.000,0.000,0.000,0.000,0.000
1778295479,60.04,32.30,27.00,60,1,,SWEEP,,,0.000,0.000,0.000,0.000,0.000,0.000
1778295484,60.01,32.31,27.00,60,1,,SWEEP,,,0.000,0.000,0.000,0.000,0.000,0.000
1778295489,60.03,32.30,27.00,60,1,,SWEEP,,,0.000,0.000,0.000,0.000,0.000,0.000
1778295494,60.06,32.30,27.00,60,1,,SWEEP,,,0.000,0.000,0.000,0.000,0.000,0.000
1778295499,60.03,32.31,27.00,60,1,,SWEEP,,,0.000,0.000,0.000,0.000,0.000,0.000
1778295504,60.04,32.32,27.00,60,1,,SWEEP,,,0.000,0.000,0.000,0.000,0.000,0.000
1778295509,60.03,32.32,27.00,60,1,,SWEEP,,,0.000,0.000,0.000,0.000,0.000,0.000
1778295514,60.04,32.32,27.00,60,1,,SWEEP,,,0.000,0.000,0.000,0.000,0.000,0.000
1778295519,60.06,32.34,27.10,60,1,,SWEEP,,,0.000,0.000,0.000,0.000,0.000,0.000
1778295524,60.08,32.30,27.00,60,1,,SWEEP,,,0.000,0.000,0.000,0.000,0.000,0.000
1778295529,60.08,32.30,27.00,60,1,,SWEEP,,,0.000,0.000,0.000,0.000,0.000,0.000
1778295534,60.08,32.30,27.00,60,1,,SWEEP,,,0.000,0.000,0.000,0.000,0.000,0.000
1778295539,60.04,32.31,27.00,60,1,,SWEEP,,,0.000,0.000,0.000,0.000,0.000,0.000
1778295544,60.11,32.31,26.90,60,1,,SWEEP,,,0.000,0.000,0.000,0.000,0.000,0.000
1778295549,60.10,32.32,27.00,60,1,,SWEEP,,,0.000,0.000,0.000,0.000,0.000,0.000
1778295554,60.10,32.31,26.90,60,1,,SWEEP,,,0.000,0.000,0.000,0.000,0.000,0.000
1778295559,60.10,32.34,27.00,60,1,,SWEEP,,,0.000,0.000,0.000,0.000,0.000,0.000
1778295564,60.08,32.32,27.00,60,1,,SWEEP,,,0.000,0.000,0.000,0.000,0.000,0.000
1778295569,60.14,32.31,26.90,60,1,,SWEEP,,,0.000,0.000,0.000,0.000,0.000,0.000
1778295574,60.13,32.32,27.00,60,1,,SWEEP,,,0.000,0.000,0.000,0.000,0.000,0.000
1778295579,60.13,32.35,26.90,60,1,,SWEEP,,,0.000,0.000,0.000,0.000,0.000,0.000
1778295584,60.13,32.34,26.90,60,1,,SWEEP,,,0.000,0.000,0.000,0.000,0.000,0.000
1778295589,60.14,32.37,26.90,60,1,,SWEEP,,,0.000,0.000,0.000,0.000,0.000,0.000
1778295594,60.13,32.35,26.90,60,1,,SWEEP,,,0.000,0.000,0.000,0.000,0.000,0.000
1778295599,60.11,32.38,26.90,60,1,,SWEEP,,,0.000,0.000,0.000,0.000,0.000,0.000
1778295604,60.10,32.38,26.90,60,1,,SWEEP,,,0.000,0.000,0.000,0.000,0.000,0.000
1778295609,60.08,32.35,26.90,40,1,,SWEEP,,,0.000,0.000,0.000,0.000,0.000,0.000
1778295614,60.08,32.38,26.90,40,1,,SWEEP,,,0.000,0.000,0.000,0.000,0.000,0.000
1778295619,60.11,32.39,26.80,40,1,,SWEEP,,,0.000,0.000,0.000,0.000,0.000,0.000
1778295624,60.11,32.38,26.90,40,1,,SWEEP,,,0.000,0.000,0.000,0.000,0.000,0.000
1778295629,60.11,32.42,26.90,40,1,,SWEEP,,,0.000,0.000,0.000,0.000,0.000,0.000
1778295634,60.07,32.41,26.80,40,1,,SWEEP,,,0.000,0.000,0.000,0.000,0.000,0.000
1778295639,60.04,32.39,26.80,40,1,,SWEEP,,,0.000,0.000,0.000,0.000,0.000,0.000
1778295644,60.04,32.39,26.90,40,1,,SWEEP,,,0.000,0.000,0.000,0.000,0.000,0.000
1778295649,59.99,32.38,26.90,40,1,,SWEEP,,,0.000,0.000,0.000,0.000,0.000,0.000
1778295654,59.95,32.39,26.90,40,1,,SWEEP,,,0.000,0.000,0.000,0.000,0.000,0.000
1778295659,59.87,32.39,27.00,40,1,,SWEEP,,,0.000,0.000,0.000,0.000,0.000,0.000
1778295664,59.80,32.37,27.00,40,1,,SWEEP,,,0.000,0.000,0.000,0.000,0.000,0.000
1778295669,59.76,32.38,27.00,40,1,,SWEEP,,,0.000,0.000,0.000,0.000,0.000,0.000
1778295674,59.66,32.39,27.10,40,1,,SWEEP,,,0.000,0.000,0.000,0.000,0.000,0.000
1778295679,59.62,32.37,27.10,40,1,,SWEEP,,,0.000,0.000,0.000,0.000,0.000,0.000
1778295684,59.52,32.38,27.10,40,1,,SWEEP,,,0.000,0.000,0.000,0.000,0.000,0.000
1778295689,59.45,32.38,27.10,40,1,,SWEEP,,,0.000,0.000,0.000,0.000,0.000,0.000
1778295694,59.36,32.38,27.20,40,1,,SWEEP,,,0.000,0.000,0.000,0.000,0.000,0.000
1778295699,59.28,32.35,27.30,40,1,,SWEEP,,,0.000,0.000,0.000,0.000,0.000,0.000
1778295704,59.18,32.37,27.30,40,1,,SWEEP,,,0.000,0.000,0.000,0.000,0.000,0.000
1778295709,59.10,32.37,27.40,40,1,,SWEEP,,,0.000,0.000,0.000,0.000,0.000,0.000
1778295714,59.01,32.38,27.50,40,1,,SWEEP,,,0.000,0.000,0.000,0.000,0.000,0.000
1778295719,58.90,32.35,27.50,40,1,,SWEEP,,,0.000,0.000,0.000,0.000,0.000,0.000
1778295724,58.80,32.37,27.50,40,1,,SWEEP,,,0.000,0.000,0.000,0.000,0.000,0.000
1778295729,58.74,32.38,27.60,40,1,,SWEEP,,,0.000,0.000,0.000,0.000,0.000,0.000
1778295734,58.66,32.37,27.70,40,1,,SWEEP,,,0.000,0.000,0.000,0.000,0.000,0.000
1778295739,58.57,32.39,27.70,40,1,,SWEEP,,,0.000,0.000,0.000,0.000,0.000,0.000
1778295744,58.50,32.38,27.70,40,1,,SWEEP,,,0.000,0.000,0.000,0.000,0.000,0.000
1778295749,58.42,32.38,27.80,40,1,,SWEEP,,,0.000,0.000,0.000,0.000,0.000,0.000
1778295754,58.33,32.38,27.90,40,1,,SWEEP,,,0.000,0.000,0.000,0.000,0.000,0.000
1778295759,58.25,32.41,27.90,40,1,,SWEEP,,,0.000,0.000,0.000,0.000,0.000,0.000
1778295764,58.19,32.41,28.00,40,1,,SWEEP,,,0.000,0.000,0.000,0.000,0.000,0.000
1778295769,58.12,32.39,28.00,40,1,,SWEEP,,,0.000,0.000,0.000,0.000,0.000,0.000
1778295774,58.06,32.42,28.10,40,1,,SWEEP,,,0.000,0.000,0.000,0.000,0.000,0.000
1778295779,58.01,32.45,28.10,40,1,,SWEEP,,,0.000,0.000,0.000,0.000,0.000,0.000
1778295784,57.94,32.44,28.20,40,1,,SWEEP,,,0.000,0.000,0.000,0.000,0.000,0.000
1778295789,57.87,32.41,28.20,40,1,,SWEEP,,,0.000,0.000,0.000,0.000,0.000,0.000
1778295794,57.78,32.39,28.30,40,1,,SWEEP,,,0.000,0.000,0.000,0.000,0.000,0.000
1778295799,57.72,32.41,28.40,40,1,,SWEEP,,,0.000,0.000,0.000,0.000,0.000,0.000
1778295804,57.67,32.39,28.40,40,1,,SWEEP,,,0.000,0.000,0.000,0.000,0.000,0.000
1778295809,57.60,32.38,28.40,40,1,,SWEEP,,,0.000,0.000,0.000,0.000,0.000,0.000
1778295814,57.54,32.41,28.40,40,1,,SWEEP,,,0.000,0.000,0.000,0.000,0.000,0.000
1778295819,57.49,32.39,28.50,40,1,,SWEEP,,,0.000,0.000,0.000,0.000,0.000,0.000
1778295824,57.43,32.41,28.50,40,1,,SWEEP,,,0.000,0.000,0.000,0.000,0.000,0.000
1778295829,57.37,32.42,28.50,40,1,,SWEEP,,,0.000,0.000,0.000,0.000,0.000,0.000
1778295834,57.32,32.41,28.60,40,1,,SWEEP,,,0.000,0.000,0.000,0.000,0.000,0.000
1778295839,57.26,32.41,28.60,40,1,,SWEEP,,,0.000,0.000,0.000,0.000,0.000,0.000
1778295844,57.22,32.37,28.60,40,1,,SWEEP,,,0.000,0.000,0.000,0.000,0.000,0.000
1778295849,57.16,32.39,28.70,40,1,,SWEEP,,,0.000,0.000,0.000,0.000,0.000,0.000
1778295854,57.09,32.35,28.70,40,1,,SWEEP,,,0.000,0.000,0.000,0.000,0.000,0.000
1778295859,57.03,32.35,28.80,40,1,,SWEEP,,,0.000,0.000,0.000,0.000,0.000,0.000
1778295864,56.99,32.31,28.80,40,1,,SWEEP,,,0.000,0.000,0.000,0.000,0.000,0.000
1778295869,56.92,32.30,28.80,40,1,,SWEEP,,,0.000,0.000,0.000,0.000,0.000,0.000
1778295874,56.86,32.28,28.80,40,1,,SWEEP,,,0.000,0.000,0.000,0.000,0.000,0.000
1778295879,56.83,32.24,28.80,40,1,,SWEEP,,,0.000,0.000,0.000,0.000,0.000,0.000
1778295884,56.81,32.27,28.80,40,1,,SWEEP,,,0.000,0.000,0.000,0.000,0.000,0.000
1778295889,56.77,32.25,28.90,40,1,,SWEEP,,,0.000,0.000,0.000,0.000,0.000,0.000
1778295894,56.72,32.27,28.90,40,1,,SWEEP,,,0.000,0.000,0.000,0.000,0.000,0.000
1778295899,56.64,32.28,28.90,40,1,,SWEEP,,,0.000,0.000,0.000,0.000,0.000,0.000
1778295904,56.61,32.28,28.90,40,1,,SWEEP,,,0.000,0.000,0.000,0.000,0.000,0.000
1778295909,56.55,32.25,29.00,40,1,,SWEEP,,,0.000,0.000,0.000,0.000,0.000,0.000
1778295914,56.52,32.30,29.00,40,1,,SWEEP,,,0.000,0.000,0.000,0.000,0.000,0.000
1778295919,56.48,32.27,29.00,40,1,,SWEEP,,,0.000,0.000,0.000,0.000,0.000,0.000
1778295924,56.45,32.27,29.10,40,1,,SWEEP,,,0.000,0.000,0.000,0.000,0.000,0.000
1778295929,56.43,32.30,29.10,40,1,,SWEEP,,,0.000,0.000,0.000,0.000,0.000,0.000
1778295934,56.34,32.28,29.20,40,1,,SWEEP,,,0.000,0.000,0.000,0.000,0.000,0.000
1778295939,56.33,32.30,29.20,40,1,,SWEEP,,,0.000,0.000,0.000,0.000,0.000,0.000
1778295944,56.28,32.30,29.10,40,1,,SWEEP,,,0.000,0.000,0.000,0.000,0.000,0.000
1778295949,56.23,32.28,29.20,40,1,,SWEEP,,,0.000,0.000,0.000,0.000,0.000,0.000
1778295954,56.20,32.27,29.20,40,1,,SWEEP,,,0.000,0.000,0.000,0.000,0.000,0.000
1778295959,56.17,32.28,29.20,40,1,,SWEEP,,,0.000,0.000,0.000,0.000,0.000,0.000
1778295964,56.13,32.30,29.20,40,1,,SWEEP,,,0.000,0.000,0.000,0.000,0.000,0.000
1778295969,56.10,32.28,29.20,40,1,,SWEEP,,,0.000,0.000,0.000,0.000,0.000,0.000
1778295974,56.04,32.30,29.20,40,1,,SWEEP,,,0.000,0.000,0.000,0.000,0.000,0.000
1778295979,56.03,32.27,29.30,40,1,,SWEEP,,,0.000,0.000,0.000,0.000,0.000,0.000
1778295984,56.00,32.25,29.30,40,1,,SWEEP,,,0.000,0.000,0.000,0.000,0.000,0.000
1778295989,55.96,32.25,29.20,40,1,,SWEEP,,,0.000,0.000,0.000,0.000,0.000,0.000
1778295994,55.93,32.27,29.30,40,1,,SWEEP,,,0.000,0.000,0.000,0.000,0.000,0.000
1778295999,55.88,32.28,29.20,40,1,,SWEEP,,,0.000,0.000,0.000,0.000,0.000,0.000
1778296004,55.85,32.30,29.40,40,1,,SWEEP,,,0.000,0.000,0.000,0.000,0.000,0.000
1778296009,55.83,32.30,29.30,40,1,,SWEEP,,,0.000,0.000,0.000,0.000,0.000,0.000
1778296014,55.80,32.31,29.40,40,1,,SWEEP,,,0.000,0.000,0.000,0.000,0.000,0.000
1778296019,55.75,32.31,29.30,40,1,,SWEEP,,,0.000,0.000,0.000,0.000,0.000,0.000
1778296024,55.69,32.30,29.40,40,1,,SWEEP,,,0.000,0.000,0.000,0.000,0.000,0.000
1778296029,55.72,32.27,29.30,40,1,,SWEEP,,,0.000,0.000,0.000,0.000,0.000,0.000
1778296034,55.69,32.25,29.40,40,1,,SWEEP,,,0.000,0.000,0.000,0.000,0.000,0.000
1778296039,55.66,32.30,29.40,40,1,,SWEEP,,,0.000,0.000,0.000,0.000,0.000,0.000
1778296044,55.66,32.27,29.40,40,1,,SWEEP,,,0.000,0.000,0.000,0.000,0.000,0.000
1778296049,55.62,32.28,29.40,40,1,,SWEEP,,,0.000,0.000,0.000,0.000,0.000,0.000
1778296054,55.59,32.30,29.40,40,1,,SWEEP,,,0.000,0.000,0.000,0.000,0.000,0.000
1778296059,55.53,32.30,29.50,40,1,,SWEEP,,,0.000,0.000,0.000,0.000,0.000,0.000
1778296064,55.52,32.27,29.40,40,1,,SWEEP,,,0.000,0.000,0.000,0.000,0.000,0.000
1778296069,55.48,32.30,29.40,40,1,,SWEEP,,,0.000,0.000,0.000,0.000,0.000,0.000
1778296074,55.45,32.27,29.50,40,1,,SWEEP,,,0.000,0.000,0.000,0.000,0.000,0.000
1778296079,55.44,32.28,29.50,40,1,,SWEEP,,,0.000,0.000,0.000,0.000,0.000,0.000
1778296084,55.41,32.28,29.50,40,1,,SWEEP,,,0.000,0.000,0.000,0.000,0.000,0.000
1778296089,55.37,32.27,29.50,40,1,,SWEEP,,,0.000,0.000,0.000,0.000,0.000,0.000
1778296094,55.33,32.25,29.50,40,1,,SWEEP,,,0.000,0.000,0.000,0.000,0.000,0.000
1778296099,55.31,32.21,29.50,40,1,,SWEEP,,,0.000,0.000,0.000,0.000,0.000,0.000
1778296104,55.28,32.24,29.50,40,1,,SWEEP,,,0.000,0.000,0.000,0.000,0.000,0.000
1778296109,55.25,32.24,29.50,40,1,,SWEEP,,,0.000,0.000,0.000,0.000,0.000,0.000
1778296114,55.21,32.23,29.50,40,1,,SWEEP,,,0.000,0.000,0.000,0.000,0.000,0.000
1778296119,55.18,32.23,29.50,40,1,,SWEEP,,,0.000,0.000,0.000,0.000,0.000,0.000
1778296124,55.15,32.23,29.50,40,1,,SWEEP,,,0.000,0.000,0.000,0.000,0.000,0.000
1778296129,55.15,32.25,29.60,40,1,,SWEEP,,,0.000,0.000,0.000,0.000,0.000,0.000
1778296134,55.14,32.27,29.60,40,1,,SWEEP,,,0.000,0.000,0.000,0.000,0.000,0.000
1778296139,55.13,32.24,29.60,40,1,,SWEEP,,,0.000,0.000,0.000,0.000,0.000,0.000
1778296144,55.10,32.28,29.60,40,1,,SWEEP,,,0.000,0.000,0.000,0.000,0.000,0.000
1778296149,55.06,32.25,29.60,40,1,,SWEEP,,,0.000,0.000,0.000,0.000,0.000,0.000
1778296154,55.04,32.27,29.60,40,1,,SWEEP,,,0.000,0.000,0.000,0.000,0.000,0.000
1778296159,55.01,32.27,29.60,40,1,,SWEEP,,,0.000,0.000,0.000,0.000,0.000,0.000
1778296164,54.97,32.27,29.60,40,1,,SWEEP,,,0.000,0.000,0.000,0.000,0.000,0.000
1778296169,54.94,32.25,29.60,40,1,,SWEEP,,,0.000,0.000,0.000,0.000,0.000,0.000
1778296174,54.96,32.30,29.60,40,1,,SWEEP,,,0.000,0.000,0.000,0.000,0.000,0.000
1778296179,54.93,32.28,29.70,40,1,,SWEEP,,,0.000,0.000,0.000,0.000,0.000,0.000
1778296184,54.89,32.30,29.70,40,1,,SWEEP,,,0.000,0.000,0.000,0.000,0.000,0.000
1778296189,54.87,32.28,29.70,40,1,,SWEEP,,,0.000,0.000,0.000,0.000,0.000,0.000
1778296194,54.83,32.28,29.70,40,1,,SWEEP,,,0.000,0.000,0.000,0.000,0.000,0.000
1778296199,54.81,32.28,29.70,40,1,,SWEEP,,,0.000,0.000,0.000,0.000,0.000,0.000
1778296204,54.79,32.30,29.70,40,1,,SWEEP,,,0.000,0.000,0.000,0.000,0.000,0.000
1778296209,54.77,32.30,29.70,40,1,,SWEEP,,,0.000,0.000,0.000,0.000,0.000,0.000
1778296214,54.74,32.31,29.80,40,1,,SWEEP,,,0.000,0.000,0.000,0.000,0.000,0.000
1778296219,54.73,32.31,29.70,40,1,,SWEEP,,,0.000,0.000,0.000,0.000,0.000,0.000
1778296224,54.70,32.31,29.70,40,1,,SWEEP,,,0.000,0.000,0.000,0.000,0.000,0.000
1778296229,54.69,32.30,29.70,40,1,,SWEEP,,,0.000,0.000,0.000,0.000,0.000,0.000
1778296234,54.66,32.28,29.80,40,1,,SWEEP,,,0.000,0.000,0.000,0.000,0.000,0.000
1778296239,54.63,32.31,29.80,40,1,,SWEEP,,,0.000,0.000,0.000,0.000,0.000,0.000
1778296244,54.66,32.24,29.80,40,1,,SWEEP,,,0.000,0.000,0.000,0.000,0.000,0.000
1778296249,54.62,32.28,29.80,40,1,,SWEEP,,,0.000,0.000,0.000,0.000,0.000,0.000
1778296254,54.59,32.30,29.80,40,1,,SWEEP,,,0.000,0.000,0.000,0.000,0.000,0.000
1778296259,54.58,32.31,29.70,40,1,,SWEEP,,,0.000,0.000,0.000,0.000,0.000,0.000
1778296264,54.56,32.38,29.80,40,1,,SWEEP,,,0.000,0.000,0.000,0.000,0.000,0.000
1778296269,54.53,32.34,29.70,40,1,,SWEEP,,,0.000,0.000,0.000,0.000,0.000,0.000
1778296274,54.49,32.37,29.70,40,1,,SWEEP,,,0.000,0.000,0.000,0.000,0.000,0.000
1778296279,54.46,32.41,29.70,40,1,,SWEEP,,,0.000,0.000,0.000,0.000,0.000,0.000
1778296284,54.43,32.39,29.70,40,1,,SWEEP,,,0.000,0.000,0.000,0.000,0.000,0.000
1778296289,54.42,32.39,29.60,40,1,,SWEEP,,,0.000,0.000,0.000,0.000,0.000,0.000
1778296294,54.38,32.41,29.60,40,1,,SWEEP,,,0.000,0.000,0.000,0.000,0.000,0.000
1778296299,54.35,32.45,29.80,40,1,,SWEEP,,,0.000,0.000,0.000,0.000,0.000,0.000
1778296304,54.36,32.45,29.70,40,1,,SWEEP,,,0.000,0.000,0.000,0.000,0.000,0.000
1778296309,54.32,32.48,29.70,40,1,,SWEEP,,,0.000,0.000,0.000,0.000,0.000,0.000
1778296314,54.29,32.45,29.60,40,1,,SWEEP,,,0.000,0.000,0.000,0.000,0.000,0.000
1778296319,54.26,32.49,29.60,40,1,,SWEEP,,,0.000,0.000,0.000,0.000,0.000,0.000
1778296324,54.25,32.48,29.60,40,1,,SWEEP,,,0.000,0.000,0.000,0.000,0.000,0.000
1778296329,54.24,32.51,29.50,40,1,,SWEEP,,,0.000,0.000,0.000,0.000,0.000,0.000
1778296334,54.19,32.51,29.50,40,1,,SWEEP,,,0.000,0.000,0.000,0.000,0.000,0.000
1778296339,54.18,32.52,29.60,40,1,,SWEEP,,,0.000,0.000,0.000,0.000,0.000,0.000
1778296344,54.17,32.49,29.50,40,1,,SWEEP,,,0.000,0.000,0.000,0.000,0.000,0.000
1778296349,54.15,32.51,29.60,40,1,,SWEEP,,,0.000,0.000,0.000,0.000,0.000,0.000
1778296354,54.12,32.55,29.50,40,1,,SWEEP,,,0.000,0.000,0.000,0.000,0.000,0.000
1778296359,54.09,32.51,29.50,40,1,,SWEEP,,,0.000,0.000,0.000,0.000,0.000,0.000
1778296364,54.07,32.55,29.50,40,1,,SWEEP,,,0.000,0.000,0.000,0.000,0.000,0.000
1778296369,54.07,32.55,29.50,40,1,,SWEEP,,,0.000,0.000,0.000,0.000,0.000,0.000
1778296374,54.01,32.57,29.50,40,1,,SWEEP,,,0.000,0.000,0.000,0.000,0.000,0.000
1778296379,54.01,32.57,29.60,40,1,,SWEEP,,,0.000,0.000,0.000,0.000,0.000,0.000
1778296384,54.03,32.58,29.50,40,1,,SWEEP,,,0.000,0.000,0.000,0.000,0.000,0.000
1778296389,53.98,32.61,29.50,40,1,,SWEEP,,,0.000,0.000,0.000,0.000,0.000,0.000
1778296394,53.97,32.62,29.50,40,1,,SWEEP,,,0.000,0.000,0.000,0.000,0.000,0.000
1778296399,53.94,32.65,29.50,40,1,,SWEEP,,,0.000,0.000,0.000,0.000,0.000,0.000
1778296404,53.92,32.64,29.50,40,1,,SWEEP,,,0.000,0.000,0.000,0.000,0.000,0.000
1778296409,53.92,32.64,29.50,40,1,,SWEEP,,,0.000,0.000,0.000,0.000,0.000,0.000
1778296414,53.87,32.64,29.40,40,1,,SWEEP,,,0.000,0.000,0.000,0.000,0.000,0.000
1778296419,53.85,32.61,29.40,40,1,,SWEEP,,,0.000,0.000,0.000,0.000,0.000,0.000
1778296424,53.81,32.58,29.40,40,1,,SWEEP,,,0.000,0.000,0.000,0.000,0.000,0.000
1778296429,53.83,32.58,29.40,40,1,,SWEEP,,,0.000,0.000,0.000,0.000,0.000,0.000
1778296434,53.78,32.61,29.40,40,1,,SWEEP,,,0.000,0.000,0.000,0.000,0.000,0.000
1778296439,53.77,32.57,29.40,40,1,,SWEEP,,,0.000,0.000,0.000,0.000,0.000,0.000
1778296444,53.71,32.59,29.40,40,1,,SWEEP,,,0.000,0.000,0.000,0.000,0.000,0.000
1778296449,53.71,32.62,29.30,40,1,,SWEEP,,,0.000,0.000,0.000,0.000,0.000,0.000
1778296454,53.67,32.61,29.40,40,1,,SWEEP,,,0.000,0.000,0.000,0.000,0.000,0.000
1778296459,53.63,32.62,29.40,40,1,,SWEEP,,,0.000,0.000,0.000,0.000,0.000,0.000
1778296464,53.60,32.61,29.40,40,1,,SWEEP,,,0.000,0.000,0.000,0.000,0.000,0.000
1778296469,53.57,32.62,29.40,40,1,,SWEEP,,,0.000,0.000,0.000,0.000,0.000,0.000
1778296474,53.56,32.61,29.40,40,1,,SWEEP,,,0.000,0.000,0.000,0.000,0.000,0.000
1778296479,53.54,32.64,29.30,40,1,,SWEEP,,,0.000,0.000,0.000,0.000,0.000,0.000
1778296484,53.53,32.62,29.30,40,1,,SWEEP,,,0.000,0.000,0.000,0.000,0.000,0.000
1778296489,53.44,32.67,29.30,40,1,,SWEEP,,,0.000,0.000,0.000,0.000,0.000,0.000
1778296494,53.42,32.64,29.30,40,1,,SWEEP,,,0.000,0.000,0.000,0.000,0.000,0.000
1778296499,53.40,32.67,29.30,40,1,,SWEEP,,,0.000,0.000,0.000,0.000,0.000,0.000
1778296504,53.36,32.67,29.30,40,1,,SWEEP,,,0.000,0.000,0.000,0.000,0.000,0.000
1778296509,53.35,32.67,29.30,40,1,,SWEEP,,,0.000,0.000,0.000,0.000,0.000,0.000
1778296514,53.30,32.68,29.30,40,1,,SWEEP,,,0.000,0.000,0.000,0.000,0.000,0.000
1778296519,53.30,32.67,29.40,40,1,,SWEEP,,,0.000,0.000,0.000,0.000,0.000,0.000
1778296524,53.29,32.65,29.40,40,1,,SWEEP,,,0.000,0.000,0.000,0.000,0.000,0.000
1778296529,53.25,32.67,29.30,40,1,,SWEEP,,,0.000,0.000,0.000,0.000,0.000,0.000
1778296534,53.23,32.65,29.30,40,1,,SWEEP,,,0.000,0.000,0.000,0.000,0.000,0.000
1778296539,53.22,32.64,29.30,40,1,,SWEEP,,,0.000,0.000,0.000,0.000,0.000,0.000
1778296544,53.19,32.65,29.30,40,1,,SWEEP,,,0.000,0.000,0.000,0.000,0.000,0.000
1778296549,53.14,32.64,29.30,40,1,,SWEEP,,,0.000,0.000,0.000,0.000,0.000,0.000
1778296554,53.15,32.67,29.20,40,1,,SWEEP,,,0.000,0.000,0.000,0.000,0.000,0.000
1778296559,53.10,32.65,29.30,40,1,,SWEEP,,,0.000,0.000,0.000,0.000,0.000,0.000
1778296564,53.12,32.64,29.20,40,1,,SWEEP,,,0.000,0.000,0.000,0.000,0.000,0.000
1778296569,53.08,32.64,29.20,40,1,,SWEEP,,,0.000,0.000,0.000,0.000,0.000,0.000
1778296574,53.08,32.68,29.30,40,1,,SWEEP,,,0.000,0.000,0.000,0.000,0.000,0.000
1778296579,53.05,32.65,29.30,40,1,,SWEEP,,,0.000,0.000,0.000,0.000,0.000,0.000
1778296584,53.02,32.67,29.30,40,1,,SWEEP,,,0.000,0.000,0.000,0.000,0.000,0.000
1778296589,53.02,32.67,29.30,40,1,,SWEEP,,,0.000,0.000,0.000,0.000,0.000,0.000
1778296594,53.02,32.64,29.30,40,1,,SWEEP,,,0.000,0.000,0.000,0.000,0.000,0.000
1778296599,53.01,32.61,29.30,40,1,,SWEEP,,,0.000,0.000,0.000,0.000,0.000,0.000
1778296604,52.99,32.65,29.30,40,1,,SWEEP,,,0.000,0.000,0.000,0.000,0.000,0.000
1778296609,53.01,32.64,29.40,40,1,,SWEEP,,,0.000,0.000,0.000,0.000,0.000,0.000
1778296614,53.01,32.62,29.50,40,1,,SWEEP,,,0.000,0.000,0.000,0.000,0.000,0.000
1778296619,53.02,32.61,29.40,40,1,,SWEEP,,,0.000,0.000,0.000,0.000,0.000,0.000
1778296624,53.01,32.57,29.50,40,1,,SWEEP,,,0.000,0.000,0.000,0.000,0.000,0.000
1778296629,53.02,32.54,29.50,40,1,,SWEEP,,,0.000,0.000,0.000,0.000,0.000,0.000
1778296634,53.01,32.57,29.50,40,1,,SWEEP,,,0.000,0.000,0.000,0.000,0.000,0.000
1778296639,53.01,32.59,29.50,40,1,,SWEEP,,,0.000,0.000,0.000,0.000,0.000,0.000
1778296644,52.99,32.64,29.50,40,1,,SWEEP,,,0.000,0.000,0.000,0.000,0.000,0.000
1778296649,52.99,32.62,29.50,40,1,,SWEEP,,,0.000,0.000,0.000,0.000,0.000,0.000
1778296654,52.99,32.68,29.50,40,1,,SWEEP,,,0.000,0.000,0.000,0.000,0.000,0.000
1778296659,52.97,32.69,29.50,40,1,,SWEEP,,,0.000,0.000,0.000,0.000,0.000,0.000
1778296664,52.97,32.69,29.50,40,1,,SWEEP,,,0.000,0.000,0.000,0.000,0.000,0.000
1778296669,52.97,32.71,29.50,40,1,,SWEEP,,,0.000,0.000,0.000,0.000,0.000,0.000
1778296674,52.97,32.72,29.50,40,1,,SWEEP,,,0.000,0.000,0.000,0.000,0.000,0.000
1778296679,52.95,32.72,29.50,40,1,,SWEEP,,,0.000,0.000,0.000,0.000,0.000,0.000
1778296684,52.94,32.74,29.50,40,1,,SWEEP,,,0.000,0.000,0.000,0.000,0.000,0.000
1778296689,52.91,32.74,29.50,40,1,,SWEEP,,,0.000,0.000,0.000,0.000,0.000,0.000
1778296694,52.89,32.75,29.60,40,1,,SWEEP,,,0.000,0.000,0.000,0.000,0.000,0.000
1778296699,52.88,32.78,29.50,40,1,,SWEEP,,,0.000,0.000,0.000,0.000,0.000,0.000
1778296704,52.84,32.79,29.50,40,1,,SWEEP,,,0.000,0.000,0.000,0.000,0.000,0.000
1778296709,52.82,32.79,29.50,40,1,,SWEEP,,,0.000,0.000,0.000,0.000,0.000,0.000
1778296714,52.81,32.83,29.60,40,1,,SWEEP,,,0.000,0.000,0.000,0.000,0.000,0.000
1778296719,52.78,32.80,29.60,40,1,,SWEEP,,,0.000,0.000,0.000,0.000,0.000,0.000
1778296724,52.77,32.83,29.60,40,1,,SWEEP,,,0.000,0.000,0.000,0.000,0.000,0.000
1778296729,52.77,32.82,29.60,40,1,,SWEEP,,,0.000,0.000,0.000,0.000,0.000,0.000
1778296734,52.74,32.83,29.50,40,1,,SWEEP,,,0.000,0.000,0.000,0.000,0.000,0.000
1778296739,52.72,32.85,29.60,40,1,,SWEEP,,,0.000,0.000,0.000,0.000,0.000,0.000
1778296744,52.72,32.82,29.60,40,1,,SWEEP,,,0.000,0.000,0.000,0.000,0.000,0.000
1778296749,52.67,32.85,29.60,40,1,,SWEEP,,,0.000,0.000,0.000,0.000,0.000,0.000
1778296754,52.68,32.83,29.60,40,1,,SWEEP,,,0.000,0.000,0.000,0.000,0.000,0.000
1778296759,52.67,32.86,29.60,40,1,,SWEEP,,,0.000,0.000,0.000,0.000,0.000,0.000
1778296764,52.65,32.86,29.60,40,1,,SWEEP,,,0.000,0.000,0.000,0.000,0.000,0.000
1778296769,52.64,32.86,29.70,40,1,,SWEEP,,,0.000,0.000,0.000,0.000,0.000,0.000
1778296774,52.64,32.89,29.60,40,1,,SWEEP,,,0.000,0.000,0.000,0.000,0.000,0.000
1778296779,52.60,32.87,29.70,40,1,,SWEEP,,,0.000,0.000,0.000,0.000,0.000,0.000
1778296784,52.61,32.85,29.70,40,1,,SWEEP,,,0.000,0.000,0.000,0.000,0.000,0.000
1778296789,52.61,32.85,29.60,40,1,,SWEEP,,,0.000,0.000,0.000,0.000,0.000,0.000
1778296794,52.58,32.87,29.80,40,1,,SWEEP,,,0.000,0.000,0.000,0.000,0.000,0.000
1778296799,52.57,32.85,29.70,40,1,,SWEEP,,,0.000,0.000,0.000,0.000,0.000,0.000
1778296804,52.58,32.80,29.70,40,1,,SWEEP,,,0.000,0.000,0.000,0.000,0.000,0.000
1778311209,43.99,33.58,35.80,0,1,,TRACK,,,0.000,0.000,0.000,0.000,0.000,0.000
1778311214,43.96,33.58,35.90,0,1,,TRACK,,,0.000,0.000,0.000,0.000,0.000,0.000
1778311219,43.96,33.57,35.90,0,1,,TRACK,,,0.000,0.000,0.000,0.000,0.000,0.000
1778311224,43.95,33.58,35.90,0,1,,TRACK,,,0.000,0.000,0.000,0.000,0.000,0.000
1778311229,43.92,33.58,35.90,0,1,,TRACK,,,0.000,0.000,0.000,0.000,0.000,0.000
1778311234,43.92,33.55,35.90,0,1,,TRACK,,,0.000,0.000,0.000,0.000,0.000,0.000
1778311239,43.89,33.57,35.90,0,1,,TRACK,,,0.000,0.000,0.000,0.000,0.000,0.000
1778311244,43.86,33.54,36.00,0,1,,TRACK,,,0.000,0.000,0.000,0.000,0.000,0.000
1778311249,43.88,33.51,36.00,0,1,,TRACK,,,0.000,0.000,0.000,0.000,0.000,0.000
1778311254,43.82,33.55,36.00,0,1,,TRACK,,,0.000,0.000,0.000,0.000,0.000,0.000
1778311259,43.78,33.50,36.00,0,1,,TRACK,,,0.000,0.000,0.000,0.000,0.000,0.000
1778311264,43.76,33.53,36.00,0,1,,TRACK,,,0.000,0.000,0.000,0.000,0.000,0.000
1778311269,43.76,33.51,36.10,0,1,,TRACK,,,0.000,0.000,0.000,0.000,0.000,0.000
1778311274,43.71,33.46,36.10,0,1,,TRACK,,,0.000,0.000,0.000,0.000,0.000,0.000
1778311279,43.69,33.44,36.10,0,1,,TRACK,,,0.000,0.000,0.000,0.000,0.000,0.000
1778311284,43.64,33.46,36.20,0,1,,TRACK,,,0.000,0.000,0.000,0.000,0.000,0.000
1778311289,43.61,33.43,36.30,0,1,,TRACK,,,0.000,0.000,0.000,0.000,0.000,0.000
1778311294,43.57,33.37,36.30,0,1,,TRACK,,,0.000,0.000,0.000,0.000,0.000,0.000
1778311299,43.55,33.36,36.30,0,1,,TRACK,,,0.000,0.000,0.000,0.000,0.000,0.000
1778311304,43.51,33.31,36.40,0,1,,TRACK,,,0.000,0.000,0.000,0.000,0.000,0.000
1778311309,43.47,33.33,36.40,0,1,,TRACK,,,0.000,0.000,0.000,0.000,0.000,0.000
1778311314,43.45,33.34,36.40,0,1,,TRACK,,,0.000,0.000,0.000,0.000,0.000,0.000
1778311319,43.41,33.37,36.50,0,1,,TRACK,,,0.000,0.000,0.000,0.000,0.000,0.000
1778311324,43.37,33.33,36.50,0,1,,TRACK,,,0.000,0.000,0.000,0.000,0.000,0.000
1778311329,43.34,33.36,36.50,0,1,,TRACK,,,0.000,0.000,0.000,0.000,0.000,0.000
1778311334,43.28,33.39,36.60,0,1,,TRACK,,,0.000,0.000,0.000,0.000,0.000,0.000
1778311339,43.25,33.36,36.60,0,1,,TRACK,,,0.000,0.000,0.000,0.000,0.000,0.000
1778311344,43.21,33.36,36.70,0,1,,TRACK,,,0.000,0.000,0.000,0.000,0.000,0.000
1778311349,43.17,33.37,36.70,0,1,,TRACK,,,0.000,0.000,0.000,0.000,0.000,0.000
1778311354,43.13,33.36,36.80,0,1,,TRACK,,,0.000,0.000,0.000,0.000,0.000,0.000
1778311359,43.10,33.34,36.80,0,1,,TRACK,,,0.000,0.000,0.000,0.000,0.000,0.000
1778311364,43.07,33.43,36.80,0,1,,TRACK,,,0.000,0.000,0.000,0.000,0.000,0.000
1778311369,43.06,33.37,36.80,0,1,,TRACK,,,0.000,0.000,0.000,0.000,0.000,0.000
1778311374,43.02,33.39,36.90,0,1,,TRACK,,,0.000,0.000,0.000,0.000,0.000,0.000
1778311379,43.00,33.37,36.90,0,1,,TRACK,,,0.000,0.000,0.000,0.000,0.000,0.000
1778311384,42.96,33.37,36.90,0,1,,TRACK,,,0.000,0.000,0.000,0.000,0.000,0.000
1778311389,42.93,33.37,36.90,0,1,,TRACK,,,0.000,0.000,0.000,0.000,0.000,0.000
1778311394,42.93,33.39,37.00,0,1,,TRACK,,,0.000,0.000,0.000,0.000,0.000,0.000
1778311399,42.88,33.37,37.00,0,1,,TRACK,,,0.000,0.000,0.000,0.000,0.000,0.000
1778311404,42.86,33.37,37.00,0,1,,TRACK,,,0.000,0.000,0.000,0.000,0.000,0.000
1778311409,42.83,33.36,37.00,0,1,,TRACK,,,0.000,0.000,0.000,0.000,0.000,0.000
1778311414,42.82,33.33,37.00,0,1,,TRACK,,,0.000,0.000,0.000,0.000,0.000,0.000
1778311419,42.79,33.34,37.00,0,1,,TRACK,,,0.000,0.000,0.000,0.000,0.000,0.000
1778311424,42.76,33.36,37.10,0,1,,TRACK,,,0.000,0.000,0.000,0.000,0.000,0.000
1778311429,42.76,33.40,37.10,0,1,,TRACK,,,0.000,0.000,0.000,0.000,0.000,0.000
1778311434,42.72,33.37,37.10,0,1,,TRACK,,,0.000,0.000,0.000,0.000,0.000,0.000
1778311439,42.69,33.40,37.10,0,1,,TRACK,,,0.000,0.000,0.000,0.000,0.000,0.000
1778311444,42.66,33.40,37.10,0,1,,TRACK,,,0.000,0.000,0.000,0.000,0.000,0.000
1778311449,42.65,33.43,37.20,0,1,,TRACK,,,0.000,0.000,0.000,0.000,0.000,0.000
1778311454,42.65,33.42,37.20,0,1,,TRACK,,,0.000,0.000,0.000,0.000,0.000,0.000
1778311459,42.60,33.40,37.20,0,1,,TRACK,,,0.000,0.000,0.000,0.000,0.000,0.000
1778311464,42.59,33.44,37.20,0,1,,TRACK,,,0.000,0.000,0.000,0.000,0.000,0.000
1778311469,42.56,33.43,37.20,0,1,,TRACK,,,0.000,0.000,0.000,0.000,0.000,0.000
1778311474,42.52,33.44,37.20,0,1,,TRACK,,,0.000,0.000,0.000,0.000,0.000,0.000
1778311479,42.50,33.46,37.20,0,1,,TRACK,,,0.000,0.000,0.000,0.000,0.000,0.000
1778311484,42.48,33.42,37.30,0,1,,TRACK,,,0.000,0.000,0.000,0.000,0.000,0.000
1778311489,42.47,33.42,37.30,0,1,,TRACK,,,0.000,0.000,0.000,0.000,0.000,0.000
1778311494,42.42,33.43,37.30,0,1,,TRACK,,,0.000,0.000,0.000,0.000,0.000,0.000
1778311499,42.44,33.42,37.30,0,1,,TRACK,,,0.000,0.000,0.000,0.000,0.000,0.000
1778311504,42.41,33.40,37.30,0,1,,TRACK,,,0.000,0.000,0.000,0.000,0.000,0.000
1778311509,42.39,33.42,37.40,0,1,,TRACK,,,0.000,0.000,0.000,0.000,0.000,0.000
1778311514,42.37,33.42,37.40,0,1,,TRACK,,,0.000,0.000,0.000,0.000,0.000,0.000
1778311519,42.35,33.40,37.40,0,1,,TRACK,,,0.000,0.000,0.000,0.000,0.000,0.000
1778311524,42.35,33.42,37.40,0,1,,TRACK,,,0.000,0.000,0.000,0.000,0.000,0.000
1778311529,42.32,33.40,37.40,0,1,,TRACK,,,0.000,0.000,0.000,0.000,0.000,0.000
1778311534,42.30,33.42,37.40,0,1,,TRACK,,,0.000,0.000,0.000,0.000,0.000,0.000
1778311539,42.28,33.43,37.40,0,1,,TRACK,,,0.000,0.000,0.000,0.000,0.000,0.000
1778311544,42.25,33.39,37.50,0,1,,TRACK,,,0.000,0.000,0.000,0.000,0.000,0.000
1778311549,42.25,33.37,37.50,0,1,,TRACK,,,0.000,0.000,0.000,0.000,0.000,0.000
1778311554,42.23,33.34,37.50,0,1,,TRACK,,,0.000,0.000,0.000,0.000,0.000,0.000
1778311559,42.21,33.34,37.50,0,1,,TRACK,,,0.000,0.000,0.000,0.000,0.000,0.000
1778311564,42.20,33.33,37.50,0,1,,TRACK,,,0.000,0.000,0.000,0.000,0.000,0.000
1778311569,42.16,33.36,37.50,0,1,,TRACK,,,0.000,0.000,0.000,0.000,0.000,0.000
1778311574,42.14,33.33,37.60,0,1,,TRACK,,,0.000,0.000,0.000,0.000,0.000,0.000
1778311579,42.14,33.34,37.50,0,1,,TRACK,,,0.000,0.000,0.000,0.000,0.000,0.000
1778311584,42.14,33.34,37.60,0,1,,TRACK,,,0.000,0.000,0.000,0.000,0.000,0.000
1778311589,42.11,33.34,37.50,0,1,,TRACK,,,0.000,0.000,0.000,0.000,0.000,0.000
1778311594,42.07,33.33,37.70,0,1,,TRACK,,,0.000,0.000,0.000,0.000,0.000,0.000
1778311599,42.05,33.31,37.60,0,1,,TRACK,,,0.000,0.000,0.000,0.000,0.000,0.000
1778311604,42.05,33.27,37.70,0,1,,TRACK,,,0.000,0.000,0.000,0.000,0.000,0.000
1778311609,42.04,33.31,37.70,0,1,,TRACK,,,0.000,0.000,0.000,0.000,0.000,0.000
1778311614,42.01,33.30,37.70,0,1,,TRACK,,,0.000,0.000,0.000,0.000,0.000,0.000
1778311619,41.98,33.30,37.70,0,1,,TRACK,,,0.000,0.000,0.000,0.000,0.000,0.000
1778311624,41.98,33.29,37.70,0,1,,TRACK,,,0.000,0.000,0.000,0.000,0.000,0.000
1778311629,41.94,33.31,37.70,0,1,,TRACK,,,0.000,0.000,0.000,0.000,0.000,0.000
1778311634,41.94,33.31,37.70,0,1,,TRACK,,,0.000,0.000,0.000,0.000,0.000,0.000
1778311639,41.93,33.31,37.80,0,1,,TRACK,,,0.000,0.000,0.000,0.000,0.000,0.000
1778311644,41.92,33.29,37.80,0,1,,TRACK,,,0.000,0.000,0.000,0.000,0.000,0.000
1778311649,41.87,33.29,37.80,0,1,,TRACK,,,0.000,0.000,0.000,0.000,0.000,0.000
1778311654,41.90,33.27,37.80,0,1,,TRACK,,,0.000,0.000,0.000,0.000,0.000,0.000
1778311659,41.87,33.27,37.80,0,1,,TRACK,,,0.000,0.000,0.000,0.000,0.000,0.000
1778311664,41.84,33.26,37.80,0,1,,TRACK,,,0.000,0.000,0.000,0.000,0.000,0.000
1778311669,41.87,33.24,37.90,0,1,,TRACK,,,0.000,0.000,0.000,0.000,0.000,0.000
1778311674,41.82,33.26,37.90,0,1,,TRACK,,,0.000,0.000,0.000,0.000,0.000,0.000
1778311679,41.80,33.27,38.00,0,1,,TRACK,,,0.000,0.000,0.000,0.000,0.000,0.000
1778311684,41.79,33.27,37.90,0,1,,TRACK,,,0.000,0.000,0.000,0.000,0.000,0.000
1778311689,41.79,33.24,38.00,0,1,,TRACK,,,0.000,0.000,0.000,0.000,0.000,0.000
1778311694,41.76,33.26,37.90,0,1,,TRACK,,,0.000,0.000,0.000,0.000,0.000,0.000
1778311699,41.77,33.23,37.90,0,1,,TRACK,,,0.000,0.000,0.000,0.000,0.000,0.000
1778311704,41.73,33.26,38.00,0,1,,TRACK,,,0.000,0.000,0.000,0.000,0.000,0.000
1778311709,41.72,33.27,38.00,0,1,,TRACK,,,0.000,0.000,0.000,0.000,0.000,0.000
1778311714,41.72,33.24,38.00,0,1,,TRACK,,,0.000,0.000,0.000,0.000,0.000,0.000
1778311719,41.68,33.24,38.00,0,1,,TRACK,,,0.000,0.000,0.000,0.000,0.000,0.000
1778311724,41.69,33.22,38.00,0,1,,TRACK,,,0.000,0.000,0.000,0.000,0.000,0.000
1778311729,41.68,33.24,38.10,0,1,,TRACK,,,0.000,0.000,0.000,0.000,0.000,0.000
1778311734,41.65,33.27,38.10,0,1,,TRACK,,,0.000,0.000,0.000,0.000,0.000,0.000
1778311739,41.65,33.23,38.10,0,1,,TRACK,,,0.000,0.000,0.000,0.000,0.000,0.000
1778311744,41.62,33.24,38.10,0,1,,TRACK,,,0.000,0.000,0.000,0.000,0.000,0.000
1778311749,41.60,33.26,38.20,0,1,,TRACK,,,0.000,0.000,0.000,0.000,0.000,0.000
1778311754,41.59,33.26,38.20,0,1,,TRACK,,,0.000,0.000,0.000,0.000,0.000,0.000
1778311759,41.57,33.26,38.20,0,1,,TRACK,,,0.000,0.000,0.000,0.000,0.000,0.000
1778311764,41.59,33.27,38.20,0,1,,TRACK,,,0.000,0.000,0.000,0.000,0.000,0.000
1778311769,41.55,33.26,38.20,0,1,,TRACK,,,0.000,0.000,0.000,0.000,0.000,0.000
1778311774,41.55,33.26,38.30,0,1,,TRACK,,,0.000,0.000,0.000,0.000,0.000,0.000
1778311779,41.55,33.26,38.30,0,1,,TRACK,,,0.000,0.000,0.000,0.000,0.000,0.000
1778311784,41.52,33.26,38.30,0,1,,TRACK,,,0.000,0.000,0.000,0.000,0.000,0.000
1778311789,41.50,33.27,38.30,0,1,,TRACK,,,0.000,0.000,0.000,0.000,0.000,0.000
1778311794,41.48,33.29,38.30,0,1,,TRACK,,,0.000,0.000,0.000,0.000,0.000,0.000
1778311799,41.48,33.29,38.30,0,1,,TRACK,,,0.000,0.000,0.000,0.000,0.000,0.000
1778311804,41.48,33.27,38.30,0,1,,TRACK,,,0.000,0.000,0.000,0.000,0.000,0.000
1778311809,41.46,33.29,38.30,0,1,,TRACK,,,0.000,0.000,0.000,0.000,0.000,0.000
1778311814,41.45,33.30,38.30,0,1,,TRACK,,,0.000,0.000,0.000,0.000,0.000,0.000
1778311819,41.42,33.26,38.40,0,1,,TRACK,,,0.000,0.000,0.000,0.000,0.000,0.000
1778311824,41.43,33.27,38.30,0,1,,TRACK,,,0.000,0.000,0.000,0.000,0.000,0.000
1778311829,41.42,33.24,38.40,0,1,,TRACK,,,0.000,0.000,0.000,0.000,0.000,0.000
1778311834,41.41,33.26,38.40,0,1,,TRACK,,,0.000,0.000,0.000,0.000,0.000,0.000
1778311839,41.41,33.24,38.40,0,1,,TRACK,,,0.000,0.000,0.000,0.000,0.000,0.000
1778311844,41.37,33.26,38.50,0,1,,TRACK,,,0.000,0.000,0.000,0.000,0.000,0.000
1778311849,41.38,33.24,38.40,0,1,,TRACK,,,0.000,0.000,0.000,0.000,0.000,0.000
1778311854,41.38,33.23,38.40,0,1,,TRACK,,,0.000,0.000,0.000,0.000,0.000,0.000
1778311859,41.35,33.23,38.50,0,1,,TRACK,,,0.000,0.000,0.000,0.000,0.000,0.000
1778311864,41.32,33.23,38.50,0,1,,TRACK,,,0.000,0.000,0.000,0.000,0.000,0.000
1778311869,41.31,33.23,38.50,0,1,,TRACK,,,0.000,0.000,0.000,0.000,0.000,0.000
1778311874,41.32,33.23,38.50,0,1,,TRACK,,,0.000,0.000,0.000,0.000,0.000,0.000
1778311879,41.31,33.20,38.50,0,1,,TRACK,,,0.000,0.000,0.000,0.000,0.000,0.000
1778311884,41.29,33.19,38.50,0,1,,TRACK,,,0.000,0.000,0.000,0.000,0.000,0.000
1778311889,41.29,33.23,38.50,0,1,,TRACK,,,0.000,0.000,0.000,0.000,0.000,0.000
1778311894,41.25,33.19,38.50,0,1,,TRACK,,,0.000,0.000,0.000,0.000,0.000,0.000
1778311899,41.22,33.20,38.50,0,1,,TRACK,,,0.000,0.000,0.000,0.000,0.000,0.000
1778311904,41.24,33.19,38.60,0,1,,TRACK,,,0.000,0.000,0.000,0.000,0.000,0.000
1778311909,41.22,33.20,38.60,0,1,,TRACK,,,0.000,0.000,0.000,0.000,0.000,0.000
1778311914,41.21,33.20,38.70,0,1,,TRACK,,,0.000,0.000,0.000,0.000,0.000,0.000
1778311919,41.20,33.20,38.60,0,1,,TRACK,,,0.000,0.000,0.000,0.000,0.000,0.000
1778311924,41.18,33.22,38.60,0,1,,TRACK,,,0.000,0.000,0.000,0.000,0.000,0.000
1778311929,41.18,33.22,38.60,0,1,,TRACK,,,0.000,0.000,0.000,0.000,0.000,0.000
1778311934,41.17,33.22,38.70,0,1,,TRACK,,,0.000,0.000,0.000,0.000,0.000,0.000
1778311939,41.17,33.23,38.70,0,1,,TRACK,,,0.000,0.000,0.000,0.000,0.000,0.000
1778311944,41.15,33.20,38.70,0,1,,TRACK,,,0.000,0.000,0.000,0.000,0.000,0.000
1778311949,41.14,33.23,38.70,0,1,,TRACK,,,0.000,0.000,0.000,0.000,0.000,0.000
1778311954,41.14,33.24,38.70,0,1,,TRACK,,,0.000,0.000,0.000,0.000,0.000,0.000
1778311959,41.12,33.26,38.70,0,1,,TRACK,,,0.000,0.000,0.000,0.000,0.000,0.000
1778311964,41.11,33.27,38.70,0,1,,TRACK,,,0.000,0.000,0.000,0.000,0.000,0.000
1778311969,41.10,33.27,38.70,0,1,,TRACK,,,0.000,0.000,0.000,0.000,0.000,0.000
1778311974,41.10,33.29,38.70,0,1,,TRACK,,,0.000,0.000,0.000,0.000,0.000,0.000
1778311979,41.10,33.26,38.80,0,1,,TRACK,,,0.000,0.000,0.000,0.000,0.000,0.000
1778311984,41.05,33.24,38.80,0,1,,TRACK,,,0.000,0.000,0.000,0.000,0.000,0.000
1778311989,41.05,33.24,38.80,0,1,,TRACK,,,0.000,0.000,0.000,0.000,0.000,0.000
1778311994,41.02,33.26,38.80,0,1,,TRACK,,,0.000,0.000,0.000,0.000,0.000,0.000
1778311999,41.04,33.24,38.80,0,1,,TRACK,,,0.000,0.000,0.000,0.000,0.000,0.000
1778312004,41.01,33.26,38.80,0,1,,TRACK,,,0.000,0.000,0.000,0.000,0.000,0.000
1778312009,41.00,33.24,38.80,0,1,,TRACK,,,0.000,0.000,0.000,0.000,0.000,0.000
1778312014,41.01,33.24,38.90,0,1,,TRACK,,,0.000,0.000,0.000,0.000,0.000,0.000
1778312019,40.98,33.23,38.80,0,1,,TRACK,,,0.000,0.000,0.000,0.000,0.000,0.000
1778312024,40.97,33.23,38.80,0,1,,TRACK,,,0.000,0.000,0.000,0.000,0.000,0.000
1778312029,40.95,33.24,38.90,0,1,,TRACK,,,0.000,0.000,0.000,0.000,0.000,0.000
1778312034,40.94,33.20,38.90,0,1,,TRACK,,,0.000,0.000,0.000,0.000,0.000,0.000
1778312039,40.95,33.22,38.90,0,1,,TRACK,,,0.000,0.000,0.000,0.000,0.000,0.000
1778312044,40.94,33.23,38.90,0,1,,TRACK,,,0.000,0.000,0.000,0.000,0.000,0.000
1778312049,40.91,33.24,39.00,0,1,,TRACK,,,0.000,0.000,0.000,0.000,0.000,0.000
1778312054,40.91,33.26,39.00,0,1,,TRACK,,,0.000,0.000,0.000,0.000,0.000,0.000
1778312059,40.91,33.26,38.90,0,1,,TRACK,,,0.000,0.000,0.000,0.000,0.000,0.000
1778312064,40.90,33.24,38.90,0,1,,TRACK,,,0.000,0.000,0.000,0.000,0.000,0.000
1778312069,40.87,33.26,39.00,0,1,,TRACK,,,0.000,0.000,0.000,0.000,0.000,0.000
1778312074,40.87,33.27,39.00,0,1,,TRACK,,,0.000,0.000,0.000,0.000,0.000,0.000
1778312079,40.86,33.30,39.00,0,1,,TRACK,,,0.000,0.000,0.000,0.000,0.000,0.000
1778312084,40.84,33.29,39.00,0,1,,TRACK,,,0.000,0.000,0.000,0.000,0.000,0.000
1778312089,40.87,33.30,39.00,0,1,,TRACK,,,0.000,0.000,0.000,0.000,0.000,0.000
1778312094,40.84,33.30,39.00,0,1,,TRACK,,,0.000,0.000,0.000,0.000,0.000,0.000
1778312099,40.83,33.31,39.00,0,1,,TRACK,,,0.000,0.000,0.000,0.000,0.000,0.000
1778312104,40.80,33.33,39.00,0,1,,TRACK,,,0.000,0.000,0.000,0.000,0.000,0.000
1778312109,40.79,33.31,39.00,0,1,,TRACK,,,0.000,0.000,0.000,0.000,0.000,0.000
1778312114,40.77,33.31,39.00,0,1,,TRACK,,,0.000,0.000,0.000,0.000,0.000,0.000
1778312119,40.80,33.36,39.00,0,1,,TRACK,,,0.000,0.000,0.000,0.000,0.000,0.000
1778312124,40.79,33.36,39.00,0,1,,TRACK,,,0.000,0.000,0.000,0.000,0.000,0.000
1778312129,40.77,33.40,39.10,0,1,,TRACK,,,0.000,0.000,0.000,0.000,0.000,0.000
1778312134,40.73,33.39,39.10,0,1,,TRACK,,,0.000,0.000,0.000,0.000,0.000,0.000
1778312139,40.74,33.37,39.00,0,1,,TRACK,,,0.000,0.000,0.000,0.000,0.000,0.000
1778312144,40.73,33.39,39.10,0,1,,TRACK,,,0.000,0.000,0.000,0.000,0.000,0.000
1778312149,40.73,33.37,39.10,0,1,,TRACK,,,0.000,0.000,0.000,0.000,0.000,0.000
1778312154,40.71,33.39,39.20,0,1,,TRACK,,,0.000,0.000,0.000,0.000,0.000,0.000
1778312159,40.70,33.39,39.20,0,1,,TRACK,,,0.000,0.000,0.000,0.000,0.000,0.000
1778312164,40.67,33.34,39.20,0,1,,TRACK,,,0.000,0.000,0.000,0.000,0.000,0.000
1778312169,40.68,33.36,39.20,0,1,,TRACK,,,0.000,0.000,0.000,0.000,0.000,0.000
1778312174,40.68,33.37,39.20,0,1,,TRACK,,,0.000,0.000,0.000,0.000,0.000,0.000
1778312179,40.66,33.37,39.20,0,1,,TRACK,,,0.000,0.000,0.000,0.000,0.000,0.000
1778312184,40.67,33.36,39.20,0,1,,TRACK,,,0.000,0.000,0.000,0.000,0.000,0.000
1778312189,40.66,33.37,39.20,0,1,,TRACK,,,0.000,0.000,0.000,0.000,0.000,0.000
1778312194,40.66,33.39,39.20,0,1,,TRACK,,,0.000,0.000,0.000,0.000,0.000,0.000
1778312199,40.62,33.36,39.20,0,1,,TRACK,,,0.000,0.000,0.000,0.000,0.000,0.000
1778312204,40.60,33.36,39.20,0,1,,TRACK,,,0.000,0.000,0.000,0.000,0.000,0.000
1778312209,40.60,33.39,39.20,0,1,,TRACK,,,0.000,0.000,0.000,0.000,0.000,0.000
1778312214,40.59,33.34,39.20,0,1,,TRACK,,,0.000,0.000,0.000,0.000,0.000,0.000
1778312219,40.59,33.34,39.20,0,1,,TRACK,,,0.000,0.000,0.000,0.000,0.000,0.000
1778312224,40.57,33.37,39.20,0,1,,TRACK,,,0.000,0.000,0.000,0.000,0.000,0.000
1778312229,40.56,33.40,39.30,0,1,,TRACK,,,0.000,0.000,0.000,0.000,0.000,0.000
1778312234,40.55,33.37,39.30,0,1,,TRACK,,,0.000,0.000,0.000,0.000,0.000,0.000
1778312239,40.57,33.37,39.30,0,1,,TRACK,,,0.000,0.000,0.000,0.000,0.000,0.000
1778312244,40.55,33.39,39.30,0,1,,TRACK,,,0.000,0.000,0.000,0.000,0.000,0.000
1778312249,40.53,33.39,39.30,0,1,,TRACK,,,0.000,0.000,0.000,0.000,0.000,0.000
1778312254,40.55,33.37,39.30,0,1,,TRACK,,,0.000,0.000,0.000,0.000,0.000,0.000
1778312259,40.52,33.39,39.30,0,1,,TRACK,,,0.000,0.000,0.000,0.000,0.000,0.000
1778312264,40.52,33.39,39.30,0,1,,TRACK,,,0.000,0.000,0.000,0.000,0.000,0.000
1778312269,40.49,33.37,39.40,0,1,,TRACK,,,0.000,0.000,0.000,0.000,0.000,0.000
1778312274,40.49,33.39,39.30,0,1,,TRACK,,,0.000,0.000,0.000,0.000,0.000,0.000
1778312279,40.49,33.34,39.40,0,1,,TRACK,,,0.000,0.000,0.000,0.000,0.000,0.000
1778312284,40.47,33.34,39.40,0,1,,TRACK,,,0.000,0.000,0.000,0.000,0.000,0.000
1778312289,40.46,33.34,39.40,0,1,,TRACK,,,0.000,0.000,0.000,0.000,0.000,0.000
1778312294,40.46,33.34,39.40,0,1,,TRACK,,,0.000,0.000,0.000,0.000,0.000,0.000
1778312299,40.43,33.37,39.40,0,1,,TRACK,,,0.000,0.000,0.000,0.000,0.000,0.000
1778312304,40.43,33.34,39.40,0,1,,TRACK,,,0.000,0.000,0.000,0.000,0.000,0.000
1778312309,40.40,33.34,39.50,0,1,,TRACK,,,0.000,0.000,0.000,0.000,0.000,0.000
1778312314,40.40,33.34,39.40,0,1,,TRACK,,,0.000,0.000,0.000,0.000,0.000,0.000
1778312319,40.40,33.34,39.50,0,1,,TRACK,,,0.000,0.000,0.000,0.000,0.000,0.000
1778312324,40.39,33.34,39.40,0,1,,TRACK,,,0.000,0.000,0.000,0.000,0.000,0.000
1778312329,40.40,33.34,39.50,0,1,,TRACK,,,0.000,0.000,0.000,0.000,0.000,0.000
1778312334,40.38,33.33,39.50,0,1,,TRACK,,,0.000,0.000,0.000,0.000,0.000,0.000
1778312339,40.38,33.34,39.50,0,1,,TRACK,,,0.000,0.000,0.000,0.000,0.000,0.000
1778312344,40.35,33.33,39.50,0,1,,TRACK,,,0.000,0.000,0.000,0.000,0.000,0.000
1778312349,40.38,33.33,39.50,0,1,,TRACK,,,0.000,0.000,0.000,0.000,0.000,0.000
1778312354,40.38,33.31,39.60,0,1,,TRACK,,,0.000,0.000,0.000,0.000,0.000,0.000
1778312359,40.32,33.27,39.50,0,1,,TRACK,,,0.000,0.000,0.000,0.000,0.000,0.000
1778312364,40.33,33.27,39.60,0,1,,TRACK,,,0.000,0.000,0.000,0.000,0.000,0.000
1778312369,40.32,33.29,39.60,0,1,,TRACK,,,0.000,0.000,0.000,0.000,0.000,0.000
1778312374,40.33,33.26,39.60,0,1,,TRACK,,,0.000,0.000,0.000,0.000,0.000,0.000
1778312379,40.29,33.24,39.60,0,1,,TRACK,,,0.000,0.000,0.000,0.000,0.000,0.000
1778312384,40.29,33.26,39.60,0,1,,TRACK,,,0.000,0.000,0.000,0.000,0.000,0.000
1778312389,40.29,33.26,39.60,0,1,,TRACK,,,0.000,0.000,0.000,0.000,0.000,0.000
1778312394,40.29,33.27,39.60,0,1,,TRACK,,,0.000,0.000,0.000,0.000,0.000,0.000
1778312399,40.27,33.27,39.60,0,1,,TRACK,,,0.000,0.000,0.000,0.000,0.000,0.000
1778312404,40.25,33.24,39.60,0,1,,TRACK,,,0.000,0.000,0.000,0.000,0.000,0.000
1778312409,40.25,33.27,39.60,0,1,,TRACK,,,0.000,0.000,0.000,0.000,0.000,0.000
1778312414,40.25,33.26,39.70,0,1,,TRACK,,,0.000,0.000,0.000,0.000,0.000,0.000
1778312419,40.23,33.24,39.70,0,1,,TRACK,,,0.000,0.000,0.000,0.000,0.000,0.000
1778312424,40.23,33.26,39.70,0,1,,TRACK,,,0.000,0.000,0.000,0.000,0.000,0.000
1778312429,40.21,33.24,39.70,0,1,,TRACK,,,0.000,0.000,0.000,0.000,0.000,0.000
1778312434,40.21,33.22,39.70,0,1,,TRACK,,,0.000,0.000,0.000,0.000,0.000,0.000
1778312439,40.21,33.20,39.80,0,1,,TRACK,,,0.000,0.000,0.000,0.000,0.000,0.000
1778312444,40.19,33.23,39.80,0,1,,TRACK,,,0.000,0.000,0.000,0.000,0.000,0.000
1778312449,40.21,33.24,39.80,0,1,,TRACK,,,0.000,0.000,0.000,0.000,0.000,0.000
1778312454,40.18,33.23,39.80,0,1,,TRACK,,,0.000,0.000,0.000,0.000,0.000,0.000
1778312459,40.16,33.23,39.70,0,1,,TRACK,,,0.000,0.000,0.000,0.000,0.000,0.000
1778312464,40.18,33.26,39.80,0,1,,TRACK,,,0.000,0.000,0.000,0.000,0.000,0.000
1778312469,40.15,33.24,39.80,0,1,,TRACK,,,0.000,0.000,0.000,0.000,0.000,0.000
1778312474,40.13,33.23,39.80,0,1,,TRACK,,,0.000,0.000,0.000,0.000,0.000,0.000
1778312479,40.13,33.23,39.80,0,1,,TRACK,,,0.000,0.000,0.000,0.000,0.000,0.000
1778312484,40.12,33.23,39.80,0,1,,TRACK,,,0.000,0.000,0.000,0.000,0.000,0.000
1778312489,40.12,33.24,39.80,0,1,,TRACK,,,0.000,0.000,0.000,0.000,0.000,0.000
1778312494,40.09,33.24,39.80,0,1,,TRACK,,,0.000,0.000,0.000,0.000,0.000,0.000
1778312499,40.11,33.24,39.80,0,1,,TRACK,,,0.000,0.000,0.000,0.000,0.000,0.000
1778312504,40.09,33.22,39.90,0,1,,TRACK,,,0.000,0.000,0.000,0.000,0.000,0.000
1778312509,40.08,33.22,39.80,0,1,,TRACK,,,0.000,0.000,0.000,0.000,0.000,0.000
1778312514,40.07,33.22,39.80,0,1,,TRACK,,,0.000,0.000,0.000,0.000,0.000,0.000
1778312519,40.07,33.23,39.80,0,1,,TRACK,,,0.000,0.000,0.000,0.000,0.000,0.000
1778312524,40.04,33.23,39.80,0,1,,TRACK,,,0.000,0.000,0.000,0.000,0.000,0.000
1778312529,40.05,33.23,39.90,0,1,,TRACK,,,0.000,0.000,0.000,0.000,0.000,0.000
1778312534,40.02,33.23,39.90,0,1,,TRACK,,,0.000,0.000,0.000,0.000,0.000,0.000
1778312539,40.04,33.24,39.90,0,1,,TRACK,,,0.000,0.000,0.000,0.000,0.000,0.000
1778312544,40.02,33.27,39.90,0,1,,TRACK,,,0.000,0.000,0.000,0.000,0.000,0.000
1778312549,40.01,33.22,39.90,0,1,,TRACK,,,0.000,0.000,0.000,0.000,0.000,0.000
1778312554,40.01,33.24,39.90,0,1,,TRACK,,,0.000,0.000,0.000,0.000,0.000,0.000
1778312559,40.02,33.24,39.90,0,1,,TRACK,,,0.000,0.000,0.000,0.000,0.000,0.000
1778312564,40.01,33.24,39.90,0,1,,TRACK,,,0.000,0.000,0.000,0.000,0.000,0.000
1778312569,39.97,33.26,39.90,0,1,,TRACK,,,0.000,0.000,0.000,0.000,0.000,0.000
1778312574,39.97,33.27,39.90,0,1,,TRACK,,,0.000,0.000,0.000,0.000,0.000,0.000
1778312579,39.98,33.27,39.90,0,1,,TRACK,,,0.000,0.000,0.000,0.000,0.000,0.000
1778312584,39.95,33.27,40.00,0,1,,TRACK,,,0.000,0.000,0.000,0.000,0.000,0.000
1778312589,39.94,33.26,40.00,0,1,,TRACK,,,0.000,0.000,0.000,0.000,0.000,0.000
1778312594,39.92,33.29,40.00,0,1,,TRACK,,,0.000,0.000,0.000,0.000,0.000,0.000
1778312599,39.92,33.27,40.00,0,1,,TRACK,,,0.000,0.000,0.000,0.000,0.000,0.000
1778312604,39.95,33.31,40.00,0,1,,TRACK,,,0.000,0.000,0.000,0.000,0.000,0.000
1778312609,39.92,33.30,40.00,0,1,,TRACK,,,0.000,0.000,0.000,0.000,0.000,0.000
1778312614,39.91,33.31,40.10,0,1,,TRACK,,,0.000,0.000,0.000,0.000,0.000,0.000
1778312619,39.92,33.33,40.00,0,1,,TRACK,,,0.000,0.000,0.000,0.000,0.000,0.000
1778312624,39.90,33.34,40.00,0,1,,TRACK,,,0.000,0.000,0.000,0.000,0.000,0.000
1778312629,39.90,33.34,40.10,0,1,,TRACK,,,0.000,0.000,0.000,0.000,0.000,0.000
1778312634,39.88,33.33,40.10,0,1,,TRACK,,,0.000,0.000,0.000,0.000,0.000,0.000
1778312639,39.85,33.33,40.10,0,1,,TRACK,,,0.000,0.000,0.000,0.000,0.000,0.000
1778312644,39.85,33.36,40.10,0,1,,TRACK,,,0.000,0.000,0.000,0.000,0.000,0.000
1778312649,39.85,33.37,40.20,0,1,,TRACK,,,0.000,0.000,0.000,0.000,0.000,0.000
1778312654,39.83,33.36,40.10,0,1,,TRACK,,,0.000,0.000,0.000,0.000,0.000,0.000
1778312659,39.83,33.37,40.20,0,1,,TRACK,,,0.000,0.000,0.000,0.000,0.000,0.000
1778312664,39.81,33.37,40.20,0,1,,TRACK,,,0.000,0.000,0.000,0.000,0.000,0.000
1778312669,39.77,33.37,40.20,0,1,,TRACK,,,0.000,0.000,0.000,0.000,0.000,0.000
1778312674,39.78,33.34,40.20,0,1,,TRACK,,,0.000,0.000,0.000,0.000,0.000,0.000
1778312679,39.78,33.40,40.30,0,1,,TRACK,,,0.000,0.000,0.000,0.000,0.000,0.000
1778312684,39.75,33.39,40.30,0,1,,TRACK,,,0.000,0.000,0.000,0.000,0.000,0.000
1778312689,39.75,33.37,40.30,0,1,,TRACK,,,0.000,0.000,0.000,0.000,0.000,0.000
1778312694,39.74,33.34,40.30,0,1,,TRACK,,,0.000,0.000,0.000,0.000,0.000,0.000
1778312699,39.73,33.37,40.30,0,1,,TRACK,,,0.000,0.000,0.000,0.000,0.000,0.000
1778312704,39.75,33.37,40.30,0,1,,TRACK,,,0.000,0.000,0.000,0.000,0.000,0.000
1778312709,39.71,33.36,40.30,0,1,,TRACK,,,0.000,0.000,0.000,0.000,0.000,0.000
1778312714,39.71,33.34,40.30,0,1,,TRACK,,,0.000,0.000,0.000,0.000,0.000,0.000
1778312719,39.70,33.36,40.40,0,1,,TRACK,,,0.000,0.000,0.000,0.000,0.000,0.000
1778312724,39.70,33.37,40.30,0,1,,TRACK,,,0.000,0.000,0.000,0.000,0.000,0.000
1778312729,39.67,33.37,40.40,0,1,,TRACK,,,0.000,0.000,0.000,0.000,0.000,0.000
1778312734,39.68,33.40,40.40,0,1,,TRACK,,,0.000,0.000,0.000,0.000,0.000,0.000
1778312739,39.68,33.40,40.40,0,1,,TRACK,,,0.000,0.000,0.000,0.000,0.000,0.000
1778312744,39.66,33.40,40.40,0,1,,TRACK,,,0.000,0.000,0.000,0.000,0.000,0.000
1778312749,39.67,33.37,40.40,0,1,,TRACK,,,0.000,0.000,0.000,0.000,0.000,0.000
1778312754,39.66,33.40,40.50,0,1,,TRACK,,,0.000,0.000,0.000,0.000,0.000,0.000
1778312759,39.64,33.34,40.40,0,1,,TRACK,,,0.000,0.000,0.000,0.000,0.000,0.000
1778312764,39.64,33.34,40.40,0,1,,TRACK,,,0.000,0.000,0.000,0.000,0.000,0.000
1778312769,39.64,33.34,40.40,0,1,,TRACK,,,0.000,0.000,0.000,0.000,0.000,0.000
1778312774,39.64,33.31,40.40,0,1,,TRACK,,,0.000,0.000,0.000,0.000,0.000,0.000
1778312779,39.64,33.34,40.50,0,1,,TRACK,,,0.000,0.000,0.000,0.000,0.000,0.000
1778312784,39.63,33.34,40.40,0,1,,TRACK,,,0.000,0.000,0.000,0.000,0.000,0.000
1778312789,39.61,33.33,40.50,0,1,,TRACK,,,0.000,0.000,0.000,0.000,0.000,0.000
1778312794,39.60,33.34,40.50,0,1,,TRACK,,,0.000,0.000,0.000,0.000,0.000,0.000
1778312799,39.61,33.34,40.50,0,1,,TRACK,,,0.000,0.000,0.000,0.000,0.000,0.000
1778312804,39.58,33.36,40.50,0,1,,TRACK,,,0.000,0.000,0.000,0.000,0.000,0.000
1778312809,39.58,33.36,40.60,0,1,,TRACK,,,0.000,0.000,0.000,0.000,0.000,0.000
1778312814,39.58,33.36,40.60,0,1,,TRACK,,,0.000,0.000,0.000,0.000,0.000,0.000
1778312819,39.57,33.33,40.60,0,1,,TRACK,,,0.000,0.000,0.000,0.000,0.000,0.000
1778312824,39.60,33.31,40.60,0,1,,TRACK,,,0.000,0.000,0.000,0.000,0.000,0.000
1778312829,39.58,33.33,40.60,0,1,,TRACK,,,0.000,0.000,0.000,0.000,0.000,0.000
1778312834,39.56,33.31,40.60,0,1,,TRACK,,,0.000,0.000,0.000,0.000,0.000,0.000
1778312839,39.58,33.30,40.60,0,1,,TRACK,,,0.000,0.000,0.000,0.000,0.000,0.000
1778312844,39.56,33.29,40.60,0,1,,TRACK,,,0.000,0.000,0.000,0.000,0.000,0.000
1778312849,39.57,33.27,40.60,0,1,,TRACK,,,0.000,0.000,0.000,0.000,0.000,0.000
1778312854,39.56,33.26,40.60,0,1,,TRACK,,,0.000,0.000,0.000,0.000,0.000,0.000
1778312859,39.54,33.27,40.60,0,1,,TRACK,,,0.000,0.000,0.000,0.000,0.000,0.000
1778312864,39.53,33.26,40.70,0,1,,TRACK,,,0.000,0.000,0.000,0.000,0.000,0.000
1778312869,39.51,33.27,40.60,0,1,,TRACK,,,0.000,0.000,0.000,0.000,0.000,0.000
1778312874,39.51,33.29,40.70,0,1,,TRACK,,,0.000,0.000,0.000,0.000,0.000,0.000
1778312879,39.51,33.26,40.70,0,1,,TRACK,,,0.000,0.000,0.000,0.000,0.000,0.000
1778312884,39.51,33.26,40.70,0,1,,TRACK,,,0.000,0.000,0.000,0.000,0.000,0.000
1778312889,39.49,33.29,40.70,0,1,,TRACK,,,0.000,0.000,0.000,0.000,0.000,0.000
1778312894,39.51,33.26,40.70,0,1,,TRACK,,,0.000,0.000,0.000,0.000,0.000,0.000
1778312899,39.50,33.30,40.60,0,1,,TRACK,,,0.000,0.000,0.000,0.000,0.000,0.000
1778312904,39.47,33.31,40.70,0,1,,TRACK,,,0.000,0.000,0.000,0.000,0.000,0.000
1778312909,39.49,33.30,40.70,0,1,,TRACK,,,0.000,0.000,0.000,0.000,0.000,0.000
1778312914,39.47,33.27,40.70,0,1,,TRACK,,,0.000,0.000,0.000,0.000,0.000,0.000
1778312919,39.47,33.30,40.70,0,1,,TRACK,,,0.000,0.000,0.000,0.000,0.000,0.000
1778312924,39.45,33.33,40.80,0,1,,TRACK,,,0.000,0.000,0.000,0.000,0.000,0.000
1778312929,39.46,33.31,40.80,0,1,,TRACK,,,0.000,0.000,0.000,0.000,0.000,0.000
1778312934,39.46,33.33,40.80,0,1,,TRACK,,,0.000,0.000,0.000,0.000,0.000,0.000
1778312939,39.43,33.33,40.80,0,1,,TRACK,,,0.000,0.000,0.000,0.000,0.000,0.000
1778312944,39.43,33.31,40.80,0,1,,TRACK,,,0.000,0.000,0.000,0.000,0.000,0.000
1778312949,39.43,33.31,40.80,0,1,,TRACK,,,0.000,0.000,0.000,0.000,0.000,0.000
1778312954,39.43,33.29,40.90,0,1,,TRACK,,,0.000,0.000,0.000,0.000,0.000,0.000
1778312959,39.42,33.29,40.90,0,1,,TRACK,,,0.000,0.000,0.000,0.000,0.000,0.000
1778312964,39.40,33.26,40.90,0,1,,TRACK,,,0.000,0.000,0.000,0.000,0.000,0.000
1778312969,39.39,33.29,40.90,0,1,,TRACK,,,0.000,0.000,0.000,0.000,0.000,0.000
1778312974,39.39,33.29,41.00,0,1,,TRACK,,,0.000,0.000,0.000,0.000,0.000,0.000
1778312979,39.35,33.30,41.00,0,1,,TRACK,,,0.000,0.000,0.000,0.000,0.000,0.000
1778312984,39.37,33.30,41.00,0,1,,TRACK,,,0.000,0.000,0.000,0.000,0.000,0.000
1778312989,39.37,33.31,41.00,0,1,,TRACK,,,0.000,0.000,0.000,0.000,0.000,0.000
1778312994,39.35,33.31,41.00,0,1,,TRACK,,,0.000,0.000,0.000,0.000,0.000,0.000
1778312999,39.35,33.33,41.00,0,1,,TRACK,,,0.000,0.000,0.000,0.000,0.000,0.000
1778313004,39.36,33.37,41.10,0,1,,TRACK,,,0.000,0.000,0.000,0.000,0.000,0.000
1778313009,39.35,33.34,41.10,0,1,,TRACK,,,0.000,0.000,0.000,0.000,0.000,0.000
1778313014,39.35,33.36,41.10,0,1,,TRACK,,,0.000,0.000,0.000,0.000,0.000,0.000
1778313019,39.31,33.33,41.10,0,1,,TRACK,,,0.000,0.000,0.000,0.000,0.000,0.000
1778313024,39.30,33.36,41.10,0,1,,TRACK,,,0.000,0.000,0.000,0.000,0.000,0.000
1778313029,39.31,33.36,41.10,0,1,,TRACK,,,0.000,0.000,0.000,0.000,0.000,0.000
1778313034,39.30,33.37,41.20,0,1,,TRACK,,,0.000,0.000,0.000,0.000,0.000,0.000
1778313039,39.30,33.37,41.20,0,1,,TRACK,,,0.000,0.000,0.000,0.000,0.000,0.000
1778313044,39.31,33.34,41.20,0,1,,TRACK,,,0.000,0.000,0.000,0.000,0.000,0.000
1778313049,39.27,33.37,41.20,0,1,,TRACK,,,0.000,0.000,0.000,0.000,0.000,0.000
1778313054,39.27,33.34,41.20,0,1,,TRACK,,,0.000,0.000,0.000,0.000,0.000,0.000
1778313059,39.26,33.37,41.20,0,1,,TRACK,,,0.000,0.000,0.000,0.000,0.000,0.000
1778313064,39.27,33.37,41.20,0,1,,TRACK,,,0.000,0.000,0.000,0.000,0.000,0.000
1778313069,39.26,33.40,41.30,0,1,,TRACK,,,0.000,0.000,0.000,0.000,0.000,0.000
1778313074,39.25,33.40,41.20,0,1,,TRACK,,,0.000,0.000,0.000,0.000,0.000,0.000
1778313079,39.23,33.42,41.30,0,1,,TRACK,,,0.000,0.000,0.000,0.000,0.000,0.000
1778313084,39.22,33.42,41.30,0,1,,TRACK,,,0.000,0.000,0.000,0.000,0.000,0.000
1778313089,39.23,33.42,41.30,0,1,,TRACK,,,0.000,0.000,0.000,0.000,0.000,0.000
1778313094,39.22,33.43,41.30,0,1,,TRACK,,,0.000,0.000,0.000,0.000,0.000,0.000
1778313099,39.23,33.43,41.30,0,1,,TRACK,,,0.000,0.000,0.000,0.000,0.000,0.000
1778313104,39.22,33.43,41.30,0,1,,TRACK,,,0.000,0.000,0.000,0.000,0.000,0.000
1778313109,39.22,33.43,41.40,0,1,,TRACK,,,0.000,0.000,0.000,0.000,0.000,0.000
1778313114,39.20,33.42,41.40,0,1,,TRACK,,,0.000,0.000,0.000,0.000,0.000,0.000
1778313119,39.19,33.43,41.40,0,1,,TRACK,,,0.000,0.000,0.000,0.000,0.000,0.000
1778313124,39.19,33.40,41.40,0,1,,TRACK,,,0.000,0.000,0.000,0.000,0.000,0.000
1778313129,39.18,33.42,41.40,0,1,,TRACK,,,0.000,0.000,0.000,0.000,0.000,0.000
1778313134,39.16,33.43,41.40,0,1,,TRACK,,,0.000,0.000,0.000,0.000,0.000,0.000
1778313139,39.16,33.43,41.40,0,1,,TRACK,,,0.000,0.000,0.000,0.000,0.000,0.000
1778313144,39.16,33.42,41.40,0,1,,TRACK,,,0.000,0.000,0.000,0.000,0.000,0.000
1778313149,39.15,33.43,41.50,0,1,,TRACK,,,0.000,0.000,0.000,0.000,0.000,0.000
1778313154,39.15,33.40,41.40,0,1,,TRACK,,,0.000,0.000,0.000,0.000,0.000,0.000
1778313159,39.15,33.42,41.50,0,1,,TRACK,,,0.000,0.000,0.000,0.000,0.000,0.000
1778313164,39.12,33.39,41.50,0,1,,TRACK,,,0.000,0.000,0.000,0.000,0.000,0.000
1778313169,39.13,33.37,41.50,0,1,,TRACK,,,0.000,0.000,0.000,0.000,0.000,0.000
1778313174,39.13,33.36,41.50,0,1,,TRACK,,,0.000,0.000,0.000,0.000,0.000,0.000
1778313179,39.13,33.37,41.50,0,1,,TRACK,,,0.000,0.000,0.000,0.000,0.000,0.000
1778313184,39.11,33.37,41.50,0,1,,TRACK,,,0.000,0.000,0.000,0.000,0.000,0.000
1778313189,39.12,33.37,41.50,0,1,,TRACK,,,0.000,0.000,0.000,0.000,0.000,0.000
1778313194,39.09,33.36,41.40,0,1,,TRACK,,,0.000,0.000,0.000,0.000,0.000,0.000
1778313199,39.06,33.37,41.50,0,1,,TRACK,,,0.000,0.000,0.000,0.000,0.000,0.000
1778313204,39.12,33.36,41.50,0,1,,TRACK,,,0.000,0.000,0.000,0.000,0.000,0.000
1778313209,39.06,33.40,41.40,0,1,,TRACK,,,0.000,0.000,0.000,0.000,0.000,0.000
1778313214,39.09,33.39,41.50,0,1,,TRACK,,,0.000,0.000,0.000,0.000,0.000,0.000
1778313219,39.09,33.37,41.40,0,1,,TRACK,,,0.000,0.000,0.000,0.000,0.000,0.000
1778313224,39.09,33.37,41.50,0,1,,TRACK,,,0.000,0.000,0.000,0.000,0.000,0.000
1778313229,39.08,33.34,41.50,0,1,,TRACK,,,0.000,0.000,0.000,0.000,0.000,0.000
1778313234,39.06,33.33,41.40,0,1,,TRACK,,,0.000,0.000,0.000,0.000,0.000,0.000
1778313239,39.06,33.34,41.50,0,1,,TRACK,,,0.000,0.000,0.000,0.000,0.000,0.000
1778313244,39.08,33.36,41.40,0,1,,TRACK,,,0.000,0.000,0.000,0.000,0.000,0.000
1778313249,39.05,33.33,41.40,0,1,,TRACK,,,0.000,0.000,0.000,0.000,0.000,0.000
1778313254,39.03,33.34,41.50,0,1,,TRACK,,,0.000,0.000,0.000,0.000,0.000,0.000
1778313259,39.03,33.31,41.40,0,1,,TRACK,,,0.000,0.000,0.000,0.000,0.000,0.000
1778313264,39.05,33.33,41.50,0,1,,TRACK,,,0.000,0.000,0.000,0.000,0.000,0.000
1778313269,39.02,33.30,41.40,0,1,,TRACK,,,0.000,0.000,0.000,0.000,0.000,0.000
1778313274,39.05,33.33,41.50,0,1,,TRACK,,,0.000,0.000,0.000,0.000,0.000,0.000
1778313279,39.05,33.31,41.40,0,1,,TRACK,,,0.000,0.000,0.000,0.000,0.000,0.000
1778313284,39.02,33.33,41.40,0,1,,TRACK,,,0.000,0.000,0.000,0.000,0.000,0.000
1778313289,39.01,33.33,41.40,0,1,,TRACK,,,0.000,0.000,0.000,0.000,0.000,0.000
1778313294,39.03,33.34,41.40,0,1,,TRACK,,,0.000,0.000,0.000,0.000,0.000,0.000
1778313299,39.01,33.33,41.40,0,1,,TRACK,,,0.000,0.000,0.000,0.000,0.000,0.000
1778313304,39.02,33.31,41.50,0,1,,TRACK,,,0.000,0.000,0.000,0.000,0.000,0.000
1778313309,39.02,33.33,41.40,0,1,,TRACK,,,0.000,0.000,0.000,0.000,0.000,0.000
1778313314,39.01,33.30,41.40,0,1,,TRACK,,,0.000,0.000,0.000,0.000,0.000,0.000
1778313319,39.02,33.30,41.40,0,1,,TRACK,,,0.000,0.000,0.000,0.000,0.000,0.000
1778313324,38.99,33.29,41.50,0,1,,TRACK,,,0.000,0.000,0.000,0.000,0.000,0.000
1778313329,38.98,33.29,41.50,0,1,,TRACK,,,0.000,0.000,0.000,0.000,0.000,0.000
1778313334,38.98,33.30,41.40,0,1,,TRACK,,,0.000,0.000,0.000,0.000,0.000,0.000
1778313339,38.99,33.30,41.40,0,1,,TRACK,,,0.000,0.000,0.000,0.000,0.000,0.000
1778313344,38.98,33.30,41.50,0,1,,TRACK,,,0.000,0.000,0.000,0.000,0.000,0.000
1778313349,38.98,33.31,41.50,0,1,,TRACK,,,0.000,0.000,0.000,0.000,0.000,0.000
1778313354,38.99,33.30,41.50,0,1,,TRACK,,,0.000,0.000,0.000,0.000,0.000,0.000
1778313359,38.96,33.31,41.50,0,1,,TRACK,,,0.000,0.000,0.000,0.000,0.000,0.000
1778313364,38.96,33.30,41.50,0,1,,TRACK,,,0.000,0.000,0.000,0.000,0.000,0.000
1778313369,38.94,33.30,41.50,0,1,,TRACK,,,0.000,0.000,0.000,0.000,0.000,0.000
1778313374,38.98,33.30,41.50,0,1,,TRACK,,,0.000,0.000,0.000,0.000,0.000,0.000
1778313379,38.96,33.31,41.50,0,1,,TRACK,,,0.000,0.000,0.000,0.000,0.000,0.000
1778313384,38.95,33.31,41.50,0,1,,TRACK,,,0.000,0.000,0.000,0.000,0.000,0.000
1778313389,38.96,33.31,41.50,0,1,,TRACK,,,0.000,0.000,0.000,0.000,0.000,0.000
1778313394,38.94,33.33,41.50,0,1,,TRACK,,,0.000,0.000,0.000,0.000,0.000,0.000
1778313399,38.91,33.30,41.50,0,1,,TRACK,,,0.000,0.000,0.000,0.000,0.000,0.000
1778313404,38.91,33.31,41.50,0,1,,TRACK,,,0.000,0.000,0.000,0.000,0.000,0.000
1778313409,38.90,33.36,41.50,0,1,,TRACK,,,0.000,0.000,0.000,0.000,0.000,0.000
1778313414,38.90,33.33,41.50,0,1,,TRACK,,,0.000,0.000,0.000,0.000,0.000,0.000
1778313419,38.90,33.34,41.60,0,1,,TRACK,,,0.000,0.000,0.000,0.000,0.000,0.000
1778313424,38.90,33.34,41.60,0,1,,TRACK,,,0.000,0.000,0.000,0.000,0.000,0.000
1778313429,38.90,33.33,41.50,0,1,,TRACK,,,0.000,0.000,0.000,0.000,0.000,0.000
1778313434,38.90,33.37,41.60,0,1,,TRACK,,,0.000,0.000,0.000,0.000,0.000,0.000
1778313439,38.86,33.34,41.60,0,1,,TRACK,,,0.000,0.000,0.000,0.000,0.000,0.000
1778313444,38.86,33.36,41.60,0,1,,TRACK,,,0.000,0.000,0.000,0.000,0.000,0.000
1778313449,38.90,33.34,41.50,0,1,,TRACK,,,0.000,0.000,0.000,0.000,0.000,0.000
1778313454,38.90,33.31,41.60,0,1,,TRACK,,,0.000,0.000,0.000,0.000,0.000,0.000
1778313459,38.86,33.36,41.60,0,1,,TRACK,,,0.000,0.000,0.000,0.000,0.000,0.000
1778313464,38.86,33.34,41.60,0,1,,TRACK,,,0.000,0.000,0.000,0.000,0.000,0.000
1778313469,38.85,33.36,41.60,0,1,,TRACK,,,0.000,0.000,0.000,0.000,0.000,0.000
1778313474,38.85,33.34,41.60,0,1,,TRACK,,,0.000,0.000,0.000,0.000,0.000,0.000
1778313479,38.84,33.36,41.60,0,1,,TRACK,,,0.000,0.000,0.000,0.000,0.000,0.000
1778313484,38.81,33.34,41.60,0,1,,TRACK,,,0.000,0.000,0.000,0.000,0.000,0.000
1778313489,38.81,33.37,41.60,0,1,,TRACK,,,0.000,0.000,0.000,0.000,0.000,0.000
1778313494,38.82,33.34,41.70,0,1,,TRACK,,,0.000,0.000,0.000,0.000,0.000,0.000
1778313499,38.82,33.34,41.60,0,1,,TRACK,,,0.000,0.000,0.000,0.000,0.000,0.000
1778313504,38.82,33.36,41.70,0,1,,TRACK,,,0.000,0.000,0.000,0.000,0.000,0.000
1778313509,38.81,33.34,41.60,0,1,,TRACK,,,0.000,0.000,0.000,0.000,0.000,0.000
1778313514,38.81,33.34,41.60,0,1,,TRACK,,,0.000,0.000,0.000,0.000,0.000,0.000
1778313519,38.81,33.34,41.60,0,1,,TRACK,,,0.000,0.000,0.000,0.000,0.000,0.000
1778313524,38.79,33.34,41.70,0,1,,TRACK,,,0.000,0.000,0.000,0.000,0.000,0.000
1778313529,38.78,33.34,41.70,0,1,,TRACK,,,0.000,0.000,0.000,0.000,0.000,0.000
1778313534,38.79,33.34,41.60,0,1,,TRACK,,,0.000,0.000,0.000,0.000,0.000,0.000
1778313539,38.81,33.33,41.70,0,1,,TRACK,,,0.000,0.000,0.000,0.000,0.000,0.000
1778313544,38.79,33.34,41.70,0,1,,TRACK,,,0.000,0.000,0.000,0.000,0.000,0.000
1778313549,38.76,33.33,41.70,0,1,,TRACK,,,0.000,0.000,0.000,0.000,0.000,0.000
1778313554,38.74,33.34,41.70,0,1,,TRACK,,,0.000,0.000,0.000,0.000,0.000,0.000
1778313559,38.75,33.34,41.70,0,1,,TRACK,,,0.000,0.000,0.000,0.000,0.000,0.000
1778313564,38.75,33.31,41.70,0,1,,TRACK,,,0.000,0.000,0.000,0.000,0.000,0.000
1778313569,38.75,33.33,41.70,0,1,,TRACK,,,0.000,0.000,0.000,0.000,0.000,0.000
1778313574,38.76,33.33,41.70,0,1,,TRACK,,,0.000,0.000,0.000,0.000,0.000,0.000
1778313579,38.75,33.33,41.70,0,1,,TRACK,,,0.000,0.000,0.000,0.000,0.000,0.000
1778313584,38.75,33.31,41.70,0,1,,TRACK,,,0.000,0.000,0.000,0.000,0.000,0.000
1778313589,38.74,33.33,41.70,0,1,,TRACK,,,0.000,0.000,0.000,0.000,0.000,0.000
1778313594,38.74,33.33,41.70,0,1,,TRACK,,,0.000,0.000,0.000,0.000,0.000,0.000
1778313599,38.72,33.34,41.70,0,1,,TRACK,,,0.000,0.000,0.000,0.000,0.000,0.000
1778313604,38.72,33.33,41.70,0,1,,TRACK,,,0.000,0.000,0.000,0.000,0.000,0.000
1778313609,38.71,33.34,41.80,0,1,,TRACK,,,0.000,0.000,0.000,0.000,0.000,0.000
1778313614,38.71,33.31,41.80,0,1,,TRACK,,,0.000,0.000,0.000,0.000,0.000,0.000
1778313619,38.71,33.34,41.80,0,1,,TRACK,,,0.000,0.000,0.000,0.000,0.000,0.000
1778313624,38.71,33.34,41.70,0,1,,TRACK,,,0.000,0.000,0.000,0.000,0.000,0.000
1778313629,38.70,33.33,41.80,0,1,,TRACK,,,0.000,0.000,0.000,0.000,0.000,0.000
1778313634,38.70,33.36,41.70,0,1,,TRACK,,,0.000,0.000,0.000,0.000,0.000,0.000
1778313639,38.70,33.34,41.70,0,1,,TRACK,,,0.000,0.000,0.000,0.000,0.000,0.000
1778313644,38.67,33.37,41.80,0,1,,TRACK,,,0.000,0.000,0.000,0.000,0.000,0.000
1778313649,38.70,33.36,41.70,0,1,,TRACK,,,0.000,0.000,0.000,0.000,0.000,0.000
1778313654,38.67,33.36,41.80,0,1,,TRACK,,,0.000,0.000,0.000,0.000,0.000,0.000
1778313659,38.68,33.34,41.70,0,1,,TRACK,,,0.000,0.000,0.000,0.000,0.000,0.000
1778313664,38.65,33.34,41.80,0,1,,TRACK,,,0.000,0.000,0.000,0.000,0.000,0.000
1778313669,38.65,33.34,41.80,0,1,,TRACK,,,0.000,0.000,0.000,0.000,0.000,0.000
1778313674,38.67,33.36,41.80,0,1,,TRACK,,,0.000,0.000,0.000,0.000,0.000,0.000
1778313679,38.65,33.36,41.80,0,1,,TRACK,,,0.000,0.000,0.000,0.000,0.000,0.000
1778313684,38.65,33.36,41.80,0,1,,TRACK,,,0.000,0.000,0.000,0.000,0.000,0.000
1778313689,38.60,33.36,41.80,0,1,,TRACK,,,0.000,0.000,0.000,0.000,0.000,0.000
1778313694,38.63,33.36,41.80,0,1,,TRACK,,,0.000,0.000,0.000,0.000,0.000,0.000
1778313699,38.64,33.34,41.90,0,1,,TRACK,,,0.000,0.000,0.000,0.000,0.000,0.000
1778313704,38.61,33.34,41.80,0,1,,TRACK,,,0.000,0.000,0.000,0.000,0.000,0.000
1778313709,38.61,33.34,41.80,0,1,,TRACK,,,0.000,0.000,0.000,0.000,0.000,0.000
1778313714,38.63,33.34,41.90,0,1,,TRACK,,,0.000,0.000,0.000,0.000,0.000,0.000
1778313719,38.61,33.36,41.80,0,1,,TRACK,,,0.000,0.000,0.000,0.000,0.000,0.000
1778313724,38.60,33.36,41.90,0,1,,TRACK,,,0.000,0.000,0.000,0.000,0.000,0.000
1778313729,38.58,33.34,41.80,0,1,,TRACK,,,0.000,0.000,0.000,0.000,0.000,0.000
1778313734,38.60,33.36,41.90,0,1,,TRACK,,,0.000,0.000,0.000,0.000,0.000,0.000
1778313739,38.61,33.36,41.90,0,1,,TRACK,,,0.000,0.000,0.000,0.000,0.000,0.000
1778313744,38.60,33.31,42.00,0,1,,TRACK,,,0.000,0.000,0.000,0.000,0.000,0.000
1778313749,38.55,33.36,41.90,0,1,,TRACK,,,0.000,0.000,0.000,0.000,0.000,0.000
1778313754,38.55,33.33,41.90,0,1,,TRACK,,,0.000,0.000,0.000,0.000,0.000,0.000
1778313759,38.57,33.34,41.90,0,1,,TRACK,,,0.000,0.000,0.000,0.000,0.000,0.000
1778313764,38.54,33.36,41.90,0,1,,TRACK,,,0.000,0.000,0.000,0.000,0.000,0.000
1778313769,38.54,33.34,41.90,0,1,,TRACK,,,0.000,0.000,0.000,0.000,0.000,0.000
1778313774,38.54,33.36,41.90,0,1,,TRACK,,,0.000,0.000,0.000,0.000,0.000,0.000
1778313779,38.53,33.36,41.90,0,1,,TRACK,,,0.000,0.000,0.000,0.000,0.000,0.000
1778313784,38.54,33.33,41.90,0,1,,TRACK,,,0.000,0.000,0.000,0.000,0.000,0.000
1778313789,38.57,33.33,41.90,0,1,,TRACK,,,0.000,0.000,0.000,0.000,0.000,0.000
1778313794,38.54,33.33,42.00,0,1,,TRACK,,,0.000,0.000,0.000,0.000,0.000,0.000
1778313799,38.53,33.34,41.90,0,1,,TRACK,,,0.000,0.000,0.000,0.000,0.000,0.000
1778313804,38.53,33.33,42.00,0,1,,TRACK,,,0.000,0.000,0.000,0.000,0.000,0.000
1778313809,38.53,33.34,42.00,0,1,,TRACK,,,0.000,0.000,0.000,0.000,0.000,0.000
1778313814,38.53,33.34,42.00,0,1,,TRACK,,,0.000,0.000,0.000,0.000,0.000,0.000
1778313819,38.50,33.31,42.00,0,1,,TRACK,,,0.000,0.000,0.000,0.000,0.000,0.000
1778313824,38.51,33.33,42.00,0,1,,TRACK,,,0.000,0.000,0.000,0.000,0.000,0.000
1778313829,38.53,33.33,42.00,0,1,,TRACK,,,0.000,0.000,0.000,0.000,0.000,0.000
1778313834,38.48,33.31,42.00,0,1,,TRACK,,,0.000,0.000,0.000,0.000,0.000,0.000
1778313839,38.48,33.30,42.00,0,1,,TRACK,,,0.000,0.000,0.000,0.000,0.000,0.000
1778313844,38.48,33.30,42.00,0,1,,TRACK,,,0.000,0.000,0.000,0.000,0.000,0.000
1778313849,38.46,33.34,42.00,0,1,,TRACK,,,0.000,0.000,0.000,0.000,0.000,0.000
1778313854,38.48,33.33,42.00,0,1,,TRACK,,,0.000,0.000,0.000,0.000,0.000,0.000
1778313859,38.47,33.31,42.00,0,1,,TRACK,,,0.000,0.000,0.000,0.000,0.000,0.000
1778313864,38.46,33.30,42.00,0,1,,TRACK,,,0.000,0.000,0.000,0.000,0.000,0.000
1778313869,38.46,33.30,42.10,0,1,,TRACK,,,0.000,0.000,0.000,0.000,0.000,0.000
1778313874,38.48,33.29,42.00,0,1,,TRACK,,,0.000,0.000,0.000,0.000,0.000,0.000
1778313879,38.44,33.30,42.10,0,1,,TRACK,,,0.000,0.000,0.000,0.000,0.000,0.000
1778313884,38.46,33.29,42.10,0,1,,TRACK,,,0.000,0.000,0.000,0.000,0.000,0.000
1778313889,38.43,33.29,42.10,0,1,,TRACK,,,0.000,0.000,0.000,0.000,0.000,0.000
1778313894,38.44,33.30,42.10,0,1,,TRACK,,,0.000,0.000,0.000,0.000,0.000,0.000
1778313899,38.43,33.29,42.10,0,1,,TRACK,,,0.000,0.000,0.000,0.000,0.000,0.000
1778313904,38.44,33.29,42.10,0,1,,TRACK,,,0.000,0.000,0.000,0.000,0.000,0.000
1778313909,38.43,33.27,42.20,0,1,,TRACK,,,0.000,0.000,0.000,0.000,0.000,0.000
1778313914,38.41,33.29,42.10,0,1,,TRACK,,,0.000,0.000,0.000,0.000,0.000,0.000
1778313919,38.41,33.27,42.10,0,1,,TRACK,,,0.000,0.000,0.000,0.000,0.000,0.000
1778313924,38.40,33.29,42.10,0,1,,TRACK,,,0.000,0.000,0.000,0.000,0.000,0.000
1778313929,38.41,33.29,42.10,0,1,,TRACK,,,0.000,0.000,0.000,0.000,0.000,0.000
1778313934,38.41,33.30,42.10,0,1,,TRACK,,,0.000,0.000,0.000,0.000,0.000,0.000
1778313939,38.41,33.29,42.10,0,1,,TRACK,,,0.000,0.000,0.000,0.000,0.000,0.000
1778313944,38.38,33.29,42.20,0,1,,TRACK,,,0.000,0.000,0.000,0.000,0.000,0.000
1778313949,38.40,33.30,42.10,0,1,,TRACK,,,0.000,0.000,0.000,0.000,0.000,0.000
1778313954,38.38,33.29,42.20,0,1,,TRACK,,,0.000,0.000,0.000,0.000,0.000,0.000
1778313959,38.38,33.31,42.10,0,1,,TRACK,,,0.000,0.000,0.000,0.000,0.000,0.000
1778313964,38.38,33.33,42.20,0,1,,TRACK,,,0.000,0.000,0.000,0.000,0.000,0.000
1778313969,38.37,33.31,42.20,0,1,,TRACK,,,0.000,0.000,0.000,0.000,0.000,0.000
1778313974,38.37,33.31,42.20,0,1,,TRACK,,,0.000,0.000,0.000,0.000,0.000,0.000
1778313979,38.33,33.30,42.20,0,1,,TRACK,,,0.000,0.000,0.000,0.000,0.000,0.000
1778313984,38.34,33.30,42.20,0,1,,TRACK,,,0.000,0.000,0.000,0.000,0.000,0.000
1778313989,38.34,33.31,42.20,0,1,,TRACK,,,0.000,0.000,0.000,0.000,0.000,0.000
1778313994,38.37,33.29,42.20,0,1,,TRACK,,,0.000,0.000,0.000,0.000,0.000,0.000
1778313999,38.34,33.29,42.20,0,1,,TRACK,,,0.000,0.000,0.000,0.000,0.000,0.000
1778314004,38.36,33.29,42.20,0,1,,TRACK,,,0.000,0.000,0.000,0.000,0.000,0.000
1778314009,38.36,33.29,42.20,0,1,,TRACK,,,0.000,0.000,0.000,0.000,0.000,0.000
1778314014,38.34,33.29,42.20,0,1,,TRACK,,,0.000,0.000,0.000,0.000,0.000,0.000
1778314019,38.34,33.30,42.30,0,1,,TRACK,,,0.000,0.000,0.000,0.000,0.000,0.000
1778314024,38.31,33.31,42.20,0,1,,TRACK,,,0.000,0.000,0.000,0.000,0.000,0.000
1778314029,38.33,33.30,42.20,0,1,,TRACK,,,0.000,0.000,0.000,0.000,0.000,0.000
1778314034,38.33,33.30,42.20,0,1,,TRACK,,,0.000,0.000,0.000,0.000,0.000,0.000
1778314039,38.31,33.29,42.20,0,1,,TRACK,,,0.000,0.000,0.000,0.000,0.000,0.000
1778314044,38.34,33.31,42.20,0,1,,TRACK,,,0.000,0.000,0.000,0.000,0.000,0.000
1778314049,38.30,33.31,42.30,0,1,,TRACK,,,0.000,0.000,0.000,0.000,0.000,0.000
1778314054,38.33,33.29,42.30,0,1,,TRACK,,,0.000,0.000,0.000,0.000,0.000,0.000
1778314059,38.31,33.26,42.30,0,1,,TRACK,,,0.000,0.000,0.000,0.000,0.000,0.000
1778314064,38.27,33.29,42.30,0,1,,TRACK,,,0.000,0.000,0.000,0.000,0.000,0.000
1778314069,38.29,33.29,42.30,0,1,,TRACK,,,0.000,0.000,0.000,0.000,0.000,0.000
1778314074,38.29,33.26,42.30,0,1,,TRACK,,,0.000,0.000,0.000,0.000,0.000,0.000
1778314079,38.27,33.27,42.30,0,1,,TRACK,,,0.000,0.000,0.000,0.000,0.000,0.000
1778314084,38.29,33.26,42.40,0,1,,TRACK,,,0.000,0.000,0.000,0.000,0.000,0.000
1778314089,38.27,33.29,42.40,0,1,,TRACK,,,0.000,0.000,0.000,0.000,0.000,0.000
1778314094,38.27,33.27,42.30,0,1,,TRACK,,,0.000,0.000,0.000,0.000,0.000,0.000
1778314099,38.26,33.26,42.40,0,1,,TRACK,,,0.000,0.000,0.000,0.000,0.000,0.000
1778314104,38.26,33.27,42.40,0,1,,TRACK,,,0.000,0.000,0.000,0.000,0.000,0.000
1778314109,38.24,33.26,42.30,0,1,,TRACK,,,0.000,0.000,0.000,0.000,0.000,0.000
1778314114,38.23,33.27,42.40,0,1,,TRACK,,,0.000,0.000,0.000,0.000,0.000,0.000
1778314119,38.26,33.29,42.40,0,1,,TRACK,,,0.000,0.000,0.000,0.000,0.000,0.000
1778314124,38.23,33.27,42.40,0,1,,TRACK,,,0.000,0.000,0.000,0.000,0.000,0.000
1778314129,38.24,33.29,42.40,0,1,,TRACK,,,0.000,0.000,0.000,0.000,0.000,0.000
1778314134,38.23,33.30,42.40,0,1,,TRACK,,,0.000,0.000,0.000,0.000,0.000,0.000
1778314139,38.24,33.27,42.40,0,1,,TRACK,,,0.000,0.000,0.000,0.000,0.000,0.000
1778314144,38.23,33.27,42.40,0,1,,TRACK,,,0.000,0.000,0.000,0.000,0.000,0.000
1778314149,38.21,33.30,42.40,0,1,,TRACK,,,0.000,0.000,0.000,0.000,0.000,0.000
1778314154,38.23,33.27,42.50,0,1,,TRACK,,,0.000,0.000,0.000,0.000,0.000,0.000
1778314159,38.20,33.26,42.50,0,1,,TRACK,,,0.000,0.000,0.000,0.000,0.000,0.000
1778314164,38.21,33.27,42.40,0,1,,TRACK,,,0.000,0.000,0.000,0.000,0.000,0.000
1778314169,38.21,33.27,42.50,0,1,,TRACK,,,0.000,0.000,0.000,0.000,0.000,0.000
1778314174,38.20,33.26,42.50,0,1,,TRACK,,,0.000,0.000,0.000,0.000,0.000,0.000
1778314179,38.17,33.26,42.50,0,1,,TRACK,,,0.000,0.000,0.000,0.000,0.000,0.000
1778314184,38.20,33.30,42.50,0,1,,TRACK,,,0.000,0.000,0.000,0.000,0.000,0.000
1778314189,38.19,33.29,42.50,0,1,,TRACK,,,0.000,0.000,0.000,0.000,0.000,0.000
1778314194,38.20,33.30,42.50,0,1,,TRACK,,,0.000,0.000,0.000,0.000,0.000,0.000
1778314199,38.20,33.29,42.50,0,1,,TRACK,,,0.000,0.000,0.000,0.000,0.000,0.000
1778314204,38.16,33.30,42.50,0,1,,TRACK,,,0.000,0.000,0.000,0.000,0.000,0.000
1778314209,38.17,33.30,42.60,0,1,,TRACK,,,0.000,0.000,0.000,0.000,0.000,0.000
1778314214,38.17,33.30,42.50,0,1,,TRACK,,,0.000,0.000,0.000,0.000,0.000,0.000
1778314219,38.17,33.30,42.60,0,1,,TRACK,,,0.000,0.000,0.000,0.000,0.000,0.000
1778314224,38.17,33.30,42.50,0,1,,TRACK,,,0.000,0.000,0.000,0.000,0.000,0.000
1778314229,38.16,33.29,42.50,0,1,,TRACK,,,0.000,0.000,0.000,0.000,0.000,0.000
1778314234,38.17,33.30,42.60,0,1,,TRACK,,,0.000,0.000,0.000,0.000,0.000,0.000
1778314239,38.16,33.30,42.50,0,1,,TRACK,,,0.000,0.000,0.000,0.000,0.000,0.000
1778314244,38.16,33.31,42.50,0,1,,TRACK,,,0.000,0.000,0.000,0.000,0.000,0.000
1778314249,38.15,33.30,42.60,0,1,,TRACK,,,0.000,0.000,0.000,0.000,0.000,0.000
1778314254,38.16,33.30,42.60,0,1,,TRACK,,,0.000,0.000,0.000,0.000,0.000,0.000
1778314259,38.16,33.29,42.60,0,1,,TRACK,,,0.000,0.000,0.000,0.000,0.000,0.000
1778314264,38.12,33.29,42.60,0,1,,TRACK,,,0.000,0.000,0.000,0.000,0.000,0.000
1778314269,38.16,33.31,42.60,0,1,,TRACK,,,0.000,0.000,0.000,0.000,0.000,0.000
1778314274,38.12,33.30,42.60,0,1,,TRACK,,,0.000,0.000,0.000,0.000,0.000,0.000
1778314279,38.13,33.31,42.70,0,1,,TRACK,,,0.000,0.000,0.000,0.000,0.000,0.000
1778314284,38.12,33.30,42.70,0,1,,TRACK,,,0.000,0.000,0.000,0.000,0.000,0.000
1778314289,38.13,33.31,42.60,0,1,,TRACK,,,0.000,0.000,0.000,0.000,0.000,0.000
1778314294,38.09,33.29,42.70,0,1,,TRACK,,,0.000,0.000,0.000,0.000,0.000,0.000
1778314299,38.09,33.29,42.70,0,1,,TRACK,,,0.000,0.000,0.000,0.000,0.000,0.000
1778314304,38.10,33.29,42.70,0,1,,TRACK,,,0.000,0.000,0.000,0.000,0.000,0.000
1778314309,38.12,33.30,42.70,0,1,,TRACK,,,0.000,0.000,0.000,0.000,0.000,0.000
1778314314,38.09,33.30,42.70,0,1,,TRACK,,,0.000,0.000,0.000,0.000,0.000,0.000
1778314319,38.09,33.30,42.70,0,1,,TRACK,,,0.000,0.000,0.000,0.000,0.000,0.000
1778314324,38.09,33.30,42.70,0,1,,TRACK,,,0.000,0.000,0.000,0.000,0.000,0.000
1778314329,38.09,33.29,42.70,0,1,,TRACK,,,0.000,0.000,0.000,0.000,0.000,0.000
1778314334,38.09,33.30,42.70,0,1,,TRACK,,,0.000,0.000,0.000,0.000,0.000,0.000
1778314339,38.09,33.30,42.70,0,1,,TRACK,,,0.000,0.000,0.000,0.000,0.000,0.000
1778314344,38.10,33.29,42.70,0,1,,TRACK,,,0.000,0.000,0.000,0.000,0.000,0.000
1778314349,38.05,33.29,42.70,0,1,,TRACK,,,0.000,0.000,0.000,0.000,0.000,0.000
1778314354,38.06,33.29,42.70,0,1,,TRACK,,,0.000,0.000,0.000,0.000,0.000,0.000
1778314359,38.06,33.29,42.70,0,1,,TRACK,,,0.000,0.000,0.000,0.000,0.000,0.000
1778314364,38.06,33.29,42.80,0,1,,TRACK,,,0.000,0.000,0.000,0.000,0.000,0.000
1778314369,38.05,33.26,42.70,0,1,,TRACK,,,0.000,0.000,0.000,0.000,0.000,0.000
1778314374,38.03,33.23,42.80,0,1,,TRACK,,,0.000,0.000,0.000,0.000,0.000,0.000
1778314379,38.03,33.26,42.80,0,1,,TRACK,,,0.000,0.000,0.000,0.000,0.000,0.000
1778314384,38.05,33.24,42.80,0,1,,TRACK,,,0.000,0.000,0.000,0.000,0.000,0.000
1778314389,38.05,33.27,42.80,0,1,,TRACK,,,0.000,0.000,0.000,0.000,0.000,0.000
1778314394,38.05,33.24,42.90,0,1,,TRACK,,,0.000,0.000,0.000,0.000,0.000,0.000
1778314399,38.03,33.23,42.90,0,1,,TRACK,,,0.000,0.000,0.000,0.000,0.000,0.000
1778314404,38.03,33.20,42.90,0,1,,TRACK,,,0.000,0.000,0.000,0.000,0.000,0.000
1778314409,38.03,33.20,42.90,0,1,,TRACK,,,0.000,0.000,0.000,0.000,0.000,0.000
1778314414,38.02,33.22,42.90,0,1,,TRACK,,,0.000,0.000,0.000,0.000,0.000,0.000
1778314419,38.00,33.22,42.90,0,1,,TRACK,,,0.000,0.000,0.000,0.000,0.000,0.000
1778314424,38.02,33.20,42.90,0,1,,TRACK,,,0.000,0.000,0.000,0.000,0.000,0.000
1778314429,38.00,33.19,42.90,0,1,,TRACK,,,0.000,0.000,0.000,0.000,0.000,0.000
1778314434,38.00,33.20,43.00,0,1,,TRACK,,,0.000,0.000,0.000,0.000,0.000,0.000
1778314439,37.99,33.20,43.00,0,1,,TRACK,,,0.000,0.000,0.000,0.000,0.000,0.000
1778314444,38.02,33.20,43.00,0,1,,TRACK,,,0.000,0.000,0.000,0.000,0.000,0.000
1778314449,37.99,33.20,43.00,0,1,,TRACK,,,0.000,0.000,0.000,0.000,0.000,0.000
1778314454,37.98,33.22,43.00,0,1,,TRACK,,,0.000,0.000,0.000,0.000,0.000,0.000
1778314459,37.98,33.20,43.00,0,1,,TRACK,,,0.000,0.000,0.000,0.000,0.000,0.000
1778314464,37.99,33.22,43.00,0,1,,TRACK,,,0.000,0.000,0.000,0.000,0.000,0.000
1778314469,37.96,33.20,43.00,0,1,,TRACK,,,0.000,0.000,0.000,0.000,0.000,0.000
1778314474,37.98,33.20,43.00,0,1,,TRACK,,,0.000,0.000,0.000,0.000,0.000,0.000
1778314479,37.98,33.22,43.10,0,1,,TRACK,,,0.000,0.000,0.000,0.000,0.000,0.000
1778314484,37.96,33.17,43.00,0,1,,TRACK,,,0.000,0.000,0.000,0.000,0.000,0.000
1778314489,37.96,33.17,43.10,0,1,,TRACK,,,0.000,0.000,0.000,0.000,0.000,0.000
1778314494,37.98,33.16,43.10,0,1,,TRACK,,,0.000,0.000,0.000,0.000,0.000,0.000
1778314499,37.96,33.22,43.10,0,1,,TRACK,,,0.000,0.000,0.000,0.000,0.000,0.000
1778314504,37.93,33.20,43.10,0,1,,TRACK,,,0.000,0.000,0.000,0.000,0.000,0.000
1778314509,37.94,33.22,43.10,0,1,,TRACK,,,0.000,0.000,0.000,0.000,0.000,0.000
1778314514,37.93,33.22,43.10,0,1,,TRACK,,,0.000,0.000,0.000,0.000,0.000,0.000
1778314519,37.96,33.20,43.10,0,1,,TRACK,,,0.000,0.000,0.000,0.000,0.000,0.000
1778314524,37.93,33.23,43.10,0,1,,TRACK,,,0.000,0.000,0.000,0.000,0.000,0.000
1778314529,37.93,33.23,43.10,0,1,,TRACK,,,0.000,0.000,0.000,0.000,0.000,0.000
1778314534,37.92,33.24,43.10,0,1,,TRACK,,,0.000,0.000,0.000,0.000,0.000,0.000
1778314539,37.94,33.20,43.20,0,1,,TRACK,,,0.000,0.000,0.000,0.000,0.000,0.000
1778314544,37.93,33.23,43.10,0,1,,TRACK,,,0.000,0.000,0.000,0.000,0.000,0.000
1778314549,37.93,33.23,43.20,0,1,,TRACK,,,0.000,0.000,0.000,0.000,0.000,0.000
1778314554,37.92,33.22,43.10,0,1,,TRACK,,,0.000,0.000,0.000,0.000,0.000,0.000
1778314559,37.88,33.23,43.20,0,1,,TRACK,,,0.000,0.000,0.000,0.000,0.000,0.000
1778314564,37.90,33.24,43.20,0,1,,TRACK,,,0.000,0.000,0.000,0.000,0.000,0.000
1778314569,37.89,33.23,43.20,0,1,,TRACK,,,0.000,0.000,0.000,0.000,0.000,0.000
1778314574,37.90,33.22,43.20,0,1,,TRACK,,,0.000,0.000,0.000,0.000,0.000,0.000
1778314579,37.89,33.22,43.20,0,1,,TRACK,,,0.000,0.000,0.000,0.000,0.000,0.000
1778314584,37.88,33.20,43.20,0,1,,TRACK,,,0.000,0.000,0.000,0.000,0.000,0.000
1778314589,37.88,33.23,43.20,0,1,,TRACK,,,0.000,0.000,0.000,0.000,0.000,0.000
1778314594,37.88,33.22,43.20,0,1,,TRACK,,,0.000,0.000,0.000,0.000,0.000,0.000
1778314599,37.88,33.22,43.20,0,1,,TRACK,,,0.000,0.000,0.000,0.000,0.000,0.000
1778314604,37.86,33.22,43.20,0,1,,TRACK,,,0.000,0.000,0.000,0.000,0.000,0.000
1778314609,37.89,33.22,43.20,0,1,,TRACK,,,0.000,0.000,0.000,0.000,0.000,0.000
1778314614,37.88,33.22,43.20,0,1,,TRACK,,,0.000,0.000,0.000,0.000,0.000,0.000
1778314619,37.86,33.22,43.30,0,1,,TRACK,,,0.000,0.000,0.000,0.000,0.000,0.000
1778314624,37.88,33.22,43.20,0,1,,TRACK,,,0.000,0.000,0.000,0.000,0.000,0.000
1778314629,37.88,33.20,43.30,0,1,,TRACK,,,0.000,0.000,0.000,0.000,0.000,0.000
1778314634,37.86,33.22,43.30,0,1,,TRACK,,,0.000,0.000,0.000,0.000,0.000,0.000
1778314639,37.86,33.22,43.30,0,1,,TRACK,,,0.000,0.000,0.000,0.000,0.000,0.000
1778314644,37.82,33.22,43.30,0,1,,TRACK,,,0.000,0.000,0.000,0.000,0.000,0.000
1778314649,37.86,33.23,43.30,0,1,,TRACK,,,0.000,0.000,0.000,0.000,0.000,0.000
1778314654,37.85,33.20,43.30,0,1,,TRACK,,,0.000,0.000,0.000,0.000,0.000,0.000
1778314659,37.83,33.20,43.40,0,1,,TRACK,,,0.000,0.000,0.000,0.000,0.000,0.000
1778314664,37.83,33.20,43.30,0,1,,TRACK,,,0.000,0.000,0.000,0.000,0.000,0.000
1778314669,37.85,33.20,43.30,0,1,,TRACK,,,0.000,0.000,0.000,0.000,0.000,0.000
1778314674,37.83,33.20,43.40,0,1,,TRACK,,,0.000,0.000,0.000,0.000,0.000,0.000
1778314679,37.83,33.19,43.40,0,1,,TRACK,,,0.000,0.000,0.000,0.000,0.000,0.000
1778314684,37.83,33.20,43.30,0,1,,TRACK,,,0.000,0.000,0.000,0.000,0.000,0.000
1778314689,37.82,33.22,43.30,0,1,,TRACK,,,0.000,0.000,0.000,0.000,0.000,0.000
1778314694,37.82,33.20,43.40,0,1,,TRACK,,,0.000,0.000,0.000,0.000,0.000,0.000
1778314699,37.81,33.19,43.40,0,1,,TRACK,,,0.000,0.000,0.000,0.000,0.000,0.000
1778314704,37.82,33.22,43.40,0,1,,TRACK,,,0.000,0.000,0.000,0.000,0.000,0.000
1778314709,37.81,33.19,43.40,0,1,,TRACK,,,0.000,0.000,0.000,0.000,0.000,0.000
1778314714,37.81,33.19,43.40,0,1,,TRACK,,,0.000,0.000,0.000,0.000,0.000,0.000
1778314719,37.79,33.17,43.50,0,1,,TRACK,,,0.000,0.000,0.000,0.000,0.000,0.000
1778314724,37.79,33.16,43.40,0,1,,TRACK,,,0.000,0.000,0.000,0.000,0.000,0.000
1778314729,37.79,33.16,43.50,0,1,,TRACK,,,0.000,0.000,0.000,0.000,0.000,0.000
1778314734,37.78,33.17,43.40,0,1,,TRACK,,,0.000,0.000,0.000,0.000,0.000,0.000
1778314739,37.75,33.16,43.40,0,1,,TRACK,,,0.000,0.000,0.000,0.000,0.000,0.000
1778314744,37.79,33.16,43.40,0,1,,TRACK,,,0.000,0.000,0.000,0.000,0.000,0.000
1778314749,37.78,33.16,43.40,0,1,,TRACK,,,0.000,0.000,0.000,0.000,0.000,0.000
1778314754,37.79,33.17,43.50,0,1,,TRACK,,,0.000,0.000,0.000,0.000,0.000,0.000
1778314759,37.78,33.19,43.50,0,1,,TRACK,,,0.000,0.000,0.000,0.000,0.000,0.000
1778314764,37.76,33.17,43.50,0,1,,TRACK,,,0.000,0.000,0.000,0.000,0.000,0.000
1778314769,37.75,33.19,43.50,0,1,,TRACK,,,0.000,0.000,0.000,0.000,0.000,0.000
1778314774,37.75,33.20,43.50,0,1,,TRACK,,,0.000,0.000,0.000,0.000,0.000,0.000
1778314779,37.78,33.17,43.50,0,1,,TRACK,,,0.000,0.000,0.000,0.000,0.000,0.000
1778314784,37.75,33.19,43.50,0,1,,TRACK,,,0.000,0.000,0.000,0.000,0.000,0.000
1778314789,37.75,33.17,43.50,0,1,,TRACK,,,0.000,0.000,0.000,0.000,0.000,0.000
1778314794,37.75,33.19,43.50,0,1,,TRACK,,,0.000,0.000,0.000,0.000,0.000,0.000
1778314799,37.74,33.19,43.60,0,1,,TRACK,,,0.000,0.000,0.000,0.000,0.000,0.000
1778314804,37.75,33.17,43.50,0,1,,TRACK,,,0.000,0.000,0.000,0.000,0.000,0.000
1778314809,37.74,33.22,43.60,0,1,,TRACK,,,0.000,0.000,0.000,0.000,0.000,0.000
1778314814,37.74,33.19,43.60,0,1,,TRACK,,,0.000,0.000,0.000,0.000,0.000,0.000
1778314819,37.74,33.19,43.60,0,1,,TRACK,,,0.000,0.000,0.000,0.000,0.000,0.000
1778314824,37.74,33.19,43.60,0,1,,TRACK,,,0.000,0.000,0.000,0.000,0.000,0.000
1778314829,37.74,33.19,43.60,0,1,,TRACK,,,0.000,0.000,0.000,0.000,0.000,0.000
1778314834,37.74,33.16,43.60,0,1,,TRACK,,,0.000,0.000,0.000,0.000,0.000,0.000
1778314839,37.72,33.17,43.60,0,1,,TRACK,,,0.000,0.000,0.000,0.000,0.000,0.000
1778314844,37.71,33.19,43.60,0,1,,TRACK,,,0.000,0.000,0.000,0.000,0.000,0.000
1778314849,37.72,33.16,43.60,0,1,,TRACK,,,0.000,0.000,0.000,0.000,0.000,0.000
1778314854,37.72,33.19,43.60,0,1,,TRACK,,,0.000,0.000,0.000,0.000,0.000,0.000
1778314859,37.71,33.15,43.60,0,1,,TRACK,,,0.000,0.000,0.000,0.000,0.000,0.000
1778314864,37.71,33.17,43.60,0,1,,TRACK,,,0.000,0.000,0.000,0.000,0.000,0.000
1778314869,37.69,33.19,43.70,100,1,,TRACK,,,0.000,0.000,0.000,0.000,0.000,0.000
1778314874,37.71,33.19,43.70,100,1,,TRACK,,,0.000,0.000,0.000,0.000,0.000,0.000
1778314879,37.69,33.15,43.60,100,1,,TRACK,,,0.000,0.000,0.000,0.000,0.000,0.000
1778314884,37.71,33.19,43.70,100,1,,TRACK,,,0.000,0.000,0.000,0.000,0.000,0.000
1778314889,37.72,33.17,43.60,100,1,,TRACK,,,0.000,0.000,0.000,0.000,0.000,0.000
1778314894,37.78,33.16,43.60,100,1,,TRACK,,,0.000,0.000,0.000,0.000,0.000,0.000
1778314899,37.79,33.17,43.60,100,1,,TRACK,,,0.000,0.000,0.000,0.000,0.000,0.000
1778314904,37.89,33.19,43.40,100,1,,TRACK,,,0.000,0.000,0.000,0.000,0.000,0.000
1778314909,37.99,33.16,43.30,100,1,,TRACK,,,0.000,0.000,0.000,0.000,0.000,0.000
1778314914,38.09,33.19,43.20,100,1,,TRACK,,,0.000,0.000,0.000,0.000,0.000,0.000
1778314919,38.17,33.17,43.00,100,1,,TRACK,,,0.000,0.000,0.000,0.000,0.000,0.000
1778314924,38.33,33.17,42.80,0,1,,TRACK,,,0.000,0.000,0.000,0.000,0.000,0.000
1778314929,38.44,33.19,42.70,0,1,,TRACK,,,0.000,0.000,0.000,0.000,0.000,0.000
1778314934,38.54,33.19,42.50,0,1,,TRACK,,,0.000,0.000,0.000,0.000,0.000,0.000
1778314939,38.70,33.20,42.30,0,1,,TRACK,,,0.000,0.000,0.000,0.000,0.000,0.000
1778314944,38.79,33.17,42.10,0,1,,TRACK,,,0.000,0.000,0.000,0.000,0.000,0.000
1778314949,38.91,33.19,41.90,0,1,,TRACK,,,0.000,0.000,0.000,0.000,0.000,0.000
1778314954,38.99,33.20,41.80,0,1,,TRACK,,,0.000,0.000,0.000,0.000,0.000,0.000
1778314959,39.05,33.19,41.70,0,1,,TRACK,,,0.000,0.000,0.000,0.000,0.000,0.000
1778314964,39.08,33.20,41.60,0,1,,TRACK,,,0.000,0.000,0.000,0.000,0.000,0.000
1778314969,39.15,33.17,41.50,0,1,,TRACK,,,0.000,0.000,0.000,0.000,0.000,0.000
1778314974,39.20,33.17,41.50,0,1,,TRACK,,,0.000,0.000,0.000,0.000,0.000,0.000
1778314979,39.20,33.19,41.50,0,1,,TRACK,,,0.000,0.000,0.000,0.000,0.000,0.000
1778314984,39.23,33.19,41.30,0,1,,TRACK,,,0.000,0.000,0.000,0.000,0.000,0.000
1778314989,39.25,33.17,41.40,0,1,,TRACK,,,0.000,0.000,0.000,0.000,0.000,0.000
1778314994,39.23,33.17,41.40,0,1,,TRACK,,,0.000,0.000,0.000,0.000,0.000,0.000
1778314999,39.22,33.19,41.40,0,1,,TRACK,,,0.000,0.000,0.000,0.000,0.000,0.000
1778315004,39.25,33.17,41.40,0,1,,TRACK,,,0.000,0.000,0.000,0.000,0.000,0.000
1778315009,39.23,33.17,41.40,0,1,,TRACK,,,0.000,0.000,0.000,0.000,0.000,0.000
1778315014,39.20,33.17,41.50,0,1,,TRACK,,,0.000,0.000,0.000,0.000,0.000,0.000
1778315019,39.19,33.17,41.50,0,1,,TRACK,,,0.000,0.000,0.000,0.000,0.000,0.000
1778315024,39.15,33.19,41.40,0,1,,TRACK,,,0.000,0.000,0.000,0.000,0.000,0.000
1778315029,39.15,33.19,41.50,0,1,,TRACK,,,0.000,0.000,0.000,0.000,0.000,0.000
1778315034,39.12,33.19,41.60,0,1,,TRACK,,,0.000,0.000,0.000,0.000,0.000,0.000
1778315039,39.06,33.19,41.60,0,1,,TRACK,,,0.000,0.000,0.000,0.000,0.000,0.000
1778315044,39.06,33.16,41.60,0,1,,TRACK,,,0.000,0.000,0.000,0.000,0.000,0.000
1778315049,39.02,33.20,41.70,0,1,,TRACK,,,0.000,0.000,0.000,0.000,0.000,0.000
1778315054,38.98,33.19,41.70,0,1,,TRACK,,,0.000,0.000,0.000,0.000,0.000,0.000
1778315059,38.96,33.19,41.80,0,1,,TRACK,,,0.000,0.000,0.000,0.000,0.000,0.000
1778315064,38.94,33.17,41.80,0,1,,TRACK,,,0.000,0.000,0.000,0.000,0.000,0.000
1778315069,38.88,33.19,41.90,0,1,,TRACK,,,0.000,0.000,0.000,0.000,0.000,0.000
1778315074,38.84,33.16,42.00,0,1,,TRACK,,,0.000,0.000,0.000,0.000,0.000,0.000
1778315079,38.85,33.17,42.00,0,1,,TRACK,,,0.000,0.000,0.000,0.000,0.000,0.000
1778315084,38.79,33.17,42.00,0,1,,TRACK,,,0.000,0.000,0.000,0.000,0.000,0.000
1778315089,38.76,33.16,42.10,0,1,,TRACK,,,0.000,0.000,0.000,0.000,0.000,0.000
1778315094,38.74,33.17,42.10,0,1,,TRACK,,,0.000,0.000,0.000,0.000,0.000,0.000
1778315099,38.71,33.17,42.20,0,1,,TRACK,,,0.000,0.000,0.000,0.000,0.000,0.000
1778315104,38.67,33.20,42.20,0,1,,TRACK,,,0.000,0.000,0.000,0.000,0.000,0.000
1778315109,38.65,33.17,42.20,0,1,,TRACK,,,0.000,0.000,0.000,0.000,0.000,0.000
1778315114,38.61,33.19,42.30,0,1,,TRACK,,,0.000,0.000,0.000,0.000,0.000,0.000
1778315119,38.58,33.22,42.30,0,1,,TRACK,,,0.000,0.000,0.000,0.000,0.000,0.000
1778315124,38.55,33.20,42.40,0,1,,TRACK,,,0.000,0.000,0.000,0.000,0.000,0.000
1778315129,38.54,33.20,42.40,0,1,,TRACK,,,0.000,0.000,0.000,0.000,0.000,0.000
1778315134,38.48,33.17,42.50,0,1,,TRACK,,,0.000,0.000,0.000,0.000,0.000,0.000
1778315139,38.47,33.19,42.50,0,1,,TRACK,,,0.000,0.000,0.000,0.000,0.000,0.000
1778315144,38.47,33.16,42.50,0,1,,TRACK,,,0.000,0.000,0.000,0.000,0.000,0.000
1778315149,38.44,33.16,42.50,0,1,,TRACK,,,0.000,0.000,0.000,0.000,0.000,0.000
1778315154,38.41,33.19,42.60,0,1,,TRACK,,,0.000,0.000,0.000,0.000,0.000,0.000
1778315159,38.41,33.22,42.70,0,1,,TRACK,,,0.000,0.000,0.000,0.000,0.000,0.000
1778315164,38.37,33.19,42.70,0,1,,TRACK,,,0.000,0.000,0.000,0.000,0.000,0.000
1778315169,38.37,33.19,42.70,0,1,,TRACK,,,0.000,0.000,0.000,0.000,0.000,0.000
1778315174,38.34,33.20,42.70,0,1,,TRACK,,,0.000,0.000,0.000,0.000,0.000,0.000
1778315179,38.31,33.20,42.70,0,1,,TRACK,,,0.000,0.000,0.000,0.000,0.000,0.000
1778315184,38.29,33.19,42.80,0,1,,TRACK,,,0.000,0.000,0.000,0.000,0.000,0.000
1778315189,38.30,33.16,42.80,0,1,,TRACK,,,0.000,0.000,0.000,0.000,0.000,0.000
1778315194,38.26,33.16,42.90,0,1,,TRACK,,,0.000,0.000,0.000,0.000,0.000,0.000
1778315199,38.24,33.16,42.80,0,1,,TRACK,,,0.000,0.000,0.000,0.000,0.000,0.000
1778315204,38.21,33.19,42.90,0,1,,TRACK,,,0.000,0.000,0.000,0.000,0.000,0.000
1778315209,38.20,33.17,42.90,0,1,,TRACK,,,0.000,0.000,0.000,0.000,0.000,0.000
1778315214,38.21,33.17,42.90,0,1,,TRACK,,,0.000,0.000,0.000,0.000,0.000,0.000
1778315219,38.19,33.20,43.00,0,1,,TRACK,,,0.000,0.000,0.000,0.000,0.000,0.000
1778315224,38.19,33.19,43.00,0,1,,TRACK,,,0.000,0.000,0.000,0.000,0.000,0.000
1778315229,38.17,33.17,43.00,0,1,,TRACK,,,0.000,0.000,0.000,0.000,0.000,0.000
1778315234,38.16,33.19,43.00,0,1,,TRACK,,,0.000,0.000,0.000,0.000,0.000,0.000
1778315239,38.16,33.16,43.00,0,1,,TRACK,,,0.000,0.000,0.000,0.000,0.000,0.000
1778315244,38.16,33.15,43.00,0,1,,TRACK,,,0.000,0.000,0.000,0.000,0.000,0.000
1778315249,38.12,33.19,43.10,0,1,,TRACK,,,0.000,0.000,0.000,0.000,0.000,0.000
1778315254,38.13,33.19,43.10,0,1,,TRACK,,,0.000,0.000,0.000,0.000,0.000,0.000
1778315259,38.10,33.17,43.10,0,1,,TRACK,,,0.000,0.000,0.000,0.000,0.000,0.000
1778315264,38.08,33.16,43.10,0,1,,TRACK,,,0.000,0.000,0.000,0.000,0.000,0.000
1778315269,38.09,33.16,43.20,0,1,,TRACK,,,0.000,0.000,0.000,0.000,0.000,0.000
1778315274,38.06,33.16,43.20,0,1,,TRACK,,,0.000,0.000,0.000,0.000,0.000,0.000
1778315279,38.06,33.17,43.20,0,1,,TRACK,,,0.000,0.000,0.000,0.000,0.000,0.000
1778315284,38.08,33.19,43.20,0,1,,TRACK,,,0.000,0.000,0.000,0.000,0.000,0.000
1778315289,38.05,33.19,43.20,0,1,,TRACK,,,0.000,0.000,0.000,0.000,0.000,0.000
1778315294,38.00,33.19,43.20,0,1,,TRACK,,,0.000,0.000,0.000,0.000,0.000,0.000
1778315299,38.02,33.19,43.30,0,1,,TRACK,,,0.000,0.000,0.000,0.000,0.000,0.000
1778315304,38.00,33.19,43.30,0,1,,TRACK,,,0.000,0.000,0.000,0.000,0.000,0.000
1778315309,38.02,33.20,43.30,0,1,,TRACK,,,0.000,0.000,0.000,0.000,0.000,0.000
1778315314,37.96,33.17,43.30,0,1,,TRACK,,,0.000,0.000,0.000,0.000,0.000,0.000
1778315319,38.00,33.15,43.30,0,1,,TRACK,,,0.000,0.000,0.000,0.000,0.000,0.000
1778315324,37.96,33.16,43.30,0,1,,TRACK,,,0.000,0.000,0.000,0.000,0.000,0.000
1778315329,37.98,33.17,43.30,0,1,,TRACK,,,0.000,0.000,0.000,0.000,0.000,0.000
1778315334,37.94,33.17,43.40,0,1,,TRACK,,,0.000,0.000,0.000,0.000,0.000,0.000
1778315339,37.94,33.16,43.40,0,1,,TRACK,,,0.000,0.000,0.000,0.000,0.000,0.000
1778315344,37.92,33.16,43.40,0,1,,TRACK,,,0.000,0.000,0.000,0.000,0.000,0.000
1778315349,37.90,33.19,43.40,0,1,,TRACK,,,0.000,0.000,0.000,0.000,0.000,0.000
1778315354,37.92,33.16,43.40,0,1,,TRACK,,,0.000,0.000,0.000,0.000,0.000,0.000
1778315359,37.90,33.17,43.40,0,1,,TRACK,,,0.000,0.000,0.000,0.000,0.000,0.000
1778315364,37.89,33.16,43.40,0,1,,TRACK,,,0.000,0.000,0.000,0.000,0.000,0.000
1778315369,37.88,33.19,43.40,0,1,,TRACK,,,0.000,0.000,0.000,0.000,0.000,0.000
1778315374,37.89,33.16,43.40,0,1,,TRACK,,,0.000,0.000,0.000,0.000,0.000,0.000
1778315379,37.89,33.19,43.40,0,1,,TRACK,,,0.000,0.000,0.000,0.000,0.000,0.000
1778315384,37.86,33.17,43.50,0,1,,TRACK,,,0.000,0.000,0.000,0.000,0.000,0.000
1778315389,37.86,33.19,43.50,0,1,,TRACK,,,0.000,0.000,0.000,0.000,0.000,0.000
1778315394,37.85,33.16,43.50,0,1,,TRACK,,,0.000,0.000,0.000,0.000,0.000,0.000
1778315399,37.86,33.17,43.40,0,1,,TRACK,,,0.000,0.000,0.000,0.000,0.000,0.000
1778315404,37.85,33.15,43.50,0,1,,TRACK,,,0.000,0.000,0.000,0.000,0.000,0.000
1778315409,37.85,33.16,43.50,0,1,,TRACK,,,0.000,0.000,0.000,0.000,0.000,0.000
1778315414,37.82,33.19,43.60,0,1,,TRACK,,,0.000,0.000,0.000,0.000,0.000,0.000
1778315419,37.82,33.17,43.50,0,1,,TRACK,,,0.000,0.000,0.000,0.000,0.000,0.000
1778315424,37.83,33.16,43.60,0,1,,TRACK,,,0.000,0.000,0.000,0.000,0.000,0.000
1778315429,37.81,33.17,43.50,0,1,,TRACK,,,0.000,0.000,0.000,0.000,0.000,0.000
1778315434,37.81,33.16,43.60,0,1,,TRACK,,,0.000,0.000,0.000,0.000,0.000,0.000
1778315439,37.79,33.17,43.50,0,1,,TRACK,,,0.000,0.000,0.000,0.000,0.000,0.000
1778315444,37.81,33.17,43.60,0,1,,TRACK,,,0.000,0.000,0.000,0.000,0.000,0.000
1778315449,37.79,33.16,43.50,0,1,,TRACK,,,0.000,0.000,0.000,0.000,0.000,0.000
1778315454,37.79,33.19,43.60,0,1,,TRACK,,,0.000,0.000,0.000,0.000,0.000,0.000
1778315459,37.79,33.16,43.60,0,1,,TRACK,,,0.000,0.000,0.000,0.000,0.000,0.000
1778315464,37.75,33.17,43.60,0,1,,TRACK,,,0.000,0.000,0.000,0.000,0.000,0.000
1778315469,37.75,33.16,43.60,0,1,,TRACK,,,0.000,0.000,0.000,0.000,0.000,0.000
1778315474,37.74,33.16,43.60,0,1,,TRACK,,,0.000,0.000,0.000,0.000,0.000,0.000
1778315479,37.75,33.17,43.60,0,1,,TRACK,,,0.000,0.000,0.000,0.000,0.000,0.000
1778315484,37.75,33.17,43.60,0,1,,TRACK,,,0.000,0.000,0.000,0.000,0.000,0.000
1778315489,37.74,33.17,43.70,0,1,,TRACK,,,0.000,0.000,0.000,0.000,0.000,0.000
1778315494,37.72,33.19,43.70,0,1,,TRACK,,,0.000,0.000,0.000,0.000,0.000,0.000
1778315499,37.74,33.15,43.70,0,1,,TRACK,,,0.000,0.000,0.000,0.000,0.000,0.000
1778315504,37.72,33.20,43.70,0,1,,TRACK,,,0.000,0.000,0.000,0.000,0.000,0.000
1778315509,37.72,33.16,43.60,0,1,,TRACK,,,0.000,0.000,0.000,0.000,0.000,0.000
1778315514,37.69,33.16,43.70,100,1,,TRACK,,,0.000,0.000,0.000,0.000,0.000,0.000
1778315519,37.72,33.17,43.70,100,1,,TRACK,,,0.000,0.000,0.000,0.000,0.000,0.000
1778315524,37.72,33.19,43.70,100,1,,TRACK,,,0.000,0.000,0.000,0.000,0.000,0.000
1778315529,37.71,33.17,43.70,100,1,,TRACK,,,0.000,0.000,0.000,0.000,0.000,0.000
1778315534,37.72,33.16,43.70,100,1,,TRACK,,,0.000,0.000,0.000,0.000,0.000,0.000
1778315539,37.76,33.17,43.70,100,1,,TRACK,,,0.000,0.000,0.000,0.000,0.000,0.000
1778315544,37.83,33.16,43.60,100,1,,TRACK,,,0.000,0.000,0.000,0.000,0.000,0.000
1778315549,37.90,33.16,43.40,100,1,,TRACK,,,0.000,0.000,0.000,0.000,0.000,0.000
1778315554,38.00,33.16,43.40,100,1,,TRACK,,,0.000,0.000,0.000,0.000,0.000,0.000
1778315559,38.12,33.17,43.20,100,1,,TRACK,,,0.000,0.000,0.000,0.000,0.000,0.000
1778315564,38.19,33.16,43.00,100,1,,TRACK,,,0.000,0.000,0.000,0.000,0.000,0.000
1778315569,38.31,33.16,42.90,0,1,,TRACK,,,0.000,0.000,0.000,0.000,0.000,0.000
1778315574,38.40,33.19,42.80,0,1,,TRACK,,,0.000,0.000,0.000,0.000,0.000,0.000
1778315579,38.55,33.17,42.60,0,1,,TRACK,,,0.000,0.000,0.000,0.000,0.000,0.000
1778315584,38.68,33.19,42.40,0,1,,TRACK,,,0.000,0.000,0.000,0.000,0.000,0.000
1778315589,38.79,33.16,42.20,0,1,,TRACK,,,0.000,0.000,0.000,0.000,0.000,0.000
1778315594,38.85,33.17,42.10,0,1,,TRACK,,,0.000,0.000,0.000,0.000,0.000,0.000
1778315599,38.96,33.17,41.90,0,1,,TRACK,,,0.000,0.000,0.000,0.000,0.000,0.000
1778315604,39.05,33.16,41.80,0,1,,TRACK,,,0.000,0.000,0.000,0.000,0.000,0.000
1778315609,39.09,33.19,41.80,0,1,,TRACK,,,0.000,0.000,0.000,0.000,0.000,0.000
1778315614,39.15,33.15,41.60,0,1,,TRACK,,,0.000,0.000,0.000,0.000,0.000,0.000
1778315619,39.18,33.17,41.60,0,1,,TRACK,,,0.000,0.000,0.000,0.000,0.000,0.000
1778315624,39.19,33.17,41.60,0,1,,TRACK,,,0.000,0.000,0.000,0.000,0.000,0.000
1778315629,39.22,33.16,41.50,0,1,,TRACK,,,0.000,0.000,0.000,0.000,0.000,0.000
1778315634,39.22,33.15,41.50,0,1,,TRACK,,,0.000,0.000,0.000,0.000,0.000,0.000
1778315639,39.23,33.17,41.50,0,1,,TRACK,,,0.000,0.000,0.000,0.000,0.000,0.000
1778315644,39.19,33.17,41.60,0,1,,TRACK,,,0.000,0.000,0.000,0.000,0.000,0.000
1778315649,39.19,33.16,41.50,0,1,,TRACK,,,0.000,0.000,0.000,0.000,0.000,0.000
1778315654,39.18,33.19,41.60,0,1,,TRACK,,,0.000,0.000,0.000,0.000,0.000,0.000
1778315659,39.15,33.16,41.60,0,1,,TRACK,,,0.000,0.000,0.000,0.000,0.000,0.000
1778315664,39.15,33.17,41.70,0,1,,TRACK,,,0.000,0.000,0.000,0.000,0.000,0.000
1778315669,39.11,33.17,41.70,0,1,,TRACK,,,0.000,0.000,0.000,0.000,0.000,0.000
1778315674,39.11,33.19,41.70,0,1,,TRACK,,,0.000,0.000,0.000,0.000,0.000,0.000
1778315679,39.06,33.16,41.80,0,1,,TRACK,,,0.000,0.000,0.000,0.000,0.000,0.000
1778315684,39.02,33.16,41.80,0,1,,TRACK,,,0.000,0.000,0.000,0.000,0.000,0.000
1778315689,38.99,33.19,41.80,0,1,,TRACK,,,0.000,0.000,0.000,0.000,0.000,0.000
1778315694,38.95,33.16,41.90,0,1,,TRACK,,,0.000,0.000,0.000,0.000,0.000,0.000
1778315699,38.94,33.17,42.00,0,1,,TRACK,,,0.000,0.000,0.000,0.000,0.000,0.000
1778315704,38.91,33.16,42.00,0,1,,TRACK,,,0.000,0.000,0.000,0.000,0.000,0.000
1778315709,38.85,33.19,42.00,0,1,,TRACK,,,0.000,0.000,0.000,0.000,0.000,0.000
1778315714,38.82,33.16,42.10,0,1,,TRACK,,,0.000,0.000,0.000,0.000,0.000,0.000
1778315719,38.78,33.16,42.20,0,1,,TRACK,,,0.000,0.000,0.000,0.000,0.000,0.000
1778315724,38.75,33.17,42.20,0,1,,TRACK,,,0.000,0.000,0.000,0.000,0.000,0.000
1778315729,38.74,33.17,42.20,0,1,,TRACK,,,0.000,0.000,0.000,0.000,0.000,0.000
1778315734,38.70,33.16,42.30,0,1,,TRACK,,,0.000,0.000,0.000,0.000,0.000,0.000
1778315739,38.67,33.19,42.30,0,1,,TRACK,,,0.000,0.000,0.000,0.000,0.000,0.000
1778315744,38.63,33.17,42.40,0,1,,TRACK,,,0.000,0.000,0.000,0.000,0.000,0.000
1778315749,38.61,33.17,42.40,0,1,,TRACK,,,0.000,0.000,0.000,0.000,0.000,0.000
1778315754,38.57,33.17,42.50,0,1,,TRACK,,,0.000,0.000,0.000,0.000,0.000,0.000
1778315759,38.55,33.15,42.50,0,1,,TRACK,,,0.000,0.000,0.000,0.000,0.000,0.000
1778315764,38.53,33.17,42.60,0,1,,TRACK,,,0.000,0.000,0.000,0.000,0.000,0.000
1778315769,38.50,33.17,42.60,0,1,,TRACK,,,0.000,0.000,0.000,0.000,0.000,0.000
1778315774,38.48,33.15,42.70,0,1,,TRACK,,,0.000,0.000,0.000,0.000,0.000,0.000
1778315779,38.46,33.16,42.70,0,1,,TRACK,,,0.000,0.000,0.000,0.000,0.000,0.000
1778315784,38.43,33.15,42.70,0,1,,TRACK,,,0.000,0.000,0.000,0.000,0.000,0.000
1778315789,38.41,33.17,42.80,0,1,,TRACK,,,0.000,0.000,0.000,0.000,0.000,0.000
1778315794,38.37,33.17,42.80,0,1,,TRACK,,,0.000,0.000,0.000,0.000,0.000,0.000
1778315799,38.36,33.16,42.90,0,1,,TRACK,,,0.000,0.000,0.000,0.000,0.000,0.000
1778315804,38.36,33.15,42.90,0,1,,TRACK,,,0.000,0.000,0.000,0.000,0.000,0.000
1778315809,38.33,33.15,42.90,0,1,,TRACK,,,0.000,0.000,0.000,0.000,0.000,0.000
1778315814,38.33,33.17,42.90,0,1,,TRACK,,,0.000,0.000,0.000,0.000,0.000,0.000
1778315819,38.29,33.16,42.90,0,1,,TRACK,,,0.000,0.000,0.000,0.000,0.000,0.000
1778315824,38.26,33.17,43.00,0,1,,TRACK,,,0.000,0.000,0.000,0.000,0.000,0.000
1778315829,38.26,33.17,43.00,0,1,,TRACK,,,0.000,0.000,0.000,0.000,0.000,0.000
1778315834,38.23,33.19,43.00,0,1,,TRACK,,,0.000,0.000,0.000,0.000,0.000,0.000
1778315839,38.20,33.16,43.10,0,1,,TRACK,,,0.000,0.000,0.000,0.000,0.000,0.000
1778315844,38.20,33.17,43.10,0,1,,TRACK,,,0.000,0.000,0.000,0.000,0.000,0.000
1778315849,38.17,33.17,43.10,0,1,,TRACK,,,0.000,0.000,0.000,0.000,0.000,0.000
1778315854,38.16,33.16,43.20,0,1,,TRACK,,,0.000,0.000,0.000,0.000,0.000,0.000
1778315859,38.16,33.16,43.20,0,1,,TRACK,,,0.000,0.000,0.000,0.000,0.000,0.000
1778315864,38.15,33.15,43.20,0,1,,TRACK,,,0.000,0.000,0.000,0.000,0.000,0.000
1778315869,38.10,33.15,43.30,0,1,,TRACK,,,0.000,0.000,0.000,0.000,0.000,0.000
1778315874,38.12,33.16,43.20,0,1,,TRACK,,,0.000,0.000,0.000,0.000,0.000,0.000
1778315879,38.13,33.15,43.30,0,1,,TRACK,,,0.000,0.000,0.000,0.000,0.000,0.000
1778315884,38.09,33.13,43.30,0,1,,TRACK,,,0.000,0.000,0.000,0.000,0.000,0.000
1778315889,38.08,33.12,43.30,0,1,,TRACK,,,0.000,0.000,0.000,0.000,0.000,0.000
1778315894,38.06,33.15,43.30,0,1,,TRACK,,,0.000,0.000,0.000,0.000,0.000,0.000
1778315899,38.05,33.15,43.40,0,1,,TRACK,,,0.000,0.000,0.000,0.000,0.000,0.000
1778315904,38.05,33.15,43.40,0,1,,TRACK,,,0.000,0.000,0.000,0.000,0.000,0.000
1778315909,38.00,33.12,43.40,0,1,,TRACK,,,0.000,0.000,0.000,0.000,0.000,0.000
1778315914,37.98,33.15,43.40,0,1,,TRACK,,,0.000,0.000,0.000,0.000,0.000,0.000
1778315919,38.00,33.13,43.40,0,1,,TRACK,,,0.000,0.000,0.000,0.000,0.000,0.000
1778315924,37.98,33.15,43.40,0,1,,TRACK,,,0.000,0.000,0.000,0.000,0.000,0.000
1778315929,37.94,33.12,43.50,0,1,,TRACK,,,0.000,0.000,0.000,0.000,0.000,0.000
1778315934,37.94,33.15,43.50,0,1,,TRACK,,,0.000,0.000,0.000,0.000,0.000,0.000
1778315939,37.93,33.13,43.50,0,1,,TRACK,,,0.000,0.000,0.000,0.000,0.000,0.000
1778315944,37.93,33.12,43.50,0,1,,TRACK,,,0.000,0.000,0.000,0.000,0.000,0.000
1778315949,37.92,33.10,43.50,0,1,,TRACK,,,0.000,0.000,0.000,0.000,0.000,0.000
1778315954,37.92,33.13,43.50,0,1,,TRACK,,,0.000,0.000,0.000,0.000,0.000,0.000
1778315959,37.92,33.15,43.60,0,1,,TRACK,,,0.000,0.000,0.000,0.000,0.000,0.000
1778315964,37.89,33.12,43.50,0,1,,TRACK,,,0.000,0.000,0.000,0.000,0.000,0.000
1778315969,37.88,33.12,43.60,0,1,,TRACK,,,0.000,0.000,0.000,0.000,0.000,0.000
1778315974,37.85,33.12,43.60,0,1,,TRACK,,,0.000,0.000,0.000,0.000,0.000,0.000
1778315979,37.88,33.13,43.60,0,1,,TRACK,,,0.000,0.000,0.000,0.000,0.000,0.000
1778315984,37.88,33.13,43.60,0,1,,TRACK,,,0.000,0.000,0.000,0.000,0.000,0.000
1778315989,37.86,33.12,43.70,0,1,,TRACK,,,0.000,0.000,0.000,0.000,0.000,0.000
1778315994,37.85,33.13,43.70,0,1,,TRACK,,,0.000,0.000,0.000,0.000,0.000,0.000
1778315999,37.81,33.13,43.70,0,1,,TRACK,,,0.000,0.000,0.000,0.000,0.000,0.000
1778316004,37.85,33.15,43.70,0,1,,TRACK,,,0.000,0.000,0.000,0.000,0.000,0.000
1778316009,37.82,33.16,43.70,0,1,,TRACK,,,0.000,0.000,0.000,0.000,0.000,0.000
1778316014,37.81,33.15,43.70,0,1,,TRACK,,,0.000,0.000,0.000,0.000,0.000,0.000
1778316019,37.82,33.15,43.70,0,1,,TRACK,,,0.000,0.000,0.000,0.000,0.000,0.000
1778316024,37.81,33.16,43.70,0,1,,TRACK,,,0.000,0.000,0.000,0.000,0.000,0.000
1778316029,37.81,33.16,43.80,0,1,,TRACK,,,0.000,0.000,0.000,0.000,0.000,0.000
1778316034,37.78,33.16,43.80,0,1,,TRACK,,,0.000,0.000,0.000,0.000,0.000,0.000
1778316039,37.78,33.15,43.70,0,1,,TRACK,,,0.000,0.000,0.000,0.000,0.000,0.000
1778316044,37.76,33.16,43.80,0,1,,TRACK,,,0.000,0.000,0.000,0.000,0.000,0.000
1778316049,37.76,33.16,43.80,0,1,,TRACK,,,0.000,0.000,0.000,0.000,0.000,0.000
1778316054,37.76,33.16,43.80,0,1,,TRACK,,,0.000,0.000,0.000,0.000,0.000,0.000
1778316059,37.76,33.15,43.80,0,1,,TRACK,,,0.000,0.000,0.000,0.000,0.000,0.000
1778316064,37.74,33.15,43.80,0,1,,TRACK,,,0.000,0.000,0.000,0.000,0.000,0.000
1778316069,37.74,33.19,43.80,0,1,,TRACK,,,0.000,0.000,0.000,0.000,0.000,0.000
1778316074,37.72,33.16,43.80,0,1,,TRACK,,,0.000,0.000,0.000,0.000,0.000,0.000
1778316079,37.75,33.17,43.90,0,1,,TRACK,,,0.000,0.000,0.000,0.000,0.000,0.000
1778316084,37.71,33.16,43.90,0,1,,TRACK,,,0.000,0.000,0.000,0.000,0.000,0.000
1778316089,37.72,33.16,43.90,0,1,,TRACK,,,0.000,0.000,0.000,0.000,0.000,0.000
1778316094,37.71,33.17,43.90,0,1,,TRACK,,,0.000,0.000,0.000,0.000,0.000,0.000
1778316099,37.71,33.17,43.90,0,1,,TRACK,,,0.000,0.000,0.000,0.000,0.000,0.000
1778316104,37.69,33.15,43.90,100,1,,TRACK,,,0.000,0.000,0.000,0.000,0.000,0.000
1778316109,37.68,33.15,43.90,100,1,,TRACK,,,0.000,0.000,0.000,0.000,0.000,0.000
1778316114,37.69,33.16,43.90,100,1,,TRACK,,,0.000,0.000,0.000,0.000,0.000,0.000
1778316119,37.68,33.16,43.90,100,1,,TRACK,,,0.000,0.000,0.000,0.000,0.000,0.000
1778316124,37.72,33.15,44.00,100,1,,TRACK,,,0.000,0.000,0.000,0.000,0.000,0.000
1778316129,37.75,33.15,43.90,100,1,,TRACK,,,0.000,0.000,0.000,0.000,0.000,0.000
1778316134,37.81,33.17,43.80,100,1,,TRACK,,,0.000,0.000,0.000,0.000,0.000,0.000
1778316139,37.86,33.15,43.80,100,1,,TRACK,,,0.000,0.000,0.000,0.000,0.000,0.000
1778316144,37.94,33.16,43.60,100,1,,TRACK,,,0.000,0.000,0.000,0.000,0.000,0.000
1778316149,38.03,33.15,43.50,100,1,,TRACK,,,0.000,0.000,0.000,0.000,0.000,0.000
1778316154,38.13,33.13,43.40,100,1,,TRACK,,,0.000,0.000,0.000,0.000,0.000,0.000
1778316159,38.24,33.13,43.20,100,1,,TRACK,,,0.000,0.000,0.000,0.000,0.000,0.000
1778316164,38.36,33.12,43.10,0,1,,TRACK,,,0.000,0.000,0.000,0.000,0.000,0.000
1778316169,38.46,33.12,42.90,0,1,,TRACK,,,0.000,0.000,0.000,0.000,0.000,0.000
1778316174,38.61,33.15,42.60,0,1,,TRACK,,,0.000,0.000,0.000,0.000,0.000,0.000
1778316179,38.74,33.12,42.50,0,1,,TRACK,,,0.000,0.000,0.000,0.000,0.000,0.000
1778316184,38.82,33.12,42.30,0,1,,TRACK,,,0.000,0.000,0.000,0.000,0.000,0.000
1778316189,38.92,33.13,42.10,0,1,,TRACK,,,0.000,0.000,0.000,0.000,0.000,0.000
1778316194,39.01,33.13,42.10,0,1,,TRACK,,,0.000,0.000,0.000,0.000,0.000,0.000
1778316199,39.06,33.13,41.90,0,1,,TRACK,,,0.000,0.000,0.000,0.000,0.000,0.000
1778316204,39.13,33.15,41.90,0,1,,TRACK,,,0.000,0.000,0.000,0.000,0.000,0.000
1778316209,39.15,33.13,41.80,0,1,,TRACK,,,0.000,0.000,0.000,0.000,0.000,0.000
1778316214,39.20,33.15,41.80,0,1,,TRACK,,,0.000,0.000,0.000,0.000,0.000,0.000
1778316219,39.22,33.15,41.70,0,1,,TRACK,,,0.000,0.000,0.000,0.000,0.000,0.000
1778316224,39.22,33.15,41.70,0,1,,TRACK,,,0.000,0.000,0.000,0.000,0.000,0.000
1778316229,39.22,33.13,41.70,0,1,,TRACK,,,0.000,0.000,0.000,0.000,0.000,0.000
1778316234,39.22,33.10,41.70,0,1,,TRACK,,,0.000,0.000,0.000,0.000,0.000,0.000
1778316239,39.25,33.13,41.70,0,1,,TRACK,,,0.000,0.000,0.000,0.000,0.000,0.000
1778316244,39.22,33.15,41.70,0,1,,TRACK,,,0.000,0.000,0.000,0.000,0.000,0.000
1778316249,39.18,33.12,41.70,0,1,,TRACK,,,0.000,0.000,0.000,0.000,0.000,0.000
1778316254,39.15,33.13,41.70,0,1,,TRACK,,,0.000,0.000,0.000,0.000,0.000,0.000
1778316259,39.15,33.12,41.80,0,1,,TRACK,,,0.000,0.000,0.000,0.000,0.000,0.000
1778316264,39.13,33.15,41.90,0,1,,TRACK,,,0.000,0.000,0.000,0.000,0.000,0.000
1778316269,39.09,33.10,41.80,0,1,,TRACK,,,0.000,0.000,0.000,0.000,0.000,0.000
1778316274,39.08,33.16,41.90,0,1,,TRACK,,,0.000,0.000,0.000,0.000,0.000,0.000
1778316279,39.03,33.13,41.90,0,1,,TRACK,,,0.000,0.000,0.000,0.000,0.000,0.000
1778316284,39.03,33.13,42.00,0,1,,TRACK,,,0.000,0.000,0.000,0.000,0.000,0.000
1778316289,38.99,33.12,42.00,0,1,,TRACK,,,0.000,0.000,0.000,0.000,0.000,0.000
1778316294,38.94,33.13,42.10,0,1,,TRACK,,,0.000,0.000,0.000,0.000,0.000,0.000
1778316299,38.91,33.13,42.10,0,1,,TRACK,,,0.000,0.000,0.000,0.000,0.000,0.000
1778316304,38.86,33.15,42.20,0,1,,TRACK,,,0.000,0.000,0.000,0.000,0.000,0.000
1778316309,38.84,33.15,42.20,0,1,,TRACK,,,0.000,0.000,0.000,0.000,0.000,0.000
1778316314,38.82,33.15,42.20,0,1,,TRACK,,,0.000,0.000,0.000,0.000,0.000,0.000
1778316319,38.79,33.12,42.30,0,1,,TRACK,,,0.000,0.000,0.000,0.000,0.000,0.000
1778316324,38.72,33.15,42.30,0,1,,TRACK,,,0.000,0.000,0.000,0.000,0.000,0.000
1778316329,38.71,33.13,42.40,0,1,,TRACK,,,0.000,0.000,0.000,0.000,0.000,0.000
1778316334,38.64,33.15,42.40,0,1,,TRACK,,,0.000,0.000,0.000,0.000,0.000,0.000
1778316339,38.64,33.12,42.50,0,1,,TRACK,,,0.000,0.000,0.000,0.000,0.000,0.000
1778316344,38.60,33.16,42.60,0,1,,TRACK,,,0.000,0.000,0.000,0.000,0.000,0.000
1778316349,38.58,33.15,42.60,0,1,,TRACK,,,0.000,0.000,0.000,0.000,0.000,0.000
1778316354,38.55,33.15,42.60,0,1,,TRACK,,,0.000,0.000,0.000,0.000,0.000,0.000
1778316359,38.53,33.12,42.70,0,1,,TRACK,,,0.000,0.000,0.000,0.000,0.000,0.000
1778316364,38.48,33.16,42.70,0,1,,TRACK,,,0.000,0.000,0.000,0.000,0.000,0.000
1778316369,38.46,33.13,42.80,0,1,,TRACK,,,0.000,0.000,0.000,0.000,0.000,0.000
1778316374,38.44,33.16,42.90,0,1,,TRACK,,,0.000,0.000,0.000,0.000,0.000,0.000
1778316379,38.43,33.16,42.90,0,1,,TRACK,,,0.000,0.000,0.000,0.000,0.000,0.000
1778316384,38.40,33.16,42.90,0,1,,TRACK,,,0.000,0.000,0.000,0.000,0.000,0.000
1778316389,38.36,33.17,42.90,0,1,,TRACK,,,0.000,0.000,0.000,0.000,0.000,0.000
1778316394,38.34,33.16,43.00,0,1,,TRACK,,,0.000,0.000,0.000,0.000,0.000,0.000
1778316399,38.31,33.15,43.00,0,1,,TRACK,,,0.000,0.000,0.000,0.000,0.000,0.000
1778316404,38.31,33.16,43.10,0,1,,TRACK,,,0.000,0.000,0.000,0.000,0.000,0.000
1778316409,38.27,33.15,43.10,0,1,,TRACK,,,0.000,0.000,0.000,0.000,0.000,0.000
1778316414,38.26,33.15,43.10,0,1,,TRACK,,,0.000,0.000,0.000,0.000,0.000,0.000
1778316419,38.26,33.16,43.10,0,1,,TRACK,,,0.000,0.000,0.000,0.000,0.000,0.000
1778316424,38.21,33.15,43.20,0,1,,TRACK,,,0.000,0.000,0.000,0.000,0.000,0.000
1778316429,38.19,33.15,43.20,0,1,,TRACK,,,0.000,0.000,0.000,0.000,0.000,0.000
1778316434,38.17,33.15,43.20,0,1,,TRACK,,,0.000,0.000,0.000,0.000,0.000,0.000
1778316439,38.15,33.15,43.20,0,1,,TRACK,,,0.000,0.000,0.000,0.000,0.000,0.000
1778316444,38.16,33.13,43.20,0,1,,TRACK,,,0.000,0.000,0.000,0.000,0.000,0.000
1778316449,38.15,33.16,43.30,0,1,,TRACK,,,0.000,0.000,0.000,0.000,0.000,0.000
1778316454,38.13,33.13,43.30,0,1,,TRACK,,,0.000,0.000,0.000,0.000,0.000,0.000
1778316459,38.10,33.15,43.30,0,1,,TRACK,,,0.000,0.000,0.000,0.000,0.000,0.000
1778316467,38.10,33.16,43.40,0,1,,TRACK,,,0.000,0.000,0.000,0.000,0.000,0.000
1778316469,38.06,33.16,43.30,0,1,,TRACK,,,0.000,0.000,0.000,0.000,0.000,0.000
1778316474,38.08,33.17,43.40,0,1,,TRACK,,,0.000,0.000,0.000,0.000,0.000,0.000
1778316479,38.05,33.19,43.50,0,1,,TRACK,,,0.000,0.000,0.000,0.000,0.000,0.000
1778316484,38.02,33.16,43.40,0,1,,TRACK,,,0.000,0.000,0.000,0.000,0.000,0.000
1778316489,38.02,33.16,43.50,0,1,,TRACK,,,0.000,0.000,0.000,0.000,0.000,0.000
1778316494,38.03,33.16,43.50,0,1,,TRACK,,,0.000,0.000,0.000,0.000,0.000,0.000
1778316499,37.98,33.16,43.50,0,1,,TRACK,,,0.000,0.000,0.000,0.000,0.000,0.000
1778316504,37.99,33.15,43.50,0,1,,TRACK,,,0.000,0.000,0.000,0.000,0.000,0.000
1778316509,37.98,33.16,43.50,0,1,,TRACK,,,0.000,0.000,0.000,0.000,0.000,0.000
1778316514,37.98,33.16,43.50,0,1,,TRACK,,,0.000,0.000,0.000,0.000,0.000,0.000
1778316519,37.96,33.16,43.60,0,1,,TRACK,,,0.000,0.000,0.000,0.000,0.000,0.000
1778316524,37.93,33.16,43.60,0,1,,TRACK,,,0.000,0.000,0.000,0.000,0.000,0.000
1778316529,37.92,33.13,43.60,0,1,,TRACK,,,0.000,0.000,0.000,0.000,0.000,0.000
1778316534,37.90,33.13,43.60,0,1,,TRACK,,,0.000,0.000,0.000,0.000,0.000,0.000
1778316539,37.90,33.17,43.70,0,1,,TRACK,,,0.000,0.000,0.000,0.000,0.000,0.000
1778316544,37.88,33.13,43.70,0,1,,TRACK,,,0.000,0.000,0.000,0.000,0.000,0.000
1778316549,37.88,33.16,43.70,0,1,,TRACK,,,0.000,0.000,0.000,0.000,0.000,0.000
1778316554,37.89,33.16,43.70,0,1,,TRACK,,,0.000,0.000,0.000,0.000,0.000,0.000
1778316559,37.86,33.15,43.70,0,1,,TRACK,,,0.000,0.000,0.000,0.000,0.000,0.000
1778316564,37.85,33.15,43.70,0,1,,TRACK,,,0.000,0.000,0.000,0.000,0.000,0.000
1778316569,37.85,33.15,43.80,0,1,,TRACK,,,0.000,0.000,0.000,0.000,0.000,0.000
1778316574,37.83,33.15,43.80,0,1,,TRACK,,,0.000,0.000,0.000,0.000,0.000,0.000
1778316579,37.83,33.16,43.80,0,1,,TRACK,,,0.000,0.000,0.000,0.000,0.000,0.000
1778316584,37.83,33.15,43.80,0,1,,TRACK,,,0.000,0.000,0.000,0.000,0.000,0.000
1778316589,37.82,33.15,43.80,0,1,,TRACK,,,0.000,0.000,0.000,0.000,0.000,0.000
1778316594,37.81,33.13,43.80,0,1,,TRACK,,,0.000,0.000,0.000,0.000,0.000,0.000
1778316599,37.82,33.13,43.80,0,1,,TRACK,,,0.000,0.000,0.000,0.000,0.000,0.000
1778316604,37.81,33.15,43.80,0,1,,TRACK,,,0.000,0.000,0.000,0.000,0.000,0.000
1778316609,37.75,33.16,43.80,0,1,,TRACK,,,0.000,0.000,0.000,0.000,0.000,0.000
1778316614,37.76,33.16,43.80,0,1,,TRACK,,,0.000,0.000,0.000,0.000,0.000,0.000
1778316619,37.78,33.16,43.90,0,1,,TRACK,,,0.000,0.000,0.000,0.000,0.000,0.000
1778316624,37.75,33.16,43.90,0,1,,TRACK,,,0.000,0.000,0.000,0.000,0.000,0.000
1778316629,37.74,33.16,43.90,0,1,,TRACK,,,0.000,0.000,0.000,0.000,0.000,0.000
1778316639,37.72,33.15,43.90,0,1,,TRACK,,,0.000,0.000,0.000,0.000,0.000,0.000
1778316639,37.75,33.17,44.00,0,1,,TRACK,,,0.000,0.000,0.000,0.000,0.000,0.000
1778316644,37.74,33.13,44.00,0,1,,TRACK,,,0.000,0.000,0.000,0.000,0.000,0.000
1778316649,37.71,33.15,44.00,0,1,,TRACK,,,0.000,0.000,0.000,0.000,0.000,0.000
1778316654,37.69,33.17,44.00,100,1,,TRACK,,,0.000,0.000,0.000,0.000,0.000,0.000
1778316659,37.71,33.15,44.00,100,1,,TRACK,,,0.000,0.000,0.000,0.000,0.000,0.000
1778316664,37.68,33.17,44.00,100,1,,TRACK,,,0.000,0.000,0.000,0.000,0.000,0.000
1778316669,37.71,33.15,44.00,100,1,,TRACK,,,0.000,0.000,0.000,0.000,0.000,0.000
1778316674,37.72,33.17,44.00,100,1,,TRACK,,,0.000,0.000,0.000,0.000,0.000,0.000
1778316679,37.76,33.15,44.00,100,1,,TRACK,,,0.000,0.000,0.000,0.000,0.000,0.000
1778316684,37.81,33.16,43.90,100,1,,TRACK,,,0.000,0.000,0.000,0.000,0.000,0.000
1778316689,37.88,33.16,43.80,100,1,,TRACK,,,0.000,0.000,0.000,0.000,0.000,0.000
1778316694,37.94,33.13,43.70,100,1,,TRACK,,,0.000,0.000,0.000,0.000,0.000,0.000
1778316699,38.05,33.16,43.60,100,1,,TRACK,,,0.000,0.000,0.000,0.000,0.000,0.000
1778316704,38.15,33.17,43.40,100,1,,TRACK,,,0.000,0.000,0.000,0.000,0.000,0.000
1778316709,38.29,33.16,43.20,100,1,,TRACK,,,0.000,0.000,0.000,0.000,0.000,0.000
1778316714,38.41,33.16,43.10,0,1,,TRACK,,,0.000,0.000,0.000,0.000,0.000,0.000
1778316719,38.48,33.16,42.90,0,1,,TRACK,,,0.000,0.000,0.000,0.000,0.000,0.000
1778316724,38.63,33.16,42.80,0,1,,TRACK,,,0.000,0.000,0.000,0.000,0.000,0.000
1778316729,38.72,33.15,42.60,0,1,,TRACK,,,0.000,0.000,0.000,0.000,0.000,0.000
1778316738,38.84,33.17,42.40,0,1,,TRACK,,,0.000,0.000,0.000,0.000,0.000,0.000
1778316739,38.92,33.15,42.20,0,1,,TRACK,,,0.000,0.000,0.000,0.000,0.000,0.000
1778316751,39.02,33.16,42.10,0,1,,TRACK,,,0.000,0.000,0.000,0.000,0.000,0.000
1778316751,39.09,33.13,42.00,0,1,,TRACK,,,0.000,0.000,0.000,0.000,0.000,0.000
1778316757,39.15,33.15,42.00,0,1,,TRACK,,,0.000,0.000,0.000,0.000,0.000,0.000
1778316759,39.16,33.13,41.90,0,1,,TRACK,,,0.000,0.000,0.000,0.000,0.000,0.000
1778316764,39.19,33.17,41.80,0,1,,TRACK,,,0.000,0.000,0.000,0.000,0.000,0.000
1778316769,39.23,33.13,41.70,0,1,,TRACK,,,0.000,0.000,0.000,0.000,0.000,0.000
1778316776,39.22,33.15,41.80,0,1,,TRACK,,,0.000,0.000,0.000,0.000,0.000,0.000
1778316779,39.23,33.15,41.70,0,1,,TRACK,,,0.000,0.000,0.000,0.000,0.000,0.000
1778316784,39.23,33.15,41.70,0,1,,TRACK,,,0.000,0.000,0.000,0.000,0.000,0.000
1778316789,39.22,33.15,41.80,0,1,,TRACK,,,0.000,0.000,0.000,0.000,0.000,0.000
1778316794,39.20,33.13,41.80,0,1,,TRACK,,,0.000,0.000,0.000,0.000,0.000,0.000
1778316799,39.20,33.12,41.80,0,1,,TRACK,,,0.000,0.000,0.000,0.000,0.000,0.000
1778316804,39.18,33.10,41.80,0,1,,TRACK,,,0.000,0.000,0.000,0.000,0.000,0.000
1778316809,39.16,33.15,41.80,0,1,,TRACK,,,0.000,0.000,0.000,0.000,0.000,0.000
1778316814,39.13,33.10,41.90,0,1,,TRACK,,,0.000,0.000,0.000,0.000,0.000,0.000
1778316819,39.11,33.15,41.90,0,1,,TRACK,,,0.000,0.000,0.000,0.000,0.000,0.000
1778316824,39.08,33.12,42.00,0,1,,TRACK,,,0.000,0.000,0.000,0.000,0.000,0.000
1778316829,39.05,33.13,42.00,0,1,,TRACK,,,0.000,0.000,0.000,0.000,0.000,0.000
1778316834,39.01,33.13,42.00,0,1,,TRACK,,,0.000,0.000,0.000,0.000,0.000,0.000
1778316839,38.98,33.13,42.10,0,1,,TRACK,,,0.000,0.000,0.000,0.000,0.000,0.000
1778316847,38.98,33.13,42.10,0,1,,TRACK,,,0.000,0.000,0.000,0.000,0.000,0.000
1778316852,38.91,33.13,42.20,0,1,,TRACK,,,0.000,0.000,0.000,0.000,0.000,0.000
1778316856,38.88,33.10,42.20,0,1,,TRACK,,,0.000,0.000,0.000,0.000,0.000,0.000
1778316861,38.84,33.13,42.20,0,1,,TRACK,,,0.000,0.000,0.000,0.000,0.000,0.000
1778316864,38.82,33.13,42.30,0,1,,TRACK,,,0.000,0.000,0.000,0.000,0.000,0.000
1778316869,38.76,33.12,42.30,0,1,,TRACK,,,0.000,0.000,0.000,0.000,0.000,0.000
1778316874,38.75,33.13,42.40,0,1,,TRACK,,,0.000,0.000,0.000,0.000,0.000,0.000
1778316879,38.70,33.13,42.40,0,1,,TRACK,,,0.000,0.000,0.000,0.000,0.000,0.000
1778316884,38.67,33.13,42.50,0,1,,TRACK,,,0.000,0.000,0.000,0.000,0.000,0.000
1778316889,38.64,33.12,42.60,0,1,,TRACK,,,0.000,0.000,0.000,0.000,0.000,0.000
1778316894,38.60,33.15,42.60,0,1,,TRACK,,,0.000,0.000,0.000,0.000,0.000,0.000
1778316899,38.57,33.10,42.70,0,1,,TRACK,,,0.000,0.000,0.000,0.000,0.000,0.000
1778316904,38.55,33.12,42.70,0,1,,TRACK,,,0.000,0.000,0.000,0.000,0.000,0.000
1778316909,38.53,33.10,42.80,0,1,,TRACK,,,0.000,0.000,0.000,0.000,0.000,0.000
1778316914,38.48,33.12,42.80,0,1,,TRACK,,,0.000,0.000,0.000,0.000,0.000,0.000
1778316919,38.46,33.12,42.90,0,1,,TRACK,,,0.000,0.000,0.000,0.000,0.000,0.000
1778316924,38.44,33.12,42.90,0,1,,TRACK,,,0.000,0.000,0.000,0.000,0.000,0.000
1778316929,38.40,33.10,42.90,0,1,,TRACK,,,0.000,0.000,0.000,0.000,0.000,0.000
1778316934,38.37,33.13,43.00,0,1,,TRACK,,,0.000,0.000,0.000,0.000,0.000,0.000
1778316939,38.34,33.12,43.00,0,1,,TRACK,,,0.000,0.000,0.000,0.000,0.000,0.000
1778316944,38.33,33.13,43.10,0,1,,TRACK,,,0.000,0.000,0.000,0.000,0.000,0.000
1778316949,38.30,33.12,43.10,0,1,,TRACK,,,0.000,0.000,0.000,0.000,0.000,0.000
1778316954,38.30,33.15,43.10,0,1,,TRACK,,,0.000,0.000,0.000,0.000,0.000,0.000
1778316959,38.26,33.12,43.20,0,1,,TRACK,,,0.000,0.000,0.000,0.000,0.000,0.000
1778316964,38.23,33.12,43.20,0,1,,TRACK,,,0.000,0.000,0.000,0.000,0.000,0.000
1778316969,38.24,33.13,43.20,0,1,,TRACK,,,0.000,0.000,0.000,0.000,0.000,0.000
1778316974,38.23,33.12,43.30,0,1,,TRACK,,,0.000,0.000,0.000,0.000,0.000,0.000
1778316979,38.17,33.13,43.30,0,1,,TRACK,,,0.000,0.000,0.000,0.000,0.000,0.000
1778316984,38.17,33.15,43.30,0,1,,TRACK,,,0.000,0.000,0.000,0.000,0.000,0.000
1778316989,38.16,33.13,43.30,0,1,,TRACK,,,0.000,0.000,0.000,0.000,0.000,0.000
1778316994,38.15,33.15,43.40,0,1,,TRACK,,,0.000,0.000,0.000,0.000,0.000,0.000
1778316999,38.09,33.12,43.40,0,1,,TRACK,,,0.000,0.000,0.000,0.000,0.000,0.000
1778317004,38.09,33.15,43.40,0,1,,TRACK,,,0.000,0.000,0.000,0.000,0.000,0.000
1778317009,38.09,33.13,43.50,0,1,,TRACK,,,0.000,0.000,0.000,0.000,0.000,0.000
1778317014,38.08,33.12,43.50,0,1,,TRACK,,,0.000,0.000,0.000,0.000,0.000,0.000
1778317019,38.03,33.12,43.50,0,1,,TRACK,,,0.000,0.000,0.000,0.000,0.000,0.000
1778317024,38.02,33.12,43.50,0,1,,TRACK,,,0.000,0.000,0.000,0.000,0.000,0.000
1778317029,38.02,33.10,43.50,0,1,,TRACK,,,0.000,0.000,0.000,0.000,0.000,0.000
1778317034,38.02,33.13,43.60,0,1,,TRACK,,,0.000,0.000,0.000,0.000,0.000,0.000
1778317039,38.02,33.10,43.60,0,1,,TRACK,,,0.000,0.000,0.000,0.000,0.000,0.000
1778317044,37.99,33.10,43.60,0,1,,TRACK,,,0.000,0.000,0.000,0.000,0.000,0.000
1778317049,37.99,33.10,43.70,0,1,,TRACK,,,0.000,0.000,0.000,0.000,0.000,0.000
1778317054,37.96,33.12,43.70,0,1,,TRACK,,,0.000,0.000,0.000,0.000,0.000,0.000
1778317059,37.98,33.12,43.70,0,1,,TRACK,,,0.000,0.000,0.000,0.000,0.000,0.000
1778317064,37.94,33.10,43.70,0,1,,TRACK,,,0.000,0.000,0.000,0.000,0.000,0.000
1778317069,37.93,33.10,43.70,0,1,,TRACK,,,0.000,0.000,0.000,0.000,0.000,0.000
1778317074,37.92,33.10,43.70,0,1,,TRACK,,,0.000,0.000,0.000,0.000,0.000,0.000
1778317079,37.89,33.10,43.80,0,1,,TRACK,,,0.000,0.000,0.000,0.000,0.000,0.000
1778317084,37.88,33.13,43.80,0,1,,TRACK,,,0.000,0.000,0.000,0.000,0.000,0.000
1778317089,37.88,33.13,43.80,0,1,,TRACK,,,0.000,0.000,0.000,0.000,0.000,0.000
1778317094,37.88,33.15,43.80,0,1,,TRACK,,,0.000,0.000,0.000,0.000,0.000,0.000
1778317099,37.85,33.15,43.80,0,1,,TRACK,,,0.000,0.000,0.000,0.000,0.000,0.000
1778317104,37.85,33.13,43.80,0,1,,TRACK,,,0.000,0.000,0.000,0.000,0.000,0.000
1778317109,37.82,33.16,43.80,0,1,,TRACK,,,0.000,0.000,0.000,0.000,0.000,0.000
1778317114,37.83,33.17,43.90,0,1,,TRACK,,,0.000,0.000,0.000,0.000,0.000,0.000
1778317119,37.82,33.15,43.80,0,1,,TRACK,,,0.000,0.000,0.000,0.000,0.000,0.000
1778317124,37.81,33.12,43.80,0,1,,TRACK,,,0.000,0.000,0.000,0.000,0.000,0.000
1778317129,37.81,33.17,43.80,0,1,,TRACK,,,0.000,0.000,0.000,0.000,0.000,0.000
1778317134,37.78,33.15,43.80,0,1,,TRACK,,,0.000,0.000,0.000,0.000,0.000,0.000
1778317139,37.75,33.15,43.80,0,1,,TRACK,,,0.000,0.000,0.000,0.000,0.000,0.000
1778317144,37.75,33.16,43.90,0,1,,TRACK,,,0.000,0.000,0.000,0.000,0.000,0.000
1778317149,37.76,33.17,43.80,0,1,,TRACK,,,0.000,0.000,0.000,0.000,0.000,0.000
1778317154,37.74,33.16,43.80,0,1,,TRACK,,,0.000,0.000,0.000,0.000,0.000,0.000
1778317159,37.72,33.13,43.90,0,1,,TRACK,,,0.000,0.000,0.000,0.000,0.000,0.000
1778317164,37.75,33.13,43.90,0,1,,TRACK,,,0.000,0.000,0.000,0.000,0.000,0.000
1778317169,37.74,33.15,43.90,0,1,,TRACK,,,0.000,0.000,0.000,0.000,0.000,0.000
1778317174,37.74,33.17,43.90,0,1,,TRACK,,,0.000,0.000,0.000,0.000,0.000,0.000
1778317179,37.69,33.16,44.00,100,1,,TRACK,,,0.000,0.000,0.000,0.000,0.000,0.000
1778317184,37.69,33.19,43.90,100,1,,TRACK,,,0.000,0.000,0.000,0.000,0.000,0.000
1778317189,37.68,33.22,44.00,100,1,,TRACK,,,0.000,0.000,0.000,0.000,0.000,0.000
1778317194,37.68,33.16,44.00,100,1,,TRACK,,,0.000,0.000,0.000,0.000,0.000,0.000
1778317199,37.69,33.20,44.00,100,1,,TRACK,,,0.000,0.000,0.000,0.000,0.000,0.000
1778317204,37.74,33.19,43.90,100,1,,TRACK,,,0.000,0.000,0.000,0.000,0.000,0.000
1778317209,37.83,33.19,43.80,100,1,,TRACK,,,0.000,0.000,0.000,0.000,0.000,0.000
1778317214,37.88,33.22,43.80,100,1,,TRACK,,,0.000,0.000,0.000,0.000,0.000,0.000
1778317219,37.96,33.19,43.70,100,1,,TRACK,,,0.000,0.000,0.000,0.000,0.000,0.000
1778317224,38.03,33.13,43.50,100,1,,TRACK,,,0.000,0.000,0.000,0.000,0.000,0.000
1778317229,38.12,33.09,43.40,100,1,,TRACK,,,0.000,0.000,0.000,0.000,0.000,0.000
1778317234,38.26,33.12,43.20,100,1,,TRACK,,,0.000,0.000,0.000,0.000,0.000,0.000
1778317239,38.38,33.10,43.00,0,1,,TRACK,,,0.000,0.000,0.000,0.000,0.000,0.000
1778317244,38.54,33.07,42.80,0,1,,TRACK,,,0.000,0.000,0.000,0.000,0.000,0.000
1778317249,38.63,33.05,42.60,0,1,,TRACK,,,0.000,0.000,0.000,0.000,0.000,0.000
1778317254,38.76,33.05,42.50,0,1,,TRACK,,,0.000,0.000,0.000,0.000,0.000,0.000
1778317259,38.90,33.03,42.30,0,1,,TRACK,,,0.000,0.000,0.000,0.000,0.000,0.000
1778317264,38.98,33.03,42.10,0,1,,TRACK,,,0.000,0.000,0.000,0.000,0.000,0.000
1778317269,39.08,33.03,41.90,0,1,,TRACK,,,0.000,0.000,0.000,0.000,0.000,0.000
1778317274,39.12,33.03,41.80,0,1,,TRACK,,,0.000,0.000,0.000,0.000,0.000,0.000
1778317279,39.19,32.99,41.70,0,1,,TRACK,,,0.000,0.000,0.000,0.000,0.000,0.000
1778317284,39.23,33.00,41.70,0,1,,TRACK,,,0.000,0.000,0.000,0.000,0.000,0.000
1778317289,39.26,32.99,41.70,0,1,,TRACK,,,0.000,0.000,0.000,0.000,0.000,0.000
1778317294,39.27,32.99,41.60,0,1,,TRACK,,,0.000,0.000,0.000,0.000,0.000,0.000
1778317299,39.30,33.00,41.60,0,1,,TRACK,,,0.000,0.000,0.000,0.000,0.000,0.000
1778317304,39.27,33.02,41.60,0,1,,TRACK,,,0.000,0.000,0.000,0.000,0.000,0.000
1778317309,39.27,33.02,41.70,0,1,,TRACK,,,0.000,0.000,0.000,0.000,0.000,0.000
1778317314,39.31,33.05,41.70,0,1,,TRACK,,,0.000,0.000,0.000,0.000,0.000,0.000
1778317319,39.26,33.05,41.70,0,1,,TRACK,,,0.000,0.000,0.000,0.000,0.000,0.000
1778317324,39.25,33.03,41.70,0,1,,TRACK,,,0.000,0.000,0.000,0.000,0.000,0.000
1778317329,39.23,33.00,41.80,0,1,,TRACK,,,0.000,0.000,0.000,0.000,0.000,0.000
1778317334,39.18,33.02,41.80,0,1,,TRACK,,,0.000,0.000,0.000,0.000,0.000,0.000
1778317339,39.18,32.99,41.80,0,1,,TRACK,,,0.000,0.000,0.000,0.000,0.000,0.000
1778317344,39.11,33.02,41.90,0,1,,TRACK,,,0.000,0.000,0.000,0.000,0.000,0.000
1778317349,39.12,33.02,41.90,0,1,,TRACK,,,0.000,0.000,0.000,0.000,0.000,0.000
1778317354,39.08,33.02,42.00,0,1,,TRACK,,,0.000,0.000,0.000,0.000,0.000,0.000
1778317359,39.02,33.07,42.10,0,1,,TRACK,,,0.000,0.000,0.000,0.000,0.000,0.000
1778317364,38.98,33.09,42.10,0,1,,TRACK,,,0.000,0.000,0.000,0.000,0.000,0.000
1778317369,38.94,33.13,42.20,0,1,,TRACK,,,0.000,0.000,0.000,0.000,0.000,0.000
1778317374,38.92,33.15,42.30,0,1,,TRACK,,,0.000,0.000,0.000,0.000,0.000,0.000
1778317379,38.85,33.15,42.30,0,1,,TRACK,,,0.000,0.000,0.000,0.000,0.000,0.000
1778317384,38.82,33.19,42.40,0,1,,TRACK,,,0.000,0.000,0.000,0.000,0.000,0.000
1778317389,38.78,33.20,42.50,0,1,,TRACK,,,0.000,0.000,0.000,0.000,0.000,0.000
1778317394,38.75,33.22,42.50,0,1,,TRACK,,,0.000,0.000,0.000,0.000,0.000,0.000
1778317399,38.74,33.22,42.60,0,1,,TRACK,,,0.000,0.000,0.000,0.000,0.000,0.000
1778317404,38.68,33.22,42.70,0,1,,TRACK,,,0.000,0.000,0.000,0.000,0.000,0.000
1778317409,38.64,33.24,42.70,0,1,,TRACK,,,0.000,0.000,0.000,0.000,0.000,0.000
1778317414,38.58,33.22,42.80,0,1,,TRACK,,,0.000,0.000,0.000,0.000,0.000,0.000
1778317419,38.57,33.22,42.90,0,1,,TRACK,,,0.000,0.000,0.000,0.000,0.000,0.000
1778317424,38.50,33.22,42.90,0,1,,TRACK,,,0.000,0.000,0.000,0.000,0.000,0.000
1778317429,38.51,33.22,43.00,0,1,,TRACK,,,0.000,0.000,0.000,0.000,0.000,0.000
1778317434,38.47,33.19,43.10,0,1,,TRACK,,,0.000,0.000,0.000,0.000,0.000,0.000
1778317439,38.44,33.17,43.10,0,1,,TRACK,,,0.000,0.000,0.000,0.000,0.000,0.000
1778317444,38.43,33.17,43.20,0,1,,TRACK,,,0.000,0.000,0.000,0.000,0.000,0.000
1778317449,38.37,33.15,43.20,0,1,,TRACK,,,0.000,0.000,0.000,0.000,0.000,0.000
1778317454,38.36,33.13,43.20,0,1,,TRACK,,,0.000,0.000,0.000,0.000,0.000,0.000
1778317459,38.34,33.15,43.30,0,1,,TRACK,,,0.000,0.000,0.000,0.000,0.000,0.000
1778317464,38.33,33.15,43.40,0,1,,TRACK,,,0.000,0.000,0.000,0.000,0.000,0.000
1778317469,38.30,33.13,43.40,0,1,,TRACK,,,0.000,0.000,0.000,0.000,0.000,0.000
1778317474,38.24,33.12,43.40,0,1,,TRACK,,,0.000,0.000,0.000,0.000,0.000,0.000
1778317479,38.23,33.13,43.40,0,1,,TRACK,,,0.000,0.000,0.000,0.000,0.000,0.000
1778317484,38.21,33.10,43.50,0,1,,TRACK,,,0.000,0.000,0.000,0.000,0.000,0.000
1778317489,38.17,33.12,43.50,0,1,,TRACK,,,0.000,0.000,0.000,0.000,0.000,0.000
1778317494,38.17,33.12,43.50,0,1,,TRACK,,,0.000,0.000,0.000,0.000,0.000,0.000
1778317499,38.16,33.09,43.50,0,1,,TRACK,,,0.000,0.000,0.000,0.000,0.000,0.000
1778317504,38.15,33.12,43.60,0,1,,TRACK,,,0.000,0.000,0.000,0.000,0.000,0.000
1778317509,38.16,33.13,43.70,0,1,,TRACK,,,0.000,0.000,0.000,0.000,0.000,0.000
1778317514,38.09,33.07,43.70,0,1,,TRACK,,,0.000,0.000,0.000,0.000,0.000,0.000
1778317519,38.08,33.12,43.70,0,1,,TRACK,,,0.000,0.000,0.000,0.000,0.000,0.000
1778317524,38.06,33.12,43.70,0,1,,TRACK,,,0.000,0.000,0.000,0.000,0.000,0.000
1778317529,38.06,33.12,43.80,0,1,,TRACK,,,0.000,0.000,0.000,0.000,0.000,0.000
1778317534,38.02,33.13,43.80,0,1,,TRACK,,,0.000,0.000,0.000,0.000,0.000,0.000
1778317539,38.02,33.12,43.90,0,1,,TRACK,,,0.000,0.000,0.000,0.000,0.000,0.000
1778317544,38.02,33.10,43.90,0,1,,TRACK,,,0.000,0.000,0.000,0.000,0.000,0.000
1778317549,37.98,33.10,43.90,0,1,,TRACK,,,0.000,0.000,0.000,0.000,0.000,0.000
1778317554,37.96,33.12,43.90,0,1,,TRACK,,,0.000,0.000,0.000,0.000,0.000,0.000
1778317559,37.98,33.13,44.00,0,1,,TRACK,,,0.000,0.000,0.000,0.000,0.000,0.000
1778317564,37.93,33.12,44.00,0,1,,TRACK,,,0.000,0.000,0.000,0.000,0.000,0.000
1778317569,37.93,33.10,44.00,0,1,,TRACK,,,0.000,0.000,0.000,0.000,0.000,0.000
1778317574,37.90,33.10,44.00,0,1,,TRACK,,,0.000,0.000,0.000,0.000,0.000,0.000
1778317579,37.89,33.10,44.10,0,1,,TRACK,,,0.000,0.000,0.000,0.000,0.000,0.000
1778317584,37.89,33.12,44.10,0,1,,TRACK,,,0.000,0.000,0.000,0.000,0.000,0.000
1778317589,37.88,33.12,44.10,0,1,,TRACK,,,0.000,0.000,0.000,0.000,0.000,0.000
1778317594,37.85,33.09,44.10,0,1,,TRACK,,,0.000,0.000,0.000,0.000,0.000,0.000
1778317599,37.85,33.10,44.20,0,1,,TRACK,,,0.000,0.000,0.000,0.000,0.000,0.000
1778317604,37.83,33.07,44.20,0,1,,TRACK,,,0.000,0.000,0.000,0.000,0.000,0.000
1778317609,37.82,33.12,44.20,0,1,,TRACK,,,0.000,0.000,0.000,0.000,0.000,0.000
1778317614,37.81,33.07,44.20,0,1,,TRACK,,,0.000,0.000,0.000,0.000,0.000,0.000
1778317619,37.79,33.09,44.20,0,1,,TRACK,,,0.000,0.000,0.000,0.000,0.000,0.000
1778317624,37.78,33.09,44.20,0,1,,TRACK,,,0.000,0.000,0.000,0.000,0.000,0.000
1778317629,37.78,33.10,44.30,0,1,,TRACK,,,0.000,0.000,0.000,0.000,0.000,0.000
1778317634,37.75,33.09,44.40,0,1,,TRACK,,,0.000,0.000,0.000,0.000,0.000,0.000
1778317639,37.75,33.09,44.30,0,1,,TRACK,,,0.000,0.000,0.000,0.000,0.000,0.000
1778317644,37.72,33.10,44.40,0,1,,TRACK,,,0.000,0.000,0.000,0.000,0.000,0.000
1778317649,37.75,33.09,44.40,0,1,,TRACK,,,0.000,0.000,0.000,0.000,0.000,0.000
1778317654,37.74,33.09,44.40,0,1,,TRACK,,,0.000,0.000,0.000,0.000,0.000,0.000
1778317659,37.72,33.06,44.50,0,1,,TRACK,,,0.000,0.000,0.000,0.000,0.000,0.000
1778317664,37.72,33.10,44.40,0,1,,TRACK,,,0.000,0.000,0.000,0.000,0.000,0.000
1778317669,37.71,33.07,44.50,0,1,,TRACK,,,0.000,0.000,0.000,0.000,0.000,0.000
1778317674,37.69,33.09,44.50,100,1,,TRACK,,,0.000,0.000,0.000,0.000,0.000,0.000
1778317679,37.68,33.05,44.50,100,1,,TRACK,,,0.000,0.000,0.000,0.000,0.000,0.000
1778317684,37.68,33.07,44.50,100,1,,TRACK,,,0.000,0.000,0.000,0.000,0.000,0.000
1778317689,37.71,33.03,44.50,100,1,,TRACK,,,0.000,0.000,0.000,0.000,0.000,0.000
1778317694,37.69,33.03,44.50,100,1,,TRACK,,,0.000,0.000,0.000,0.000,0.000,0.000
1778317699,37.75,33.03,44.50,100,1,,TRACK,,,0.000,0.000,0.000,0.000,0.000,0.000
1778317704,37.79,33.06,44.30,100,1,,TRACK,,,0.000,0.000,0.000,0.000,0.000,0.000
1778317709,37.88,33.05,44.20,100,1,,TRACK,,,0.000,0.000,0.000,0.000,0.000,0.000
1778317714,37.98,33.03,44.20,100,1,,TRACK,,,0.000,0.000,0.000,0.000,0.000,0.000
1778317719,38.05,33.05,44.00,100,1,,TRACK,,,0.000,0.000,0.000,0.000,0.000,0.000
1778317724,38.16,33.00,43.80,100,1,,TRACK,,,0.000,0.000,0.000,0.000,0.000,0.000
1778317729,38.30,33.05,43.60,100,1,,TRACK,,,0.000,0.000,0.000,0.000,0.000,0.000
1778317734,38.40,33.03,43.50,0,1,,TRACK,,,0.000,0.000,0.000,0.000,0.000,0.000
1778317739,38.51,33.02,43.30,0,1,,TRACK,,,0.000,0.000,0.000,0.000,0.000,0.000
1778317744,38.68,33.05,43.10,0,1,,TRACK,,,0.000,0.000,0.000,0.000,0.000,0.000
1778317749,38.79,33.06,43.00,0,1,,TRACK,,,0.000,0.000,0.000,0.000,0.000,0.000
1778317754,38.90,33.07,42.70,0,1,,TRACK,,,0.000,0.000,0.000,0.000,0.000,0.000
1778317759,38.98,33.09,42.50,0,1,,TRACK,,,0.000,0.000,0.000,0.000,0.000,0.000
1778317764,39.06,33.07,42.50,0,1,,TRACK,,,0.000,0.000,0.000,0.000,0.000,0.000
1778317769,39.12,33.09,42.30,0,1,,TRACK,,,0.000,0.000,0.000,0.000,0.000,0.000
1778317774,39.18,33.06,42.20,0,1,,TRACK,,,0.000,0.000,0.000,0.000,0.000,0.000
1778317779,39.19,33.06,42.20,0,1,,TRACK,,,0.000,0.000,0.000,0.000,0.000,0.000
1778317784,39.20,33.09,42.10,0,1,,TRACK,,,0.000,0.000,0.000,0.000,0.000,0.000
1778317789,39.25,33.09,42.10,0,1,,TRACK,,,0.000,0.000,0.000,0.000,0.000,0.000
1778317794,39.27,33.07,42.10,0,1,,TRACK,,,0.000,0.000,0.000,0.000,0.000,0.000
1778317799,39.26,33.09,42.10,0,1,,TRACK,,,0.000,0.000,0.000,0.000,0.000,0.000
1778317804,39.26,33.10,42.10,0,1,,TRACK,,,0.000,0.000,0.000,0.000,0.000,0.000
1778317809,39.20,33.13,42.10,0,1,,TRACK,,,0.000,0.000,0.000,0.000,0.000,0.000
1778317814,39.19,33.10,42.20,0,1,,TRACK,,,0.000,0.000,0.000,0.000,0.000,0.000
1778317819,39.18,33.13,42.20,0,1,,TRACK,,,0.000,0.000,0.000,0.000,0.000,0.000
1778317824,39.15,33.13,42.20,0,1,,TRACK,,,0.000,0.000,0.000,0.000,0.000,0.000
1778317829,39.12,33.13,42.30,0,1,,TRACK,,,0.000,0.000,0.000,0.000,0.000,0.000
1778317834,39.08,33.13,42.30,0,1,,TRACK,,,0.000,0.000,0.000,0.000,0.000,0.000
1778317839,39.02,33.15,42.40,0,1,,TRACK,,,0.000,0.000,0.000,0.000,0.000,0.000
1778317844,38.99,33.15,42.50,0,1,,TRACK,,,0.000,0.000,0.000,0.000,0.000,0.000
1778317849,38.94,33.16,42.60,0,1,,TRACK,,,0.000,0.000,0.000,0.000,0.000,0.000
1778317854,38.91,33.15,42.60,0,1,,TRACK,,,0.000,0.000,0.000,0.000,0.000,0.000
1778317859,38.86,33.16,42.70,0,1,,TRACK,,,0.000,0.000,0.000,0.000,0.000,0.000
1778317864,38.84,33.15,42.80,0,1,,TRACK,,,0.000,0.000,0.000,0.000,0.000,0.000
1778317869,38.78,33.16,42.90,0,1,,TRACK,,,0.000,0.000,0.000,0.000,0.000,0.000
1778317874,38.70,33.19,42.90,0,1,,TRACK,,,0.000,0.000,0.000,0.000,0.000,0.000
1778317879,38.68,33.15,42.90,0,1,,TRACK,,,0.000,0.000,0.000,0.000,0.000,0.000
1778317884,38.65,33.17,43.10,0,1,,TRACK,,,0.000,0.000,0.000,0.000,0.000,0.000
1778317889,38.64,33.17,43.10,0,1,,TRACK,,,0.000,0.000,0.000,0.000,0.000,0.000
1778317894,38.58,33.17,43.20,0,1,,TRACK,,,0.000,0.000,0.000,0.000,0.000,0.000
1778317899,38.55,33.17,43.20,0,1,,TRACK,,,0.000,0.000,0.000,0.000,0.000,0.000
1778317904,38.54,33.16,43.20,0,1,,TRACK,,,0.000,0.000,0.000,0.000,0.000,0.000
1778317909,38.51,33.17,43.20,0,1,,TRACK,,,0.000,0.000,0.000,0.000,0.000,0.000
1778317914,38.48,33.17,43.30,0,1,,TRACK,,,0.000,0.000,0.000,0.000,0.000,0.000
1778317919,38.43,33.19,43.30,0,1,,TRACK,,,0.000,0.000,0.000,0.000,0.000,0.000
1778317924,38.43,33.16,43.30,0,1,,TRACK,,,0.000,0.000,0.000,0.000,0.000,0.000
1778317929,38.40,33.13,43.40,0,1,,TRACK,,,0.000,0.000,0.000,0.000,0.000,0.000
1778317934,38.37,33.15,43.50,0,1,,TRACK,,,0.000,0.000,0.000,0.000,0.000,0.000
1778317939,38.34,33.12,43.50,0,1,,TRACK,,,0.000,0.000,0.000,0.000,0.000,0.000
1778317944,38.31,33.10,43.50,0,1,,TRACK,,,0.000,0.000,0.000,0.000,0.000,0.000
1778317950,38.30,33.09,43.60,0,1,,TRACK,,,0.000,0.000,0.000,0.000,0.000,0.000
1778317954,38.27,33.09,43.50,0,1,,TRACK,,,0.000,0.000,0.000,0.000,0.000,0.000
1778317959,38.26,33.05,43.60,0,1,,TRACK,,,0.000,0.000,0.000,0.000,0.000,0.000
1778317964,38.24,33.03,43.60,0,1,,TRACK,,,0.000,0.000,0.000,0.000,0.000,0.000
1778317969,38.21,33.02,43.60,0,1,,TRACK,,,0.000,0.000,0.000,0.000,0.000,0.000
1778317974,38.20,33.03,43.70,0,1,,TRACK,,,0.000,0.000,0.000,0.000,0.000,0.000
1778317979,38.20,33.02,43.70,0,1,,TRACK,,,0.000,0.000,0.000,0.000,0.000,0.000
1778317984,38.17,33.02,43.80,0,1,,TRACK,,,0.000,0.000,0.000,0.000,0.000,0.000
1778317989,38.13,33.03,43.70,0,1,,TRACK,,,0.000,0.000,0.000,0.000,0.000,0.000
1778317994,38.13,33.00,43.80,0,1,,TRACK,,,0.000,0.000,0.000,0.000,0.000,0.000
1778317999,38.08,32.99,43.80,0,1,,TRACK,,,0.000,0.000,0.000,0.000,0.000,0.000
1778318004,38.09,32.99,43.80,0,1,,TRACK,,,0.000,0.000,0.000,0.000,0.000,0.000
1778318009,38.09,32.99,43.80,0,1,,TRACK,,,0.000,0.000,0.000,0.000,0.000,0.000
1778318014,38.05,32.99,43.80,0,1,,TRACK,,,0.000,0.000,0.000,0.000,0.000,0.000
1778318019,38.02,32.98,43.90,0,1,,TRACK,,,0.000,0.000,0.000,0.000,0.000,0.000
1778318024,38.02,32.99,43.90,0,1,,TRACK,,,0.000,0.000,0.000,0.000,0.000,0.000
1778318029,38.00,33.00,43.90,0,1,,TRACK,,,0.000,0.000,0.000,0.000,0.000,0.000
1778318034,37.98,33.03,44.00,0,1,,TRACK,,,0.000,0.000,0.000,0.000,0.000,0.000
1778318039,37.98,33.00,44.10,0,1,,TRACK,,,0.000,0.000,0.000,0.000,0.000,0.000
1778318044,37.93,33.02,44.00,0,1,,TRACK,,,0.000,0.000,0.000,0.000,0.000,0.000
1778318049,37.93,33.05,44.10,0,1,,TRACK,,,0.000,0.000,0.000,0.000,0.000,0.000
1778318054,37.93,33.05,44.10,0,1,,TRACK,,,0.000,0.000,0.000,0.000,0.000,0.000
1778318059,37.89,33.06,44.10,0,1,,TRACK,,,0.000,0.000,0.000,0.000,0.000,0.000
1778318064,37.90,33.09,44.10,0,1,,TRACK,,,0.000,0.000,0.000,0.000,0.000,0.000
1778318069,37.89,33.07,44.10,0,1,,TRACK,,,0.000,0.000,0.000,0.000,0.000,0.000
1778318074,37.85,33.09,44.10,0,1,,TRACK,,,0.000,0.000,0.000,0.000,0.000,0.000
1778318079,37.83,33.09,44.20,0,1,,TRACK,,,0.000,0.000,0.000,0.000,0.000,0.000
1778318084,37.83,33.07,44.20,0,1,,TRACK,,,0.000,0.000,0.000,0.000,0.000,0.000
1778318091,37.82,33.06,44.20,0,1,,TRACK,,,0.000,0.000,0.000,0.000,0.000,0.000
1778318094,37.82,33.05,44.20,0,1,,TRACK,,,0.000,0.000,0.000,0.000,0.000,0.000
1778318099,37.81,33.06,44.20,0,1,,TRACK,,,0.000,0.000,0.000,0.000,0.000,0.000
1778318104,37.78,33.06,44.30,0,1,,TRACK,,,0.000,0.000,0.000,0.000,0.000,0.000
1778318109,37.78,33.06,44.30,0,1,,TRACK,,,0.000,0.000,0.000,0.000,0.000,0.000
1778318114,37.78,33.05,44.30,0,1,,TRACK,,,0.000,0.000,0.000,0.000,0.000,0.000
1778318119,37.72,33.06,44.30,0,1,,TRACK,,,0.000,0.000,0.000,0.000,0.000,0.000
1778318124,37.74,33.07,44.30,0,1,,TRACK,,,0.000,0.000,0.000,0.000,0.000,0.000
1778318129,37.72,33.05,44.30,0,1,,TRACK,,,0.000,0.000,0.000,0.000,0.000,0.000
1778318134,37.72,33.07,44.30,0,1,,TRACK,,,0.000,0.000,0.000,0.000,0.000,0.000
1778318139,37.72,33.07,44.30,0,1,,TRACK,,,0.000,0.000,0.000,0.000,0.000,0.000
1778318144,37.69,33.06,44.30,100,1,,TRACK,,,0.000,0.000,0.000,0.000,0.000,0.000
1778318149,37.71,33.09,44.30,100,1,,TRACK,,,0.000,0.000,0.000,0.000,0.000,0.000
1778318154,37.71,33.09,44.40,100,1,,TRACK,,,0.000,0.000,0.000,0.000,0.000,0.000
1778318159,37.69,33.10,44.40,100,1,,TRACK,,,0.000,0.000,0.000,0.000,0.000,0.000
1778318164,37.71,33.12,44.40,100,1,,TRACK,,,0.000,0.000,0.000,0.000,0.000,0.000
1778318169,37.76,33.10,44.30,100,1,,TRACK,,,0.000,0.000,0.000,0.000,0.000,0.000
1778318174,37.81,33.12,44.20,100,1,,TRACK,,,0.000,0.000,0.000,0.000,0.000,0.000
1778318179,37.88,33.10,44.10,100,1,,TRACK,,,0.000,0.000,0.000,0.000,0.000,0.000
1778318184,37.98,33.13,44.00,100,1,,TRACK,,,0.000,0.000,0.000,0.000,0.000,0.000
1778318189,38.05,33.17,43.90,100,1,,TRACK,,,0.000,0.000,0.000,0.000,0.000,0.000
1778318194,38.16,33.15,43.70,100,1,,TRACK,,,0.000,0.000,0.000,0.000,0.000,0.000
1778318199,38.26,33.15,43.60,100,1,,TRACK,,,0.000,0.000,0.000,0.000,0.000,0.000
1778318204,38.38,33.16,43.40,0,1,,TRACK,,,0.000,0.000,0.000,0.000,0.000,0.000
1778318209,38.53,33.16,43.20,0,1,,TRACK,,,0.000,0.000,0.000,0.000,0.000,0.000
1778318214,38.67,33.13,43.00,0,1,,TRACK,,,0.000,0.000,0.000,0.000,0.000,0.000
1778318219,38.79,33.13,42.80,0,1,,TRACK,,,0.000,0.000,0.000,0.000,0.000,0.000
1778318224,38.92,33.17,42.60,0,1,,TRACK,,,0.000,0.000,0.000,0.000,0.000,0.000
1778318229,39.03,33.16,42.50,0,1,,TRACK,,,0.000,0.000,0.000,0.000,0.000,0.000
1778318234,39.09,33.13,42.20,0,1,,TRACK,,,0.000,0.000,0.000,0.000,0.000,0.000
1778318239,39.16,33.15,42.20,0,1,,TRACK,,,0.000,0.000,0.000,0.000,0.000,0.000
1778318244,39.22,33.16,42.10,0,1,,TRACK,,,0.000,0.000,0.000,0.000,0.000,0.000
1778318249,39.23,33.17,42.00,0,1,,TRACK,,,0.000,0.000,0.000,0.000,0.000,0.000
1778318254,39.29,33.16,42.00,0,1,,TRACK,,,0.000,0.000,0.000,0.000,0.000,0.000
1778318259,39.30,33.15,41.90,0,1,,TRACK,,,0.000,0.000,0.000,0.000,0.000,0.000
1778318264,39.33,33.15,41.90,0,1,,TRACK,,,0.000,0.000,0.000,0.000,0.000,0.000
1778318269,39.30,33.15,41.90,0,1,,TRACK,,,0.000,0.000,0.000,0.000,0.000,0.000
1778318274,39.29,33.17,42.00,0,1,,TRACK,,,0.000,0.000,0.000,0.000,0.000,0.000
1778318279,39.29,33.13,41.90,0,1,,TRACK,,,0.000,0.000,0.000,0.000,0.000,0.000
1778318284,39.27,33.13,42.00,0,1,,TRACK,,,0.000,0.000,0.000,0.000,0.000,0.000
1778318289,39.26,33.16,42.00,0,1,,TRACK,,,0.000,0.000,0.000,0.000,0.000,0.000
1778318294,39.23,33.15,42.00,0,1,,TRACK,,,0.000,0.000,0.000,0.000,0.000,0.000
1778318299,39.22,33.16,42.00,0,1,,TRACK,,,0.000,0.000,0.000,0.000,0.000,0.000
1778318304,39.16,33.16,42.10,0,1,,TRACK,,,0.000,0.000,0.000,0.000,0.000,0.000
1778318309,39.13,33.16,42.10,0,1,,TRACK,,,0.000,0.000,0.000,0.000,0.000,0.000
1778318314,39.09,33.16,42.20,0,1,,TRACK,,,0.000,0.000,0.000,0.000,0.000,0.000
1778318319,39.08,33.20,42.20,0,1,,TRACK,,,0.000,0.000,0.000,0.000,0.000,0.000
1778318324,39.03,33.19,42.30,0,1,,TRACK,,,0.000,0.000,0.000,0.000,0.000,0.000
1778318329,38.99,33.19,42.40,0,1,,TRACK,,,0.000,0.000,0.000,0.000,0.000,0.000
1778318334,38.96,33.20,42.40,0,1,,TRACK,,,0.000,0.000,0.000,0.000,0.000,0.000
1778318339,38.92,33.20,42.50,0,1,,TRACK,,,0.000,0.000,0.000,0.000,0.000,0.000
