timestamp_unix,t_in,t_ext,rh,pwm,door,ctrl_mode,phase,session_id,scenario,t_pred,err,integral,kp,ki,kd
1778983357,32.00,31.49,63.70,60,1,tinyml,,,,32.000,0.000,0.000,0.000,0.000,0.000
1778983362,32.12,31.52,63.30,60,1,tinyml,,,,32.120,0.000,0.000,0.000,0.000,0.000
1778983367,32.26,31.49,63.00,60,1,tinyml,,,,32.260,0.000,0.000,0.000,0.000,0.000
1778983372,32.41,31.50,62.70,60,1,tinyml,,,,32.410,0.000,0.000,0.000,0.000,0.000
1778983377,32.61,31.49,62.20,60,1,tinyml,,,,32.610,0.000,0.000,0.000,0.000,0.000
1778983382,32.78,31.50,61.80,60,1,tinyml,,,,32.780,0.000,0.000,0.000,0.000,0.000
1778983387,32.96,31.50,61.30,60,1,tinyml,,,,32.960,0.000,0.000,0.000,0.000,0.000
1778983392,33.18,31.49,60.80,60,1,tinyml,,,,33.180,0.000,0.000,0.000,0.000,0.000
1778983397,33.39,31.49,60.30,60,1,tinyml,,,,33.390,0.000,0.000,0.000,0.000,0.000
1778983402,33.58,31.49,59.90,60,1,tinyml,,,,33.580,0.000,0.000,0.000,0.000,0.000
1778983407,33.82,31.49,59.30,60,1,tinyml,,,,33.820,0.000,0.000,0.000,0.000,0.000
1778983412,34.06,31.52,58.90,60,1,tinyml,,,,34.060,0.000,0.000,0.000,0.000,0.000
1778983417,34.32,31.50,58.30,60,1,tinyml,,,,34.320,0.000,0.000,0.000,0.000,0.000
1778983422,34.52,31.50,57.90,60,1,tinyml,,,,34.520,0.000,0.000,0.000,0.000,0.000
1778983427,34.74,31.49,57.40,58,1,tinyml,,,,34.740,0.000,0.000,0.000,0.000,0.000
1778983432,34.97,31.49,57.00,54,1,tinyml,,,,34.970,0.000,0.000,0.000,0.000,0.000
1778983437,35.22,31.49,56.40,50,1,tinyml,,,,35.220,0.000,0.000,0.000,0.000,0.000
1778983442,35.41,31.50,55.90,46,1,tinyml,,,,35.410,0.000,0.000,0.000,0.000,0.000
1778983447,35.62,31.50,55.50,42,1,tinyml,,,,35.620,0.000,0.000,0.000,0.000,0.000
1778983452,35.83,31.52,55.10,39,1,tinyml,,,,35.830,0.000,0.000,0.000,0.000,0.000
1778983457,36.04,31.52,54.80,35,1,tinyml,,,,36.040,0.000,0.000,0.000,0.000,0.000
1778983462,36.23,31.52,54.30,31,1,tinyml,,,,36.230,0.000,0.000,0.000,0.000,0.000
1778983467,36.38,31.50,54.00,29,1,tinyml,,,,36.380,0.000,0.000,0.000,0.000,0.000
1778983472,36.52,31.50,53.70,26,1,tinyml,,,,36.520,0.000,0.000,0.000,0.000,0.000
1778983477,36.66,31.52,53.40,24,1,tinyml,,,,36.660,0.000,0.000,0.000,0.000,0.000
1778983482,36.80,31.52,53.10,21,1,tinyml,,,,36.800,0.000,0.000,0.000,0.000,0.000
1778983487,36.89,31.53,52.90,19,1,tinyml,,,,36.890,0.000,0.000,0.000,0.000,0.000
1778983492,37.01,31.52,52.50,17,1,tinyml,,,,37.010,0.000,0.000,0.000,0.000,0.000
1778983497,37.10,31.53,52.40,16,1,tinyml,,,,37.100,0.000,0.000,0.000,0.000,0.000
1778983502,37.14,31.59,52.20,15,1,tinyml,,,,37.140,0.000,0.000,0.000,0.000,0.000
1778983507,37.20,31.53,52.10,14,1,tinyml,,,,37.200,0.000,0.000,0.000,0.000,0.000
1778983512,37.21,31.54,52.00,14,1,tinyml,,,,37.210,0.000,0.000,0.000,0.000,0.000
1778983517,37.24,31.50,52.00,13,1,tinyml,,,,37.240,0.000,0.000,0.000,0.000,0.000
1778983522,37.26,31.53,51.90,13,1,tinyml,,,,37.260,0.000,0.000,0.000,0.000,0.000
1778983527,37.26,31.50,51.90,13,1,tinyml,,,,37.260,0.000,0.000,0.000,0.000,0.000
1778983532,37.21,31.50,51.90,14,1,tinyml,,,,37.210,0.000,0.000,0.000,0.000,0.000
1778983537,37.21,31.49,52.00,14,1,tinyml,,,,37.210,0.000,0.000,0.000,0.000,0.000
1778983542,37.19,31.49,51.90,14,1,tinyml,,,,37.190,0.000,0.000,0.000,0.000,0.000
1778983547,37.11,31.49,51.90,16,1,tinyml,,,,37.110,0.000,0.000,0.000,0.000,0.000
1778983552,37.11,31.50,52.10,16,1,tinyml,,,,37.110,0.000,0.000,0.000,0.000,0.000
1778983557,37.07,31.49,52.10,16,1,tinyml,,,,37.070,0.000,0.000,0.000,0.000,0.000
1778983562,37.04,31.47,52.20,17,1,tinyml,,,,37.040,0.000,0.000,0.000,0.000,0.000
1778983567,37.00,31.50,52.30,18,1,tinyml,,,,37.000,0.000,0.000,0.000,0.000,0.000
1778983572,36.93,31.52,52.30,19,1,tinyml,,,,36.930,0.000,0.000,0.000,0.000,0.000
1778983577,36.90,31.50,52.50,19,1,tinyml,,,,36.900,0.000,0.000,0.000,0.000,0.000
1778983582,36.84,31.50,52.50,20,1,tinyml,,,,36.840,0.000,0.000,0.000,0.000,0.000
1778983587,36.79,31.52,52.70,21,1,tinyml,,,,36.790,0.000,0.000,0.000,0.000,0.000
1778983592,36.76,31.50,52.80,22,1,tinyml,,,,36.760,0.000,0.000,0.000,0.000,0.000
1778983597,36.71,31.49,52.80,23,1,tinyml,,,,36.710,0.000,0.000,0.000,0.000,0.000
1778983602,36.62,31.47,52.90,24,1,tinyml,,,,36.620,0.000,0.000,0.000,0.000,0.000
1778983607,36.62,31.47,53.00,24,1,tinyml,,,,36.620,0.000,0.000,0.000,0.000,0.000
1778983612,36.56,31.50,53.10,25,1,tinyml,,,,36.560,0.000,0.000,0.000,0.000,0.000
1778983617,36.52,31.43,53.20,26,1,tinyml,,,,36.520,0.000,0.000,0.000,0.000,0.000
1778983622,36.49,31.46,53.30,27,1,tinyml,,,,36.490,0.000,0.000,0.000,0.000,0.000
1778983627,36.46,31.45,53.30,27,1,tinyml,,,,36.460,0.000,0.000,0.000,0.000,0.000
1778983632,36.41,31.45,53.40,47,1,tinyml,,,,38.016,0.000,0.000,0.000,0.000,0.000
1778983637,36.39,31.45,53.40,48,1,tinyml,,,,38.278,0.000,0.000,0.000,0.000,0.000
1778983642,36.37,31.46,53.50,48,1,tinyml,,,,38.278,0.000,0.000,0.000,0.000,0.000
1778983647,36.35,31.46,53.60,49,1,tinyml,,,,38.278,0.000,0.000,0.000,0.000,0.000
1778983652,36.32,31.47,53.60,50,1,tinyml,,,,38.278,0.000,0.000,0.000,0.000,0.000
1778983657,36.38,31.47,53.60,48,1,tinyml,,,,38.147,0.000,0.000,0.000,0.000,0.000
1778983662,36.39,31.47,53.50,48,1,tinyml,,,,38.278,0.000,0.000,0.000,0.000,0.000
1778983667,36.44,31.49,53.50,46,1,tinyml,,,,38.278,0.000,0.000,0.000,0.000,0.000
1778983672,36.48,31.47,53.40,45,1,tinyml,,,,38.278,0.000,0.000,0.000,0.000,0.000
1778983677,36.53,31.47,53.30,44,1,tinyml,,,,38.278,0.000,0.000,0.000,0.000,0.000
1778983682,36.61,31.46,53.20,41,1,tinyml,,,,38.278,0.000,0.000,0.000,0.000,0.000
1778983687,36.71,31.45,53.00,40,1,tinyml,,,,38.409,0.000,0.000,0.000,0.000,0.000
1778983692,36.75,31.45,52.90,40,1,tinyml,,,,38.278,0.000,0.000,0.000,0.000,0.000
1778983697,36.83,31.46,52.80,40,1,tinyml,,,,38.278,0.000,0.000,0.000,0.000,0.000
1778983702,36.93,31.46,52.60,40,1,tinyml,,,,38.278,0.000,0.000,0.000,0.000,0.000
1778983707,36.97,31.42,52.50,40,1,tinyml,,,,38.278,0.000,0.000,0.000,0.000,0.000
1778983712,37.07,31.42,52.30,0,1,tinyml,,,,38.278,0.000,0.000,0.000,0.000,0.000
1778983717,37.16,31.41,52.20,0,1,tinyml,,,,38.409,0.000,0.000,0.000,0.000,0.000
1778983722,37.24,31.41,52.00,0,1,tinyml,,,,38.540,0.000,0.000,0.000,0.000,0.000
1778983727,37.31,31.41,51.90,0,1,tinyml,,,,38.409,0.000,0.000,0.000,0.000,0.000
1778983732,37.37,31.39,51.80,0,1,tinyml,,,,38.409,0.000,0.000,0.000,0.000,0.000
1778983737,37.39,31.41,51.60,0,1,tinyml,,,,38.409,0.000,0.000,0.000,0.000,0.000
1778983742,37.44,31.39,51.50,0,1,tinyml,,,,38.540,0.000,0.000,0.000,0.000,0.000
1778983747,37.45,31.36,51.50,0,1,tinyml,,,,38.540,0.000,0.000,0.000,0.000,0.000
1778983752,37.48,31.38,51.40,0,1,tinyml,,,,38.409,0.000,0.000,0.000,0.000,0.000
1778983757,37.47,31.35,51.40,0,1,tinyml,,,,38.540,0.000,0.000,0.000,0.000,0.000
1778983762,37.48,31.34,51.40,0,1,tinyml,,,,38.671,0.000,0.000,0.000,0.000,0.000
1778983767,37.47,31.34,51.40,0,1,tinyml,,,,38.933,0.000,0.000,0.000,0.000,0.000
1778983772,37.44,31.34,51.40,0,1,tinyml,,,,38.802,0.000,0.000,0.000,0.000,0.000
1778983777,37.39,31.31,51.40,0,1,tinyml,,,,39.063,0.000,0.000,0.000,0.000,0.000
1778983782,37.38,31.29,51.50,0,1,tinyml,,,,38.933,0.000,0.000,0.000,0.000,0.000
1778983787,37.35,31.32,51.50,0,1,tinyml,,,,39.063,0.000,0.000,0.000,0.000,0.000
1778983792,37.31,31.29,51.50,0,1,tinyml,,,,39.063,0.000,0.000,0.000,0.000,0.000
1778983797,37.24,31.29,51.60,0,1,tinyml,,,,39.194,0.000,0.000,0.000,0.000,0.000
1778983802,37.24,31.28,51.70,0,1,tinyml,,,,39.194,0.000,0.000,0.000,0.000,0.000
1778983807,37.19,31.31,51.80,0,1,tinyml,,,,39.190,0.000,0.000,0.000,0.000,0.000
1778983812,37.14,31.28,51.80,0,1,tinyml,,,,39.140,0.000,0.000,0.000,0.000,0.000
1778983817,37.10,31.28,52.00,0,1,tinyml,,,,39.100,0.000,0.000,0.000,0.000,0.000
1778983822,37.06,31.25,52.00,0,1,tinyml,,,,39.060,0.000,0.000,0.000,0.000,0.000
1778983847,36.80,31.24,52.40,0,1,tinyml,,,,38.800,0.000,0.000,0.000,0.000,0.000
1778983852,36.75,31.21,52.40,0,1,tinyml,,,,38.750,0.000,0.000,0.000,0.000,0.000
1778983857,36.73,31.22,52.50,0,1,tinyml,,,,38.730,0.000,0.000,0.000,0.000,0.000
1778983862,36.66,31.18,52.60,0,1,tinyml,,,,38.660,0.000,0.000,0.000,0.000,0.000
1778983867,36.59,31.19,52.70,2,1,tinyml,,,,38.590,0.000,0.000,0.000,0.000,0.000
1778983872,36.56,31.18,52.80,3,1,tinyml,,,,38.560,0.000,0.000,0.000,0.000,0.000
1778983877,36.51,31.18,52.90,5,1,tinyml,,,,38.510,0.000,0.000,0.000,0.000,0.000
1778983882,36.49,31.15,52.90,45,1,tinyml,,,,38.490,0.000,0.000,0.000,0.000,0.000
1778983887,36.46,31.14,52.90,46,1,tinyml,,,,38.460,0.000,0.000,0.000,0.000,0.000
1778983892,36.46,31.16,53.00,46,1,tinyml,,,,38.460,0.000,0.000,0.000,0.000,0.000
1778983897,36.49,31.16,53.00,45,1,tinyml,,,,38.490,0.000,0.000,0.000,0.000,0.000
1778983902,36.49,31.15,53.00,45,1,tinyml,,,,38.490,0.000,0.000,0.000,0.000,0.000
1778983907,36.51,31.14,53.00,44,1,tinyml,,,,38.510,0.000,0.000,0.000,0.000,0.000
1778983912,36.56,31.14,53.00,43,1,tinyml,,,,38.560,0.000,0.000,0.000,0.000,0.000
1778983917,36.61,31.14,52.90,41,1,tinyml,,,,38.610,0.000,0.000,0.000,0.000,0.000
1778983922,36.65,31.14,52.70,40,1,tinyml,,,,38.650,0.000,0.000,0.000,0.000,0.000
1778983927,36.71,31.14,52.70,40,1,tinyml,,,,38.710,0.000,0.000,0.000,0.000,0.000
1778983932,36.78,31.15,52.50,40,1,tinyml,,,,38.780,0.000,0.000,0.000,0.000,0.000
1778983937,36.86,31.14,52.30,40,1,tinyml,,,,38.860,0.000,0.000,0.000,0.000,0.000
1778983942,36.94,31.15,52.20,40,1,tinyml,,,,38.940,0.000,0.000,0.000,0.000,0.000
1778983947,36.97,31.14,52.10,40,1,tinyml,,,,38.970,0.000,0.000,0.000,0.000,0.000
1778983952,37.06,31.16,52.00,0,1,tinyml,,,,39.060,0.000,0.000,0.000,0.000,0.000
1778983957,37.13,31.16,51.80,0,1,tinyml,,,,39.130,0.000,0.000,0.000,0.000,0.000
1778983962,37.24,31.15,51.70,0,1,tinyml,,,,39.240,0.000,0.000,0.000,0.000,0.000
1778983967,37.30,31.16,51.50,0,1,tinyml,,,,39.300,0.000,0.000,0.000,0.000,0.000
1778983972,37.31,31.18,51.40,0,1,tinyml,,,,39.310,0.000,0.000,0.000,0.000,0.000
1778983977,37.39,31.18,51.30,0,1,tinyml,,,,39.390,0.000,0.000,0.000,0.000,0.000
1778983982,37.41,31.21,51.30,0,1,tinyml,,,,39.410,0.000,0.000,0.000,0.000,0.000
1778983987,37.45,31.19,51.20,0,1,tinyml,,,,39.450,0.000,0.000,0.000,0.000,0.000
1778983992,37.47,31.21,51.20,0,1,tinyml,,,,39.470,0.000,0.000,0.000,0.000,0.000
1778983997,37.47,31.21,51.20,0,1,tinyml,,,,39.470,0.000,0.000,0.000,0.000,0.000
1778984002,37.47,31.24,51.20,0,1,tinyml,,,,39.470,0.000,0.000,0.000,0.000,0.000
1778984007,37.49,31.21,51.20,0,1,tinyml,,,,39.490,0.000,0.000,0.000,0.000,0.000
1778984012,37.47,31.18,51.20,0,1,tinyml,,,,39.470,0.000,0.000,0.000,0.000,0.000
1778984017,37.41,31.22,51.20,0,1,tinyml,,,,39.410,0.000,0.000,0.000,0.000,0.000
1778984022,37.41,31.21,51.20,0,1,tinyml,,,,39.410,0.000,0.000,0.000,0.000,0.000
1778984027,37.38,31.19,51.20,0,1,tinyml,,,,39.380,0.000,0.000,0.000,0.000,0.000
1778984032,37.38,31.19,51.30,0,1,tinyml,,,,39.380,0.000,0.000,0.000,0.000,0.000
1778984037,37.31,31.19,51.30,0,1,tinyml,,,,39.310,0.000,0.000,0.000,0.000,0.000
1778984042,37.28,31.19,51.40,0,1,tinyml,,,,39.280,0.000,0.000,0.000,0.000,0.000
1778984047,37.26,31.19,51.40,0,1,tinyml,,,,39.260,0.000,0.000,0.000,0.000,0.000
1778984052,37.20,31.19,51.50,0,1,tinyml,,,,39.200,0.000,0.000,0.000,0.000,0.000
1778984057,37.17,31.18,51.60,0,1,tinyml,,,,39.170,0.000,0.000,0.000,0.000,0.000
1778984062,37.13,31.19,51.70,0,1,tinyml,,,,39.130,0.000,0.000,0.000,0.000,0.000
1778984067,37.10,31.15,51.80,0,1,tinyml,,,,39.100,0.000,0.000,0.000,0.000,0.000
1778984072,37.03,31.19,51.90,0,1,tinyml,,,,39.030,0.000,0.000,0.000,0.000,0.000
1778984077,37.01,31.18,52.00,0,1,tinyml,,,,39.010,0.000,0.000,0.000,0.000,0.000
1778984082,36.94,31.18,52.00,0,1,tinyml,,,,38.940,0.000,0.000,0.000,0.000,0.000
1778984087,36.92,31.18,52.10,0,1,tinyml,,,,38.920,0.000,0.000,0.000,0.000,0.000
1778984092,36.86,31.19,52.20,0,1,tinyml,,,,38.860,0.000,0.000,0.000,0.000,0.000
1778984097,36.82,31.19,52.30,0,1,tinyml,,,,38.820,0.000,0.000,0.000,0.000,0.000
1778984102,36.82,31.19,52.30,0,1,tinyml,,,,38.820,0.000,0.000,0.000,0.000,0.000
1778984107,36.76,31.24,52.40,0,1,tinyml,,,,38.760,0.000,0.000,0.000,0.000,0.000
1778984112,36.72,31.19,52.50,0,1,tinyml,,,,38.720,0.000,0.000,0.000,0.000,0.000
1778984117,36.68,31.21,52.50,1,1,tinyml,,,,38.680,0.000,0.000,0.000,0.000,0.000
1778984122,36.65,31.18,52.60,2,1,tinyml,,,,38.650,0.000,0.000,0.000,0.000,0.000
1778984127,36.62,31.21,52.70,4,1,tinyml,,,,38.620,0.000,0.000,0.000,0.000,0.000
1778984132,36.62,31.19,52.70,4,1,tinyml,,,,38.620,0.000,0.000,0.000,0.000,0.000
1778984137,36.59,31.22,52.70,6,1,tinyml,,,,38.590,0.000,0.000,0.000,0.000,0.000
1778984142,36.57,31.21,52.70,7,1,tinyml,,,,38.570,0.000,0.000,0.000,0.000,0.000
1778984147,36.61,31.21,52.70,7,1,tinyml,,,,38.610,0.000,0.000,0.000,0.000,0.000
1778984152,36.63,31.21,52.70,7,1,tinyml,,,,38.630,0.000,0.000,0.000,0.000,0.000
1778984157,36.62,31.18,52.70,8,1,tinyml,,,,38.620,0.000,0.000,0.000,0.000,0.000
1778984162,36.62,31.18,52.60,8,1,tinyml,,,,38.620,0.000,0.000,0.000,0.000,0.000
1778984167,36.62,31.21,52.70,9,1,tinyml,,,,38.620,0.000,0.000,0.000,0.000,0.000
1778984172,36.62,31.22,52.60,10,1,tinyml,,,,38.620,0.000,0.000,0.000,0.000,0.000
1778984177,36.62,31.21,52.60,11,1,tinyml,,,,38.620,0.000,0.000,0.000,0.000,0.000
1778984182,36.63,31.21,52.70,11,1,tinyml,,,,38.630,0.000,0.000,0.000,0.000,0.000
1778984187,36.62,31.26,52.70,12,1,tinyml,,,,38.620,0.000,0.000,0.000,0.000,0.000
1778984192,36.61,31.25,52.70,13,1,tinyml,,,,38.610,0.000,0.000,0.000,0.000,0.000
1778984197,36.61,31.24,52.70,13,1,tinyml,,,,38.610,0.000,0.000,0.000,0.000,0.000
1778984202,36.56,31.25,52.70,15,1,tinyml,,,,38.560,0.000,0.000,0.000,0.000,0.000
1778984207,36.55,31.26,52.70,16,1,tinyml,,,,38.550,0.000,0.000,0.000,0.000,0.000
1778984212,36.56,31.26,52.80,17,1,tinyml,,,,38.560,0.000,0.000,0.000,0.000,0.000
1778984217,36.53,31.29,52.80,18,1,tinyml,,,,38.530,0.000,0.000,0.000,0.000,0.000
1778984222,36.51,31.32,52.80,19,1,tinyml,,,,38.510,0.000,0.000,0.000,0.000,0.000
1778984227,36.51,31.29,52.80,20,1,tinyml,,,,38.510,0.000,0.000,0.000,0.000,0.000
1778984232,36.49,31.31,52.90,45,1,tinyml,,,,38.490,0.000,0.000,0.000,0.000,0.000
1778984237,36.45,31.32,53.00,46,1,tinyml,,,,38.450,0.000,0.000,0.000,0.000,0.000
1778984242,36.46,31.34,53.00,46,1,tinyml,,,,38.460,0.000,0.000,0.000,0.000,0.000
1778984247,36.45,31.35,53.00,46,1,tinyml,,,,38.450,0.000,0.000,0.000,0.000,0.000
1778984252,36.45,31.36,53.00,46,1,tinyml,,,,38.450,0.000,0.000,0.000,0.000,0.000
1778984257,36.45,31.36,53.00,46,1,tinyml,,,,38.450,0.000,0.000,0.000,0.000,0.000
1778984262,36.46,31.39,53.00,46,1,tinyml,,,,38.460,0.000,0.000,0.000,0.000,0.000
1778984267,36.52,31.39,53.00,44,1,tinyml,,,,38.520,0.000,0.000,0.000,0.000,0.000
1778984272,36.56,31.42,52.80,43,1,tinyml,,,,38.560,0.000,0.000,0.000,0.000,0.000
1778984277,36.63,31.43,52.80,41,1,tinyml,,,,38.630,0.000,0.000,0.000,0.000,0.000
1778984282,36.71,31.43,52.70,40,1,tinyml,,,,38.710,0.000,0.000,0.000,0.000,0.000
1778984287,36.78,31.45,52.50,40,1,tinyml,,,,38.780,0.000,0.000,0.000,0.000,0.000
1778984292,36.84,31.45,52.40,40,1,tinyml,,,,38.840,0.000,0.000,0.000,0.000,0.000
1778984297,36.93,31.46,52.20,40,1,tinyml,,,,38.930,0.000,0.000,0.000,0.000,0.000
1778984302,37.00,31.45,52.10,0,1,tinyml,,,,39.000,0.000,0.000,0.000,0.000,0.000
1778984307,37.13,31.45,51.90,0,1,tinyml,,,,39.130,0.000,0.000,0.000,0.000,0.000
1778984312,37.17,31.45,51.80,0,1,tinyml,,,,39.170,0.000,0.000,0.000,0.000,0.000
1778984317,37.26,31.47,51.60,0,1,tinyml,,,,39.260,0.000,0.000,0.000,0.000,0.000
1778984322,37.33,31.49,51.50,0,1,tinyml,,,,39.330,0.000,0.000,0.000,0.000,0.000
1778984327,37.37,31.50,51.40,0,1,tinyml,,,,39.370,0.000,0.000,0.000,0.000,0.000
1778984332,37.44,31.49,51.30,0,1,tinyml,,,,39.440,0.000,0.000,0.000,0.000,0.000
1778984337,37.48,31.50,51.20,0,1,tinyml,,,,39.480,0.000,0.000,0.000,0.000,0.000
1778984342,37.47,31.50,51.20,0,1,tinyml,,,,39.470,0.000,0.000,0.000,0.000,0.000
1778984347,37.51,31.52,51.20,0,1,tinyml,,,,39.510,0.000,0.000,0.000,0.000,0.000
1778984352,37.49,31.52,51.20,0,1,tinyml,,,,39.490,0.000,0.000,0.000,0.000,0.000
1778984357,37.49,31.49,51.10,0,1,tinyml,,,,39.490,0.000,0.000,0.000,0.000,0.000
1778984362,37.49,31.49,51.10,0,1,tinyml,,,,39.490,0.000,0.000,0.000,0.000,0.000
1778984367,37.49,31.50,51.20,0,1,tinyml,,,,39.490,0.000,0.000,0.000,0.000,0.000
1778984372,37.45,31.49,51.20,0,1,tinyml,,,,39.450,0.000,0.000,0.000,0.000,0.000
1778984377,37.42,31.49,51.20,0,1,tinyml,,,,39.420,0.000,0.000,0.000,0.000,0.000
1778984382,37.41,31.49,51.20,0,1,tinyml,,,,39.410,0.000,0.000,0.000,0.000,0.000
1778984387,37.38,31.49,51.30,0,1,tinyml,,,,39.380,0.000,0.000,0.000,0.000,0.000
1778984392,37.37,31.50,51.40,0,1,tinyml,,,,39.370,0.000,0.000,0.000,0.000,0.000
1778984397,37.34,31.49,51.40,0,1,tinyml,,,,39.340,0.000,0.000,0.000,0.000,0.000
1778984402,37.28,31.50,51.50,0,1,tinyml,,,,39.280,0.000,0.000,0.000,0.000,0.000
1778984407,37.24,31.49,51.60,0,1,tinyml,,,,39.240,0.000,0.000,0.000,0.000,0.000
1778984412,37.23,31.47,51.60,0,1,tinyml,,,,39.230,0.000,0.000,0.000,0.000,0.000
1778984417,37.17,31.47,51.70,0,1,tinyml,,,,39.170,0.000,0.000,0.000,0.000,0.000
1778984422,37.11,31.49,51.80,0,1,tinyml,,,,39.110,0.000,0.000,0.000,0.000,0.000
1778984427,37.09,31.49,51.90,0,1,tinyml,,,,39.090,0.000,0.000,0.000,0.000,0.000
1778984432,37.06,31.49,52.00,0,1,tinyml,,,,39.060,0.000,0.000,0.000,0.000,0.000
1778984437,37.00,31.50,52.00,0,1,tinyml,,,,39.000,0.000,0.000,0.000,0.000,0.000
1778984442,36.99,31.49,52.10,0,1,tinyml,,,,38.990,0.000,0.000,0.000,0.000,0.000
1778984447,36.93,31.52,52.20,0,1,tinyml,,,,38.930,0.000,0.000,0.000,0.000,0.000
1778984452,36.90,31.50,52.20,0,1,tinyml,,,,38.900,0.000,0.000,0.000,0.000,0.000
1778984457,36.86,31.50,52.30,0,1,tinyml,,,,38.860,0.000,0.000,0.000,0.000,0.000
1778984462,36.82,31.52,52.40,0,1,tinyml,,,,38.820,0.000,0.000,0.000,0.000,0.000
1778984467,36.79,31.53,52.50,0,1,tinyml,,,,38.790,0.000,0.000,0.000,0.000,0.000
1778984472,36.75,31.54,52.60,0,1,tinyml,,,,38.750,0.000,0.000,0.000,0.000,0.000
1778984477,36.71,31.53,52.60,1,1,tinyml,,,,38.710,0.000,0.000,0.000,0.000,0.000
1778984482,36.66,31.54,52.70,3,1,tinyml,,,,38.660,0.000,0.000,0.000,0.000,0.000
1778984487,36.63,31.52,52.70,4,1,tinyml,,,,38.630,0.000,0.000,0.000,0.000,0.000
1778984492,36.63,31.54,52.80,4,1,tinyml,,,,38.630,0.000,0.000,0.000,0.000,0.000
1778984497,36.65,31.50,52.90,5,1,tinyml,,,,38.650,0.000,0.000,0.000,0.000,0.000
1778984502,36.63,31.54,52.80,6,1,tinyml,,,,38.630,0.000,0.000,0.000,0.000,0.000
1778984507,36.65,31.54,52.80,6,1,tinyml,,,,38.650,0.000,0.000,0.000,0.000,0.000
1778984512,36.71,31.53,52.80,6,1,tinyml,,,,38.710,0.000,0.000,0.000,0.000,0.000
1778984517,36.69,31.54,52.80,7,1,tinyml,,,,38.690,0.000,0.000,0.000,0.000,0.000
1778984522,36.71,31.56,52.70,7,1,tinyml,,,,38.710,0.000,0.000,0.000,0.000,0.000
1778984527,36.72,31.54,52.70,7,1,tinyml,,,,38.720,0.000,0.000,0.000,0.000,0.000
1778984532,36.69,31.59,52.70,9,1,tinyml,,,,38.690,0.000,0.000,0.000,0.000,0.000
1778984537,36.72,31.54,52.70,9,1,tinyml,,,,38.720,0.000,0.000,0.000,0.000,0.000
1778984542,36.71,31.56,52.70,10,1,tinyml,,,,38.710,0.000,0.000,0.000,0.000,0.000
1778984547,36.69,31.59,52.80,11,1,tinyml,,,,38.690,0.000,0.000,0.000,0.000,0.000
1778984552,36.69,31.58,52.70,11,1,tinyml,,,,38.690,0.000,0.000,0.000,0.000,0.000
1778984557,36.69,31.58,52.70,12,1,tinyml,,,,38.690,0.000,0.000,0.000,0.000,0.000
1778984562,36.68,31.56,52.70,13,1,tinyml,,,,38.680,0.000,0.000,0.000,0.000,0.000
1778984567,36.66,31.56,52.80,14,1,tinyml,,,,38.660,0.000,0.000,0.000,0.000,0.000
1778984572,36.65,31.53,52.80,15,1,tinyml,,,,38.650,0.000,0.000,0.000,0.000,0.000
1778984577,36.63,31.54,52.80,16,1,tinyml,,,,38.630,0.000,0.000,0.000,0.000,0.000
1778984582,36.61,31.54,52.80,17,1,tinyml,,,,38.610,0.000,0.000,0.000,0.000,0.000
1778984587,36.59,31.56,52.90,18,1,tinyml,,,,38.590,0.000,0.000,0.000,0.000,0.000
1778984592,36.56,31.54,52.90,19,1,tinyml,,,,38.560,0.000,0.000,0.000,0.000,0.000
1778984597,36.53,31.56,52.90,20,1,tinyml,,,,38.530,0.000,0.000,0.000,0.000,0.000
1778984602,36.53,31.54,53.00,21,1,tinyml,,,,38.530,0.000,0.000,0.000,0.000,0.000
1778984607,36.53,31.54,53.00,22,1,tinyml,,,,38.530,0.000,0.000,0.000,0.000,0.000
1778984612,36.48,31.54,53.00,45,1,tinyml,,,,38.480,0.000,0.000,0.000,0.000,0.000
1778984617,36.46,31.56,53.00,46,1,tinyml,,,,38.460,0.000,0.000,0.000,0.000,0.000
1778984622,36.46,31.54,53.10,46,1,tinyml,,,,38.460,0.000,0.000,0.000,0.000,0.000
1778984627,36.48,31.54,53.10,45,1,tinyml,,,,38.480,0.000,0.000,0.000,0.000,0.000
1778984632,36.51,31.53,53.10,44,1,tinyml,,,,38.510,0.000,0.000,0.000,0.000,0.000
1778984637,36.51,31.53,53.10,44,1,tinyml,,,,38.510,0.000,0.000,0.000,0.000,0.000
1778984642,36.52,31.52,53.00,44,1,tinyml,,,,38.520,0.000,0.000,0.000,0.000,0.000
1778984647,36.57,31.52,52.90,42,1,tinyml,,,,38.570,0.000,0.000,0.000,0.000,0.000
1778984652,36.63,31.52,52.90,41,1,tinyml,,,,38.630,0.000,0.000,0.000,0.000,0.000
1778984657,36.68,31.53,52.80,40,1,tinyml,,,,38.680,0.000,0.000,0.000,0.000,0.000
1778984662,36.73,31.53,52.70,40,1,tinyml,,,,38.730,0.000,0.000,0.000,0.000,0.000
1778984667,36.84,31.52,52.50,40,1,tinyml,,,,38.840,0.000,0.000,0.000,0.000,0.000
1778984672,36.90,31.50,52.40,40,1,tinyml,,,,38.900,0.000,0.000,0.000,0.000,0.000
1778984677,36.99,31.52,52.30,40,1,tinyml,,,,38.990,0.000,0.000,0.000,0.000,0.000
1778984682,37.06,31.52,52.20,0,1,tinyml,,,,39.060,0.000,0.000,0.000,0.000,0.000
1778984687,37.14,31.50,52.00,0,1,tinyml,,,,39.140,0.000,0.000,0.000,0.000,0.000
1778984692,37.21,31.49,51.80,0,1,tinyml,,,,39.210,0.000,0.000,0.000,0.000,0.000
1778984697,37.27,31.52,51.80,0,1,tinyml,,,,39.270,0.000,0.000,0.000,0.000,0.000
1778984702,37.34,31.50,51.60,0,1,tinyml,,,,39.340,0.000,0.000,0.000,0.000,0.000
1778984707,37.39,31.50,51.50,0,1,tinyml,,,,39.390,0.000,0.000,0.000,0.000,0.000
1778984712,37.41,31.52,51.40,0,1,tinyml,,,,39.410,0.000,0.000,0.000,0.000,0.000
1778984717,37.49,31.52,51.30,0,1,tinyml,,,,39.490,0.000,0.000,0.000,0.000,0.000
1778984722,37.51,31.52,51.30,0,1,tinyml,,,,39.510,0.000,0.000,0.000,0.000,0.000
1778984727,37.51,31.50,51.20,0,1,tinyml,,,,39.510,0.000,0.000,0.000,0.000,0.000
1778984732,37.54,31.50,51.20,0,1,tinyml,,,,39.540,0.000,0.000,0.000,0.000,0.000
1778984737,37.53,31.52,51.20,0,1,tinyml,,,,39.530,0.000,0.000,0.000,0.000,0.000
1778984742,37.53,31.52,51.20,0,1,tinyml,,,,39.530,0.000,0.000,0.000,0.000,0.000
1778984747,37.54,31.53,51.20,0,1,tinyml,,,,39.540,0.000,0.000,0.000,0.000,0.000
1778984752,37.48,31.52,51.20,0,1,tinyml,,,,39.480,0.000,0.000,0.000,0.000,0.000
1778984757,37.45,31.50,51.30,0,1,tinyml,,,,39.450,0.000,0.000,0.000,0.000,0.000
1778984762,37.44,31.53,51.30,0,1,tinyml,,,,39.440,0.000,0.000,0.000,0.000,0.000
1778984767,37.42,31.53,51.30,0,1,tinyml,,,,39.420,0.000,0.000,0.000,0.000,0.000
1778984772,37.39,31.54,51.40,0,1,tinyml,,,,39.390,0.000,0.000,0.000,0.000,0.000
1778984777,37.35,31.54,51.50,0,1,tinyml,,,,39.350,0.000,0.000,0.000,0.000,0.000
1778984782,37.31,31.53,51.50,0,1,tinyml,,,,39.310,0.000,0.000,0.000,0.000,0.000
1778984787,37.27,31.52,51.60,0,1,tinyml,,,,39.270,0.000,0.000,0.000,0.000,0.000
1778984792,37.23,31.52,51.70,0,1,tinyml,,,,39.230,0.000,0.000,0.000,0.000,0.000
1778984797,37.21,31.54,51.70,0,1,tinyml,,,,39.210,0.000,0.000,0.000,0.000,0.000
1778984802,37.16,31.54,51.80,0,1,tinyml,,,,39.160,0.000,0.000,0.000,0.000,0.000
1778984807,37.14,31.52,51.90,0,1,tinyml,,,,39.140,0.000,0.000,0.000,0.000,0.000
1778984812,37.11,31.54,52.00,0,1,tinyml,,,,39.110,0.000,0.000,0.000,0.000,0.000
1778984817,37.06,31.56,52.00,0,1,tinyml,,,,39.060,0.000,0.000,0.000,0.000,0.000
1778984822,37.03,31.56,52.10,0,1,tinyml,,,,39.030,0.000,0.000,0.000,0.000,0.000
1778984827,37.00,31.53,52.20,0,1,tinyml,,,,39.000,0.000,0.000,0.000,0.000,0.000
1778984832,36.94,31.53,52.20,0,1,tinyml,,,,38.940,0.000,0.000,0.000,0.000,0.000
1778984837,36.92,31.54,52.30,0,1,tinyml,,,,38.920,0.000,0.000,0.000,0.000,0.000
1778984842,36.87,31.50,52.40,0,1,tinyml,,,,38.870,0.000,0.000,0.000,0.000,0.000
1778984847,36.84,31.54,52.40,0,1,tinyml,,,,38.840,0.000,0.000,0.000,0.000,0.000
1778984852,36.82,31.52,52.50,0,1,tinyml,,,,38.820,0.000,0.000,0.000,0.000,0.000
1778984857,36.79,31.49,52.60,0,1,tinyml,,,,38.790,0.000,0.000,0.000,0.000,0.000
1778984862,36.75,31.52,52.60,0,1,tinyml,,,,38.750,0.000,0.000,0.000,0.000,0.000
1778984867,36.73,31.50,52.70,1,1,tinyml,,,,38.730,0.000,0.000,0.000,0.000,0.000
1778984872,36.71,31.50,52.80,2,1,tinyml,,,,38.710,0.000,0.000,0.000,0.000,0.000
1778984877,36.68,31.49,52.80,3,1,tinyml,,,,38.680,0.000,0.000,0.000,0.000,0.000
1778984882,36.65,31.47,52.90,5,1,tinyml,,,,38.650,0.000,0.000,0.000,0.000,0.000
1778984887,36.68,31.46,52.90,5,1,tinyml,,,,38.680,0.000,0.000,0.000,0.000,0.000
1778984892,36.68,31.45,52.90,5,1,tinyml,,,,38.680,0.000,0.000,0.000,0.000,0.000
1778984897,36.72,31.42,52.80,5,1,tinyml,,,,38.720,0.000,0.000,0.000,0.000,0.000
1778984902,36.73,31.42,52.80,6,1,tinyml,,,,38.730,0.000,0.000,0.000,0.000,0.000
1778984907,36.78,31.43,52.70,6,1,tinyml,,,,38.780,0.000,0.000,0.000,0.000,0.000
1778984912,36.82,31.45,52.70,5,1,tinyml,,,,38.820,0.000,0.000,0.000,0.000,0.000
1778984917,36.82,31.45,52.60,6,1,tinyml,,,,38.820,0.000,0.000,0.000,0.000,0.000
1778984922,36.84,31.43,52.50,6,1,tinyml,,,,38.840,0.000,0.000,0.000,0.000,0.000
1778984927,36.84,31.43,52.50,7,1,tinyml,,,,38.840,0.000,0.000,0.000,0.000,0.000
1778984932,36.87,31.43,52.40,7,1,tinyml,,,,38.870,0.000,0.000,0.000,0.000,0.000
1778984937,36.89,31.46,52.40,7,1,tinyml,,,,38.890,0.000,0.000,0.000,0.000,0.000
1778984942,36.89,31.43,52.40,8,1,tinyml,,,,38.890,0.000,0.000,0.000,0.000,0.000
1778984947,36.86,31.45,52.40,9,1,tinyml,,,,38.860,0.000,0.000,0.000,0.000,0.000
1778984952,36.86,31.45,52.40,9,1,tinyml,,,,38.860,0.000,0.000,0.000,0.000,0.000
1778984957,36.87,31.43,52.40,10,1,tinyml,,,,38.870,0.000,0.000,0.000,0.000,0.000
1778984962,36.86,31.45,52.40,10,1,tinyml,,,,38.860,0.000,0.000,0.000,0.000,0.000
1778984967,36.83,31.46,52.40,12,1,tinyml,,,,38.830,0.000,0.000,0.000,0.000,0.000
1778984972,36.82,31.47,52.40,12,1,tinyml,,,,38.820,0.000,0.000,0.000,0.000,0.000
1778984977,36.82,31.46,52.50,13,1,tinyml,,,,38.820,0.000,0.000,0.000,0.000,0.000
1778984982,36.80,31.47,52.50,14,1,tinyml,,,,38.800,0.000,0.000,0.000,0.000,0.000
1778984987,36.78,31.46,52.50,15,1,tinyml,,,,38.780,0.000,0.000,0.000,0.000,0.000
1778984992,36.76,31.52,52.60,16,1,tinyml,,,,38.760,0.000,0.000,0.000,0.000,0.000
1778984997,36.75,31.50,52.60,17,1,tinyml,,,,38.750,0.000,0.000,0.000,0.000,0.000
1778985002,36.72,31.50,52.60,18,1,tinyml,,,,38.720,0.000,0.000,0.000,0.000,0.000
1778985007,36.69,31.49,52.70,19,1,tinyml,,,,38.690,0.000,0.000,0.000,0.000,0.000
1778985012,36.66,31.50,52.80,20,1,tinyml,,,,38.660,0.000,0.000,0.000,0.000,0.000
1778985017,36.65,31.53,52.80,21,1,tinyml,,,,38.650,0.000,0.000,0.000,0.000,0.000
1778985022,36.65,31.50,52.80,22,1,tinyml,,,,38.650,0.000,0.000,0.000,0.000,0.000
1778985027,36.61,31.52,52.80,23,1,tinyml,,,,38.610,0.000,0.000,0.000,0.000,0.000
1778985032,36.61,31.50,52.90,24,1,tinyml,,,,38.610,0.000,0.000,0.000,0.000,0.000
1778985037,36.56,31.50,52.90,25,1,tinyml,,,,38.560,0.000,0.000,0.000,0.000,0.000
1778985042,36.57,31.47,53.00,26,1,tinyml,,,,38.570,0.000,0.000,0.000,0.000,0.000
1778985047,36.57,31.49,53.00,27,1,tinyml,,,,38.570,0.000,0.000,0.000,0.000,0.000
1778985052,36.55,31.49,53.00,28,1,tinyml,,,,38.550,0.000,0.000,0.000,0.000,0.000
1778985057,36.55,31.50,53.00,29,1,tinyml,,,,38.550,0.000,0.000,0.000,0.000,0.000
1778985062,36.55,31.49,53.00,29,1,tinyml,,,,38.550,0.000,0.000,0.000,0.000,0.000
1778985067,36.55,31.49,53.10,30,1,tinyml,,,,38.550,0.000,0.000,0.000,0.000,0.000
1778985072,36.55,31.46,53.00,31,1,tinyml,,,,38.550,0.000,0.000,0.000,0.000,0.000
1778985077,36.56,31.47,53.00,31,1,tinyml,,,,38.560,0.000,0.000,0.000,0.000,0.000
1778985082,36.55,31.47,53.00,32,1,tinyml,,,,38.550,0.000,0.000,0.000,0.000,0.000
1778985087,36.55,31.50,53.00,33,1,tinyml,,,,38.550,0.000,0.000,0.000,0.000,0.000
1778985092,36.59,31.47,52.90,33,1,tinyml,,,,38.590,0.000,0.000,0.000,0.000,0.000
1778985097,36.61,31.49,52.90,33,1,tinyml,,,,38.610,0.000,0.000,0.000,0.000,0.000
1778985102,36.61,31.46,52.80,34,1,tinyml,,,,38.610,0.000,0.000,0.000,0.000,0.000
1778985107,36.65,31.47,52.80,34,1,tinyml,,,,38.650,0.000,0.000,0.000,0.000,0.000
1778985112,36.66,31.46,52.70,34,1,tinyml,,,,38.660,0.000,0.000,0.000,0.000,0.000
1778985117,36.71,31.47,52.70,34,1,tinyml,,,,38.710,0.000,0.000,0.000,0.000,0.000
1778985122,36.71,31.47,52.70,35,1,tinyml,,,,38.710,0.000,0.000,0.000,0.000,0.000
1778985127,36.79,31.47,52.60,34,1,tinyml,,,,38.790,0.000,0.000,0.000,0.000,0.000
1778985132,36.82,31.47,52.60,34,1,tinyml,,,,38.820,0.000,0.000,0.000,0.000,0.000
1778985137,36.84,31.49,52.50,34,1,tinyml,,,,38.840,0.000,0.000,0.000,0.000,0.000
1778985142,36.87,31.50,52.40,34,1,tinyml,,,,38.870,0.000,0.000,0.000,0.000,0.000
1778985147,36.92,31.50,52.30,33,1,tinyml,,,,38.920,0.000,0.000,0.000,0.000,0.000
1778985152,36.93,31.50,52.30,33,1,tinyml,,,,38.930,0.000,0.000,0.000,0.000,0.000
1778985157,37.01,31.52,52.20,31,1,tinyml,,,,39.010,0.000,0.000,0.000,0.000,0.000
1778985162,37.06,31.50,52.10,30,1,tinyml,,,,39.060,0.000,0.000,0.000,0.000,0.000
1778985167,37.11,31.49,52.10,30,1,tinyml,,,,39.110,0.000,0.000,0.000,0.000,0.000
1778985172,37.17,31.53,52.00,28,1,tinyml,,,,39.170,0.000,0.000,0.000,0.000,0.000
1778985177,37.16,31.52,51.90,29,1,tinyml,,,,39.160,0.000,0.000,0.000,0.000,0.000
1778985182,37.21,31.53,51.80,30,1,tinyml,,,,39.063,0.000,0.000,0.000,0.000,0.000
1778985187,37.21,31.54,51.80,30,1,tinyml,,,,39.063,0.000,0.000,0.000,0.000,0.000
1778985192,37.26,31.50,51.70,33,1,tinyml,,,,38.933,0.000,0.000,0.000,0.000,0.000
1778985197,37.31,31.53,51.60,30,1,tinyml,,,,39.063,0.000,0.000,0.000,0.000,0.000
1778985202,37.33,31.53,51.60,33,1,tinyml,,,,38.933,0.000,0.000,0.000,0.000,0.000
1778985207,37.37,31.54,51.50,33,1,tinyml,,,,38.933,0.000,0.000,0.000,0.000,0.000
1778985212,37.39,31.59,51.50,35,1,tinyml,,,,38.802,0.000,0.000,0.000,0.000,0.000
1778985217,37.41,31.56,51.40,33,1,tinyml,,,,38.933,0.000,0.000,0.000,0.000,0.000
1778985222,37.44,31.56,51.40,30,1,tinyml,,,,39.063,0.000,0.000,0.000,0.000,0.000
1778985227,37.45,31.56,51.30,35,1,tinyml,,,,38.802,0.000,0.000,0.000,0.000,0.000
1778985232,37.49,31.59,51.30,35,1,tinyml,,,,38.802,0.000,0.000,0.000,0.000,0.000
1778985237,37.51,31.58,51.20,35,1,tinyml,,,,38.802,0.000,0.000,0.000,0.000,0.000
1778985242,37.55,31.61,51.20,33,1,tinyml,,,,38.933,0.000,0.000,0.000,0.000,0.000
1778985247,37.57,31.62,51.20,33,1,tinyml,,,,38.933,0.000,0.000,0.000,0.000,0.000
1778985252,37.61,31.61,51.10,30,1,tinyml,,,,39.063,0.000,0.000,0.000,0.000,0.000
1778985257,37.64,31.61,51.10,30,1,tinyml,,,,39.063,0.000,0.000,0.000,0.000,0.000
1778985262,37.66,31.56,51.10,30,1,tinyml,,,,39.063,0.000,0.000,0.000,0.000,0.000
1778985267,37.69,31.61,51.00,28,1,tinyml,,,,39.194,0.000,0.000,0.000,0.000,0.000
1778985272,37.71,31.58,50.90,28,1,tinyml,,,,39.194,0.000,0.000,0.000,0.000,0.000
1778985277,37.71,31.58,50.90,30,1,tinyml,,,,39.063,0.000,0.000,0.000,0.000,0.000
1778985282,37.78,31.61,50.80,28,1,tinyml,,,,39.194,0.000,0.000,0.000,0.000,0.000
1778985287,37.78,31.59,50.80,30,1,tinyml,,,,39.063,0.000,0.000,0.000,0.000,0.000
1778985292,37.75,31.59,50.80,30,1,tinyml,,,,39.063,0.000,0.000,0.000,0.000,0.000
1778985297,37.81,31.59,50.80,30,1,tinyml,,,,39.063,0.000,0.000,0.000,0.000,0.000
1778985302,37.82,31.62,50.80,28,1,tinyml,,,,39.194,0.000,0.000,0.000,0.000,0.000
1778985307,37.85,31.61,50.70,30,1,tinyml,,,,39.063,0.000,0.000,0.000,0.000,0.000
1778985312,37.86,31.61,50.70,26,1,tinyml,,,,39.325,0.000,0.000,0.000,0.000,0.000
1778985317,37.86,31.61,50.70,26,1,tinyml,,,,39.325,0.000,0.000,0.000,0.000,0.000
1778985322,37.86,31.62,50.70,26,1,tinyml,,,,39.325,0.000,0.000,0.000,0.000,0.000
1778985327,37.88,31.65,50.70,26,1,tinyml,,,,39.325,0.000,0.000,0.000,0.000,0.000
1778985332,37.86,31.63,50.60,26,1,tinyml,,,,39.325,0.000,0.000,0.000,0.000,0.000
1778985337,37.88,31.65,50.70,26,1,tinyml,,,,39.325,0.000,0.000,0.000,0.000,0.000
1778985342,37.88,31.66,50.60,26,1,tinyml,,,,39.325,0.000,0.000,0.000,0.000,0.000
1778985347,37.83,31.66,50.70,19,1,tinyml,,,,39.718,0.000,0.000,0.000,0.000,0.000
1778985352,37.85,31.66,50.70,23,1,tinyml,,,,39.456,0.000,0.000,0.000,0.000,0.000
1778985357,37.86,31.67,50.70,21,1,tinyml,,,,39.587,0.000,0.000,0.000,0.000,0.000
1778985362,37.86,31.67,50.70,19,1,tinyml,,,,39.718,0.000,0.000,0.000,0.000,0.000
1778985367,37.83,31.70,50.70,19,1,tinyml,,,,39.718,0.000,0.000,0.000,0.000,0.000
1778985372,37.83,31.69,50.80,21,1,tinyml,,,,39.587,0.000,0.000,0.000,0.000,0.000
1778985377,37.82,31.69,50.80,21,1,tinyml,,,,39.587,0.000,0.000,0.000,0.000,0.000
1778985382,37.82,31.70,50.80,21,1,tinyml,,,,39.587,0.000,0.000,0.000,0.000,0.000
1778985387,37.81,31.72,50.80,19,1,tinyml,,,,39.718,0.000,0.000,0.000,0.000,0.000
1778985392,37.76,31.70,50.80,21,1,tinyml,,,,39.587,0.000,0.000,0.000,0.000,0.000
1778985397,37.76,31.74,50.90,21,1,tinyml,,,,39.587,0.000,0.000,0.000,0.000,0.000
1778985402,37.74,31.73,50.90,21,1,tinyml,,,,39.587,0.000,0.000,0.000,0.000,0.000
1778985407,37.69,31.69,51.00,19,1,tinyml,,,,39.690,0.000,0.000,0.000,0.000,0.000
1778985412,37.69,31.74,51.00,19,1,tinyml,,,,39.690,0.000,0.000,0.000,0.000,0.000
1778985417,37.69,31.74,51.00,19,1,tinyml,,,,39.690,0.000,0.000,0.000,0.000,0.000
1778985422,37.65,31.77,51.10,20,1,tinyml,,,,39.650,0.000,0.000,0.000,0.000,0.000
1778985427,37.64,31.76,51.10,20,1,tinyml,,,,39.640,0.000,0.000,0.000,0.000,0.000
1778985432,37.62,31.77,51.20,20,1,tinyml,,,,39.620,0.000,0.000,0.000,0.000,0.000
1778985437,37.57,31.76,51.20,21,1,tinyml,,,,39.570,0.000,0.000,0.000,0.000,0.000
1778985442,37.54,31.79,51.30,22,1,tinyml,,,,39.540,0.000,0.000,0.000,0.000,0.000
1778985447,37.55,31.79,51.30,22,1,tinyml,,,,39.550,0.000,0.000,0.000,0.000,0.000
1778985452,37.51,31.80,51.40,22,1,tinyml,,,,39.510,0.000,0.000,0.000,0.000,0.000
1778985457,37.48,31.79,51.50,23,1,tinyml,,,,39.480,0.000,0.000,0.000,0.000,0.000
1778985462,37.47,31.80,51.40,23,1,tinyml,,,,39.470,0.000,0.000,0.000,0.000,0.000
1778985467,37.44,31.82,51.50,24,1,tinyml,,,,39.440,0.000,0.000,0.000,0.000,0.000
1778985472,37.41,31.84,51.60,24,1,tinyml,,,,39.410,0.000,0.000,0.000,0.000,0.000
1778985477,37.41,31.86,51.60,24,1,tinyml,,,,39.410,0.000,0.000,0.000,0.000,0.000
1778985482,37.38,31.84,51.70,25,1,tinyml,,,,39.380,0.000,0.000,0.000,0.000,0.000
1778985487,37.38,31.84,51.60,25,1,tinyml,,,,39.380,0.000,0.000,0.000,0.000,0.000
1778985492,37.35,31.89,51.70,25,1,tinyml,,,,39.350,0.000,0.000,0.000,0.000,0.000
1778985497,37.33,31.87,51.80,26,1,tinyml,,,,39.330,0.000,0.000,0.000,0.000,0.000
1778985502,37.33,31.87,51.80,26,1,tinyml,,,,39.330,0.000,0.000,0.000,0.000,0.000
1778985507,37.33,31.91,51.80,26,1,tinyml,,,,39.330,0.000,0.000,0.000,0.000,0.000
1778985512,37.34,31.89,51.80,25,1,tinyml,,,,39.340,0.000,0.000,0.000,0.000,0.000
1778985517,37.33,31.90,51.90,26,1,tinyml,,,,39.330,0.000,0.000,0.000,0.000,0.000
1778985522,37.30,31.91,51.90,26,1,tinyml,,,,39.300,0.000,0.000,0.000,0.000,0.000
1778985527,37.28,31.90,51.90,26,1,tinyml,,,,39.280,0.000,0.000,0.000,0.000,0.000
1778985532,37.28,31.91,51.90,26,1,tinyml,,,,39.280,0.000,0.000,0.000,0.000,0.000
1778985537,37.28,31.91,51.90,26,1,tinyml,,,,39.280,0.000,0.000,0.000,0.000,0.000
1778985542,37.31,31.93,51.90,26,1,tinyml,,,,39.310,0.000,0.000,0.000,0.000,0.000
1778985547,37.27,31.91,52.00,27,1,tinyml,,,,39.270,0.000,0.000,0.000,0.000,0.000
1778985552,37.27,31.93,51.90,28,1,tinyml,,,,39.194,0.000,0.000,0.000,0.000,0.000
1778985557,37.28,31.96,52.00,26,1,tinyml,,,,39.280,0.000,0.000,0.000,0.000,0.000
1778985562,37.28,31.93,51.90,28,1,tinyml,,,,39.194,0.000,0.000,0.000,0.000,0.000
1778985567,37.28,31.93,51.90,28,1,tinyml,,,,39.194,0.000,0.000,0.000,0.000,0.000
1778985572,37.30,31.91,51.90,28,1,tinyml,,,,39.194,0.000,0.000,0.000,0.000,0.000
1778985577,37.28,31.91,51.90,28,1,tinyml,,,,39.194,0.000,0.000,0.000,0.000,0.000
1778985582,37.30,31.96,51.90,28,1,tinyml,,,,39.194,0.000,0.000,0.000,0.000,0.000
1778985587,37.30,31.93,51.90,28,1,tinyml,,,,39.194,0.000,0.000,0.000,0.000,0.000
1778985592,37.33,31.96,51.90,28,1,tinyml,,,,39.194,0.000,0.000,0.000,0.000,0.000
1778985597,37.34,31.96,51.90,28,1,tinyml,,,,39.194,0.000,0.000,0.000,0.000,0.000
1778985602,37.35,31.97,51.90,28,1,tinyml,,,,39.194,0.000,0.000,0.000,0.000,0.000
1778985607,37.34,31.96,51.90,28,1,tinyml,,,,39.194,0.000,0.000,0.000,0.000,0.000
1778985612,37.35,31.94,51.80,28,1,tinyml,,,,39.194,0.000,0.000,0.000,0.000,0.000
1778985617,37.35,31.96,51.80,25,1,tinyml,,,,39.350,0.000,0.000,0.000,0.000,0.000
1778985622,37.35,31.97,51.80,28,1,tinyml,,,,39.194,0.000,0.000,0.000,0.000,0.000
1778985628,37.38,31.97,51.80,25,1,tinyml,,,,39.380,0.000,0.000,0.000,0.000,0.000
1778985632,37.42,31.96,51.70,24,1,tinyml,,,,39.420,0.000,0.000,0.000,0.000,0.000
1778985637,37.41,31.98,51.80,24,1,tinyml,,,,39.410,0.000,0.000,0.000,0.000,0.000
1778985642,37.41,31.98,51.80,24,1,tinyml,,,,39.410,0.000,0.000,0.000,0.000,0.000
1778985647,37.42,31.96,51.70,24,1,tinyml,,,,39.420,0.000,0.000,0.000,0.000,0.000
1778985652,37.44,31.96,51.70,24,1,tinyml,,,,39.440,0.000,0.000,0.000,0.000,0.000
1778985657,37.45,31.98,51.70,26,1,tinyml,,,,39.325,0.000,0.000,0.000,0.000,0.000
1778985662,37.44,31.98,51.70,26,1,tinyml,,,,39.325,0.000,0.000,0.000,0.000,0.000
1778985667,37.45,32.00,51.70,26,1,tinyml,,,,39.325,0.000,0.000,0.000,0.000,0.000
1778985672,37.45,32.00,51.70,26,1,tinyml,,,,39.325,0.000,0.000,0.000,0.000,0.000
1778985677,37.45,31.98,51.70,26,1,tinyml,,,,39.325,0.000,0.000,0.000,0.000,0.000
1778985682,37.45,31.98,51.70,26,1,tinyml,,,,39.325,0.000,0.000,0.000,0.000,0.000
1778985687,37.44,32.00,51.60,26,1,tinyml,,,,39.325,0.000,0.000,0.000,0.000,0.000
1778985692,37.47,31.98,51.70,26,1,tinyml,,,,39.325,0.000,0.000,0.000,0.000,0.000
1778985697,37.42,32.01,51.70,26,1,tinyml,,,,39.325,0.000,0.000,0.000,0.000,0.000
1778985702,37.42,32.03,51.70,26,1,tinyml,,,,39.325,0.000,0.000,0.000,0.000,0.000
1778985707,37.44,32.01,51.70,28,1,tinyml,,,,39.194,0.000,0.000,0.000,0.000,0.000
1778985712,37.42,31.98,51.70,26,1,tinyml,,,,39.325,0.000,0.000,0.000,0.000,0.000
1778985717,37.45,32.01,51.70,28,1,tinyml,,,,39.194,0.000,0.000,0.000,0.000,0.000
1778985722,37.47,32.00,51.70,28,1,tinyml,,,,39.194,0.000,0.000,0.000,0.000,0.000
1778985727,37.47,32.01,51.70,28,1,tinyml,,,,39.194,0.000,0.000,0.000,0.000,0.000
1778985732,37.45,31.98,51.70,26,1,tinyml,,,,39.325,0.000,0.000,0.000,0.000,0.000
1778985737,37.47,32.03,51.70,26,1,tinyml,,,,39.325,0.000,0.000,0.000,0.000,0.000
1778985742,37.47,32.01,51.70,26,1,tinyml,,,,39.325,0.000,0.000,0.000,0.000,0.000
1778985747,37.48,32.00,51.60,26,1,tinyml,,,,39.325,0.000,0.000,0.000,0.000,0.000
1778985752,37.49,32.00,51.60,26,1,tinyml,,,,39.325,0.000,0.000,0.000,0.000,0.000
1778985757,37.49,32.00,51.60,26,1,tinyml,,,,39.325,0.000,0.000,0.000,0.000,0.000
1778985762,37.49,32.01,51.60,26,1,tinyml,,,,39.325,0.000,0.000,0.000,0.000,0.000
1778985767,37.51,32.01,51.60,26,1,tinyml,,,,39.325,0.000,0.000,0.000,0.000,0.000
1778985772,37.51,32.03,51.60,26,1,tinyml,,,,39.325,0.000,0.000,0.000,0.000,0.000
1778985777,37.49,32.03,51.60,26,1,tinyml,,,,39.325,0.000,0.000,0.000,0.000,0.000
1778985782,37.49,32.00,51.60,26,1,tinyml,,,,39.325,0.000,0.000,0.000,0.000,0.000
1778985787,37.53,32.03,51.60,26,1,tinyml,,,,39.325,0.000,0.000,0.000,0.000,0.000
1778985792,37.51,32.03,51.70,23,1,tinyml,,,,39.456,0.000,0.000,0.000,0.000,0.000
1778985797,37.51,32.03,51.60,23,1,tinyml,,,,39.456,0.000,0.000,0.000,0.000,0.000
1778985802,37.51,32.01,51.60,22,1,tinyml,,,,39.510,0.000,0.000,0.000,0.000,0.000
1778985807,37.51,32.01,51.60,23,1,tinyml,,,,39.456,0.000,0.000,0.000,0.000,0.000
1778985812,37.49,32.00,51.60,23,1,tinyml,,,,39.490,0.000,0.000,0.000,0.000,0.000
1778985817,37.51,32.03,51.60,23,1,tinyml,,,,39.456,0.000,0.000,0.000,0.000,0.000
1778985822,37.51,32.01,51.60,22,1,tinyml,,,,39.510,0.000,0.000,0.000,0.000,0.000
1778985827,37.49,32.03,51.60,26,1,tinyml,,,,39.325,0.000,0.000,0.000,0.000,0.000
1778985832,37.53,32.04,51.60,22,1,tinyml,,,,39.530,0.000,0.000,0.000,0.000,0.000
1778985837,37.51,32.04,51.60,26,1,tinyml,,,,39.325,0.000,0.000,0.000,0.000,0.000
1778985842,37.51,32.06,51.60,22,1,tinyml,,,,39.510,0.000,0.000,0.000,0.000,0.000
1778985847,37.51,32.04,51.60,26,1,tinyml,,,,39.325,0.000,0.000,0.000,0.000,0.000
1778985852,37.48,32.04,51.70,26,1,tinyml,,,,39.325,0.000,0.000,0.000,0.000,0.000
1778985857,37.48,32.06,51.60,26,1,tinyml,,,,39.325,0.000,0.000,0.000,0.000,0.000
1778985862,37.51,32.04,51.70,26,1,tinyml,,,,39.325,0.000,0.000,0.000,0.000,0.000
1778985867,37.47,32.06,51.70,26,1,tinyml,,,,39.325,0.000,0.000,0.000,0.000,0.000
1778985872,37.48,32.07,51.70,26,1,tinyml,,,,39.325,0.000,0.000,0.000,0.000,0.000
1778985877,37.47,32.07,51.70,26,1,tinyml,,,,39.325,0.000,0.000,0.000,0.000,0.000
1778985882,37.45,32.06,51.70,26,1,tinyml,,,,39.325,0.000,0.000,0.000,0.000,0.000
1778985887,37.47,32.07,51.70,26,1,tinyml,,,,39.325,0.000,0.000,0.000,0.000,0.000
1778985892,37.47,32.06,51.70,26,1,tinyml,,,,39.325,0.000,0.000,0.000,0.000,0.000
1778985897,37.45,32.07,51.70,26,1,tinyml,,,,39.325,0.000,0.000,0.000,0.000,0.000
1778985902,37.45,32.07,51.70,26,1,tinyml,,,,39.325,0.000,0.000,0.000,0.000,0.000
1778985909,37.45,32.07,51.70,26,1,tinyml,,,,39.325,0.000,0.000,0.000,0.000,0.000
1778985912,37.47,32.06,51.70,26,1,tinyml,,,,39.325,0.000,0.000,0.000,0.000,0.000
1778985917,37.47,32.03,51.70,26,1,tinyml,,,,39.325,0.000,0.000,0.000,0.000,0.000
1778985922,37.47,32.03,51.70,26,1,tinyml,,,,39.325,0.000,0.000,0.000,0.000,0.000
1778985927,37.45,32.04,51.70,26,1,tinyml,,,,39.325,0.000,0.000,0.000,0.000,0.000
1778985932,37.45,32.03,51.70,26,1,tinyml,,,,39.325,0.000,0.000,0.000,0.000,0.000
1778985938,37.45,32.03,51.60,28,1,tinyml,,,,39.194,0.000,0.000,0.000,0.000,0.000
1778985942,37.45,32.01,51.70,26,1,tinyml,,,,39.325,0.000,0.000,0.000,0.000,0.000
1778985947,37.48,32.03,51.70,26,1,tinyml,,,,39.325,0.000,0.000,0.000,0.000,0.000
1778985952,37.47,32.03,51.60,23,1,tinyml,,,,39.456,0.000,0.000,0.000,0.000,0.000
1778985957,37.47,32.04,51.60,28,1,tinyml,,,,39.194,0.000,0.000,0.000,0.000,0.000
1778985962,37.47,32.00,51.60,23,1,tinyml,,,,39.456,0.000,0.000,0.000,0.000,0.000
1778985968,37.48,32.00,51.60,26,1,tinyml,,,,39.325,0.000,0.000,0.000,0.000,0.000
1778985972,37.49,32.01,51.60,23,1,tinyml,,,,39.456,0.000,0.000,0.000,0.000,0.000
1778985977,37.49,32.03,51.60,26,1,tinyml,,,,39.325,0.000,0.000,0.000,0.000,0.000
1778985982,37.49,32.00,51.60,26,1,tinyml,,,,39.325,0.000,0.000,0.000,0.000,0.000
1778985987,37.49,32.00,51.60,26,1,tinyml,,,,39.325,0.000,0.000,0.000,0.000,0.000
1778985992,37.47,32.03,51.60,26,1,tinyml,,,,39.325,0.000,0.000,0.000,0.000,0.000
1778985997,37.48,32.01,51.50,26,1,tinyml,,,,39.325,0.000,0.000,0.000,0.000,0.000
1778986002,37.49,32.01,51.60,26,1,tinyml,,,,39.325,0.000,0.000,0.000,0.000,0.000
1778986007,37.48,32.03,51.50,28,1,tinyml,,,,39.194,0.000,0.000,0.000,0.000,0.000
1778986012,37.47,32.01,51.50,26,1,tinyml,,,,39.325,0.000,0.000,0.000,0.000,0.000
1778986017,37.47,32.04,51.60,26,1,tinyml,,,,39.325,0.000,0.000,0.000,0.000,0.000
1778986022,37.49,32.06,51.60,26,1,tinyml,,,,39.325,0.000,0.000,0.000,0.000,0.000
1778986027,37.48,32.04,51.50,26,1,tinyml,,,,39.325,0.000,0.000,0.000,0.000,0.000
1778986032,37.49,32.04,51.60,26,1,tinyml,,,,39.325,0.000,0.000,0.000,0.000,0.000
1778986037,37.49,32.06,51.60,26,1,tinyml,,,,39.325,0.000,0.000,0.000,0.000,0.000
1778986042,37.49,32.07,51.60,26,1,tinyml,,,,39.325,0.000,0.000,0.000,0.000,0.000
1778986047,37.49,32.07,51.50,26,1,tinyml,,,,39.325,0.000,0.000,0.000,0.000,0.000
1778986052,37.49,32.09,51.50,26,1,tinyml,,,,39.325,0.000,0.000,0.000,0.000,0.000
1778986057,37.49,32.07,51.50,26,1,tinyml,,,,39.325,0.000,0.000,0.000,0.000,0.000
1778986062,37.51,32.10,51.60,26,1,tinyml,,,,39.325,0.000,0.000,0.000,0.000,0.000
1778986067,37.51,32.09,51.50,26,1,tinyml,,,,39.325,0.000,0.000,0.000,0.000,0.000
1778986072,37.51,32.10,51.50,23,1,tinyml,,,,39.456,0.000,0.000,0.000,0.000,0.000
1778986077,37.49,32.10,51.60,26,1,tinyml,,,,39.325,0.000,0.000,0.000,0.000,0.000
1778986082,37.51,32.10,51.60,23,1,tinyml,,,,39.456,0.000,0.000,0.000,0.000,0.000
1778986087,37.51,32.13,51.60,22,1,tinyml,,,,39.510,0.000,0.000,0.000,0.000,0.000
1778986092,37.51,32.10,51.50,23,1,tinyml,,,,39.456,0.000,0.000,0.000,0.000,0.000
1778986097,37.51,32.11,51.60,22,1,tinyml,,,,39.510,0.000,0.000,0.000,0.000,0.000
1778986102,37.53,32.11,51.60,23,1,tinyml,,,,39.456,0.000,0.000,0.000,0.000,0.000
1778986107,37.51,32.13,51.60,26,1,tinyml,,,,39.325,0.000,0.000,0.000,0.000,0.000
1778986112,37.51,32.13,51.60,23,1,tinyml,,,,39.456,0.000,0.000,0.000,0.000,0.000
1778986117,37.51,32.11,51.50,23,1,tinyml,,,,39.456,0.000,0.000,0.000,0.000,0.000
1778986122,37.51,32.13,51.60,23,1,tinyml,,,,39.456,0.000,0.000,0.000,0.000,0.000
1778986127,37.51,32.14,51.50,23,1,tinyml,,,,39.456,0.000,0.000,0.000,0.000,0.000
1778986132,37.51,32.14,51.60,23,1,tinyml,,,,39.456,0.000,0.000,0.000,0.000,0.000
1778986137,37.48,32.13,51.60,26,1,tinyml,,,,39.325,0.000,0.000,0.000,0.000,0.000
1778986142,37.49,32.16,51.60,23,1,tinyml,,,,39.456,0.000,0.000,0.000,0.000,0.000
1778986147,37.51,32.13,51.60,26,1,tinyml,,,,39.325,0.000,0.000,0.000,0.000,0.000
1778986152,37.49,32.10,51.60,23,1,tinyml,,,,39.456,0.000,0.000,0.000,0.000,0.000
1778986157,37.48,32.11,51.60,23,1,tinyml,,,,39.456,0.000,0.000,0.000,0.000,0.000
1778986162,37.49,32.13,51.60,26,1,tinyml,,,,39.325,0.000,0.000,0.000,0.000,0.000
1778986167,37.47,32.14,51.60,23,1,tinyml,,,,39.456,0.000,0.000,0.000,0.000,0.000
1778986172,37.48,32.13,51.60,26,1,tinyml,,,,39.325,0.000,0.000,0.000,0.000,0.000
1778986177,37.45,32.14,51.60,23,1,tinyml,,,,39.450,0.000,0.000,0.000,0.000,0.000
1778986182,37.47,32.16,51.60,26,1,tinyml,,,,39.325,0.000,0.000,0.000,0.000,0.000
1778986187,37.45,32.14,51.60,26,1,tinyml,,,,39.325,0.000,0.000,0.000,0.000,0.000
1778986192,37.45,32.13,51.70,26,1,tinyml,,,,39.325,0.000,0.000,0.000,0.000,0.000
1778986197,37.45,32.16,51.60,26,1,tinyml,,,,39.325,0.000,0.000,0.000,0.000,0.000
1778986202,37.45,32.11,51.60,26,1,tinyml,,,,39.325,0.000,0.000,0.000,0.000,0.000
1778986207,37.44,32.13,51.60,26,1,tinyml,,,,39.325,0.000,0.000,0.000,0.000,0.000
1778986212,37.44,32.14,51.60,26,1,tinyml,,,,39.325,0.000,0.000,0.000,0.000,0.000
1778986217,37.47,32.16,51.60,26,1,tinyml,,,,39.325,0.000,0.000,0.000,0.000,0.000
1778986222,37.44,32.16,51.70,26,1,tinyml,,,,39.325,0.000,0.000,0.000,0.000,0.000
1778986227,37.44,32.16,51.60,26,1,tinyml,,,,39.325,0.000,0.000,0.000,0.000,0.000
1778986232,37.42,32.17,51.60,26,1,tinyml,,,,39.325,0.000,0.000,0.000,0.000,0.000
1778986237,37.47,32.16,51.60,26,1,tinyml,,,,39.325,0.000,0.000,0.000,0.000,0.000
1778986242,37.44,32.17,51.60,26,1,tinyml,,,,39.325,0.000,0.000,0.000,0.000,0.000
1778986247,37.45,32.17,51.60,26,1,tinyml,,,,39.325,0.000,0.000,0.000,0.000,0.000
1778986252,37.45,32.17,51.60,26,1,tinyml,,,,39.325,0.000,0.000,0.000,0.000,0.000
1778986257,37.44,32.16,51.60,26,1,tinyml,,,,39.325,0.000,0.000,0.000,0.000,0.000
1778986262,37.47,32.18,51.60,26,1,tinyml,,,,39.325,0.000,0.000,0.000,0.000,0.000
1778986267,37.45,32.17,51.60,26,1,tinyml,,,,39.325,0.000,0.000,0.000,0.000,0.000
1778986272,37.47,32.18,51.60,26,1,tinyml,,,,39.325,0.000,0.000,0.000,0.000,0.000
1778986277,37.48,32.16,51.60,26,1,tinyml,,,,39.325,0.000,0.000,0.000,0.000,0.000
1778986282,37.45,32.17,51.60,26,1,tinyml,,,,39.325,0.000,0.000,0.000,0.000,0.000
1778986287,37.47,32.16,51.60,26,1,tinyml,,,,39.325,0.000,0.000,0.000,0.000,0.000
1778986292,37.47,32.18,51.60,26,1,tinyml,,,,39.325,0.000,0.000,0.000,0.000,0.000
1778986297,37.47,32.18,51.60,26,1,tinyml,,,,39.325,0.000,0.000,0.000,0.000,0.000
1778986302,37.47,32.20,51.60,26,1,tinyml,,,,39.325,0.000,0.000,0.000,0.000,0.000
1778986307,37.49,32.18,51.50,26,1,tinyml,,,,39.325,0.000,0.000,0.000,0.000,0.000
1778986312,37.51,32.21,51.50,26,1,tinyml,,,,39.325,0.000,0.000,0.000,0.000,0.000
1778986317,37.49,32.21,51.60,26,1,tinyml,,,,39.325,0.000,0.000,0.000,0.000,0.000
1778986322,37.49,32.21,51.50,26,1,tinyml,,,,39.325,0.000,0.000,0.000,0.000,0.000
1778986327,37.51,32.23,51.50,26,1,tinyml,,,,39.325,0.000,0.000,0.000,0.000,0.000
1778986332,37.51,32.23,51.50,26,1,tinyml,,,,39.325,0.000,0.000,0.000,0.000,0.000
1778986337,37.54,32.25,51.50,26,1,tinyml,,,,39.325,0.000,0.000,0.000,0.000,0.000
1778986342,37.55,32.25,51.50,26,1,tinyml,,,,39.325,0.000,0.000,0.000,0.000,0.000
1778986347,37.55,32.27,51.50,26,1,tinyml,,,,39.325,0.000,0.000,0.000,0.000,0.000
1778986352,37.53,32.25,51.50,26,1,tinyml,,,,39.325,0.000,0.000,0.000,0.000,0.000
1778986357,37.54,32.27,51.50,26,1,tinyml,,,,39.325,0.000,0.000,0.000,0.000,0.000
1778986362,37.53,32.25,51.50,26,1,tinyml,,,,39.325,0.000,0.000,0.000,0.000,0.000
1778986367,37.54,32.28,51.50,23,1,tinyml,,,,39.456,0.000,0.000,0.000,0.000,0.000
1778986372,37.57,32.28,51.50,23,1,tinyml,,,,39.456,0.000,0.000,0.000,0.000,0.000
1778986377,37.55,32.27,51.50,23,1,tinyml,,,,39.456,0.000,0.000,0.000,0.000,0.000
1778986382,37.57,32.31,51.50,23,1,tinyml,,,,39.456,0.000,0.000,0.000,0.000,0.000
1778986387,37.57,32.30,51.50,23,1,tinyml,,,,39.456,0.000,0.000,0.000,0.000,0.000
1778986392,37.57,32.30,51.50,23,1,tinyml,,,,39.456,0.000,0.000,0.000,0.000,0.000
1778986397,37.57,32.31,51.50,23,1,tinyml,,,,39.456,0.000,0.000,0.000,0.000,0.000
1778986402,37.57,32.28,51.50,23,1,tinyml,,,,39.456,0.000,0.000,0.000,0.000,0.000
1778986407,37.57,32.31,51.50,23,1,tinyml,,,,39.456,0.000,0.000,0.000,0.000,0.000
1778986412,37.58,32.30,51.50,23,1,tinyml,,,,39.456,0.000,0.000,0.000,0.000,0.000
1778986417,37.57,32.31,51.50,23,1,tinyml,,,,39.456,0.000,0.000,0.000,0.000,0.000
1778986422,37.55,32.30,51.50,23,1,tinyml,,,,39.456,0.000,0.000,0.000,0.000,0.000
1778986427,37.57,32.31,51.50,23,1,tinyml,,,,39.456,0.000,0.000,0.000,0.000,0.000
1778986432,37.54,32.32,51.50,23,1,tinyml,,,,39.456,0.000,0.000,0.000,0.000,0.000
1778986437,37.54,32.30,51.50,26,1,tinyml,,,,39.325,0.000,0.000,0.000,0.000,0.000
1778986442,37.54,32.30,51.60,23,1,tinyml,,,,39.456,0.000,0.000,0.000,0.000,0.000
1778986447,37.53,32.30,51.60,26,1,tinyml,,,,39.325,0.000,0.000,0.000,0.000,0.000
1778986452,37.53,32.32,51.50,23,1,tinyml,,,,39.456,0.000,0.000,0.000,0.000,0.000
1778986457,37.53,32.32,51.60,26,1,tinyml,,,,39.325,0.000,0.000,0.000,0.000,0.000
1778986462,37.51,32.32,51.60,23,1,tinyml,,,,39.456,0.000,0.000,0.000,0.000,0.000
1778986467,37.51,32.37,51.60,26,1,tinyml,,,,39.325,0.000,0.000,0.000,0.000,0.000
1778986472,37.51,32.37,51.60,26,1,tinyml,,,,39.325,0.000,0.000,0.000,0.000,0.000
1778986477,37.49,32.37,51.60,26,1,tinyml,,,,39.325,0.000,0.000,0.000,0.000,0.000
1778986482,37.49,32.37,51.60,26,1,tinyml,,,,39.325,0.000,0.000,0.000,0.000,0.000
1778986487,37.53,32.37,51.60,26,1,tinyml,,,,39.325,0.000,0.000,0.000,0.000,0.000
1778986492,37.48,32.38,51.60,26,1,tinyml,,,,39.325,0.000,0.000,0.000,0.000,0.000
1778986497,37.48,32.35,51.60,26,1,tinyml,,,,39.325,0.000,0.000,0.000,0.000,0.000
1778986502,37.48,32.37,51.70,26,1,tinyml,,,,39.325,0.000,0.000,0.000,0.000,0.000
1778986507,37.49,32.37,51.70,26,1,tinyml,,,,39.325,0.000,0.000,0.000,0.000,0.000
1778986512,37.51,32.38,51.70,26,1,tinyml,,,,39.325,0.000,0.000,0.000,0.000,0.000
1778986517,37.49,32.38,51.70,26,1,tinyml,,,,39.325,0.000,0.000,0.000,0.000,0.000
1778986522,37.49,32.38,51.70,26,1,tinyml,,,,39.325,0.000,0.000,0.000,0.000,0.000
1778986527,37.49,32.38,51.70,26,1,tinyml,,,,39.325,0.000,0.000,0.000,0.000,0.000
1778986532,37.51,32.38,51.70,22,1,tinyml,,,,39.510,0.000,0.000,0.000,0.000,0.000
1778986537,37.51,32.42,51.70,26,1,tinyml,,,,39.325,0.000,0.000,0.000,0.000,0.000
1778986542,37.53,32.37,51.60,22,1,tinyml,,,,39.530,0.000,0.000,0.000,0.000,0.000
1778986547,37.51,32.39,51.70,26,1,tinyml,,,,39.325,0.000,0.000,0.000,0.000,0.000
1778986552,37.51,32.39,51.70,22,1,tinyml,,,,39.510,0.000,0.000,0.000,0.000,0.000
1778986557,37.51,32.41,51.70,26,1,tinyml,,,,39.325,0.000,0.000,0.000,0.000,0.000
1778986562,37.53,32.41,51.70,22,1,tinyml,,,,39.530,0.000,0.000,0.000,0.000,0.000
1778986567,37.54,32.41,51.60,26,1,tinyml,,,,39.325,0.000,0.000,0.000,0.000,0.000
1778986572,37.54,32.41,51.70,22,1,tinyml,,,,39.540,0.000,0.000,0.000,0.000,0.000
1778986577,37.54,32.44,51.60,23,1,tinyml,,,,39.456,0.000,0.000,0.000,0.000,0.000
1778986582,37.53,32.45,51.70,22,1,tinyml,,,,39.530,0.000,0.000,0.000,0.000,0.000
1778986587,37.53,32.42,51.70,23,1,tinyml,,,,39.456,0.000,0.000,0.000,0.000,0.000
1778986592,37.51,32.44,51.70,23,1,tinyml,,,,39.456,0.000,0.000,0.000,0.000,0.000
1778986597,37.54,32.45,51.70,23,1,tinyml,,,,39.456,0.000,0.000,0.000,0.000,0.000
1778986602,37.54,32.44,51.60,23,1,tinyml,,,,39.456,0.000,0.000,0.000,0.000,0.000
1778986607,37.53,32.44,51.70,26,1,tinyml,,,,39.325,0.000,0.000,0.000,0.000,0.000
1778986612,37.49,32.47,51.70,23,1,tinyml,,,,39.456,0.000,0.000,0.000,0.000,0.000
1778986617,37.53,32.44,51.70,26,1,tinyml,,,,39.325,0.000,0.000,0.000,0.000,0.000
1778986622,37.53,32.44,51.70,23,1,tinyml,,,,39.456,0.000,0.000,0.000,0.000,0.000
1778986627,37.51,32.42,51.70,26,1,tinyml,,,,39.325,0.000,0.000,0.000,0.000,0.000
1778986632,37.51,32.44,51.70,23,1,tinyml,,,,39.456,0.000,0.000,0.000,0.000,0.000
1778986637,37.51,32.45,51.70,26,1,tinyml,,,,39.325,0.000,0.000,0.000,0.000,0.000
1778986642,37.49,32.45,51.70,23,1,tinyml,,,,39.456,0.000,0.000,0.000,0.000,0.000
1778986647,37.48,32.45,51.70,26,1,tinyml,,,,39.325,0.000,0.000,0.000,0.000,0.000
1778986652,37.49,32.44,51.70,26,1,tinyml,,,,39.325,0.000,0.000,0.000,0.000,0.000
1778986657,37.51,32.45,51.70,26,1,tinyml,,,,39.325,0.000,0.000,0.000,0.000,0.000
1778986662,37.49,32.48,51.70,23,1,tinyml,,,,39.456,0.000,0.000,0.000,0.000,0.000
1778986667,37.49,32.47,51.70,26,1,tinyml,,,,39.325,0.000,0.000,0.000,0.000,0.000
1778986672,37.51,32.47,51.70,23,1,tinyml,,,,39.456,0.000,0.000,0.000,0.000,0.000
1778986677,37.51,32.45,51.80,23,1,tinyml,,,,39.456,0.000,0.000,0.000,0.000,0.000
1778986682,37.49,32.48,51.80,23,1,tinyml,,,,39.456,0.000,0.000,0.000,0.000,0.000
1778986687,37.51,32.48,51.80,23,1,tinyml,,,,39.456,0.000,0.000,0.000,0.000,0.000
1778986692,37.49,32.49,51.80,23,1,tinyml,,,,39.456,0.000,0.000,0.000,0.000,0.000
1778986697,37.49,32.49,51.80,23,1,tinyml,,,,39.456,0.000,0.000,0.000,0.000,0.000
1778986702,37.49,32.48,51.80,23,1,tinyml,,,,39.456,0.000,0.000,0.000,0.000,0.000
1778986707,37.53,32.48,51.80,23,1,tinyml,,,,39.456,0.000,0.000,0.000,0.000,0.000
1778986712,37.51,32.47,51.80,23,1,tinyml,,,,39.456,0.000,0.000,0.000,0.000,0.000
1778986717,37.49,32.48,51.80,23,1,tinyml,,,,39.456,0.000,0.000,0.000,0.000,0.000
1778986722,37.48,32.47,51.80,23,1,tinyml,,,,39.456,0.000,0.000,0.000,0.000,0.000
1778986727,37.47,32.49,51.80,23,1,tinyml,,,,39.456,0.000,0.000,0.000,0.000,0.000
1778986732,37.47,32.48,51.80,23,1,tinyml,,,,39.456,0.000,0.000,0.000,0.000,0.000
1778986737,37.49,32.47,51.80,23,1,tinyml,,,,39.456,0.000,0.000,0.000,0.000,0.000
1778986742,37.49,32.48,51.80,23,1,tinyml,,,,39.456,0.000,0.000,0.000,0.000,0.000
1778986747,37.48,32.51,51.80,23,1,tinyml,,,,39.456,0.000,0.000,0.000,0.000,0.000
1778986752,37.47,32.49,51.80,23,1,tinyml,,,,39.456,0.000,0.000,0.000,0.000,0.000
1778986757,37.47,32.52,51.90,23,1,tinyml,,,,39.456,0.000,0.000,0.000,0.000,0.000
1778986762,37.47,32.51,51.90,23,1,tinyml,,,,39.456,0.000,0.000,0.000,0.000,0.000
1778986767,37.44,32.54,51.80,24,1,tinyml,,,,39.440,0.000,0.000,0.000,0.000,0.000
1778986772,37.45,32.51,51.80,23,1,tinyml,,,,39.450,0.000,0.000,0.000,0.000,0.000
1778986777,37.45,32.51,51.90,23,1,tinyml,,,,39.450,0.000,0.000,0.000,0.000,0.000
1778986782,37.47,32.49,51.90,23,1,tinyml,,,,39.456,0.000,0.000,0.000,0.000,0.000
1778986863,37.19,32.34,52.30,14,1,tinyml,,,,37.190,0.000,0.000,0.000,0.000,0.000
1778986868,37.17,32.32,52.30,14,1,tinyml,,,,37.170,0.000,0.000,0.000,0.000,0.000
1778986873,37.14,32.30,52.30,15,1,tinyml,,,,37.140,0.000,0.000,0.000,0.000,0.000
1778986878,37.13,32.30,52.30,15,1,tinyml,,,,37.130,0.000,0.000,0.000,0.000,0.000
1778986883,37.14,32.25,52.40,15,1,tinyml,,,,37.140,0.000,0.000,0.000,0.000,0.000
1778986888,37.09,32.24,52.50,16,1,tinyml,,,,37.090,0.000,0.000,0.000,0.000,0.000
1778986893,37.10,32.24,52.50,16,1,tinyml,,,,37.100,0.000,0.000,0.000,0.000,0.000
1778986898,37.07,32.23,52.50,16,1,tinyml,,,,37.070,0.000,0.000,0.000,0.000,0.000
1778986903,37.04,32.25,52.50,17,1,tinyml,,,,37.040,0.000,0.000,0.000,0.000,0.000
1778986908,37.03,32.25,52.60,17,1,tinyml,,,,37.030,0.000,0.000,0.000,0.000,0.000
1778986913,37.03,32.28,52.60,17,1,tinyml,,,,37.030,0.000,0.000,0.000,0.000,0.000
1778986918,37.00,32.28,52.60,18,1,tinyml,,,,37.000,0.000,0.000,0.000,0.000,0.000
1778986923,36.97,32.30,52.70,18,1,tinyml,,,,36.970,0.000,0.000,0.000,0.000,0.000
1778986928,36.96,32.27,52.70,18,1,tinyml,,,,36.960,0.000,0.000,0.000,0.000,0.000
1778986933,36.94,32.28,52.70,19,1,tinyml,,,,36.940,0.000,0.000,0.000,0.000,0.000
1778986938,36.94,32.31,52.80,19,1,tinyml,,,,36.940,0.000,0.000,0.000,0.000,0.000
1778986943,36.94,32.28,52.80,19,1,tinyml,,,,36.940,0.000,0.000,0.000,0.000,0.000
1778986948,36.90,32.28,52.80,19,1,tinyml,,,,36.900,0.000,0.000,0.000,0.000,0.000
1778986953,36.90,32.30,52.80,19,1,tinyml,,,,36.900,0.000,0.000,0.000,0.000,0.000
1778986958,36.89,32.30,52.80,19,1,tinyml,,,,36.890,0.000,0.000,0.000,0.000,0.000
1778986963,36.90,32.30,52.90,19,1,tinyml,,,,36.900,0.000,0.000,0.000,0.000,0.000
1778986968,36.89,32.28,52.90,19,1,tinyml,,,,36.890,0.000,0.000,0.000,0.000,0.000
1778986973,36.87,32.31,52.90,20,1,tinyml,,,,36.870,0.000,0.000,0.000,0.000,0.000
1778986978,36.84,32.30,52.90,20,1,tinyml,,,,36.840,0.000,0.000,0.000,0.000,0.000
1778986983,36.86,32.31,52.90,20,1,tinyml,,,,36.860,0.000,0.000,0.000,0.000,0.000
1778986988,36.86,32.30,53.00,20,1,tinyml,,,,36.860,0.000,0.000,0.000,0.000,0.000
1778986993,36.84,32.28,53.00,20,1,tinyml,,,,36.840,0.000,0.000,0.000,0.000,0.000
1778986998,36.84,32.25,53.00,20,1,tinyml,,,,36.840,0.000,0.000,0.000,0.000,0.000
1778987003,36.82,32.24,53.00,21,1,tinyml,,,,36.820,0.000,0.000,0.000,0.000,0.000
1778987008,36.84,32.23,53.00,20,1,tinyml,,,,36.840,0.000,0.000,0.000,0.000,0.000
1778987013,36.84,32.21,53.00,20,1,tinyml,,,,36.840,0.000,0.000,0.000,0.000,0.000
1778987018,36.83,32.23,53.10,21,1,tinyml,,,,36.830,0.000,0.000,0.000,0.000,0.000
1778987023,36.82,32.23,53.00,21,1,tinyml,,,,36.820,0.000,0.000,0.000,0.000,0.000
1778987028,36.82,32.24,53.10,21,1,tinyml,,,,36.820,0.000,0.000,0.000,0.000,0.000
1778987033,36.82,32.24,53.00,21,1,tinyml,,,,36.820,0.000,0.000,0.000,0.000,0.000
1778987038,36.83,32.25,53.00,21,1,tinyml,,,,36.830,0.000,0.000,0.000,0.000,0.000
1778987043,36.84,32.27,53.10,20,1,tinyml,,,,36.840,0.000,0.000,0.000,0.000,0.000
1778987048,36.83,32.25,53.00,21,1,tinyml,,,,36.830,0.000,0.000,0.000,0.000,0.000
1778987053,36.84,32.27,53.10,20,1,tinyml,,,,36.840,0.000,0.000,0.000,0.000,0.000
1778987058,36.83,32.30,53.10,21,1,tinyml,,,,36.830,0.000,0.000,0.000,0.000,0.000
1778987063,36.82,32.31,53.00,21,1,tinyml,,,,36.820,0.000,0.000,0.000,0.000,0.000
1778987068,36.83,32.32,53.00,21,1,tinyml,,,,36.830,0.000,0.000,0.000,0.000,0.000
1778987073,36.86,32.31,53.10,20,1,tinyml,,,,36.860,0.000,0.000,0.000,0.000,0.000
1778987078,36.83,32.31,53.10,21,1,tinyml,,,,36.830,0.000,0.000,0.000,0.000,0.000
1778987083,36.86,32.32,53.00,20,1,tinyml,,,,36.860,0.000,0.000,0.000,0.000,0.000
1778987088,36.84,32.32,53.10,20,1,tinyml,,,,36.840,0.000,0.000,0.000,0.000,0.000
1778987093,36.84,32.32,53.10,20,1,tinyml,,,,36.840,0.000,0.000,0.000,0.000,0.000
1778987098,36.83,32.30,53.00,21,1,tinyml,,,,36.830,0.000,0.000,0.000,0.000,0.000
1778987103,36.84,32.32,53.00,20,1,tinyml,,,,36.840,0.000,0.000,0.000,0.000,0.000
1778987108,36.84,32.30,53.00,20,1,tinyml,,,,36.840,0.000,0.000,0.000,0.000,0.000
1778987113,36.84,32.30,53.00,20,1,tinyml,,,,36.840,0.000,0.000,0.000,0.000,0.000
1778987118,36.84,32.31,53.00,20,1,tinyml,,,,36.840,0.000,0.000,0.000,0.000,0.000
1778987123,36.86,32.32,53.10,20,1,tinyml,,,,36.860,0.000,0.000,0.000,0.000,0.000
1778987128,36.84,32.31,53.10,20,1,tinyml,,,,36.840,0.000,0.000,0.000,0.000,0.000
1778987133,36.87,32.32,53.10,20,1,tinyml,,,,36.870,0.000,0.000,0.000,0.000,0.000
1778987138,36.86,32.34,53.10,0,1,tinyml,,,,38.360,0.000,0.000,0.000,0.000,0.000
1778987143,36.84,32.35,53.00,0,1,tinyml,,,,38.340,0.000,0.000,0.000,0.000,0.000
1778987148,36.86,32.34,53.00,0,1,tinyml,,,,38.360,0.000,0.000,0.000,0.000,0.000
1778987153,36.84,32.32,53.10,0,1,tinyml,,,,38.340,0.000,0.000,0.000,0.000,0.000
1778987158,36.86,32.32,53.00,0,1,tinyml,,,,38.360,0.000,0.000,0.000,0.000,0.000
1778987163,36.84,32.31,53.00,0,1,tinyml,,,,38.340,0.000,0.000,0.000,0.000,0.000
1778987168,36.83,32.34,53.00,0,1,tinyml,,,,38.330,0.000,0.000,0.000,0.000,0.000
1778987173,36.83,32.35,53.10,0,1,tinyml,,,,38.330,0.000,0.000,0.000,0.000,0.000
1778987178,36.83,32.35,53.10,0,1,tinyml,,,,38.330,0.000,0.000,0.000,0.000,0.000
1778987183,36.82,32.32,53.10,0,1,tinyml,,,,38.320,0.000,0.000,0.000,0.000,0.000
1778987188,36.80,32.32,53.20,0,1,tinyml,,,,38.300,0.000,0.000,0.000,0.000,0.000
1778987193,36.79,32.37,53.20,1,1,tinyml,,,,38.290,0.000,0.000,0.000,0.000,0.000
1778987198,36.78,32.38,53.20,2,1,tinyml,,,,38.280,0.000,0.000,0.000,0.000,0.000
1778987203,36.76,32.34,53.20,3,1,tinyml,,,,38.260,0.000,0.000,0.000,0.000,0.000
1778987208,36.79,32.35,53.20,3,1,tinyml,,,,38.290,0.000,0.000,0.000,0.000,0.000
1778987213,36.79,32.37,53.20,4,1,tinyml,,,,38.290,0.000,0.000,0.000,0.000,0.000
1778987218,36.82,32.37,53.20,4,1,tinyml,,,,38.320,0.000,0.000,0.000,0.000,0.000
1778987223,36.87,32.41,53.10,3,1,tinyml,,,,38.370,0.000,0.000,0.000,0.000,0.000
1778987228,36.94,32.38,53.00,3,1,tinyml,,,,38.440,0.000,0.000,0.000,0.000,0.000
1778987233,36.99,32.39,52.90,2,1,tinyml,,,,38.490,0.000,0.000,0.000,0.000,0.000
1778987238,37.04,32.41,52.80,2,1,tinyml,,,,38.540,0.000,0.000,0.000,0.000,0.000
1778987243,37.09,32.41,52.70,1,1,tinyml,,,,38.590,0.000,0.000,0.000,0.000,0.000
1778987248,37.16,32.41,52.50,1,1,tinyml,,,,38.660,0.000,0.000,0.000,0.000,0.000
1778987253,37.28,32.39,52.30,0,1,tinyml,,,,38.780,0.000,0.000,0.000,0.000,0.000
1778987258,37.35,32.39,52.20,0,1,tinyml,,,,38.850,0.000,0.000,0.000,0.000,0.000
1778987263,37.47,32.41,52.00,0,1,tinyml,,,,38.970,0.000,0.000,0.000,0.000,0.000
1778987268,37.55,32.37,51.80,0,1,tinyml,,,,39.050,0.000,0.000,0.000,0.000,0.000
1778987273,37.66,32.39,51.60,0,1,tinyml,,,,39.160,0.000,0.000,0.000,0.000,0.000
1778987278,37.76,32.39,51.40,0,1,tinyml,,,,39.260,0.000,0.000,0.000,0.000,0.000
1778987283,37.86,32.41,51.30,0,1,tinyml,,,,39.360,0.000,0.000,0.000,0.000,0.000
1778987288,37.89,32.41,51.10,0,1,tinyml,,,,39.390,0.000,0.000,0.000,0.000,0.000
1778987293,37.96,32.38,51.00,0,1,tinyml,,,,39.460,0.000,0.000,0.000,0.000,0.000
1778987298,37.98,32.39,51.00,0,1,tinyml,,,,39.480,0.000,0.000,0.000,0.000,0.000
1778987303,38.02,32.38,50.90,0,1,tinyml,,,,39.520,0.000,0.000,0.000,0.000,0.000
1778987308,38.05,32.39,50.80,0,1,tinyml,,,,39.550,0.000,0.000,0.000,0.000,0.000
1778987313,38.06,32.38,50.80,0,1,tinyml,,,,39.560,0.000,0.000,0.000,0.000,0.000
1778987318,38.08,32.38,50.80,0,1,tinyml,,,,39.580,0.000,0.000,0.000,0.000,0.000
1778987323,38.06,32.41,50.80,0,1,tinyml,,,,39.560,0.000,0.000,0.000,0.000,0.000
1778987328,38.05,32.41,50.80,0,1,tinyml,,,,39.550,0.000,0.000,0.000,0.000,0.000
1778987333,38.05,32.42,50.80,0,1,tinyml,,,,39.550,0.000,0.000,0.000,0.000,0.000
1778987338,38.02,32.41,50.80,0,1,tinyml,,,,39.520,0.000,0.000,0.000,0.000,0.000
1778987343,37.99,32.44,50.80,0,1,tinyml,,,,39.490,0.000,0.000,0.000,0.000,0.000
1778987348,37.98,32.42,50.90,0,1,tinyml,,,,39.480,0.000,0.000,0.000,0.000,0.000
1778987353,37.94,32.42,50.90,0,1,tinyml,,,,39.440,0.000,0.000,0.000,0.000,0.000
1778987358,37.93,32.45,50.90,0,1,tinyml,,,,39.430,0.000,0.000,0.000,0.000,0.000
1778987363,37.89,32.44,51.00,0,1,tinyml,,,,39.390,0.000,0.000,0.000,0.000,0.000
1778987368,37.85,32.42,51.10,0,1,tinyml,,,,39.350,0.000,0.000,0.000,0.000,0.000
1778987373,37.82,32.44,51.10,0,1,tinyml,,,,39.320,0.000,0.000,0.000,0.000,0.000
1778987378,37.81,32.45,51.20,0,1,tinyml,,,,39.310,0.000,0.000,0.000,0.000,0.000
1778987383,37.74,32.42,51.30,0,1,tinyml,,,,39.240,0.000,0.000,0.000,0.000,0.000
1778987388,37.72,32.42,51.30,0,1,tinyml,,,,39.220,0.000,0.000,0.000,0.000,0.000
1778987393,37.69,32.42,51.40,0,1,tinyml,,,,39.190,0.000,0.000,0.000,0.000,0.000
1778987398,37.65,32.42,51.50,0,1,tinyml,,,,39.150,0.000,0.000,0.000,0.000,0.000
1778987403,37.64,32.42,51.50,0,1,tinyml,,,,39.140,0.000,0.000,0.000,0.000,0.000
1778987408,37.60,32.42,51.60,0,1,tinyml,,,,39.100,0.000,0.000,0.000,0.000,0.000
1778987413,37.54,32.44,51.70,0,1,tinyml,,,,39.040,0.000,0.000,0.000,0.000,0.000
1778987418,37.49,32.45,51.70,0,1,tinyml,,,,38.990,0.000,0.000,0.000,0.000,0.000
1778987423,37.47,32.47,51.80,0,1,tinyml,,,,38.970,0.000,0.000,0.000,0.000,0.000
1778987428,37.45,32.44,51.80,0,1,tinyml,,,,38.950,0.000,0.000,0.000,0.000,0.000
1778987433,37.38,32.45,51.90,1,1,tinyml,,,,38.880,0.000,0.000,0.000,0.000,0.000
1778987438,37.38,32.47,52.00,1,1,tinyml,,,,38.880,0.000,0.000,0.000,0.000,0.000
1778987443,37.35,32.45,52.00,2,1,tinyml,,,,38.850,0.000,0.000,0.000,0.000,0.000
1778987448,37.34,32.47,52.10,2,1,tinyml,,,,38.840,0.000,0.000,0.000,0.000,0.000
1778987453,37.34,32.47,52.10,3,1,tinyml,,,,38.840,0.000,0.000,0.000,0.000,0.000
1778987458,37.37,32.44,52.10,3,1,tinyml,,,,38.870,0.000,0.000,0.000,0.000,0.000
1778987463,37.42,32.45,52.00,2,1,tinyml,,,,38.920,0.000,0.000,0.000,0.000,0.000
1778987468,37.44,32.45,52.00,2,1,tinyml,,,,38.940,0.000,0.000,0.000,0.000,0.000
1778987473,37.51,32.44,51.80,1,1,tinyml,,,,39.010,0.000,0.000,0.000,0.000,0.000
1778987478,37.58,32.45,51.80,0,1,tinyml,,,,39.080,0.000,0.000,0.000,0.000,0.000
1778987483,37.69,32.42,51.60,0,1,tinyml,,,,39.190,0.000,0.000,0.000,0.000,0.000
1778987488,37.82,32.47,51.50,0,1,tinyml,,,,39.320,0.000,0.000,0.000,0.000,0.000
1778987493,37.90,32.45,51.30,0,1,tinyml,,,,39.400,0.000,0.000,0.000,0.000,0.000
1778987498,37.99,32.44,51.10,0,1,tinyml,,,,39.490,0.000,0.000,0.000,0.000,0.000
1778987503,38.08,32.44,50.90,0,1,tinyml,,,,39.456,0.000,0.000,0.000,0.000,0.000
1778987508,38.13,32.42,50.80,0,1,tinyml,,,,39.456,0.000,0.000,0.000,0.000,0.000
1778987513,38.16,32.42,50.60,0,1,tinyml,,,,39.456,0.000,0.000,0.000,0.000,0.000
1778987518,38.27,32.39,50.60,0,1,tinyml,,,,39.456,0.000,0.000,0.000,0.000,0.000
1778987523,38.26,32.41,50.50,0,1,tinyml,,,,39.325,0.000,0.000,0.000,0.000,0.000
1778987528,38.30,32.41,50.50,0,1,tinyml,,,,39.325,0.000,0.000,0.000,0.000,0.000
1778987533,38.30,32.42,50.40,0,1,tinyml,,,,39.325,0.000,0.000,0.000,0.000,0.000
1778987538,38.33,32.41,50.30,0,1,tinyml,,,,39.325,0.000,0.000,0.000,0.000,0.000
1778987543,38.33,32.42,50.30,0,1,tinyml,,,,39.325,0.000,0.000,0.000,0.000,0.000
1778987548,38.33,32.41,50.30,0,1,tinyml,,,,39.194,0.000,0.000,0.000,0.000,0.000
1778987553,38.33,32.38,50.30,1,1,tinyml,,,,38.933,0.000,0.000,0.000,0.000,0.000
1778987558,38.33,32.39,50.30,0,1,tinyml,,,,39.063,0.000,0.000,0.000,0.000,0.000
1778987563,38.30,32.38,50.30,0,1,tinyml,,,,39.063,0.000,0.000,0.000,0.000,0.000
1778987568,38.29,32.37,50.40,0,1,tinyml,,,,39.063,0.000,0.000,0.000,0.000,0.000
1778987573,38.26,32.32,50.40,0,1,tinyml,,,,39.063,0.000,0.000,0.000,0.000,0.000
1778987578,38.29,32.34,50.30,0,1,tinyml,,,,39.194,0.000,0.000,0.000,0.000,0.000
1778987583,38.27,32.32,50.30,0,1,tinyml,,,,39.063,0.000,0.000,0.000,0.000,0.000
1778987588,38.26,32.32,50.40,0,1,tinyml,,,,39.194,0.000,0.000,0.000,0.000,0.000
1778987593,38.24,32.31,50.40,0,1,tinyml,,,,39.063,0.000,0.000,0.000,0.000,0.000
1778987598,38.20,32.30,50.40,0,1,tinyml,,,,39.194,0.000,0.000,0.000,0.000,0.000
1778987603,38.17,32.31,50.40,0,1,tinyml,,,,39.194,0.000,0.000,0.000,0.000,0.000
1778987608,38.15,32.31,50.50,0,1,tinyml,,,,39.194,0.000,0.000,0.000,0.000,0.000
1778987613,38.15,32.32,50.50,0,1,tinyml,,,,39.194,0.000,0.000,0.000,0.000,0.000
1778987618,38.12,32.34,50.60,0,1,tinyml,,,,39.194,0.000,0.000,0.000,0.000,0.000
1778987623,38.08,32.34,50.60,0,1,tinyml,,,,39.194,0.000,0.000,0.000,0.000,0.000
1778987628,38.05,32.37,50.70,0,1,tinyml,,,,39.194,0.000,0.000,0.000,0.000,0.000
1778987633,38.00,32.38,50.70,0,1,tinyml,,,,39.194,0.000,0.000,0.000,0.000,0.000
1778987638,37.99,32.37,50.80,0,1,tinyml,,,,39.194,0.000,0.000,0.000,0.000,0.000
1778987643,37.93,32.35,50.80,0,1,tinyml,,,,39.194,0.000,0.000,0.000,0.000,0.000
1778987648,37.92,32.38,50.90,0,1,tinyml,,,,39.194,0.000,0.000,0.000,0.000,0.000
1778987653,37.88,32.38,51.00,0,1,tinyml,,,,39.194,0.000,0.000,0.000,0.000,0.000
1778987658,37.83,32.38,51.00,0,1,tinyml,,,,39.194,0.000,0.000,0.000,0.000,0.000
1778987663,37.79,32.41,51.10,0,1,tinyml,,,,39.194,0.000,0.000,0.000,0.000,0.000
1778987668,37.78,32.37,51.20,0,1,tinyml,,,,39.194,0.000,0.000,0.000,0.000,0.000
1778987673,37.75,32.42,51.20,0,1,tinyml,,,,39.194,0.000,0.000,0.000,0.000,0.000
1778987678,37.71,32.41,51.30,0,1,tinyml,,,,39.194,0.000,0.000,0.000,0.000,0.000
1778987683,37.68,32.41,51.40,0,1,tinyml,,,,39.180,0.000,0.000,0.000,0.000,0.000
1778987688,37.62,32.38,51.40,0,1,tinyml,,,,39.120,0.000,0.000,0.000,0.000,0.000
1778987693,37.60,32.37,51.40,0,1,tinyml,,,,39.100,0.000,0.000,0.000,0.000,0.000
1778987698,37.55,32.38,51.50,0,1,tinyml,,,,39.050,0.000,0.000,0.000,0.000,0.000
1778987703,37.54,32.38,51.60,0,1,tinyml,,,,39.040,0.000,0.000,0.000,0.000,0.000
1778987708,37.49,32.38,51.70,1,1,tinyml,,,,38.990,0.000,0.000,0.000,0.000,0.000
1778987713,37.47,32.38,51.70,1,1,tinyml,,,,38.970,0.000,0.000,0.000,0.000,0.000
1778987718,37.45,32.39,51.80,2,1,tinyml,,,,38.950,0.000,0.000,0.000,0.000,0.000
1778987723,37.44,32.38,51.80,2,1,tinyml,,,,38.940,0.000,0.000,0.000,0.000,0.000
1778987728,37.45,32.39,51.80,3,1,tinyml,,,,38.950,0.000,0.000,0.000,0.000,0.000
1778987735,37.48,32.41,51.80,2,1,tinyml,,,,38.980,0.000,0.000,0.000,0.000,0.000
1778987738,37.51,32.38,51.70,2,1,tinyml,,,,39.010,0.000,0.000,0.000,0.000,0.000
1778987743,37.57,32.41,51.60,1,1,tinyml,,,,39.070,0.000,0.000,0.000,0.000,0.000
1778987748,37.64,32.41,51.50,0,1,tinyml,,,,39.140,0.000,0.000,0.000,0.000,0.000
1778987753,37.74,32.41,51.30,0,1,tinyml,,,,39.240,0.000,0.000,0.000,0.000,0.000
1778987758,37.85,32.44,51.20,0,1,tinyml,,,,39.325,0.000,0.000,0.000,0.000,0.000
1778987763,37.90,32.42,51.00,0,1,tinyml,,,,39.325,0.000,0.000,0.000,0.000,0.000
1778987768,38.00,32.39,50.80,0,1,tinyml,,,,39.325,0.000,0.000,0.000,0.000,0.000
1778987773,38.08,32.41,50.70,0,1,tinyml,,,,39.325,0.000,0.000,0.000,0.000,0.000
1778987778,38.16,32.41,50.60,0,1,tinyml,,,,39.325,0.000,0.000,0.000,0.000,0.000
1778987783,38.20,32.42,50.50,0,1,tinyml,,,,39.325,0.000,0.000,0.000,0.000,0.000
1778987788,38.26,32.41,50.40,0,1,tinyml,,,,39.325,0.000,0.000,0.000,0.000,0.000
1778987793,38.30,32.41,50.30,0,1,tinyml,,,,39.325,0.000,0.000,0.000,0.000,0.000
1778987798,38.31,32.39,50.20,0,1,tinyml,,,,39.325,0.000,0.000,0.000,0.000,0.000
1778987803,38.34,32.42,50.20,0,1,tinyml,,,,39.325,0.000,0.000,0.000,0.000,0.000
1778987808,38.34,32.42,50.10,0,1,tinyml,,,,39.325,0.000,0.000,0.000,0.000,0.000
1778987813,38.34,32.39,50.10,0,1,tinyml,,,,39.325,0.000,0.000,0.000,0.000,0.000
1778987818,38.34,32.37,50.10,0,1,tinyml,,,,39.325,0.000,0.000,0.000,0.000,0.000
1778987823,38.34,32.37,50.00,0,1,tinyml,,,,39.325,0.000,0.000,0.000,0.000,0.000
1778987828,38.33,32.35,50.10,0,1,tinyml,,,,39.325,0.000,0.000,0.000,0.000,0.000
1778987833,38.33,32.37,50.10,0,1,tinyml,,,,39.325,0.000,0.000,0.000,0.000,0.000
1778987838,38.29,32.37,50.20,0,1,tinyml,,,,39.325,0.000,0.000,0.000,0.000,0.000
1778987843,38.26,32.32,50.20,0,1,tinyml,,,,39.325,0.000,0.000,0.000,0.000,0.000
1778987848,38.26,32.32,50.20,0,1,tinyml,,,,39.325,0.000,0.000,0.000,0.000,0.000
1778987853,38.21,32.31,50.20,0,1,tinyml,,,,39.325,0.000,0.000,0.000,0.000,0.000
1778987858,38.17,32.30,50.30,0,1,tinyml,,,,39.325,0.000,0.000,0.000,0.000,0.000
1778987863,38.16,32.28,50.30,0,1,tinyml,,,,39.325,0.000,0.000,0.000,0.000,0.000
1778987868,38.12,32.30,50.40,0,1,tinyml,,,,39.325,0.000,0.000,0.000,0.000,0.000
1778987873,38.08,32.27,50.50,0,1,tinyml,,,,39.325,0.000,0.000,0.000,0.000,0.000
1778987878,38.03,32.27,50.50,0,1,tinyml,,,,39.325,0.000,0.000,0.000,0.000,0.000
1778987883,38.00,32.30,50.60,0,1,tinyml,,,,39.325,0.000,0.000,0.000,0.000,0.000
1778987888,37.98,32.30,50.60,0,1,tinyml,,,,39.325,0.000,0.000,0.000,0.000,0.000
1778987893,37.94,32.28,50.70,0,1,tinyml,,,,39.325,0.000,0.000,0.000,0.000,0.000
1778987898,37.89,32.28,50.80,0,1,tinyml,,,,39.325,0.000,0.000,0.000,0.000,0.000
1778987903,37.88,32.25,50.80,0,1,tinyml,,,,39.325,0.000,0.000,0.000,0.000,0.000
1778987908,37.82,32.27,50.90,0,1,tinyml,,,,39.320,0.000,0.000,0.000,0.000,0.000
1778987914,37.76,32.25,51.00,0,1,tinyml,,,,39.260,0.000,0.000,0.000,0.000,0.000
1778987918,37.75,32.23,51.00,0,1,tinyml,,,,39.194,0.000,0.000,0.000,0.000,0.000
1778987923,37.74,32.24,51.10,0,1,tinyml,,,,39.194,0.000,0.000,0.000,0.000,0.000
1778987928,37.68,32.24,51.20,0,1,tinyml,,,,39.180,0.000,0.000,0.000,0.000,0.000
1778987933,37.64,32.23,51.20,0,1,tinyml,,,,39.140,0.000,0.000,0.000,0.000,0.000
1778987938,37.61,32.20,51.20,0,1,tinyml,,,,39.110,0.000,0.000,0.000,0.000,0.000
1778987943,37.58,32.21,51.20,0,1,tinyml,,,,39.080,0.000,0.000,0.000,0.000,0.000
1778987948,37.54,32.20,51.30,1,1,tinyml,,,,39.040,0.000,0.000,0.000,0.000,0.000
1778987953,37.51,32.20,51.40,2,1,tinyml,,,,39.010,0.000,0.000,0.000,0.000,0.000
1778987958,37.49,32.17,51.40,2,1,tinyml,,,,38.990,0.000,0.000,0.000,0.000,0.000
1778987963,37.48,32.18,51.50,3,1,tinyml,,,,38.980,0.000,0.000,0.000,0.000,0.000
1778987968,37.47,32.17,51.50,3,1,tinyml,,,,38.970,0.000,0.000,0.000,0.000,0.000
1778987973,37.49,32.18,51.50,3,1,tinyml,,,,38.990,0.000,0.000,0.000,0.000,0.000
1778987978,37.53,32.17,51.40,3,1,tinyml,,,,39.030,0.000,0.000,0.000,0.000,0.000
1778987983,37.58,32.16,51.30,2,1,tinyml,,,,39.080,0.000,0.000,0.000,0.000,0.000
1778987988,37.65,32.14,51.30,1,1,tinyml,,,,39.150,0.000,0.000,0.000,0.000,0.000
1778987993,37.74,32.14,51.10,0,1,tinyml,,,,39.194,0.000,0.000,0.000,0.000,0.000
1778987998,37.81,32.14,51.00,0,1,tinyml,,,,39.194,0.000,0.000,0.000,0.000,0.000
1778988003,37.89,32.11,50.80,0,1,tinyml,,,,39.194,0.000,0.000,0.000,0.000,0.000
1778988008,38.02,32.11,50.60,0,1,tinyml,,,,39.194,0.000,0.000,0.000,0.000,0.000
1778988013,38.10,32.11,50.50,0,1,tinyml,,,,39.194,0.000,0.000,0.000,0.000,0.000
1778988018,38.16,32.09,50.30,3,1,tinyml,,,,39.063,0.000,0.000,0.000,0.000,0.000
1778988023,38.21,32.10,50.10,0,1,tinyml,,,,39.194,0.000,0.000,0.000,0.000,0.000
1778988028,38.29,32.11,50.00,0,1,tinyml,,,,39.194,0.000,0.000,0.000,0.000,0.000
1778988033,38.34,32.10,50.00,0,1,tinyml,,,,39.194,0.000,0.000,0.000,0.000,0.000
1778988038,38.36,32.11,49.80,0,1,tinyml,,,,39.194,0.000,0.000,0.000,0.000,0.000
1778988043,38.43,32.11,49.80,0,1,tinyml,,,,39.194,0.000,0.000,0.000,0.000,0.000
1778988048,38.44,32.10,49.70,0,1,tinyml,,,,39.194,0.000,0.000,0.000,0.000,0.000
1778988053,38.48,32.13,49.70,0,1,tinyml,,,,39.194,0.000,0.000,0.000,0.000,0.000
1778988058,38.48,32.11,49.60,0,1,tinyml,,,,39.194,0.000,0.000,0.000,0.000,0.000
1778988063,38.50,32.13,49.60,0,1,tinyml,,,,39.194,0.000,0.000,0.000,0.000,0.000
1778988068,38.48,32.13,49.50,0,1,tinyml,,,,39.325,0.000,0.000,0.000,0.000,0.000
1778988073,38.48,32.13,49.60,0,1,tinyml,,,,39.456,0.000,0.000,0.000,0.000,0.000
1778988078,38.50,32.10,49.50,0,1,tinyml,,,,39.194,0.000,0.000,0.000,0.000,0.000
1778988083,38.46,32.13,49.50,0,1,tinyml,,,,39.456,0.000,0.000,0.000,0.000,0.000
1778988088,38.44,32.13,49.60,0,1,tinyml,,,,39.194,0.000,0.000,0.000,0.000,0.000
1778988093,38.41,32.14,49.60,0,1,tinyml,,,,39.194,0.000,0.000,0.000,0.000,0.000
1778988098,38.40,32.14,49.70,0,1,tinyml,,,,39.063,0.000,0.000,0.000,0.000,0.000
1778988103,38.36,32.11,49.70,0,1,tinyml,,,,39.194,0.000,0.000,0.000,0.000,0.000
1778988108,38.33,32.13,49.80,0,1,tinyml,,,,39.194,0.000,0.000,0.000,0.000,0.000
1778988113,38.29,32.13,49.80,0,1,tinyml,,,,39.194,0.000,0.000,0.000,0.000,0.000
1778988118,38.29,32.11,49.90,0,1,tinyml,,,,39.194,0.000,0.000,0.000,0.000,0.000
1778988123,38.24,32.14,49.90,0,1,tinyml,,,,39.194,0.000,0.000,0.000,0.000,0.000
1778988128,38.19,32.13,50.00,0,1,tinyml,,,,39.194,0.000,0.000,0.000,0.000,0.000
1778988133,38.15,32.14,50.10,0,1,tinyml,,,,39.194,0.000,0.000,0.000,0.000,0.000
1778988138,38.10,32.14,50.10,0,1,tinyml,,,,39.194,0.000,0.000,0.000,0.000,0.000
1778988143,38.08,32.17,50.20,0,1,tinyml,,,,39.194,0.000,0.000,0.000,0.000,0.000
1778988148,38.02,32.17,50.20,0,1,tinyml,,,,39.194,0.000,0.000,0.000,0.000,0.000
1778988153,38.02,32.16,50.30,0,1,tinyml,,,,39.194,0.000,0.000,0.000,0.000,0.000
1778988158,37.94,32.17,50.40,0,1,tinyml,,,,39.194,0.000,0.000,0.000,0.000,0.000
1778988163,37.90,32.18,50.50,0,1,tinyml,,,,39.194,0.000,0.000,0.000,0.000,0.000
1778988168,37.88,32.21,50.50,0,1,tinyml,,,,39.194,0.000,0.000,0.000,0.000,0.000
1778988173,37.85,32.20,50.60,0,1,tinyml,,,,39.194,0.000,0.000,0.000,0.000,0.000
1778988178,37.81,32.23,50.70,0,1,tinyml,,,,39.194,0.000,0.000,0.000,0.000,0.000
1778988183,37.78,32.24,50.80,0,1,tinyml,,,,39.194,0.000,0.000,0.000,0.000,0.000
1778988188,37.75,32.24,50.80,0,1,tinyml,,,,39.194,0.000,0.000,0.000,0.000,0.000
1778988193,37.68,32.25,50.90,0,1,tinyml,,,,39.180,0.000,0.000,0.000,0.000,0.000
1778988198,37.65,32.27,50.90,0,1,tinyml,,,,39.150,0.000,0.000,0.000,0.000,0.000
1778988203,37.62,32.28,51.00,0,1,tinyml,,,,39.120,0.000,0.000,0.000,0.000,0.000
1778988208,37.61,32.25,51.00,0,1,tinyml,,,,39.110,0.000,0.000,0.000,0.000,0.000
1778988213,37.58,32.25,51.10,0,1,tinyml,,,,39.080,0.000,0.000,0.000,0.000,0.000
1778988218,37.55,32.27,51.10,0,1,tinyml,,,,39.050,0.000,0.000,0.000,0.000,0.000
1778988223,37.49,32.31,51.20,2,1,tinyml,,,,38.990,0.000,0.000,0.000,0.000,0.000
1778988228,37.49,32.31,51.20,2,1,tinyml,,,,38.990,0.000,0.000,0.000,0.000,0.000
1778988233,37.42,32.30,51.30,3,1,tinyml,,,,38.920,0.000,0.000,0.000,0.000,0.000
1778988238,37.45,32.34,51.30,3,1,tinyml,,,,38.950,0.000,0.000,0.000,0.000,0.000
1778988243,37.42,32.32,51.40,4,1,tinyml,,,,38.920,0.000,0.000,0.000,0.000,0.000
1778988248,37.44,32.34,51.30,4,1,tinyml,,,,38.940,0.000,0.000,0.000,0.000,0.000
1778988253,37.45,32.35,51.30,4,1,tinyml,,,,38.950,0.000,0.000,0.000,0.000,0.000
1778988258,37.51,32.35,51.30,3,1,tinyml,,,,39.010,0.000,0.000,0.000,0.000,0.000
1778988263,37.54,32.32,51.20,3,1,tinyml,,,,39.040,0.000,0.000,0.000,0.000,0.000
1778988268,37.55,32.34,51.20,3,1,tinyml,,,,39.050,0.000,0.000,0.000,0.000,0.000
1778988273,37.62,32.32,51.10,3,1,tinyml,,,,39.063,0.000,0.000,0.000,0.000,0.000
1778988278,37.68,32.38,51.00,1,1,tinyml,,,,39.180,0.000,0.000,0.000,0.000,0.000
1778988283,37.75,32.34,50.90,3,1,tinyml,,,,39.063,0.000,0.000,0.000,0.000,0.000
1778988288,37.82,32.35,50.80,3,1,tinyml,,,,39.063,0.000,0.000,0.000,0.000,0.000
1778988293,37.89,32.32,50.70,3,1,tinyml,,,,39.063,0.000,0.000,0.000,0.000,0.000
1778988298,37.99,32.34,50.50,3,1,tinyml,,,,39.063,0.000,0.000,0.000,0.000,0.000
1778988303,38.06,32.37,50.30,3,1,tinyml,,,,39.063,0.000,0.000,0.000,0.000,0.000
1778988308,38.19,32.35,50.20,3,1,tinyml,,,,39.063,0.000,0.000,0.000,0.000,0.000
1778988313,38.27,32.38,50.00,3,1,tinyml,,,,39.063,0.000,0.000,0.000,0.000,0.000
1778988318,38.36,32.39,49.80,5,1,tinyml,,,,38.933,0.000,0.000,0.000,0.000,0.000
1778988323,38.46,32.38,49.60,3,1,tinyml,,,,39.063,0.000,0.000,0.000,0.000,0.000
1778988328,38.63,32.39,49.40,2,1,tinyml,,,,39.063,0.000,0.000,0.000,0.000,0.000
1778988333,38.71,32.39,49.20,2,1,tinyml,,,,39.063,0.000,0.000,0.000,0.000,0.000
1778988338,38.81,32.38,49.00,1,1,tinyml,,,,39.063,0.000,0.000,0.000,0.000,0.000
1778988343,38.94,32.38,48.90,1,1,tinyml,,,,39.063,0.000,0.000,0.000,0.000,0.000
1778988348,39.05,32.41,48.70,0,1,tinyml,,,,39.063,0.000,0.000,0.000,0.000,0.000
1778988353,39.16,32.39,48.50,0,1,tinyml,,,,39.063,0.000,0.000,0.000,0.000,0.000
1778988358,39.27,32.37,48.40,0,1,tinyml,,,,39.063,0.000,0.000,0.000,0.000,0.000
1778988363,39.37,32.39,48.20,0,1,tinyml,,,,39.063,0.000,0.000,0.000,0.000,0.000
1778988368,39.47,32.41,48.00,0,1,tinyml,,,,39.063,0.000,0.000,0.000,0.000,0.000
1778988373,39.56,32.37,47.90,0,1,tinyml,,,,39.063,0.000,0.000,0.000,0.000,0.000
1778988378,39.60,32.38,47.70,0,1,tinyml,,,,39.063,0.000,0.000,0.000,0.000,0.000
1778988383,39.67,32.37,47.60,0,1,tinyml,,,,39.194,0.000,0.000,0.000,0.000,0.000
1778988388,39.70,32.38,47.50,0,1,tinyml,,,,39.325,0.000,0.000,0.000,0.000,0.000
1778988393,39.71,32.37,47.50,0,1,tinyml,,,,39.325,0.000,0.000,0.000,0.000,0.000
1778988398,39.73,32.38,47.50,0,1,tinyml,,,,39.325,0.000,0.000,0.000,0.000,0.000
1778988403,39.74,32.38,47.50,0,1,tinyml,,,,39.194,0.000,0.000,0.000,0.000,0.000
1778988408,39.71,32.39,47.50,0,1,tinyml,,,,39.456,0.000,0.000,0.000,0.000,0.000
1778988413,39.71,32.35,47.50,0,1,tinyml,,,,39.325,0.000,0.000,0.000,0.000,0.000
1778988418,39.68,32.39,47.50,0,1,tinyml,,,,39.587,0.000,0.000,0.000,0.000,0.000
1778988423,39.64,32.39,47.50,0,1,tinyml,,,,39.587,0.000,0.000,0.000,0.000,0.000
1778988428,39.60,32.39,47.60,0,1,tinyml,,,,39.718,0.000,0.000,0.000,0.000,0.000
1778988433,39.58,32.39,47.60,0,1,tinyml,,,,39.718,0.000,0.000,0.000,0.000,0.000
1778988438,39.51,32.39,47.70,0,1,tinyml,,,,39.849,0.000,0.000,0.000,0.000,0.000
1778988443,39.45,32.38,47.80,0,1,tinyml,,,,39.849,0.000,0.000,0.000,0.000,0.000
1778988448,39.42,32.39,47.90,0,1,tinyml,,,,39.980,0.000,0.000,0.000,0.000,0.000
1778988453,39.36,32.39,48.00,0,1,tinyml,,,,39.980,0.000,0.000,0.000,0.000,0.000
1778988458,39.30,32.38,48.10,0,1,tinyml,,,,39.980,0.000,0.000,0.000,0.000,0.000
1778988463,39.26,32.37,48.10,0,1,tinyml,,,,39.980,0.000,0.000,0.000,0.000,0.000
1778988468,39.19,32.38,48.30,0,1,tinyml,,,,40.111,0.000,0.000,0.000,0.000,0.000
1778988473,39.13,32.38,48.40,0,1,tinyml,,,,39.980,0.000,0.000,0.000,0.000,0.000
1778988478,39.08,32.41,48.50,0,1,tinyml,,,,40.111,0.000,0.000,0.000,0.000,0.000
1778988483,39.01,32.42,48.50,0,1,tinyml,,,,40.111,0.000,0.000,0.000,0.000,0.000
1778988488,38.96,32.42,48.60,0,1,tinyml,,,,40.111,0.000,0.000,0.000,0.000,0.000
1778988493,38.91,32.42,48.70,0,1,tinyml,,,,40.242,0.000,0.000,0.000,0.000,0.000
1778988498,38.86,32.42,48.80,0,1,tinyml,,,,40.360,0.000,0.000,0.000,0.000,0.000
1778988503,38.79,32.45,49.00,0,1,tinyml,,,,40.290,0.000,0.000,0.000,0.000,0.000
1778988508,38.72,32.48,49.00,0,1,tinyml,,,,40.220,0.000,0.000,0.000,0.000,0.000
1778988513,38.70,32.49,49.10,0,1,tinyml,,,,40.200,0.000,0.000,0.000,0.000,0.000
1778988518,38.64,32.51,49.20,0,1,tinyml,,,,40.140,0.000,0.000,0.000,0.000,0.000
1778988523,38.58,32.48,49.30,0,1,tinyml,,,,40.080,0.000,0.000,0.000,0.000,0.000
1778988528,38.53,32.49,49.40,0,1,tinyml,,,,40.030,0.000,0.000,0.000,0.000,0.000
1778988533,38.48,32.49,49.50,0,1,tinyml,,,,39.980,0.000,0.000,0.000,0.000,0.000
1778988538,38.43,32.52,49.60,0,1,tinyml,,,,39.930,0.000,0.000,0.000,0.000,0.000
1778988543,38.38,32.52,49.60,0,1,tinyml,,,,39.880,0.000,0.000,0.000,0.000,0.000
1778988548,38.33,32.55,49.70,0,1,tinyml,,,,39.830,0.000,0.000,0.000,0.000,0.000
1778988553,38.30,32.54,49.80,0,1,tinyml,,,,39.800,0.000,0.000,0.000,0.000,0.000
1778988558,38.24,32.55,49.90,0,1,tinyml,,,,39.740,0.000,0.000,0.000,0.000,0.000
1778988563,38.23,32.54,49.90,0,1,tinyml,,,,39.730,0.000,0.000,0.000,0.000,0.000
1778988568,38.17,32.57,50.00,0,1,tinyml,,,,39.670,0.000,0.000,0.000,0.000,0.000
1778988573,38.15,32.57,50.10,0,1,tinyml,,,,39.650,0.000,0.000,0.000,0.000,0.000
1778988578,38.09,32.58,50.20,0,1,tinyml,,,,39.590,0.000,0.000,0.000,0.000,0.000
1778988583,38.06,32.58,50.20,0,1,tinyml,,,,39.560,0.000,0.000,0.000,0.000,0.000
1778988588,38.02,32.59,50.30,0,1,tinyml,,,,39.520,0.000,0.000,0.000,0.000,0.000
1778988593,37.98,32.58,50.40,0,1,tinyml,,,,39.480,0.000,0.000,0.000,0.000,0.000
1778988598,37.96,32.59,50.50,0,1,tinyml,,,,39.460,0.000,0.000,0.000,0.000,0.000
1778988603,37.93,32.59,50.50,0,1,tinyml,,,,39.430,0.000,0.000,0.000,0.000,0.000
1778988608,37.89,32.59,50.50,0,1,tinyml,,,,39.390,0.000,0.000,0.000,0.000,0.000
1778988613,37.88,32.58,50.60,0,1,tinyml,,,,39.380,0.000,0.000,0.000,0.000,0.000
1778988618,37.85,32.61,50.60,0,1,tinyml,,,,39.350,0.000,0.000,0.000,0.000,0.000
1778988623,37.79,32.59,50.70,0,1,tinyml,,,,39.290,0.000,0.000,0.000,0.000,0.000
1778988628,37.78,32.59,50.70,0,1,tinyml,,,,39.280,0.000,0.000,0.000,0.000,0.000
1778988633,37.75,32.61,50.80,0,1,tinyml,,,,39.250,0.000,0.000,0.000,0.000,0.000
1778988638,37.72,32.59,50.80,0,1,tinyml,,,,39.220,0.000,0.000,0.000,0.000,0.000
1778988643,37.69,32.61,50.90,0,1,tinyml,,,,39.190,0.000,0.000,0.000,0.000,0.000
1778988648,37.65,32.58,50.90,0,1,tinyml,,,,39.150,0.000,0.000,0.000,0.000,0.000
1778988653,37.64,32.61,50.90,0,1,tinyml,,,,39.140,0.000,0.000,0.000,0.000,0.000
1778988658,37.62,32.62,51.00,0,1,tinyml,,,,39.120,0.000,0.000,0.000,0.000,0.000
1778988663,37.60,32.62,51.00,0,1,tinyml,,,,39.100,0.000,0.000,0.000,0.000,0.000
1778988668,37.57,32.62,51.10,0,1,tinyml,,,,39.070,0.000,0.000,0.000,0.000,0.000
1778988673,37.54,32.62,51.00,0,1,tinyml,,,,39.040,0.000,0.000,0.000,0.000,0.000
1778988678,37.54,32.62,51.10,0,1,tinyml,,,,39.040,0.000,0.000,0.000,0.000,0.000
1778988683,37.48,32.62,51.10,0,1,tinyml,,,,38.980,0.000,0.000,0.000,0.000,0.000
1778988688,37.47,32.62,51.20,0,1,tinyml,,,,38.970,0.000,0.000,0.000,0.000,0.000
1778988693,37.42,32.62,51.20,0,1,tinyml,,,,38.920,0.000,0.000,0.000,0.000,0.000
1778988698,37.44,32.62,51.20,0,1,tinyml,,,,38.940,0.000,0.000,0.000,0.000,0.000
1778988703,37.42,32.59,51.30,0,1,tinyml,,,,38.920,0.000,0.000,0.000,0.000,0.000
1778988708,37.39,32.59,51.30,0,1,tinyml,,,,38.890,0.000,0.000,0.000,0.000,0.000
1778988713,37.38,32.59,51.30,0,1,tinyml,,,,38.880,0.000,0.000,0.000,0.000,0.000
1778988718,37.35,32.61,51.30,0,1,tinyml,,,,38.850,0.000,0.000,0.000,0.000,0.000
1778988724,37.35,32.61,51.40,0,1,tinyml,,,,38.850,0.000,0.000,0.000,0.000,0.000
1778988728,37.34,32.61,51.40,0,1,tinyml,,,,38.840,0.000,0.000,0.000,0.000,0.000
1778988733,37.30,32.61,51.40,0,1,tinyml,,,,38.800,0.000,0.000,0.000,0.000,0.000
1778988738,37.28,32.59,51.40,0,1,tinyml,,,,38.780,0.000,0.000,0.000,0.000,0.000
1778988743,37.30,32.57,51.50,0,1,tinyml,,,,38.800,0.000,0.000,0.000,0.000,0.000
1778988748,37.27,32.57,51.50,0,1,tinyml,,,,38.770,0.000,0.000,0.000,0.000,0.000
1778988753,37.23,32.59,51.50,0,1,tinyml,,,,38.730,0.000,0.000,0.000,0.000,0.000
1778988758,37.21,32.61,51.60,0,1,tinyml,,,,38.710,0.000,0.000,0.000,0.000,0.000
1778988763,37.20,32.59,51.60,0,1,tinyml,,,,38.700,0.000,0.000,0.000,0.000,0.000
1778988768,37.20,32.61,51.60,0,1,tinyml,,,,38.700,0.000,0.000,0.000,0.000,0.000
1778988773,37.19,32.62,51.60,0,1,tinyml,,,,38.690,0.000,0.000,0.000,0.000,0.000
1778988778,37.19,32.62,51.70,0,1,tinyml,,,,38.690,0.000,0.000,0.000,0.000,0.000
1778988783,37.14,32.62,51.60,0,1,tinyml,,,,38.640,0.000,0.000,0.000,0.000,0.000
1778988788,37.16,32.59,51.70,0,1,tinyml,,,,38.660,0.000,0.000,0.000,0.000,0.000
1778988793,37.11,32.61,51.70,0,1,tinyml,,,,38.610,0.000,0.000,0.000,0.000,0.000
1778988798,37.10,32.61,51.70,0,1,tinyml,,,,38.600,0.000,0.000,0.000,0.000,0.000
1778988803,37.09,32.61,51.70,0,1,tinyml,,,,38.590,0.000,0.000,0.000,0.000,0.000
1778988808,37.09,32.58,51.70,0,1,tinyml,,,,38.590,0.000,0.000,0.000,0.000,0.000
1778988813,37.07,32.61,51.80,0,1,tinyml,,,,38.570,0.000,0.000,0.000,0.000,0.000
1778988818,37.07,32.62,51.80,0,1,tinyml,,,,38.570,0.000,0.000,0.000,0.000,0.000
1778988823,37.03,32.59,51.80,0,1,tinyml,,,,38.530,0.000,0.000,0.000,0.000,0.000
1778988828,37.01,32.62,51.80,0,1,tinyml,,,,38.510,0.000,0.000,0.000,0.000,0.000
1778988833,37.01,32.59,51.80,0,1,tinyml,,,,38.510,0.000,0.000,0.000,0.000,0.000
1778988838,37.00,32.61,51.80,1,1,tinyml,,,,38.500,0.000,0.000,0.000,0.000,0.000
1778988843,36.99,32.59,51.80,1,1,tinyml,,,,38.490,0.000,0.000,0.000,0.000,0.000
1778988848,36.97,32.59,51.80,2,1,tinyml,,,,38.470,0.000,0.000,0.000,0.000,0.000
1778988853,36.99,32.59,51.80,2,1,tinyml,,,,38.490,0.000,0.000,0.000,0.000,0.000
1778988858,36.97,32.59,51.80,3,1,tinyml,,,,38.470,0.000,0.000,0.000,0.000,0.000
1778988863,37.07,32.61,51.80,2,1,tinyml,,,,38.570,0.000,0.000,0.000,0.000,0.000
1778988868,37.11,32.58,51.70,2,1,tinyml,,,,38.610,0.000,0.000,0.000,0.000,0.000
1778988873,37.19,32.58,51.50,1,1,tinyml,,,,38.690,0.000,0.000,0.000,0.000,0.000
1778988878,37.27,32.55,51.40,0,1,tinyml,,,,38.770,0.000,0.000,0.000,0.000,0.000
1778988883,37.37,32.58,51.20,0,1,tinyml,,,,38.870,0.000,0.000,0.000,0.000,0.000
1778988888,37.47,32.54,51.10,0,1,tinyml,,,,38.970,0.000,0.000,0.000,0.000,0.000
1778988893,37.58,32.54,50.90,0,1,tinyml,,,,39.080,0.000,0.000,0.000,0.000,0.000
1778988898,37.66,32.54,50.70,0,1,tinyml,,,,39.160,0.000,0.000,0.000,0.000,0.000
1778988903,37.76,32.55,50.50,0,1,tinyml,,,,39.260,0.000,0.000,0.000,0.000,0.000
1778988908,37.85,32.52,50.30,0,1,tinyml,,,,39.350,0.000,0.000,0.000,0.000,0.000
1778988913,37.93,32.52,50.20,0,1,tinyml,,,,39.430,0.000,0.000,0.000,0.000,0.000
1778988918,37.98,32.52,50.10,0,1,tinyml,,,,39.480,0.000,0.000,0.000,0.000,0.000
1778988923,38.03,32.52,50.00,0,1,tinyml,,,,39.530,0.000,0.000,0.000,0.000,0.000
1778988928,38.06,32.54,49.90,0,1,tinyml,,,,39.560,0.000,0.000,0.000,0.000,0.000
1778988933,38.08,32.48,49.80,0,1,tinyml,,,,39.580,0.000,0.000,0.000,0.000,0.000
1778988938,38.10,32.48,49.80,0,1,tinyml,,,,39.600,0.000,0.000,0.000,0.000,0.000
1778988943,38.15,32.52,49.80,0,1,tinyml,,,,39.650,0.000,0.000,0.000,0.000,0.000
1778988948,38.13,32.51,49.70,0,1,tinyml,,,,39.630,0.000,0.000,0.000,0.000,0.000
1778988953,38.09,32.54,49.70,0,1,tinyml,,,,39.590,0.000,0.000,0.000,0.000,0.000
1778988958,38.12,32.54,49.70,0,1,tinyml,,,,39.620,0.000,0.000,0.000,0.000,0.000
1778988963,38.10,32.57,49.70,0,1,tinyml,,,,39.600,0.000,0.000,0.000,0.000,0.000
1778988968,38.10,32.59,49.80,0,1,tinyml,,,,39.600,0.000,0.000,0.000,0.000,0.000
1778988973,38.09,32.61,49.80,0,1,tinyml,,,,39.590,0.000,0.000,0.000,0.000,0.000
1778988978,38.06,32.58,49.80,0,1,tinyml,,,,39.560,0.000,0.000,0.000,0.000,0.000
1778988983,38.02,32.57,49.80,0,1,tinyml,,,,39.520,0.000,0.000,0.000,0.000,0.000
1778988988,38.00,32.57,49.90,0,1,tinyml,,,,39.500,0.000,0.000,0.000,0.000,0.000
1778988993,37.98,32.57,49.90,0,1,tinyml,,,,39.480,0.000,0.000,0.000,0.000,0.000
1778988998,37.96,32.57,50.00,0,1,tinyml,,,,39.460,0.000,0.000,0.000,0.000,0.000
1778989003,37.92,32.55,50.00,0,1,tinyml,,,,39.420,0.000,0.000,0.000,0.000,0.000
1778989008,37.88,32.57,50.10,0,1,tinyml,,,,39.380,0.000,0.000,0.000,0.000,0.000
1778989013,37.85,32.54,50.20,0,1,tinyml,,,,39.350,0.000,0.000,0.000,0.000,0.000
1778989018,37.83,32.57,50.20,0,1,tinyml,,,,39.330,0.000,0.000,0.000,0.000,0.000
1778989023,37.78,32.55,50.20,0,1,tinyml,,,,39.280,0.000,0.000,0.000,0.000,0.000
1778989028,37.75,32.58,50.30,0,1,tinyml,,,,39.250,0.000,0.000,0.000,0.000,0.000
1778989033,37.69,32.58,50.40,0,1,tinyml,,,,39.190,0.000,0.000,0.000,0.000,0.000
1778989038,37.68,32.57,50.40,0,1,tinyml,,,,39.180,0.000,0.000,0.000,0.000,0.000
1778989043,37.66,32.58,50.50,0,1,tinyml,,,,39.160,0.000,0.000,0.000,0.000,0.000
1778989048,37.64,32.54,50.50,0,1,tinyml,,,,39.140,0.000,0.000,0.000,0.000,0.000
1778989053,37.60,32.55,50.60,0,1,tinyml,,,,39.100,0.000,0.000,0.000,0.000,0.000
1778989058,37.60,32.52,50.60,0,1,tinyml,,,,39.100,0.000,0.000,0.000,0.000,0.000
1778989063,37.55,32.54,50.70,0,1,tinyml,,,,39.050,0.000,0.000,0.000,0.000,0.000
1778989068,37.51,32.52,50.70,0,1,tinyml,,,,39.010,0.000,0.000,0.000,0.000,0.000
1778989073,37.48,32.54,50.80,0,1,tinyml,,,,38.980,0.000,0.000,0.000,0.000,0.000
1778989078,37.45,32.52,50.80,0,1,tinyml,,,,38.950,0.000,0.000,0.000,0.000,0.000
1778989083,37.41,32.51,50.90,1,1,tinyml,,,,38.910,0.000,0.000,0.000,0.000,0.000
1778989088,37.41,32.52,50.90,1,1,tinyml,,,,38.910,0.000,0.000,0.000,0.000,0.000
1778989093,37.38,32.57,51.00,2,1,tinyml,,,,38.880,0.000,0.000,0.000,0.000,0.000
1778989098,37.38,32.57,51.00,2,1,tinyml,,,,38.880,0.000,0.000,0.000,0.000,0.000
1778989103,37.41,32.57,51.00,2,1,tinyml,,,,38.910,0.000,0.000,0.000,0.000,0.000
1778989108,37.41,32.59,51.00,2,1,tinyml,,,,38.910,0.000,0.000,0.000,0.000,0.000
1778989113,37.45,32.59,51.00,2,1,tinyml,,,,38.950,0.000,0.000,0.000,0.000,0.000
1778989118,37.49,32.59,50.90,1,1,tinyml,,,,38.990,0.000,0.000,0.000,0.000,0.000
1778989123,37.61,32.61,50.80,0,1,tinyml,,,,39.110,0.000,0.000,0.000,0.000,0.000
1778989128,37.69,32.61,50.70,0,1,tinyml,,,,39.190,0.000,0.000,0.000,0.000,0.000
1778989133,37.81,32.62,50.50,0,1,tinyml,,,,39.310,0.000,0.000,0.000,0.000,0.000
1778989138,37.89,32.64,50.40,0,1,tinyml,,,,39.390,0.000,0.000,0.000,0.000,0.000
1778989143,37.99,32.61,50.10,0,1,tinyml,,,,39.456,0.000,0.000,0.000,0.000,0.000
1778989148,38.05,32.64,50.00,0,1,tinyml,,,,39.456,0.000,0.000,0.000,0.000,0.000
1778989153,38.13,32.65,49.90,0,1,tinyml,,,,39.325,0.000,0.000,0.000,0.000,0.000
1778989158,38.20,32.67,49.80,0,1,tinyml,,,,39.325,0.000,0.000,0.000,0.000,0.000
1778989163,38.23,32.65,49.70,0,1,tinyml,,,,39.194,0.000,0.000,0.000,0.000,0.000
1778989168,38.29,32.67,49.60,0,1,tinyml,,,,39.325,0.000,0.000,0.000,0.000,0.000
1778989173,38.27,32.67,49.50,0,1,tinyml,,,,39.194,0.000,0.000,0.000,0.000,0.000
1778989178,38.31,32.68,49.50,0,1,tinyml,,,,39.194,0.000,0.000,0.000,0.000,0.000
1778989183,38.36,32.68,49.50,0,1,tinyml,,,,39.194,0.000,0.000,0.000,0.000,0.000
1778989188,38.36,32.69,49.50,0,1,tinyml,,,,39.325,0.000,0.000,0.000,0.000,0.000
1778989193,38.33,32.69,49.50,0,1,tinyml,,,,39.325,0.000,0.000,0.000,0.000,0.000
1778989198,38.36,32.68,49.40,0,1,tinyml,,,,39.194,0.000,0.000,0.000,0.000,0.000
1778989203,38.34,32.69,49.40,0,1,tinyml,,,,39.063,0.000,0.000,0.000,0.000,0.000
1778989208,38.31,32.68,49.50,0,1,tinyml,,,,39.063,0.000,0.000,0.000,0.000,0.000
1778989213,38.27,32.67,49.50,0,1,tinyml,,,,39.063,0.000,0.000,0.000,0.000,0.000
1778989218,38.30,32.68,49.50,0,1,tinyml,,,,39.194,0.000,0.000,0.000,0.000,0.000
1778989223,38.29,32.69,49.50,0,1,tinyml,,,,39.194,0.000,0.000,0.000,0.000,0.000
1778989228,38.23,32.71,49.60,0,1,tinyml,,,,39.194,0.000,0.000,0.000,0.000,0.000
1778989233,38.21,32.72,49.70,0,1,tinyml,,,,39.194,0.000,0.000,0.000,0.000,0.000
1778989238,38.20,32.69,49.70,0,1,tinyml,,,,39.194,0.000,0.000,0.000,0.000,0.000
1778989243,38.16,32.71,49.80,0,1,tinyml,,,,39.194,0.000,0.000,0.000,0.000,0.000
1778989248,38.13,32.74,49.80,0,1,tinyml,,,,39.194,0.000,0.000,0.000,0.000,0.000
1778989253,38.09,32.72,49.80,0,1,tinyml,,,,39.194,0.000,0.000,0.000,0.000,0.000
1778989258,38.06,32.74,49.90,0,1,tinyml,,,,39.194,0.000,0.000,0.000,0.000,0.000
1778989263,38.03,32.74,50.00,0,1,tinyml,,,,39.194,0.000,0.000,0.000,0.000,0.000
1778989268,37.99,32.76,50.00,0,1,tinyml,,,,39.194,0.000,0.000,0.000,0.000,0.000
1778989273,37.96,32.76,50.00,0,1,tinyml,,,,39.194,0.000,0.000,0.000,0.000,0.000
1778989278,37.92,32.75,50.10,0,1,tinyml,,,,39.194,0.000,0.000,0.000,0.000,0.000
1778989283,37.89,32.74,50.20,0,1,tinyml,,,,39.194,0.000,0.000,0.000,0.000,0.000
1778989288,37.88,32.74,50.30,0,1,tinyml,,,,39.194,0.000,0.000,0.000,0.000,0.000
1778989293,37.81,32.74,50.30,0,1,tinyml,,,,39.194,0.000,0.000,0.000,0.000,0.000
1778989298,37.78,32.75,50.30,0,1,tinyml,,,,39.194,0.000,0.000,0.000,0.000,0.000
1778989303,37.74,32.74,50.50,0,1,tinyml,,,,39.194,0.000,0.000,0.000,0.000,0.000
1778989308,37.72,32.72,50.50,0,1,tinyml,,,,39.194,0.000,0.000,0.000,0.000,0.000
1778989313,37.69,32.72,50.50,0,1,tinyml,,,,39.190,0.000,0.000,0.000,0.000,0.000
1778989318,37.66,32.71,50.60,0,1,tinyml,,,,39.160,0.000,0.000,0.000,0.000,0.000
1778989323,37.62,32.69,50.70,0,1,tinyml,,,,39.120,0.000,0.000,0.000,0.000,0.000
1778989328,37.60,32.72,50.70,0,1,tinyml,,,,39.100,0.000,0.000,0.000,0.000,0.000
1778989333,37.57,32.71,50.80,0,1,tinyml,,,,39.070,0.000,0.000,0.000,0.000,0.000
1778989338,37.54,32.71,50.80,0,1,tinyml,,,,39.040,0.000,0.000,0.000,0.000,0.000
1778989343,37.53,32.69,50.80,0,1,tinyml,,,,39.030,0.000,0.000,0.000,0.000,0.000
1778989348,37.49,32.68,50.90,1,1,tinyml,,,,38.990,0.000,0.000,0.000,0.000,0.000
1778989353,37.47,32.69,50.90,2,1,tinyml,,,,38.970,0.000,0.000,0.000,0.000,0.000
1778989358,37.45,32.67,51.00,2,1,tinyml,,,,38.950,0.000,0.000,0.000,0.000,0.000
1778989363,37.45,32.64,51.00,3,1,tinyml,,,,38.950,0.000,0.000,0.000,0.000,0.000
1778989368,37.45,32.62,51.00,3,1,tinyml,,,,38.950,0.000,0.000,0.000,0.000,0.000
1778989373,37.45,32.64,51.00,3,1,tinyml,,,,38.950,0.000,0.000,0.000,0.000,0.000
1778989378,37.51,32.65,50.90,2,1,tinyml,,,,39.010,0.000,0.000,0.000,0.000,0.000
1778989383,37.55,32.61,50.80,2,1,tinyml,,,,39.050,0.000,0.000,0.000,0.000,0.000
1778989388,37.62,32.64,50.70,1,1,tinyml,,,,39.120,0.000,0.000,0.000,0.000,0.000
1778989393,37.69,32.62,50.60,0,1,tinyml,,,,39.190,0.000,0.000,0.000,0.000,0.000
1778989398,37.81,32.61,50.50,0,1,tinyml,,,,39.194,0.000,0.000,0.000,0.000,0.000
1778989403,37.92,32.64,50.30,0,1,tinyml,,,,39.194,0.000,0.000,0.000,0.000,0.000
1778989408,38.00,32.59,50.10,0,1,tinyml,,,,39.194,0.000,0.000,0.000,0.000,0.000
1778989414,38.12,32.57,49.90,0,1,tinyml,,,,39.194,0.000,0.000,0.000,0.000,0.000
1778989418,38.19,32.54,49.80,0,1,tinyml,,,,39.194,0.000,0.000,0.000,0.000,0.000
1778989423,38.24,32.54,49.60,0,1,tinyml,,,,39.194,0.000,0.000,0.000,0.000,0.000
1778989428,38.31,32.54,49.50,0,1,tinyml,,,,39.325,0.000,0.000,0.000,0.000,0.000
1778989433,38.36,32.57,49.40,0,1,tinyml,,,,39.325,0.000,0.000,0.000,0.000,0.000
1778989438,38.43,32.55,49.30,0,1,tinyml,,,,39.325,0.000,0.000,0.000,0.000,0.000
1778989443,38.44,32.58,49.30,0,1,tinyml,,,,39.325,0.000,0.000,0.000,0.000,0.000
1778989448,38.46,32.59,49.20,0,1,tinyml,,,,39.325,0.000,0.000,0.000,0.000,0.000
1778989453,38.46,32.58,49.20,0,1,tinyml,,,,39.325,0.000,0.000,0.000,0.000,0.000
1778989458,38.50,32.61,49.20,0,1,tinyml,,,,39.325,0.000,0.000,0.000,0.000,0.000
1778989463,38.50,32.59,49.10,0,1,tinyml,,,,39.325,0.000,0.000,0.000,0.000,0.000
1778989468,38.47,32.62,49.10,0,1,tinyml,,,,39.325,0.000,0.000,0.000,0.000,0.000
1778989473,38.47,32.62,49.20,0,1,tinyml,,,,39.325,0.000,0.000,0.000,0.000,0.000
1778989478,38.46,32.61,49.20,0,1,tinyml,,,,39.325,0.000,0.000,0.000,0.000,0.000
1778989483,38.41,32.61,49.20,0,1,tinyml,,,,39.325,0.000,0.000,0.000,0.000,0.000
1778989488,38.40,32.62,49.20,0,1,tinyml,,,,39.325,0.000,0.000,0.000,0.000,0.000
1778989493,38.37,32.62,49.30,0,1,tinyml,,,,39.325,0.000,0.000,0.000,0.000,0.000
1778989498,38.31,32.65,49.30,0,1,tinyml,,,,39.325,0.000,0.000,0.000,0.000,0.000
1778989503,38.30,32.61,49.40,0,1,tinyml,,,,39.325,0.000,0.000,0.000,0.000,0.000
1778989508,38.29,32.62,49.40,0,1,tinyml,,,,39.325,0.000,0.000,0.000,0.000,0.000
1778989513,38.26,32.59,49.50,0,1,tinyml,,,,39.325,0.000,0.000,0.000,0.000,0.000
1778989518,38.20,32.59,49.50,0,1,tinyml,,,,39.325,0.000,0.000,0.000,0.000,0.000
1778989523,38.17,32.61,49.60,0,1,tinyml,,,,39.325,0.000,0.000,0.000,0.000,0.000
1778989528,38.15,32.59,49.70,0,1,tinyml,,,,39.325,0.000,0.000,0.000,0.000,0.000
1778989533,38.13,32.59,49.70,0,1,tinyml,,,,39.456,0.000,0.000,0.000,0.000,0.000
1778989538,38.08,32.64,49.80,0,1,tinyml,,,,39.325,0.000,0.000,0.000,0.000,0.000
1778989543,38.03,32.65,49.90,0,1,tinyml,,,,39.456,0.000,0.000,0.000,0.000,0.000
1778989550,38.00,32.64,49.90,0,1,tinyml,,,,39.325,0.000,0.000,0.000,0.000,0.000
1778989553,37.94,32.61,50.00,0,1,tinyml,,,,39.440,0.000,0.000,0.000,0.000,0.000
1778989558,37.92,32.62,50.00,0,1,tinyml,,,,39.420,0.000,0.000,0.000,0.000,0.000
1778989568,37.89,32.65,50.10,0,0,tinyml,,,,39.390,0.000,0.000,0.000,0.000,0.000
1778989568,37.75,32.68,49.70,0,1,tinyml,,,,39.250,0.000,0.000,0.000,0.000,0.000
1778989574,37.62,32.68,50.10,0,1,tinyml,,,,39.120,0.000,0.000,0.000,0.000,0.000
1778989578,37.54,32.69,50.40,0,1,tinyml,,,,39.040,0.000,0.000,0.000,0.000,0.000
1778989583,37.54,32.69,50.50,0,1,tinyml,,,,39.040,0.000,0.000,0.000,0.000,0.000
1778989588,37.49,32.68,50.60,0,1,tinyml,,,,38.990,0.000,0.000,0.000,0.000,0.000
1778989593,37.47,32.68,50.60,1,1,tinyml,,,,38.970,0.000,0.000,0.000,0.000,0.000
1778989598,37.44,32.69,50.60,2,1,tinyml,,,,38.940,0.000,0.000,0.000,0.000,0.000
1778989603,37.44,32.67,50.70,2,1,tinyml,,,,38.940,0.000,0.000,0.000,0.000,0.000
1778989608,37.42,32.67,50.70,3,1,tinyml,,,,38.920,0.000,0.000,0.000,0.000,0.000
1778989613,37.45,32.65,50.80,3,1,tinyml,,,,38.950,0.000,0.000,0.000,0.000,0.000
1778989618,37.48,32.62,50.70,2,1,tinyml,,,,38.980,0.000,0.000,0.000,0.000,0.000
1778989624,37.53,32.64,50.70,2,1,tinyml,,,,39.030,0.000,0.000,0.000,0.000,0.000
1778989628,37.58,32.65,50.60,1,1,tinyml,,,,39.080,0.000,0.000,0.000,0.000,0.000
1778989644,37.61,32.65,50.50,1,1,tinyml,,,,39.110,0.000,0.000,0.000,0.000,0.000
1778989644,37.71,32.67,50.40,0,1,tinyml,,,,39.210,0.000,0.000,0.000,0.000,0.000
1778989644,37.83,32.65,50.30,0,1,tinyml,,,,39.325,0.000,0.000,0.000,0.000,0.000
1778989648,37.92,32.64,50.10,0,1,tinyml,,,,39.325,0.000,0.000,0.000,0.000,0.000
1778989653,38.02,32.65,49.90,0,1,tinyml,,,,39.325,0.000,0.000,0.000,0.000,0.000
1778989658,38.12,32.67,49.80,0,1,tinyml,,,,39.325,0.000,0.000,0.000,0.000,0.000
1778989663,38.20,32.67,49.60,0,1,tinyml,,,,39.456,0.000,0.000,0.000,0.000,0.000
1778989668,38.29,32.67,49.50,0,1,tinyml,,,,39.456,0.000,0.000,0.000,0.000,0.000
1778989673,38.37,32.69,49.30,0,1,tinyml,,,,39.456,0.000,0.000,0.000,0.000,0.000
1778989678,38.41,32.67,49.20,0,1,tinyml,,,,39.325,0.000,0.000,0.000,0.000,0.000
1778989683,38.46,32.68,49.10,0,1,tinyml,,,,39.456,0.000,0.000,0.000,0.000,0.000
1778989688,38.48,32.69,49.10,0,1,tinyml,,,,39.456,0.000,0.000,0.000,0.000,0.000
1778989693,38.54,32.65,48.90,0,1,tinyml,,,,39.456,0.000,0.000,0.000,0.000,0.000
1778989698,38.54,32.65,48.90,0,1,tinyml,,,,39.456,0.000,0.000,0.000,0.000,0.000
1778989703,38.57,32.67,48.90,0,1,tinyml,,,,39.587,0.000,0.000,0.000,0.000,0.000
1778989708,38.57,32.68,48.90,0,1,tinyml,,,,39.587,0.000,0.000,0.000,0.000,0.000
1778989713,38.57,32.68,48.90,0,1,tinyml,,,,39.587,0.000,0.000,0.000,0.000,0.000
1778989718,38.55,32.69,48.90,0,1,tinyml,,,,39.587,0.000,0.000,0.000,0.000,0.000
1778989723,38.55,32.72,49.00,0,1,tinyml,,,,39.587,0.000,0.000,0.000,0.000,0.000
1778989728,38.54,32.71,49.00,0,1,tinyml,,,,39.587,0.000,0.000,0.000,0.000,0.000
1778989733,38.51,32.71,49.00,0,1,tinyml,,,,39.587,0.000,0.000,0.000,0.000,0.000
1778989738,38.48,32.74,49.00,0,1,tinyml,,,,39.587,0.000,0.000,0.000,0.000,0.000
1778989743,38.47,32.71,49.10,0,1,tinyml,,,,39.587,0.000,0.000,0.000,0.000,0.000
1778989748,38.43,32.71,49.10,0,1,tinyml,,,,39.587,0.000,0.000,0.000,0.000,0.000
1778989753,38.37,32.74,49.10,0,1,tinyml,,,,39.587,0.000,0.000,0.000,0.000,0.000
1778989758,38.38,32.75,49.20,0,1,tinyml,,,,39.587,0.000,0.000,0.000,0.000,0.000
1778989763,38.31,32.76,49.30,0,1,tinyml,,,,39.587,0.000,0.000,0.000,0.000,0.000
1778989768,38.29,32.76,49.40,0,1,tinyml,,,,39.587,0.000,0.000,0.000,0.000,0.000
1778989773,38.24,32.78,49.40,0,1,tinyml,,,,39.587,0.000,0.000,0.000,0.000,0.000
1778989778,38.20,32.78,49.50,0,1,tinyml,,,,39.587,0.000,0.000,0.000,0.000,0.000
1778989783,38.17,32.78,49.60,0,1,tinyml,,,,39.587,0.000,0.000,0.000,0.000,0.000
1778989788,38.15,32.75,49.70,0,1,tinyml,,,,39.587,0.000,0.000,0.000,0.000,0.000
1778989793,38.10,32.79,49.70,0,1,tinyml,,,,39.587,0.000,0.000,0.000,0.000,0.000
1778989798,38.06,32.78,49.80,0,1,tinyml,,,,39.560,0.000,0.000,0.000,0.000,0.000
1778989803,38.02,32.78,49.80,0,1,tinyml,,,,39.520,0.000,0.000,0.000,0.000,0.000
1778989808,37.98,32.79,49.90,0,1,tinyml,,,,39.480,0.000,0.000,0.000,0.000,0.000
1778989813,37.96,32.82,50.00,0,1,tinyml,,,,39.460,0.000,0.000,0.000,0.000,0.000
1778989818,37.93,32.82,50.00,0,1,tinyml,,,,39.430,0.000,0.000,0.000,0.000,0.000
1778989823,37.92,32.85,50.10,0,1,tinyml,,,,39.420,0.000,0.000,0.000,0.000,0.000
1778989828,37.86,32.86,50.10,0,1,tinyml,,,,39.360,0.000,0.000,0.000,0.000,0.000
1778989833,37.82,32.87,50.20,0,1,tinyml,,,,39.320,0.000,0.000,0.000,0.000,0.000
1778989838,37.79,32.85,50.30,0,1,tinyml,,,,39.290,0.000,0.000,0.000,0.000,0.000
1778989843,37.78,32.86,50.30,0,1,tinyml,,,,39.280,0.000,0.000,0.000,0.000,0.000
1778989848,37.72,32.83,50.40,0,1,tinyml,,,,39.220,0.000,0.000,0.000,0.000,0.000
1778989853,37.72,32.83,50.40,0,1,tinyml,,,,39.220,0.000,0.000,0.000,0.000,0.000
1778989858,37.69,32.85,50.50,0,1,tinyml,,,,39.190,0.000,0.000,0.000,0.000,0.000
1778989863,37.65,32.86,50.50,0,1,tinyml,,,,39.150,0.000,0.000,0.000,0.000,0.000
1778989868,37.64,32.85,50.50,0,1,tinyml,,,,39.140,0.000,0.000,0.000,0.000,0.000
1778989873,37.60,32.87,50.60,0,1,tinyml,,,,39.100,0.000,0.000,0.000,0.000,0.000
1778989878,37.58,32.83,50.70,0,1,tinyml,,,,39.080,0.000,0.000,0.000,0.000,0.000
1778989883,37.55,32.83,50.70,0,1,tinyml,,,,39.050,0.000,0.000,0.000,0.000,0.000
1778989888,37.54,32.83,50.80,0,1,tinyml,,,,39.040,0.000,0.000,0.000,0.000,0.000
1778989893,37.51,32.82,50.80,0,1,tinyml,,,,39.010,0.000,0.000,0.000,0.000,0.000
1778989898,37.48,32.83,50.80,0,1,tinyml,,,,38.980,0.000,0.000,0.000,0.000,0.000
1778989903,37.48,32.79,50.90,1,1,tinyml,,,,38.980,0.000,0.000,0.000,0.000,0.000
1778989908,37.42,32.80,50.90,2,1,tinyml,,,,38.920,0.000,0.000,0.000,0.000,0.000
1778989913,37.44,32.82,51.00,2,1,tinyml,,,,38.940,0.000,0.000,0.000,0.000,0.000
1778989918,37.44,32.80,51.00,2,1,tinyml,,,,38.940,0.000,0.000,0.000,0.000,0.000
1778989923,37.44,32.79,51.00,2,1,tinyml,,,,38.940,0.000,0.000,0.000,0.000,0.000
1778989928,37.48,32.78,50.90,2,1,tinyml,,,,38.980,0.000,0.000,0.000,0.000,0.000
1778989933,37.49,32.80,50.90,2,1,tinyml,,,,38.990,0.000,0.000,0.000,0.000,0.000
1778989938,37.58,32.79,50.80,1,1,tinyml,,,,39.080,0.000,0.000,0.000,0.000,0.000
1778989943,37.64,32.80,50.70,0,1,tinyml,,,,39.140,0.000,0.000,0.000,0.000,0.000
1778989948,37.71,32.78,50.50,0,1,tinyml,,,,39.210,0.000,0.000,0.000,0.000,0.000
1778989953,37.81,32.78,50.40,0,1,tinyml,,,,39.310,0.000,0.000,0.000,0.000,0.000
1778989958,37.92,32.76,50.20,0,1,tinyml,,,,39.325,0.000,0.000,0.000,0.000,0.000
1778989963,38.00,32.78,50.00,0,1,tinyml,,,,39.325,0.000,0.000,0.000,0.000,0.000
1778989968,38.09,32.76,49.80,0,1,tinyml,,,,39.587,0.000,0.000,0.000,0.000,0.000
1778989973,38.15,32.76,49.70,0,1,tinyml,,,,39.587,0.000,0.000,0.000,0.000,0.000
1778989978,38.21,32.76,49.60,0,1,tinyml,,,,39.325,0.000,0.000,0.000,0.000,0.000
1778989983,38.24,32.75,49.50,0,1,tinyml,,,,39.325,0.000,0.000,0.000,0.000,0.000
1778989988,38.30,32.76,49.40,0,1,tinyml,,,,39.325,0.000,0.000,0.000,0.000,0.000
1778989993,38.34,32.74,49.40,0,1,tinyml,,,,39.325,0.000,0.000,0.000,0.000,0.000
1778989998,38.34,32.76,49.30,0,1,tinyml,,,,39.456,0.000,0.000,0.000,0.000,0.000
1778990003,38.37,32.76,49.20,0,1,tinyml,,,,39.325,0.000,0.000,0.000,0.000,0.000
1778990008,38.37,32.78,49.20,0,1,tinyml,,,,39.325,0.000,0.000,0.000,0.000,0.000
1778990013,38.37,32.76,49.20,0,1,tinyml,,,,39.325,0.000,0.000,0.000,0.000,0.000
1778990018,38.38,32.80,49.20,0,1,tinyml,,,,39.325,0.000,0.000,0.000,0.000,0.000
1778990023,38.38,32.80,49.20,0,1,tinyml,,,,39.325,0.000,0.000,0.000,0.000,0.000
1778990028,38.37,32.80,49.20,0,1,tinyml,,,,39.325,0.000,0.000,0.000,0.000,0.000
1778990033,38.33,32.83,49.20,0,1,tinyml,,,,39.325,0.000,0.000,0.000,0.000,0.000
1778990038,38.31,32.82,49.30,0,1,tinyml,,,,39.325,0.000,0.000,0.000,0.000,0.000
1778990043,38.30,32.83,49.30,0,1,tinyml,,,,39.325,0.000,0.000,0.000,0.000,0.000
1778990048,38.27,32.83,49.40,0,1,tinyml,,,,39.456,0.000,0.000,0.000,0.000,0.000
1778990053,38.21,32.80,49.40,0,1,tinyml,,,,39.325,0.000,0.000,0.000,0.000,0.000
1778990058,38.20,32.83,49.50,0,1,tinyml,,,,39.456,0.000,0.000,0.000,0.000,0.000
1778990063,38.20,32.83,49.50,0,1,tinyml,,,,39.325,0.000,0.000,0.000,0.000,0.000
1778990068,38.17,32.86,49.60,0,1,tinyml,,,,39.456,0.000,0.000,0.000,0.000,0.000
1778990073,38.10,32.86,49.60,0,1,tinyml,,,,39.325,0.000,0.000,0.000,0.000,0.000
1778990078,38.12,32.83,49.60,0,1,tinyml,,,,39.456,0.000,0.000,0.000,0.000,0.000
1778990083,38.06,32.83,49.70,0,1,tinyml,,,,39.325,0.000,0.000,0.000,0.000,0.000
1778990088,38.02,32.86,49.80,0,1,tinyml,,,,39.456,0.000,0.000,0.000,0.000,0.000
1778990093,38.00,32.85,49.80,0,1,tinyml,,,,39.456,0.000,0.000,0.000,0.000,0.000
1778990098,37.96,32.86,49.90,0,1,tinyml,,,,39.456,0.000,0.000,0.000,0.000,0.000
1778990103,37.93,32.86,50.00,0,1,tinyml,,,,39.430,0.000,0.000,0.000,0.000,0.000
1778990108,37.89,32.85,50.00,0,1,tinyml,,,,39.325,0.000,0.000,0.000,0.000,0.000
1778990113,37.88,32.87,50.10,0,1,tinyml,,,,39.380,0.000,0.000,0.000,0.000,0.000
1778990118,37.82,32.89,50.10,0,1,tinyml,,,,39.320,0.000,0.000,0.000,0.000,0.000
1778990123,37.79,32.87,50.20,0,1,tinyml,,,,39.290,0.000,0.000,0.000,0.000,0.000
1778990128,37.75,32.89,50.20,0,1,tinyml,,,,39.250,0.000,0.000,0.000,0.000,0.000
1778990133,37.74,32.92,50.20,0,1,tinyml,,,,39.240,0.000,0.000,0.000,0.000,0.000
1778990138,37.69,32.92,50.40,0,1,tinyml,,,,39.190,0.000,0.000,0.000,0.000,0.000
1778990143,37.68,32.90,50.40,0,1,tinyml,,,,39.180,0.000,0.000,0.000,0.000,0.000
1778990148,37.65,32.90,50.40,0,1,tinyml,,,,39.150,0.000,0.000,0.000,0.000,0.000
1778990153,37.64,32.90,50.50,0,1,tinyml,,,,39.140,0.000,0.000,0.000,0.000,0.000
1778990158,37.58,32.89,50.50,0,1,tinyml,,,,39.080,0.000,0.000,0.000,0.000,0.000
1778990163,37.54,32.90,50.60,0,1,tinyml,,,,39.040,0.000,0.000,0.000,0.000,0.000
1778990168,37.54,32.86,50.60,1,1,tinyml,,,,39.040,0.000,0.000,0.000,0.000,0.000
1778990173,37.54,32.90,50.60,1,1,tinyml,,,,39.040,0.000,0.000,0.000,0.000,0.000
1778990178,37.48,32.92,50.70,2,1,tinyml,,,,38.980,0.000,0.000,0.000,0.000,0.000
1778990183,37.47,32.94,50.80,3,1,tinyml,,,,38.970,0.000,0.000,0.000,0.000,0.000
1778990188,37.53,32.92,50.70,2,1,tinyml,,,,39.030,0.000,0.000,0.000,0.000,0.000
1778990193,37.53,32.90,50.70,2,1,tinyml,,,,39.030,0.000,0.000,0.000,0.000,0.000
1778990198,37.57,32.90,50.70,2,1,tinyml,,,,39.070,0.000,0.000,0.000,0.000,0.000
1778990203,37.64,32.94,50.60,0,1,tinyml,,,,39.140,0.000,0.000,0.000,0.000,0.000
1778990208,37.69,32.94,50.50,0,1,tinyml,,,,39.190,0.000,0.000,0.000,0.000,0.000
1778990213,37.81,32.96,50.40,0,1,tinyml,,,,39.310,0.000,0.000,0.000,0.000,0.000
1778990218,37.86,32.98,50.20,0,1,tinyml,,,,39.325,0.000,0.000,0.000,0.000,0.000
1778990235,37.94,32.95,50.00,0,1,tinyml,,,,39.440,0.000,0.000,0.000,0.000,0.000
1778990235,38.03,32.96,49.90,0,1,tinyml,,,,39.530,0.000,0.000,0.000,0.000,0.000
1778990235,38.08,32.95,49.80,0,1,tinyml,,,,39.580,0.000,0.000,0.000,0.000,0.000
1778990238,38.13,32.95,49.70,0,1,tinyml,,,,39.587,0.000,0.000,0.000,0.000,0.000
1778990246,38.19,32.96,49.60,0,1,tinyml,,,,39.587,0.000,0.000,0.000,0.000,0.000
1778990248,38.20,32.95,49.50,0,1,tinyml,,,,39.456,0.000,0.000,0.000,0.000,0.000
1778990253,38.20,32.95,49.40,0,1,tinyml,,,,39.456,0.000,0.000,0.000,0.000,0.000
1778990258,38.26,32.96,49.40,0,1,tinyml,,,,39.456,0.000,0.000,0.000,0.000,0.000
1778990263,38.24,32.96,49.40,0,1,tinyml,,,,39.456,0.000,0.000,0.000,0.000,0.000
1778990268,38.26,32.98,49.40,0,1,tinyml,,,,39.456,0.000,0.000,0.000,0.000,0.000
1778990273,38.24,32.98,49.40,0,1,tinyml,,,,39.456,0.000,0.000,0.000,0.000,0.000
1778990278,38.24,32.98,49.40,0,1,tinyml,,,,39.456,0.000,0.000,0.000,0.000,0.000
1778990283,38.24,32.98,49.40,0,1,tinyml,,,,39.456,0.000,0.000,0.000,0.000,0.000
1778990288,38.24,32.98,49.40,0,1,tinyml,,,,39.587,0.000,0.000,0.000,0.000,0.000
1778990293,38.23,32.99,49.40,0,1,tinyml,,,,39.456,0.000,0.000,0.000,0.000,0.000
1778990298,38.21,32.98,49.50,0,1,tinyml,,,,39.587,0.000,0.000,0.000,0.000,0.000
1778990303,38.17,32.99,49.50,0,1,tinyml,,,,39.587,0.000,0.000,0.000,0.000,0.000
1778990308,38.15,33.00,49.50,0,1,tinyml,,,,39.456,0.000,0.000,0.000,0.000,0.000
1778990313,38.13,32.99,49.60,0,1,tinyml,,,,39.587,0.000,0.000,0.000,0.000,0.000
1778990318,38.09,32.96,49.60,0,1,tinyml,,,,39.456,0.000,0.000,0.000,0.000,0.000
1778990323,38.08,32.98,49.70,0,1,tinyml,,,,39.456,0.000,0.000,0.000,0.000,0.000
1778990328,38.03,33.00,49.70,0,1,tinyml,,,,39.456,0.000,0.000,0.000,0.000,0.000
1778990333,38.02,33.02,49.80,0,1,tinyml,,,,39.456,0.000,0.000,0.000,0.000,0.000
1778990338,37.99,33.00,49.80,0,1,tinyml,,,,39.456,0.000,0.000,0.000,0.000,0.000
1778990343,37.94,33.03,49.90,0,1,tinyml,,,,39.440,0.000,0.000,0.000,0.000,0.000
1778990348,37.92,33.03,49.90,0,1,tinyml,,,,39.420,0.000,0.000,0.000,0.000,0.000
1778990353,37.90,33.02,50.00,0,1,tinyml,,,,39.400,0.000,0.000,0.000,0.000,0.000
1778990358,37.88,33.03,50.00,0,1,tinyml,,,,39.380,0.000,0.000,0.000,0.000,0.000
1778990363,37.85,33.05,50.10,0,1,tinyml,,,,39.350,0.000,0.000,0.000,0.000,0.000
1778990368,37.79,33.07,50.20,0,1,tinyml,,,,39.290,0.000,0.000,0.000,0.000,0.000
1778990373,37.79,33.07,50.20,0,1,tinyml,,,,39.290,0.000,0.000,0.000,0.000,0.000
1778990378,37.75,33.10,50.30,0,1,tinyml,,,,39.250,0.000,0.000,0.000,0.000,0.000
1778990383,37.74,33.09,50.30,0,1,tinyml,,,,39.240,0.000,0.000,0.000,0.000,0.000
1778990388,37.71,33.09,50.40,0,1,tinyml,,,,39.210,0.000,0.000,0.000,0.000,0.000
1778990393,37.66,33.10,50.50,0,1,tinyml,,,,39.160,0.000,0.000,0.000,0.000,0.000
1778990398,37.65,33.10,50.50,0,1,tinyml,,,,39.150,0.000,0.000,0.000,0.000,0.000
